<?xml version="1.0" encoding="UTF-8"?>
<gpx creator="Garmin Connect" version="1.1"
  xsi:schemaLocation="http://www.topografix.com/GPX/1/1 http://www.topografix.com/GPX/11.xsd"
  xmlns:ns3="http://www.garmin.com/xmlschemas/TrackPointExtension/v1"
  xmlns="http://www.topografix.com/GPX/1/1"
  xmlns:xsi="http://www.w3.org/2001/XMLSchema-instance" xmlns:ns2="http://www.garmin.com/xmlschemas/GpxExtensions/v3">
  <metadata>
    <link href="connect.garmin.com">
      <text>Garmin Connect</text>
    </link>
    <time>2025-09-01T13:51:54.000Z</time>
  </metadata>
  <trk>
    <name>Verdelais Cycling</name>
    <type>cycling</type>
    <trkseg>
      <trkpt lat="44.5944313891232013702392578125" lon="-0.2329932712018489837646484375">
        <ele>45</ele>
        <time>2025-09-01T13:51:56.000Z</time>
        <extensions>
          <ns3:TrackPointExtension>
            <ns3:atemp>24.0</ns3:atemp>
          </ns3:TrackPointExtension>
        </extensions>
      </trkpt>
      <trkpt lat="44.594404399394989013671875" lon="-0.23300458677113056182861328125">
        <ele>45</ele>
        <time>2025-09-01T13:51:57.000Z</time>
        <extensions>
          <ns3:TrackPointExtension>
            <ns3:atemp>24.0</ns3:atemp>
          </ns3:TrackPointExtension>
        </extensions>
      </trkpt>
      <trkpt lat="44.59440171718597412109375" lon="-0.23298597894608974456787109375">
        <ele>45</ele>
        <time>2025-09-01T13:51:58.000Z</time>
        <extensions>
          <ns3:TrackPointExtension>
            <ns3:atemp>24.0</ns3:atemp>
          </ns3:TrackPointExtension>
        </extensions>
      </trkpt>
      <trkpt lat="44.59441252984106540679931640625" lon="-0.23297877050936222076416015625">
        <ele>45</ele>
        <time>2025-09-01T13:51:59.000Z</time>
        <extensions>
          <ns3:TrackPointExtension>
            <ns3:atemp>24.0</ns3:atemp>
          </ns3:TrackPointExtension>
        </extensions>
      </trkpt>
      <trkpt lat="44.5943804271519184112548828125" lon="-0.232975669205188751220703125">
        <ele>45</ele>
        <time>2025-09-01T13:52:00.000Z</time>
        <extensions>
          <ns3:TrackPointExtension>
            <ns3:atemp>24.0</ns3:atemp>
          </ns3:TrackPointExtension>
        </extensions>
      </trkpt>
      <trkpt lat="44.59439191035926342010498046875" lon="-0.2329775132238864898681640625">
        <ele>45</ele>
        <time>2025-09-01T13:52:01.000Z</time>
        <extensions>
          <ns3:TrackPointExtension>
            <ns3:atemp>24.0</ns3:atemp>
          </ns3:TrackPointExtension>
        </extensions>
      </trkpt>
      <trkpt lat="44.59439459256827831268310546875" lon="-0.23297642357647418975830078125">
        <ele>45</ele>
        <time>2025-09-01T13:52:02.000Z</time>
        <extensions>
          <ns3:TrackPointExtension>
            <ns3:atemp>24.0</ns3:atemp>
          </ns3:TrackPointExtension>
        </extensions>
      </trkpt>
      <trkpt lat="44.59439459256827831268310546875" lon="-0.23297642357647418975830078125">
        <ele>45</ele>
        <time>2025-09-01T13:52:03.000Z</time>
        <extensions>
          <ns3:TrackPointExtension>
            <ns3:atemp>24.0</ns3:atemp>
          </ns3:TrackPointExtension>
        </extensions>
      </trkpt>
      <trkpt lat="44.59438922815024852752685546875" lon="-0.232974998652935028076171875">
        <ele>45</ele>
        <time>2025-09-01T13:52:04.000Z</time>
        <extensions>
          <ns3:TrackPointExtension>
            <ns3:atemp>24.0</ns3:atemp>
          </ns3:TrackPointExtension>
        </extensions>
      </trkpt>
      <trkpt lat="44.5943878032267093658447265625" lon="-0.23297223262488842010498046875">
        <ele>45</ele>
        <time>2025-09-01T13:52:05.000Z</time>
        <extensions>
          <ns3:TrackPointExtension>
            <ns3:atemp>24.0</ns3:atemp>
          </ns3:TrackPointExtension>
        </extensions>
      </trkpt>
      <trkpt lat="44.59438621066510677337646484375" lon="-0.23296887986361980438232421875">
        <ele>45</ele>
        <time>2025-09-01T13:52:06.000Z</time>
        <extensions>
          <ns3:TrackPointExtension>
            <ns3:atemp>24.0</ns3:atemp>
          </ns3:TrackPointExtension>
        </extensions>
      </trkpt>
      <trkpt lat="44.5943831093609333038330078125" lon="-0.2329755015671253204345703125">
        <ele>45</ele>
        <time>2025-09-01T13:52:07.000Z</time>
        <extensions>
          <ns3:TrackPointExtension>
            <ns3:atemp>24.0</ns3:atemp>
          </ns3:TrackPointExtension>
        </extensions>
      </trkpt>
      <trkpt lat="44.59438302554190158843994140625" lon="-0.2329751662909984588623046875">
        <ele>45</ele>
        <time>2025-09-01T13:52:08.000Z</time>
        <extensions>
          <ns3:TrackPointExtension>
            <ns3:atemp>24.0</ns3:atemp>
          </ns3:TrackPointExtension>
        </extensions>
      </trkpt>
      <trkpt lat="44.5943821035325527191162109375" lon="-0.23297131061553955078125">
        <ele>45</ele>
        <time>2025-09-01T13:52:09.000Z</time>
        <extensions>
          <ns3:TrackPointExtension>
            <ns3:atemp>24.0</ns3:atemp>
          </ns3:TrackPointExtension>
        </extensions>
      </trkpt>
      <trkpt lat="44.59438151679933071136474609375" lon="-0.23297064006328582763671875">
        <ele>45</ele>
        <time>2025-09-01T13:52:10.000Z</time>
        <extensions>
          <ns3:TrackPointExtension>
            <ns3:atemp>24.0</ns3:atemp>
          </ns3:TrackPointExtension>
        </extensions>
      </trkpt>
      <trkpt lat="44.59438151679933071136474609375" lon="-0.23297064006328582763671875">
        <ele>45</ele>
        <time>2025-09-01T13:52:11.000Z</time>
        <extensions>
          <ns3:TrackPointExtension>
            <ns3:atemp>24.0</ns3:atemp>
          </ns3:TrackPointExtension>
        </extensions>
      </trkpt>
      <trkpt lat="44.5943817682564258575439453125" lon="-0.232970304787158966064453125">
        <ele>45</ele>
        <time>2025-09-01T13:52:12.000Z</time>
        <extensions>
          <ns3:TrackPointExtension>
            <ns3:atemp>24.0</ns3:atemp>
          </ns3:TrackPointExtension>
        </extensions>
      </trkpt>
      <trkpt lat="44.59437279962003231048583984375" lon="-0.23296150378882884979248046875">
        <ele>44.799999237060546875</ele>
        <time>2025-09-01T13:52:13.000Z</time>
        <extensions>
          <ns3:TrackPointExtension>
            <ns3:atemp>24.0</ns3:atemp>
          </ns3:TrackPointExtension>
        </extensions>
      </trkpt>
      <trkpt lat="44.59435804747045040130615234375" lon="-0.232955552637577056884765625">
        <ele>45</ele>
        <time>2025-09-01T13:52:14.000Z</time>
        <extensions>
          <ns3:TrackPointExtension>
            <ns3:atemp>24.0</ns3:atemp>
          </ns3:TrackPointExtension>
        </extensions>
      </trkpt>
      <trkpt lat="44.59434228949248790740966796875" lon="-0.23294918239116668701171875">
        <ele>45</ele>
        <time>2025-09-01T13:52:15.000Z</time>
        <extensions>
          <ns3:TrackPointExtension>
            <ns3:atemp>24.0</ns3:atemp>
          </ns3:TrackPointExtension>
        </extensions>
      </trkpt>
      <trkpt lat="44.59431923925876617431640625" lon="-0.2329443208873271942138671875">
        <ele>45.200000762939453125</ele>
        <time>2025-09-01T13:52:16.000Z</time>
        <extensions>
          <ns3:TrackPointExtension>
            <ns3:atemp>24.0</ns3:atemp>
          </ns3:TrackPointExtension>
        </extensions>
      </trkpt>
      <trkpt lat="44.59428998641669750213623046875" lon="-0.23294239304959774017333984375">
        <ele>45.200000762939453125</ele>
        <time>2025-09-01T13:52:17.000Z</time>
        <extensions>
          <ns3:TrackPointExtension>
            <ns3:atemp>24.0</ns3:atemp>
          </ns3:TrackPointExtension>
        </extensions>
      </trkpt>
      <trkpt lat="44.5942577160894870758056640625" lon="-0.23293987847864627838134765625">
        <ele>45.40000152587890625</ele>
        <time>2025-09-01T13:52:18.000Z</time>
        <extensions>
          <ns3:TrackPointExtension>
            <ns3:atemp>24.0</ns3:atemp>
          </ns3:TrackPointExtension>
        </extensions>
      </trkpt>
      <trkpt lat="44.5942205004394054412841796875" lon="-0.232944488525390625">
        <ele>45.40000152587890625</ele>
        <time>2025-09-01T13:52:19.000Z</time>
        <extensions>
          <ns3:TrackPointExtension>
            <ns3:atemp>24.0</ns3:atemp>
          </ns3:TrackPointExtension>
        </extensions>
      </trkpt>
      <trkpt lat="44.5941789261996746063232421875" lon="-0.2329466678202152252197265625">
        <ele>45.40000152587890625</ele>
        <time>2025-09-01T13:52:20.000Z</time>
        <extensions>
          <ns3:TrackPointExtension>
            <ns3:atemp>24.0</ns3:atemp>
          </ns3:TrackPointExtension>
        </extensions>
      </trkpt>
      <trkpt lat="44.5941348373889923095703125" lon="-0.23294650018215179443359375">
        <ele>45.40000152587890625</ele>
        <time>2025-09-01T13:52:21.000Z</time>
        <extensions>
          <ns3:TrackPointExtension>
            <ns3:atemp>24.0</ns3:atemp>
          </ns3:TrackPointExtension>
        </extensions>
      </trkpt>
      <trkpt lat="44.5940863899886608123779296875" lon="-0.232946835458278656005859375">
        <ele>45.200000762939453125</ele>
        <time>2025-09-01T13:52:22.000Z</time>
        <extensions>
          <ns3:TrackPointExtension>
            <ns3:atemp>24.0</ns3:atemp>
          </ns3:TrackPointExtension>
        </extensions>
      </trkpt>
      <trkpt lat="44.59403467364609241485595703125" lon="-0.2329449914395809173583984375">
        <ele>45</ele>
        <time>2025-09-01T13:52:23.000Z</time>
        <extensions>
          <ns3:TrackPointExtension>
            <ns3:atemp>24.0</ns3:atemp>
          </ns3:TrackPointExtension>
        </extensions>
      </trkpt>
      <trkpt lat="44.5939791016280651092529296875" lon="-0.232944153249263763427734375">
        <ele>44.799999237060546875</ele>
        <time>2025-09-01T13:52:24.000Z</time>
        <extensions>
          <ns3:TrackPointExtension>
            <ns3:atemp>24.0</ns3:atemp>
          </ns3:TrackPointExtension>
        </extensions>
      </trkpt>
      <trkpt lat="44.59392051212489604949951171875" lon="-0.232941471040248870849609375">
        <ele>44.59999847412109375</ele>
        <time>2025-09-01T13:52:25.000Z</time>
        <extensions>
          <ns3:TrackPointExtension>
            <ns3:atemp>24.0</ns3:atemp>
          </ns3:TrackPointExtension>
        </extensions>
      </trkpt>
      <trkpt lat="44.5938610844314098358154296875" lon="-0.23294071666896343231201171875">
        <ele>44.40000152587890625</ele>
        <time>2025-09-01T13:52:26.000Z</time>
        <extensions>
          <ns3:TrackPointExtension>
            <ns3:atemp>24.0</ns3:atemp>
          </ns3:TrackPointExtension>
        </extensions>
      </trkpt>
      <trkpt lat="44.59379930980503559112548828125" lon="-0.23294557817280292510986328125">
        <ele>44.200000762939453125</ele>
        <time>2025-09-01T13:52:27.000Z</time>
        <extensions>
          <ns3:TrackPointExtension>
            <ns3:atemp>24.0</ns3:atemp>
          </ns3:TrackPointExtension>
        </extensions>
      </trkpt>
      <trkpt lat="44.59373326040804386138916015625" lon="-0.23295194841921329498291015625">
        <ele>44</ele>
        <time>2025-09-01T13:52:28.000Z</time>
        <extensions>
          <ns3:TrackPointExtension>
            <ns3:atemp>24.0</ns3:atemp>
          </ns3:TrackPointExtension>
        </extensions>
      </trkpt>
      <trkpt lat="44.59366402588784694671630859375" lon="-0.232956223189830780029296875">
        <ele>43.59999847412109375</ele>
        <time>2025-09-01T13:52:29.000Z</time>
        <extensions>
          <ns3:TrackPointExtension>
            <ns3:atemp>24.0</ns3:atemp>
          </ns3:TrackPointExtension>
        </extensions>
      </trkpt>
      <trkpt lat="44.59359244443476200103759765625" lon="-0.23296502418816089630126953125">
        <ele>43.40000152587890625</ele>
        <time>2025-09-01T13:52:30.000Z</time>
        <extensions>
          <ns3:TrackPointExtension>
            <ns3:atemp>24.0</ns3:atemp>
          </ns3:TrackPointExtension>
        </extensions>
      </trkpt>
      <trkpt lat="44.59351885132491588592529296875" lon="-0.2329805307090282440185546875">
        <ele>43.200000762939453125</ele>
        <time>2025-09-01T13:52:31.000Z</time>
        <extensions>
          <ns3:TrackPointExtension>
            <ns3:atemp>24.0</ns3:atemp>
          </ns3:TrackPointExtension>
        </extensions>
      </trkpt>
      <trkpt lat="44.593444168567657470703125" lon="-0.232999809086322784423828125">
        <ele>42.799999237060546875</ele>
        <time>2025-09-01T13:52:32.000Z</time>
        <extensions>
          <ns3:TrackPointExtension>
            <ns3:atemp>24.0</ns3:atemp>
          </ns3:TrackPointExtension>
        </extensions>
      </trkpt>
      <trkpt lat="44.593365378677845001220703125" lon="-0.23301950655877590179443359375">
        <ele>42.59999847412109375</ele>
        <time>2025-09-01T13:52:33.000Z</time>
        <extensions>
          <ns3:TrackPointExtension>
            <ns3:atemp>24.0</ns3:atemp>
          </ns3:TrackPointExtension>
        </extensions>
      </trkpt>
      <trkpt lat="44.5932840742170810699462890625" lon="-0.23304934613406658172607421875">
        <ele>42.200000762939453125</ele>
        <time>2025-09-01T13:52:34.000Z</time>
        <extensions>
          <ns3:TrackPointExtension>
            <ns3:atemp>24.0</ns3:atemp>
          </ns3:TrackPointExtension>
        </extensions>
      </trkpt>
      <trkpt lat="44.5932002551853656768798828125" lon="-0.2330858074128627777099609375">
        <ele>42</ele>
        <time>2025-09-01T13:52:35.000Z</time>
        <extensions>
          <ns3:TrackPointExtension>
            <ns3:atemp>24.0</ns3:atemp>
          </ns3:TrackPointExtension>
        </extensions>
      </trkpt>
      <trkpt lat="44.59311903454363346099853515625" lon="-0.2331282198429107666015625">
        <ele>41.59999847412109375</ele>
        <time>2025-09-01T13:52:36.000Z</time>
        <extensions>
          <ns3:TrackPointExtension>
            <ns3:atemp>24.0</ns3:atemp>
          </ns3:TrackPointExtension>
        </extensions>
      </trkpt>
      <trkpt lat="44.59304158575832843780517578125" lon="-0.2331803552806377410888671875">
        <ele>41.40000152587890625</ele>
        <time>2025-09-01T13:52:37.000Z</time>
        <extensions>
          <ns3:TrackPointExtension>
            <ns3:atemp>24.0</ns3:atemp>
          </ns3:TrackPointExtension>
        </extensions>
      </trkpt>
      <trkpt lat="44.59296363405883312225341796875" lon="-0.23323508910834789276123046875">
        <ele>41</ele>
        <time>2025-09-01T13:52:38.000Z</time>
        <extensions>
          <ns3:TrackPointExtension>
            <ns3:atemp>24.0</ns3:atemp>
          </ns3:TrackPointExtension>
        </extensions>
      </trkpt>
      <trkpt lat="44.59288350306451320648193359375" lon="-0.23329518735408782958984375">
        <ele>40.799999237060546875</ele>
        <time>2025-09-01T13:52:39.000Z</time>
        <extensions>
          <ns3:TrackPointExtension>
            <ns3:atemp>24.0</ns3:atemp>
          </ns3:TrackPointExtension>
        </extensions>
      </trkpt>
      <trkpt lat="44.59280236624181270599365234375" lon="-0.2333620749413967132568359375">
        <ele>40.40000152587890625</ele>
        <time>2025-09-01T13:52:40.000Z</time>
        <extensions>
          <ns3:TrackPointExtension>
            <ns3:atemp>24.0</ns3:atemp>
          </ns3:TrackPointExtension>
        </extensions>
      </trkpt>
      <trkpt lat="44.59272324107587337493896484375" lon="-0.23343063890933990478515625">
        <ele>40</ele>
        <time>2025-09-01T13:52:41.000Z</time>
        <extensions>
          <ns3:TrackPointExtension>
            <ns3:atemp>24.0</ns3:atemp>
          </ns3:TrackPointExtension>
        </extensions>
      </trkpt>
      <trkpt lat="44.59264864213764667510986328125" lon="-0.2335062436759471893310546875">
        <ele>39.59999847412109375</ele>
        <time>2025-09-01T13:52:42.000Z</time>
        <extensions>
          <ns3:TrackPointExtension>
            <ns3:atemp>24.0</ns3:atemp>
          </ns3:TrackPointExtension>
        </extensions>
      </trkpt>
      <trkpt lat="44.5925764739513397216796875" lon="-0.233589895069599151611328125">
        <ele>39</ele>
        <time>2025-09-01T13:52:43.000Z</time>
        <extensions>
          <ns3:TrackPointExtension>
            <ns3:atemp>24.0</ns3:atemp>
          </ns3:TrackPointExtension>
        </extensions>
      </trkpt>
      <trkpt lat="44.59250832907855510711669921875" lon="-0.2336732111871242523193359375">
        <ele>38.59999847412109375</ele>
        <time>2025-09-01T13:52:44.000Z</time>
        <extensions>
          <ns3:TrackPointExtension>
            <ns3:atemp>24.0</ns3:atemp>
          </ns3:TrackPointExtension>
        </extensions>
      </trkpt>
      <trkpt lat="44.59244026802480220794677734375" lon="-0.23376516066491603851318359375">
        <ele>38.200000762939453125</ele>
        <time>2025-09-01T13:52:45.000Z</time>
        <extensions>
          <ns3:TrackPointExtension>
            <ns3:atemp>24.0</ns3:atemp>
          </ns3:TrackPointExtension>
        </extensions>
      </trkpt>
      <trkpt lat="44.5923727937042713165283203125" lon="-0.233866162598133087158203125">
        <ele>37.799999237060546875</ele>
        <time>2025-09-01T13:52:46.000Z</time>
        <extensions>
          <ns3:TrackPointExtension>
            <ns3:atemp>24.0</ns3:atemp>
          </ns3:TrackPointExtension>
        </extensions>
      </trkpt>
      <trkpt lat="44.59230716340243816375732421875" lon="-0.233969427645206451416015625">
        <ele>37.40000152587890625</ele>
        <time>2025-09-01T13:52:47.000Z</time>
        <extensions>
          <ns3:TrackPointExtension>
            <ns3:atemp>24.0</ns3:atemp>
          </ns3:TrackPointExtension>
        </extensions>
      </trkpt>
      <trkpt lat="44.59224061109125614166259765625" lon="-0.2340725250542163848876953125">
        <ele>37</ele>
        <time>2025-09-01T13:52:48.000Z</time>
        <extensions>
          <ns3:TrackPointExtension>
            <ns3:atemp>24.0</ns3:atemp>
          </ns3:TrackPointExtension>
        </extensions>
      </trkpt>
      <trkpt lat="44.59217724390327930450439453125" lon="-0.2341744489967823028564453125">
        <ele>36.59999847412109375</ele>
        <time>2025-09-01T13:52:49.000Z</time>
        <extensions>
          <ns3:TrackPointExtension>
            <ns3:atemp>24.0</ns3:atemp>
          </ns3:TrackPointExtension>
        </extensions>
      </trkpt>
      <trkpt lat="44.5921153016388416290283203125" lon="-0.23427679203450679779052734375">
        <ele>36.200000762939453125</ele>
        <time>2025-09-01T13:52:50.000Z</time>
        <extensions>
          <ns3:TrackPointExtension>
            <ns3:atemp>24.0</ns3:atemp>
          </ns3:TrackPointExtension>
        </extensions>
      </trkpt>
      <trkpt lat="44.59205704741179943084716796875" lon="-0.2343823201954364776611328125">
        <ele>36</ele>
        <time>2025-09-01T13:52:51.000Z</time>
        <extensions>
          <ns3:TrackPointExtension>
            <ns3:atemp>24.0</ns3:atemp>
          </ns3:TrackPointExtension>
        </extensions>
      </trkpt>
      <trkpt lat="44.59199518896639347076416015625" lon="-0.23448600433766841888427734375">
        <ele>35.59999847412109375</ele>
        <time>2025-09-01T13:52:52.000Z</time>
        <extensions>
          <ns3:TrackPointExtension>
            <ns3:atemp>24.0</ns3:atemp>
          </ns3:TrackPointExtension>
        </extensions>
      </trkpt>
      <trkpt lat="44.59193198941648006439208984375" lon="-0.2345819771289825439453125">
        <ele>35.40000152587890625</ele>
        <time>2025-09-01T13:52:53.000Z</time>
        <extensions>
          <ns3:TrackPointExtension>
            <ns3:atemp>24.0</ns3:atemp>
          </ns3:TrackPointExtension>
        </extensions>
      </trkpt>
      <trkpt lat="44.591868035495281219482421875" lon="-0.2346713282167911529541015625">
        <ele>35.200000762939453125</ele>
        <time>2025-09-01T13:52:54.000Z</time>
        <extensions>
          <ns3:TrackPointExtension>
            <ns3:atemp>24.0</ns3:atemp>
          </ns3:TrackPointExtension>
        </extensions>
      </trkpt>
      <trkpt lat="44.59179922007024288177490234375" lon="-0.2347482740879058837890625">
        <ele>35</ele>
        <time>2025-09-01T13:52:55.000Z</time>
        <extensions>
          <ns3:TrackPointExtension>
            <ns3:atemp>24.0</ns3:atemp>
          </ns3:TrackPointExtension>
        </extensions>
      </trkpt>
      <trkpt lat="44.5917253755033016204833984375" lon="-0.23481122218072414398193359375">
        <ele>35</ele>
        <time>2025-09-01T13:52:56.000Z</time>
        <extensions>
          <ns3:TrackPointExtension>
            <ns3:atemp>24.0</ns3:atemp>
          </ns3:TrackPointExtension>
        </extensions>
      </trkpt>
      <trkpt lat="44.59165354259312152862548828125" lon="-0.23486805148422718048095703125">
        <ele>35</ele>
        <time>2025-09-01T13:52:57.000Z</time>
        <extensions>
          <ns3:TrackPointExtension>
            <ns3:atemp>24.0</ns3:atemp>
          </ns3:TrackPointExtension>
        </extensions>
      </trkpt>
      <trkpt lat="44.59157860837876796722412109375" lon="-0.23491163738071918487548828125">
        <ele>35</ele>
        <time>2025-09-01T13:52:58.000Z</time>
        <extensions>
          <ns3:TrackPointExtension>
            <ns3:atemp>24.0</ns3:atemp>
          </ns3:TrackPointExtension>
        </extensions>
      </trkpt>
      <trkpt lat="44.59150157868862152099609375" lon="-0.2349482662975788116455078125">
        <ele>35</ele>
        <time>2025-09-01T13:52:59.000Z</time>
        <extensions>
          <ns3:TrackPointExtension>
            <ns3:atemp>24.0</ns3:atemp>
          </ns3:TrackPointExtension>
        </extensions>
      </trkpt>
      <trkpt lat="44.59142840467393398284912109375" lon="-0.23498489521443843841552734375">
        <ele>35</ele>
        <time>2025-09-01T13:53:00.000Z</time>
        <extensions>
          <ns3:TrackPointExtension>
            <ns3:atemp>24.0</ns3:atemp>
          </ns3:TrackPointExtension>
        </extensions>
      </trkpt>
      <trkpt lat="44.5913548953831195831298828125" lon="-0.23502361960709095001220703125">
        <ele>34.799999237060546875</ele>
        <time>2025-09-01T13:53:01.000Z</time>
        <extensions>
          <ns3:TrackPointExtension>
            <ns3:atemp>24.0</ns3:atemp>
          </ns3:TrackPointExtension>
        </extensions>
      </trkpt>
      <trkpt lat="44.59128289483487606048583984375" lon="-0.235060416162014007568359375">
        <ele>34.799999237060546875</ele>
        <time>2025-09-01T13:53:02.000Z</time>
        <extensions>
          <ns3:TrackPointExtension>
            <ns3:atemp>24.0</ns3:atemp>
          </ns3:TrackPointExtension>
        </extensions>
      </trkpt>
      <trkpt lat="44.59121366031467914581298828125" lon="-0.2350947819650173187255859375">
        <ele>34.799999237060546875</ele>
        <time>2025-09-01T13:53:03.000Z</time>
        <extensions>
          <ns3:TrackPointExtension>
            <ns3:atemp>24.0</ns3:atemp>
          </ns3:TrackPointExtension>
        </extensions>
      </trkpt>
      <trkpt lat="44.591143168509006500244140625" lon="-0.235132835805416107177734375">
        <ele>34.799999237060546875</ele>
        <time>2025-09-01T13:53:04.000Z</time>
        <extensions>
          <ns3:TrackPointExtension>
            <ns3:atemp>24.0</ns3:atemp>
          </ns3:TrackPointExtension>
        </extensions>
      </trkpt>
      <trkpt lat="44.5910746045410633087158203125" lon="-0.2351712249219417572021484375">
        <ele>34.799999237060546875</ele>
        <time>2025-09-01T13:53:05.000Z</time>
        <extensions>
          <ns3:TrackPointExtension>
            <ns3:atemp>24.0</ns3:atemp>
          </ns3:TrackPointExtension>
        </extensions>
      </trkpt>
      <trkpt lat="44.5910041965544223785400390625" lon="-0.235204584896564483642578125">
        <ele>34.799999237060546875</ele>
        <time>2025-09-01T13:53:06.000Z</time>
        <extensions>
          <ns3:TrackPointExtension>
            <ns3:atemp>24.0</ns3:atemp>
          </ns3:TrackPointExtension>
        </extensions>
      </trkpt>
      <trkpt lat="44.59093739278614521026611328125" lon="-0.23523936979472637176513671875">
        <ele>34.59999847412109375</ele>
        <time>2025-09-01T13:53:07.000Z</time>
        <extensions>
          <ns3:TrackPointExtension>
            <ns3:atemp>24.0</ns3:atemp>
          </ns3:TrackPointExtension>
        </extensions>
      </trkpt>
      <trkpt lat="44.5908767916262149810791015625" lon="-0.2352828718721866607666015625">
        <ele>34.40000152587890625</ele>
        <time>2025-09-01T13:53:08.000Z</time>
        <extensions>
          <ns3:TrackPointExtension>
            <ns3:atemp>24.0</ns3:atemp>
          </ns3:TrackPointExtension>
        </extensions>
      </trkpt>
      <trkpt lat="44.5908169448375701904296875" lon="-0.23533442057669162750244140625">
        <ele>34.40000152587890625</ele>
        <time>2025-09-01T13:53:09.000Z</time>
        <extensions>
          <ns3:TrackPointExtension>
            <ns3:atemp>24.0</ns3:atemp>
          </ns3:TrackPointExtension>
        </extensions>
      </trkpt>
      <trkpt lat="44.5907633006572723388671875" lon="-0.2353901602327823638916015625">
        <ele>34</ele>
        <time>2025-09-01T13:53:10.000Z</time>
        <extensions>
          <ns3:TrackPointExtension>
            <ns3:atemp>24.0</ns3:atemp>
          </ns3:TrackPointExtension>
        </extensions>
      </trkpt>
      <trkpt lat="44.59071158431470394134521484375" lon="-0.23545411415398120880126953125">
        <ele>34</ele>
        <time>2025-09-01T13:53:11.000Z</time>
        <extensions>
          <ns3:TrackPointExtension>
            <ns3:atemp>24.0</ns3:atemp>
          </ns3:TrackPointExtension>
        </extensions>
      </trkpt>
      <trkpt lat="44.59067302756011486053466796875" lon="-0.23552150465548038482666015625">
        <ele>33.799999237060546875</ele>
        <time>2025-09-01T13:53:12.000Z</time>
        <extensions>
          <ns3:TrackPointExtension>
            <ns3:atemp>24.0</ns3:atemp>
          </ns3:TrackPointExtension>
        </extensions>
      </trkpt>
      <trkpt lat="44.59063866175711154937744140625" lon="-0.2355883084237575531005859375">
        <ele>33.799999237060546875</ele>
        <time>2025-09-01T13:53:13.000Z</time>
        <extensions>
          <ns3:TrackPointExtension>
            <ns3:atemp>24.0</ns3:atemp>
          </ns3:TrackPointExtension>
        </extensions>
      </trkpt>
      <trkpt lat="44.59060396067798137664794921875" lon="-0.23565159179270267486572265625">
        <ele>33.59999847412109375</ele>
        <time>2025-09-01T13:53:14.000Z</time>
        <extensions>
          <ns3:TrackPointExtension>
            <ns3:atemp>24.0</ns3:atemp>
          </ns3:TrackPointExtension>
        </extensions>
      </trkpt>
      <trkpt lat="44.59057219326496124267578125" lon="-0.23571244440972805023193359375">
        <ele>33.59999847412109375</ele>
        <time>2025-09-01T13:53:15.000Z</time>
        <extensions>
          <ns3:TrackPointExtension>
            <ns3:atemp>24.0</ns3:atemp>
          </ns3:TrackPointExtension>
        </extensions>
      </trkpt>
      <trkpt lat="44.59054310806095600128173828125" lon="-0.23577229119837284088134765625">
        <ele>33.59999847412109375</ele>
        <time>2025-09-01T13:53:16.000Z</time>
        <extensions>
          <ns3:TrackPointExtension>
            <ns3:atemp>24.0</ns3:atemp>
          </ns3:TrackPointExtension>
        </extensions>
      </trkpt>
      <trkpt lat="44.5905116759240627288818359375" lon="-0.23582853376865386962890625">
        <ele>33.40000152587890625</ele>
        <time>2025-09-01T13:53:17.000Z</time>
        <extensions>
          <ns3:TrackPointExtension>
            <ns3:atemp>24.0</ns3:atemp>
          </ns3:TrackPointExtension>
        </extensions>
      </trkpt>
      <trkpt lat="44.59048460237681865692138671875" lon="-0.23588309995830059051513671875">
        <ele>33.40000152587890625</ele>
        <time>2025-09-01T13:53:18.000Z</time>
        <extensions>
          <ns3:TrackPointExtension>
            <ns3:atemp>24.0</ns3:atemp>
          </ns3:TrackPointExtension>
        </extensions>
      </trkpt>
      <trkpt lat="44.59045610390603542327880859375" lon="-0.23593724705278873443603515625">
        <ele>33.200000762939453125</ele>
        <time>2025-09-01T13:53:19.000Z</time>
        <extensions>
          <ns3:TrackPointExtension>
            <ns3:atemp>24.0</ns3:atemp>
          </ns3:TrackPointExtension>
        </extensions>
      </trkpt>
      <trkpt lat="44.59042777307331562042236328125" lon="-0.23599357344210147857666015625">
        <ele>33.200000762939453125</ele>
        <time>2025-09-01T13:53:20.000Z</time>
        <extensions>
          <ns3:TrackPointExtension>
            <ns3:atemp>24.0</ns3:atemp>
          </ns3:TrackPointExtension>
        </extensions>
      </trkpt>
      <trkpt lat="44.59040078334510326385498046875" lon="-0.23604906164109706878662109375">
        <ele>33</ele>
        <time>2025-09-01T13:53:21.000Z</time>
        <extensions>
          <ns3:TrackPointExtension>
            <ns3:atemp>24.0</ns3:atemp>
          </ns3:TrackPointExtension>
        </extensions>
      </trkpt>
      <trkpt lat="44.59037614054977893829345703125" lon="-0.23609717376530170440673828125">
        <ele>33</ele>
        <time>2025-09-01T13:53:22.000Z</time>
        <extensions>
          <ns3:TrackPointExtension>
            <ns3:atemp>24.0</ns3:atemp>
          </ns3:TrackPointExtension>
        </extensions>
      </trkpt>
      <trkpt lat="44.59035200066864490509033203125" lon="-0.23613925091922283172607421875">
        <ele>33</ele>
        <time>2025-09-01T13:53:23.000Z</time>
        <extensions>
          <ns3:TrackPointExtension>
            <ns3:atemp>24.0</ns3:atemp>
          </ns3:TrackPointExtension>
        </extensions>
      </trkpt>
      <trkpt lat="44.5903266035020351409912109375" lon="-0.23618660867214202880859375">
        <ele>33</ele>
        <time>2025-09-01T13:53:24.000Z</time>
        <extensions>
          <ns3:TrackPointExtension>
            <ns3:atemp>24.0</ns3:atemp>
          </ns3:TrackPointExtension>
        </extensions>
      </trkpt>
      <trkpt lat="44.59030522964894771575927734375" lon="-0.23622876964509487152099609375">
        <ele>33.200000762939453125</ele>
        <time>2025-09-01T13:53:25.000Z</time>
        <extensions>
          <ns3:TrackPointExtension>
            <ns3:atemp>24.0</ns3:atemp>
          </ns3:TrackPointExtension>
        </extensions>
      </trkpt>
      <trkpt lat="44.59028410725295543670654296875" lon="-0.2362648956477642059326171875">
        <ele>33.200000762939453125</ele>
        <time>2025-09-01T13:53:26.000Z</time>
        <extensions>
          <ns3:TrackPointExtension>
            <ns3:atemp>24.0</ns3:atemp>
          </ns3:TrackPointExtension>
        </extensions>
      </trkpt>
      <trkpt lat="44.5902682654559612274169921875" lon="-0.23630035109817981719970703125">
        <ele>33.200000762939453125</ele>
        <time>2025-09-01T13:53:27.000Z</time>
        <extensions>
          <ns3:TrackPointExtension>
            <ns3:atemp>24.0</ns3:atemp>
          </ns3:TrackPointExtension>
        </extensions>
      </trkpt>
      <trkpt lat="44.59025477059185504913330078125" lon="-0.23633488453924655914306640625">
        <ele>33.200000762939453125</ele>
        <time>2025-09-01T13:53:28.000Z</time>
        <extensions>
          <ns3:TrackPointExtension>
            <ns3:atemp>24.0</ns3:atemp>
          </ns3:TrackPointExtension>
        </extensions>
      </trkpt>
      <trkpt lat="44.59023834206163883209228515625" lon="-0.23636497557163238525390625">
        <ele>33.200000762939453125</ele>
        <time>2025-09-01T13:53:29.000Z</time>
        <extensions>
          <ns3:TrackPointExtension>
            <ns3:atemp>24.0</ns3:atemp>
          </ns3:TrackPointExtension>
        </extensions>
      </trkpt>
      <trkpt lat="44.59022325463593006134033203125" lon="-0.23639288730919361114501953125">
        <ele>33.40000152587890625</ele>
        <time>2025-09-01T13:53:30.000Z</time>
        <extensions>
          <ns3:TrackPointExtension>
            <ns3:atemp>24.0</ns3:atemp>
          </ns3:TrackPointExtension>
        </extensions>
      </trkpt>
      <trkpt lat="44.59020850248634815216064453125" lon="-0.2364211343228816986083984375">
        <ele>33.40000152587890625</ele>
        <time>2025-09-01T13:53:31.000Z</time>
        <extensions>
          <ns3:TrackPointExtension>
            <ns3:atemp>24.0</ns3:atemp>
          </ns3:TrackPointExtension>
        </extensions>
      </trkpt>
      <trkpt lat="44.590195007622241973876953125" lon="-0.236449800431728363037109375">
        <ele>33.40000152587890625</ele>
        <time>2025-09-01T13:53:32.000Z</time>
        <extensions>
          <ns3:TrackPointExtension>
            <ns3:atemp>24.0</ns3:atemp>
          </ns3:TrackPointExtension>
        </extensions>
      </trkpt>
      <trkpt lat="44.59018168039619922637939453125" lon="-0.23647335357964038848876953125">
        <ele>33.59999847412109375</ele>
        <time>2025-09-01T13:53:33.000Z</time>
        <extensions>
          <ns3:TrackPointExtension>
            <ns3:atemp>24.0</ns3:atemp>
          </ns3:TrackPointExtension>
        </extensions>
      </trkpt>
      <trkpt lat="44.5901673473417758941650390625" lon="-0.23649648763239383697509765625">
        <ele>33.59999847412109375</ele>
        <time>2025-09-01T13:53:34.000Z</time>
        <extensions>
          <ns3:TrackPointExtension>
            <ns3:atemp>24.0</ns3:atemp>
          </ns3:TrackPointExtension>
        </extensions>
      </trkpt>
      <trkpt lat="44.59015552885830402374267578125" lon="-0.2365257404744625091552734375">
        <ele>33.799999237060546875</ele>
        <time>2025-09-01T13:53:35.000Z</time>
        <extensions>
          <ns3:TrackPointExtension>
            <ns3:atemp>24.0</ns3:atemp>
          </ns3:TrackPointExtension>
        </extensions>
      </trkpt>
      <trkpt lat="44.59014446474611759185791015625" lon="-0.2365565858781337738037109375">
        <ele>33.799999237060546875</ele>
        <time>2025-09-01T13:53:36.000Z</time>
        <extensions>
          <ns3:TrackPointExtension>
            <ns3:atemp>24.0</ns3:atemp>
          </ns3:TrackPointExtension>
        </extensions>
      </trkpt>
      <trkpt lat="44.590136669576168060302734375" lon="-0.23658692836761474609375">
        <ele>34</ele>
        <time>2025-09-01T13:53:37.000Z</time>
        <extensions>
          <ns3:TrackPointExtension>
            <ns3:atemp>24.0</ns3:atemp>
          </ns3:TrackPointExtension>
        </extensions>
      </trkpt>
      <trkpt lat="44.59012803621590137481689453125" lon="-0.23662070743739604949951171875">
        <ele>34.200000762939453125</ele>
        <time>2025-09-01T13:53:38.000Z</time>
        <extensions>
          <ns3:TrackPointExtension>
            <ns3:atemp>24.0</ns3:atemp>
          </ns3:TrackPointExtension>
        </extensions>
      </trkpt>
      <trkpt lat="44.5901195704936981201171875" lon="-0.23665289394557476043701171875">
        <ele>34.200000762939453125</ele>
        <time>2025-09-01T13:53:39.000Z</time>
        <extensions>
          <ns3:TrackPointExtension>
            <ns3:atemp>24.0</ns3:atemp>
          </ns3:TrackPointExtension>
        </extensions>
      </trkpt>
      <trkpt lat="44.5901110209524631500244140625" lon="-0.2366890199482440948486328125">
        <ele>34.40000152587890625</ele>
        <time>2025-09-01T13:53:40.000Z</time>
        <extensions>
          <ns3:TrackPointExtension>
            <ns3:atemp>24.0</ns3:atemp>
          </ns3:TrackPointExtension>
        </extensions>
      </trkpt>
      <trkpt lat="44.59010339342057704925537109375" lon="-0.23672028444707393646240234375">
        <ele>34.40000152587890625</ele>
        <time>2025-09-01T13:53:41.000Z</time>
        <extensions>
          <ns3:TrackPointExtension>
            <ns3:atemp>24.0</ns3:atemp>
          </ns3:TrackPointExtension>
        </extensions>
      </trkpt>
      <trkpt lat="44.59009232930839061737060546875" lon="-0.23674895055592060089111328125">
        <ele>34.59999847412109375</ele>
        <time>2025-09-01T13:53:42.000Z</time>
        <extensions>
          <ns3:TrackPointExtension>
            <ns3:atemp>24.0</ns3:atemp>
          </ns3:TrackPointExtension>
        </extensions>
      </trkpt>
      <trkpt lat="44.5900784991681575775146484375" lon="-0.2367782033979892730712890625">
        <ele>34.799999237060546875</ele>
        <time>2025-09-01T13:53:43.000Z</time>
        <extensions>
          <ns3:TrackPointExtension>
            <ns3:atemp>24.0</ns3:atemp>
          </ns3:TrackPointExtension>
        </extensions>
      </trkpt>
      <trkpt lat="44.5900620706379413604736328125" lon="-0.23680376820266246795654296875">
        <ele>34.799999237060546875</ele>
        <time>2025-09-01T13:53:44.000Z</time>
        <extensions>
          <ns3:TrackPointExtension>
            <ns3:atemp>24.0</ns3:atemp>
          </ns3:TrackPointExtension>
        </extensions>
      </trkpt>
      <trkpt lat="44.59003784693777561187744140625" lon="-0.23681902326643466949462890625">
        <ele>34.799999237060546875</ele>
        <time>2025-09-01T13:53:45.000Z</time>
        <extensions>
          <ns3:TrackPointExtension>
            <ns3:atemp>24.0</ns3:atemp>
          </ns3:TrackPointExtension>
        </extensions>
      </trkpt>
      <trkpt lat="44.59001370705664157867431640625" lon="-0.2368216216564178466796875">
        <ele>35</ele>
        <time>2025-09-01T13:53:46.000Z</time>
        <extensions>
          <ns3:TrackPointExtension>
            <ns3:atemp>24.0</ns3:atemp>
          </ns3:TrackPointExtension>
        </extensions>
      </trkpt>
      <trkpt lat="44.58999057300388813018798828125" lon="-0.23681852035224437713623046875">
        <ele>35.200000762939453125</ele>
        <time>2025-09-01T13:53:47.000Z</time>
        <extensions>
          <ns3:TrackPointExtension>
            <ns3:atemp>24.0</ns3:atemp>
          </ns3:TrackPointExtension>
        </extensions>
      </trkpt>
      <trkpt lat="44.58996458910405635833740234375" lon="-0.23681181482970714569091796875">
        <ele>35.200000762939453125</ele>
        <time>2025-09-01T13:53:48.000Z</time>
        <extensions>
          <ns3:TrackPointExtension>
            <ns3:atemp>24.0</ns3:atemp>
          </ns3:TrackPointExtension>
        </extensions>
      </trkpt>
      <trkpt lat="44.58994396962225437164306640625" lon="-0.236803852021694183349609375">
        <ele>35.200000762939453125</ele>
        <time>2025-09-01T13:53:49.000Z</time>
        <extensions>
          <ns3:TrackPointExtension>
            <ns3:atemp>24.0</ns3:atemp>
          </ns3:TrackPointExtension>
        </extensions>
      </trkpt>
      <trkpt lat="44.589924775063991546630859375" lon="-0.2367979846894741058349609375">
        <ele>35.200000762939453125</ele>
        <time>2025-09-01T13:53:50.000Z</time>
        <extensions>
          <ns3:TrackPointExtension>
            <ns3:atemp>24.0</ns3:atemp>
          </ns3:TrackPointExtension>
        </extensions>
      </trkpt>
      <trkpt lat="44.5899051614105701446533203125" lon="-0.2367932908236980438232421875">
        <ele>35.200000762939453125</ele>
        <time>2025-09-01T13:53:51.000Z</time>
        <extensions>
          <ns3:TrackPointExtension>
            <ns3:atemp>24.0</ns3:atemp>
          </ns3:TrackPointExtension>
        </extensions>
      </trkpt>
      <trkpt lat="44.5898835361003875732421875" lon="-0.23679547011852264404296875">
        <ele>35.200000762939453125</ele>
        <time>2025-09-01T13:53:52.000Z</time>
        <extensions>
          <ns3:TrackPointExtension>
            <ns3:atemp>24.0</ns3:atemp>
          </ns3:TrackPointExtension>
        </extensions>
      </trkpt>
      <trkpt lat="44.58986316807568073272705078125" lon="-0.23680008016526699066162109375">
        <ele>35.40000152587890625</ele>
        <time>2025-09-01T13:53:53.000Z</time>
        <extensions>
          <ns3:TrackPointExtension>
            <ns3:atemp>24.0</ns3:atemp>
          </ns3:TrackPointExtension>
        </extensions>
      </trkpt>
      <trkpt lat="44.5898448117077350616455078125" lon="-0.23680963553488254547119140625">
        <ele>35.40000152587890625</ele>
        <time>2025-09-01T13:53:54.000Z</time>
        <extensions>
          <ns3:TrackPointExtension>
            <ns3:atemp>24.0</ns3:atemp>
          </ns3:TrackPointExtension>
        </extensions>
      </trkpt>
      <trkpt lat="44.58982544951140880584716796875" lon="-0.23682069964706897735595703125">
        <ele>35.59999847412109375</ele>
        <time>2025-09-01T13:53:55.000Z</time>
        <extensions>
          <ns3:TrackPointExtension>
            <ns3:atemp>24.0</ns3:atemp>
          </ns3:TrackPointExtension>
        </extensions>
      </trkpt>
      <trkpt lat="44.58980466239154338836669921875" lon="-0.23682857863605022430419921875">
        <ele>35.59999847412109375</ele>
        <time>2025-09-01T13:53:56.000Z</time>
        <extensions>
          <ns3:TrackPointExtension>
            <ns3:atemp>24.0</ns3:atemp>
          </ns3:TrackPointExtension>
        </extensions>
      </trkpt>
      <trkpt lat="44.5897854678332805633544921875" lon="-0.2368377149105072021484375">
        <ele>35.799999237060546875</ele>
        <time>2025-09-01T13:53:57.000Z</time>
        <extensions>
          <ns3:TrackPointExtension>
            <ns3:atemp>24.0</ns3:atemp>
          </ns3:TrackPointExtension>
        </extensions>
      </trkpt>
      <trkpt lat="44.5897670276463031768798828125" lon="-0.23684634827077388763427734375">
        <ele>36</ele>
        <time>2025-09-01T13:53:58.000Z</time>
        <extensions>
          <ns3:TrackPointExtension>
            <ns3:atemp>24.0</ns3:atemp>
          </ns3:TrackPointExtension>
        </extensions>
      </trkpt>
      <trkpt lat="44.5897469110786914825439453125" lon="-0.23685456253588199615478515625">
        <ele>36</ele>
        <time>2025-09-01T13:53:59.000Z</time>
        <extensions>
          <ns3:TrackPointExtension>
            <ns3:atemp>24.0</ns3:atemp>
          </ns3:TrackPointExtension>
        </extensions>
      </trkpt>
      <trkpt lat="44.589728303253650665283203125" lon="-0.2368647046387195587158203125">
        <ele>36.200000762939453125</ele>
        <time>2025-09-01T13:54:00.000Z</time>
        <extensions>
          <ns3:TrackPointExtension>
            <ns3:atemp>24.0</ns3:atemp>
          </ns3:TrackPointExtension>
        </extensions>
      </trkpt>
      <trkpt lat="44.5897086896002292633056640625" lon="-0.23687182925641536712646484375">
        <ele>36.200000762939453125</ele>
        <time>2025-09-01T13:54:01.000Z</time>
        <extensions>
          <ns3:TrackPointExtension>
            <ns3:atemp>24.0</ns3:atemp>
          </ns3:TrackPointExtension>
        </extensions>
      </trkpt>
      <trkpt lat="44.58968798629939556121826171875" lon="-0.23688130080699920654296875">
        <ele>36.40000152587890625</ele>
        <time>2025-09-01T13:54:02.000Z</time>
        <extensions>
          <ns3:TrackPointExtension>
            <ns3:atemp>24.0</ns3:atemp>
          </ns3:TrackPointExtension>
        </extensions>
      </trkpt>
      <trkpt lat="44.58967004902660846710205078125" lon="-0.23689093999564647674560546875">
        <ele>36.40000152587890625</ele>
        <time>2025-09-01T13:54:03.000Z</time>
        <extensions>
          <ns3:TrackPointExtension>
            <ns3:atemp>24.0</ns3:atemp>
          </ns3:TrackPointExtension>
        </extensions>
      </trkpt>
      <trkpt lat="44.589649848639965057373046875" lon="-0.236895047128200531005859375">
        <ele>36.59999847412109375</ele>
        <time>2025-09-01T13:54:04.000Z</time>
        <extensions>
          <ns3:TrackPointExtension>
            <ns3:atemp>24.0</ns3:atemp>
          </ns3:TrackPointExtension>
        </extensions>
      </trkpt>
      <trkpt lat="44.58963073790073394775390625" lon="-0.23689663968980312347412109375">
        <ele>36.59999847412109375</ele>
        <time>2025-09-01T13:54:05.000Z</time>
        <extensions>
          <ns3:TrackPointExtension>
            <ns3:atemp>24.0</ns3:atemp>
          </ns3:TrackPointExtension>
        </extensions>
      </trkpt>
      <trkpt lat="44.58961271680891513824462890625" lon="-0.23689881898462772369384765625">
        <ele>36.59999847412109375</ele>
        <time>2025-09-01T13:54:06.000Z</time>
        <extensions>
          <ns3:TrackPointExtension>
            <ns3:atemp>24.0</ns3:atemp>
          </ns3:TrackPointExtension>
        </extensions>
      </trkpt>
      <trkpt lat="44.58959595300257205963134765625" lon="-0.236900746822357177734375">
        <ele>36.59999847412109375</ele>
        <time>2025-09-01T13:54:07.000Z</time>
        <extensions>
          <ns3:TrackPointExtension>
            <ns3:atemp>24.0</ns3:atemp>
          </ns3:TrackPointExtension>
        </extensions>
      </trkpt>
      <trkpt lat="44.58958019502460956573486328125" lon="-0.23690468631684780120849609375">
        <ele>36.799999237060546875</ele>
        <time>2025-09-01T13:54:08.000Z</time>
        <extensions>
          <ns3:TrackPointExtension>
            <ns3:atemp>24.0</ns3:atemp>
          </ns3:TrackPointExtension>
        </extensions>
      </trkpt>
      <trkpt lat="44.58956309594213962554931640625" lon="-0.2369049377739429473876953125">
        <ele>36.799999237060546875</ele>
        <time>2025-09-01T13:54:09.000Z</time>
        <extensions>
          <ns3:TrackPointExtension>
            <ns3:atemp>24.0</ns3:atemp>
          </ns3:TrackPointExtension>
        </extensions>
      </trkpt>
      <trkpt lat="44.5895430631935596466064453125" lon="-0.2369069494307041168212890625">
        <ele>37</ele>
        <time>2025-09-01T13:54:10.000Z</time>
        <extensions>
          <ns3:TrackPointExtension>
            <ns3:atemp>24.0</ns3:atemp>
          </ns3:TrackPointExtension>
        </extensions>
      </trkpt>
      <trkpt lat="44.5895222760736942291259765625" lon="-0.2369096316397190093994140625">
        <ele>37</ele>
        <time>2025-09-01T13:54:11.000Z</time>
        <extensions>
          <ns3:TrackPointExtension>
            <ns3:atemp>24.0</ns3:atemp>
          </ns3:TrackPointExtension>
        </extensions>
      </trkpt>
      <trkpt lat="44.58950224332511425018310546875" lon="-0.23690946400165557861328125">
        <ele>37</ele>
        <time>2025-09-01T13:54:12.000Z</time>
        <extensions>
          <ns3:TrackPointExtension>
            <ns3:atemp>24.0</ns3:atemp>
          </ns3:TrackPointExtension>
        </extensions>
      </trkpt>
      <trkpt lat="44.58948246203362941741943359375" lon="-0.23690988309681415557861328125">
        <ele>37.200000762939453125</ele>
        <time>2025-09-01T13:54:13.000Z</time>
        <extensions>
          <ns3:TrackPointExtension>
            <ns3:atemp>24.0</ns3:atemp>
          </ns3:TrackPointExtension>
        </extensions>
      </trkpt>
      <trkpt lat="44.5894624292850494384765625" lon="-0.23690971545875072479248046875">
        <ele>37.200000762939453125</ele>
        <time>2025-09-01T13:54:14.000Z</time>
        <extensions>
          <ns3:TrackPointExtension>
            <ns3:atemp>24.0</ns3:atemp>
          </ns3:TrackPointExtension>
        </extensions>
      </trkpt>
      <trkpt lat="44.589442312717437744140625" lon="-0.23690904490649700164794921875">
        <ele>37.40000152587890625</ele>
        <time>2025-09-01T13:54:15.000Z</time>
        <extensions>
          <ns3:TrackPointExtension>
            <ns3:atemp>24.0</ns3:atemp>
          </ns3:TrackPointExtension>
        </extensions>
      </trkpt>
      <trkpt lat="44.58942286670207977294921875" lon="-0.23691105656325817108154296875">
        <ele>37.40000152587890625</ele>
        <time>2025-09-01T13:54:16.000Z</time>
        <extensions>
          <ns3:TrackPointExtension>
            <ns3:atemp>24.0</ns3:atemp>
          </ns3:TrackPointExtension>
        </extensions>
      </trkpt>
      <trkpt lat="44.5894022472202777862548828125" lon="-0.23691172711551189422607421875">
        <ele>37.59999847412109375</ele>
        <time>2025-09-01T13:54:17.000Z</time>
        <extensions>
          <ns3:TrackPointExtension>
            <ns3:atemp>24.0</ns3:atemp>
          </ns3:TrackPointExtension>
        </extensions>
      </trkpt>
      <trkpt lat="44.5893841423094272613525390625" lon="-0.23691105656325817108154296875">
        <ele>37.59999847412109375</ele>
        <time>2025-09-01T13:54:18.000Z</time>
        <extensions>
          <ns3:TrackPointExtension>
            <ns3:atemp>24.0</ns3:atemp>
          </ns3:TrackPointExtension>
        </extensions>
      </trkpt>
      <trkpt lat="44.58936519920825958251953125" lon="-0.23691357113420963287353515625">
        <ele>37.799999237060546875</ele>
        <time>2025-09-01T13:54:19.000Z</time>
        <extensions>
          <ns3:TrackPointExtension>
            <ns3:atemp>24.0</ns3:atemp>
          </ns3:TrackPointExtension>
        </extensions>
      </trkpt>
      <trkpt lat="44.5893492735922336578369140625" lon="-0.23691625334322452545166015625">
        <ele>37.799999237060546875</ele>
        <time>2025-09-01T13:54:20.000Z</time>
        <extensions>
          <ns3:TrackPointExtension>
            <ns3:atemp>24.0</ns3:atemp>
          </ns3:TrackPointExtension>
        </extensions>
      </trkpt>
      <trkpt lat="44.58932974375784397125244140625" lon="-0.23691776208579540252685546875">
        <ele>38</ele>
        <time>2025-09-01T13:54:21.000Z</time>
        <extensions>
          <ns3:TrackPointExtension>
            <ns3:atemp>24.0</ns3:atemp>
          </ns3:TrackPointExtension>
        </extensions>
      </trkpt>
      <trkpt lat="44.58931331522762775421142578125" lon="-0.2369193546473979949951171875">
        <ele>38</ele>
        <time>2025-09-01T13:54:22.000Z</time>
        <extensions>
          <ns3:TrackPointExtension>
            <ns3:atemp>24.0</ns3:atemp>
          </ns3:TrackPointExtension>
        </extensions>
      </trkpt>
      <trkpt lat="44.58929236046969890594482421875" lon="-0.23691860027611255645751953125">
        <ele>38.200000762939453125</ele>
        <time>2025-09-01T13:54:23.000Z</time>
        <extensions>
          <ns3:TrackPointExtension>
            <ns3:atemp>24.0</ns3:atemp>
          </ns3:TrackPointExtension>
        </extensions>
      </trkpt>
      <trkpt lat="44.58927534520626068115234375" lon="-0.23691826499998569488525390625">
        <ele>38.200000762939453125</ele>
        <time>2025-09-01T13:54:24.000Z</time>
        <extensions>
          <ns3:TrackPointExtension>
            <ns3:atemp>24.0</ns3:atemp>
          </ns3:TrackPointExtension>
        </extensions>
      </trkpt>
      <trkpt lat="44.58925648592412471771240234375" lon="-0.236919857561588287353515625">
        <ele>38.40000152587890625</ele>
        <time>2025-09-01T13:54:25.000Z</time>
        <extensions>
          <ns3:TrackPointExtension>
            <ns3:atemp>24.0</ns3:atemp>
          </ns3:TrackPointExtension>
        </extensions>
      </trkpt>
      <trkpt lat="44.5892398059368133544921875" lon="-0.236922204494476318359375">
        <ele>38.59999847412109375</ele>
        <time>2025-09-01T13:54:26.000Z</time>
        <extensions>
          <ns3:TrackPointExtension>
            <ns3:atemp>24.0</ns3:atemp>
          </ns3:TrackPointExtension>
        </extensions>
      </trkpt>
      <trkpt lat="44.58922111429274082183837890625" lon="-0.2369217015802860260009765625">
        <ele>38.799999237060546875</ele>
        <time>2025-09-01T13:54:27.000Z</time>
        <extensions>
          <ns3:TrackPointExtension>
            <ns3:atemp>24.0</ns3:atemp>
          </ns3:TrackPointExtension>
        </extensions>
      </trkpt>
      <trkpt lat="44.589202590286731719970703125" lon="-0.236919857561588287353515625">
        <ele>39</ele>
        <time>2025-09-01T13:54:28.000Z</time>
        <extensions>
          <ns3:TrackPointExtension>
            <ns3:atemp>25.0</ns3:atemp>
          </ns3:TrackPointExtension>
        </extensions>
      </trkpt>
      <trkpt lat="44.5891876704990863800048828125" lon="-0.23691776208579540252685546875">
        <ele>39</ele>
        <time>2025-09-01T13:54:29.000Z</time>
        <extensions>
          <ns3:TrackPointExtension>
            <ns3:atemp>24.0</ns3:atemp>
          </ns3:TrackPointExtension>
        </extensions>
      </trkpt>
      <trkpt lat="44.58916864357888698577880859375" lon="-0.23691759444773197174072265625">
        <ele>39</ele>
        <time>2025-09-01T13:54:30.000Z</time>
        <extensions>
          <ns3:TrackPointExtension>
            <ns3:atemp>24.0</ns3:atemp>
          </ns3:TrackPointExtension>
        </extensions>
      </trkpt>
      <trkpt lat="44.58914902992546558380126953125" lon="-0.23691792972385883331298828125">
        <ele>38.799999237060546875</ele>
        <time>2025-09-01T13:54:31.000Z</time>
        <extensions>
          <ns3:TrackPointExtension>
            <ns3:atemp>24.0</ns3:atemp>
          </ns3:TrackPointExtension>
        </extensions>
      </trkpt>
      <trkpt lat="44.5891289971768856048583984375" lon="-0.23692480288445949554443359375">
        <ele>38.799999237060546875</ele>
        <time>2025-09-01T13:54:32.000Z</time>
        <extensions>
          <ns3:TrackPointExtension>
            <ns3:atemp>25.0</ns3:atemp>
          </ns3:TrackPointExtension>
        </extensions>
      </trkpt>
      <trkpt lat="44.5891048572957515716552734375" lon="-0.236929915845394134521484375">
        <ele>38.799999237060546875</ele>
        <time>2025-09-01T13:54:33.000Z</time>
        <extensions>
          <ns3:TrackPointExtension>
            <ns3:atemp>24.0</ns3:atemp>
          </ns3:TrackPointExtension>
        </extensions>
      </trkpt>
      <trkpt lat="44.58908331580460071563720703125" lon="-0.23693486116826534271240234375">
        <ele>39</ele>
        <time>2025-09-01T13:54:34.000Z</time>
        <extensions>
          <ns3:TrackPointExtension>
            <ns3:atemp>24.0</ns3:atemp>
          </ns3:TrackPointExtension>
        </extensions>
      </trkpt>
      <trkpt lat="44.58906319923698902130126953125" lon="-0.236943662166595458984375">
        <ele>39.200000762939453125</ele>
        <time>2025-09-01T13:54:35.000Z</time>
        <extensions>
          <ns3:TrackPointExtension>
            <ns3:atemp>24.0</ns3:atemp>
          </ns3:TrackPointExtension>
        </extensions>
      </trkpt>
      <trkpt lat="44.5890461839735507965087890625" lon="-0.23695506155490875244140625">
        <ele>39.40000152587890625</ele>
        <time>2025-09-01T13:54:36.000Z</time>
        <extensions>
          <ns3:TrackPointExtension>
            <ns3:atemp>24.0</ns3:atemp>
          </ns3:TrackPointExtension>
        </extensions>
      </trkpt>
      <trkpt lat="44.58902732469141483306884765625" lon="-0.23696847259998321533203125">
        <ele>39.59999847412109375</ele>
        <time>2025-09-01T13:54:37.000Z</time>
        <extensions>
          <ns3:TrackPointExtension>
            <ns3:atemp>25.0</ns3:atemp>
          </ns3:TrackPointExtension>
        </extensions>
      </trkpt>
      <trkpt lat="44.58900620229542255401611328125" lon="-0.23697744123637676239013671875">
        <ele>39.59999847412109375</ele>
        <time>2025-09-01T13:54:38.000Z</time>
        <extensions>
          <ns3:TrackPointExtension>
            <ns3:atemp>25.0</ns3:atemp>
          </ns3:TrackPointExtension>
        </extensions>
      </trkpt>
      <trkpt lat="44.58898700773715972900390625" lon="-0.23699034936726093292236328125">
        <ele>39.799999237060546875</ele>
        <time>2025-09-01T13:54:39.000Z</time>
        <extensions>
          <ns3:TrackPointExtension>
            <ns3:atemp>25.0</ns3:atemp>
          </ns3:TrackPointExtension>
        </extensions>
      </trkpt>
      <trkpt lat="44.58896680735051631927490234375" lon="-0.2370040118694305419921875">
        <ele>39.799999237060546875</ele>
        <time>2025-09-01T13:54:40.000Z</time>
        <extensions>
          <ns3:TrackPointExtension>
            <ns3:atemp>25.0</ns3:atemp>
          </ns3:TrackPointExtension>
        </extensions>
      </trkpt>
      <trkpt lat="44.58894635550677776336669921875" lon="-0.23701868019998073577880859375">
        <ele>39.799999237060546875</ele>
        <time>2025-09-01T13:54:41.000Z</time>
        <extensions>
          <ns3:TrackPointExtension>
            <ns3:atemp>25.0</ns3:atemp>
          </ns3:TrackPointExtension>
        </extensions>
      </trkpt>
      <trkpt lat="44.588926322758197784423828125" lon="-0.2370306663215160369873046875">
        <ele>39.799999237060546875</ele>
        <time>2025-09-01T13:54:42.000Z</time>
        <extensions>
          <ns3:TrackPointExtension>
            <ns3:atemp>25.0</ns3:atemp>
          </ns3:TrackPointExtension>
        </extensions>
      </trkpt>
      <trkpt lat="44.58890595473349094390869140625" lon="-0.2370430715382099151611328125">
        <ele>40</ele>
        <time>2025-09-01T13:54:43.000Z</time>
        <extensions>
          <ns3:TrackPointExtension>
            <ns3:atemp>25.0</ns3:atemp>
          </ns3:TrackPointExtension>
        </extensions>
      </trkpt>
      <trkpt lat="44.58888734690845012664794921875" lon="-0.23705706931650638580322265625">
        <ele>40</ele>
        <time>2025-09-01T13:54:44.000Z</time>
        <extensions>
          <ns3:TrackPointExtension>
            <ns3:atemp>25.0</ns3:atemp>
          </ns3:TrackPointExtension>
        </extensions>
      </trkpt>
      <trkpt lat="44.5888684876263141632080078125" lon="-0.237072408199310302734375">
        <ele>40.200000762939453125</ele>
        <time>2025-09-01T13:54:45.000Z</time>
        <extensions>
          <ns3:TrackPointExtension>
            <ns3:atemp>25.0</ns3:atemp>
          </ns3:TrackPointExtension>
        </extensions>
      </trkpt>
      <trkpt lat="44.58884828723967075347900390625" lon="-0.2370859868824481964111328125">
        <ele>40.200000762939453125</ele>
        <time>2025-09-01T13:54:46.000Z</time>
        <extensions>
          <ns3:TrackPointExtension>
            <ns3:atemp>25.0</ns3:atemp>
          </ns3:TrackPointExtension>
        </extensions>
      </trkpt>
      <trkpt lat="44.588826410472393035888671875" lon="-0.237100236117839813232421875">
        <ele>40.40000152587890625</ele>
        <time>2025-09-01T13:54:47.000Z</time>
        <extensions>
          <ns3:TrackPointExtension>
            <ns3:atemp>25.0</ns3:atemp>
          </ns3:TrackPointExtension>
        </extensions>
      </trkpt>
      <trkpt lat="44.58880386315286159515380859375" lon="-0.23711624555289745330810546875">
        <ele>40.40000152587890625</ele>
        <time>2025-09-01T13:54:48.000Z</time>
        <extensions>
          <ns3:TrackPointExtension>
            <ns3:atemp>25.0</ns3:atemp>
          </ns3:TrackPointExtension>
        </extensions>
      </trkpt>
      <trkpt lat="44.5887811481952667236328125" lon="-0.23713418282568454742431640625">
        <ele>40.59999847412109375</ele>
        <time>2025-09-01T13:54:49.000Z</time>
        <extensions>
          <ns3:TrackPointExtension>
            <ns3:atemp>25.0</ns3:atemp>
          </ns3:TrackPointExtension>
        </extensions>
      </trkpt>
      <trkpt lat="44.58875793032348155975341796875" lon="-0.23714658804237842559814453125">
        <ele>40.59999847412109375</ele>
        <time>2025-09-01T13:54:50.000Z</time>
        <extensions>
          <ns3:TrackPointExtension>
            <ns3:atemp>25.0</ns3:atemp>
          </ns3:TrackPointExtension>
        </extensions>
      </trkpt>
      <trkpt lat="44.588735215365886688232421875" lon="-0.23716184310615062713623046875">
        <ele>40.59999847412109375</ele>
        <time>2025-09-01T13:54:51.000Z</time>
        <extensions>
          <ns3:TrackPointExtension>
            <ns3:atemp>25.0</ns3:atemp>
          </ns3:TrackPointExtension>
        </extensions>
      </trkpt>
      <trkpt lat="44.58871082402765750885009765625" lon="-0.2371812053024768829345703125">
        <ele>40.59999847412109375</ele>
        <time>2025-09-01T13:54:52.000Z</time>
        <extensions>
          <ns3:TrackPointExtension>
            <ns3:atemp>25.0</ns3:atemp>
          </ns3:TrackPointExtension>
        </extensions>
      </trkpt>
      <trkpt lat="44.58868416957557201385498046875" lon="-0.2371983043849468231201171875">
        <ele>40.799999237060546875</ele>
        <time>2025-09-01T13:54:53.000Z</time>
        <extensions>
          <ns3:TrackPointExtension>
            <ns3:atemp>25.0</ns3:atemp>
          </ns3:TrackPointExtension>
        </extensions>
      </trkpt>
      <trkpt lat="44.58865868858993053436279296875" lon="-0.2372154034674167633056640625">
        <ele>40.799999237060546875</ele>
        <time>2025-09-01T13:54:54.000Z</time>
        <extensions>
          <ns3:TrackPointExtension>
            <ns3:atemp>25.0</ns3:atemp>
          </ns3:TrackPointExtension>
        </extensions>
      </trkpt>
      <trkpt lat="44.58863438107073307037353515625" lon="-0.23723241873085498809814453125">
        <ele>40.799999237060546875</ele>
        <time>2025-09-01T13:54:55.000Z</time>
        <extensions>
          <ns3:TrackPointExtension>
            <ns3:atemp>25.0</ns3:atemp>
          </ns3:TrackPointExtension>
        </extensions>
      </trkpt>
      <trkpt lat="44.5886069722473621368408203125" lon="-0.23724867962300777435302734375">
        <ele>40.799999237060546875</ele>
        <time>2025-09-01T13:54:56.000Z</time>
        <extensions>
          <ns3:TrackPointExtension>
            <ns3:atemp>25.0</ns3:atemp>
          </ns3:TrackPointExtension>
        </extensions>
      </trkpt>
      <trkpt lat="44.588578306138515472412109375" lon="-0.23726443760097026824951171875">
        <ele>41</ele>
        <time>2025-09-01T13:54:57.000Z</time>
        <extensions>
          <ns3:TrackPointExtension>
            <ns3:atemp>25.0</ns3:atemp>
          </ns3:TrackPointExtension>
        </extensions>
      </trkpt>
      <trkpt lat="44.58855257369577884674072265625" lon="-0.23727751336991786956787109375">
        <ele>41</ele>
        <time>2025-09-01T13:54:58.000Z</time>
        <extensions>
          <ns3:TrackPointExtension>
            <ns3:atemp>25.0</ns3:atemp>
          </ns3:TrackPointExtension>
        </extensions>
      </trkpt>
      <trkpt lat="44.58852742798626422882080078125" lon="-0.237286984920501708984375">
        <ele>41.200000762939453125</ele>
        <time>2025-09-01T13:54:59.000Z</time>
        <extensions>
          <ns3:TrackPointExtension>
            <ns3:atemp>25.0</ns3:atemp>
          </ns3:TrackPointExtension>
        </extensions>
      </trkpt>
      <trkpt lat="44.58850286900997161865234375" lon="-0.23730265907943248748779296875">
        <ele>41.200000762939453125</ele>
        <time>2025-09-01T13:55:00.000Z</time>
        <extensions>
          <ns3:TrackPointExtension>
            <ns3:atemp>25.0</ns3:atemp>
          </ns3:TrackPointExtension>
        </extensions>
      </trkpt>
      <trkpt lat="44.5884782262146472930908203125" lon="-0.2373169921338558197021484375">
        <ele>41.40000152587890625</ele>
        <time>2025-09-01T13:55:01.000Z</time>
        <extensions>
          <ns3:TrackPointExtension>
            <ns3:atemp>25.0</ns3:atemp>
          </ns3:TrackPointExtension>
        </extensions>
      </trkpt>
      <trkpt lat="44.5884530805051326751708984375" lon="-0.237333588302135467529296875">
        <ele>41.40000152587890625</ele>
        <time>2025-09-01T13:55:02.000Z</time>
        <extensions>
          <ns3:TrackPointExtension>
            <ns3:atemp>25.0</ns3:atemp>
          </ns3:TrackPointExtension>
        </extensions>
      </trkpt>
      <trkpt lat="44.58842483349144458770751953125" lon="-0.2373448200523853302001953125">
        <ele>41.59999847412109375</ele>
        <time>2025-09-01T13:55:03.000Z</time>
        <extensions>
          <ns3:TrackPointExtension>
            <ns3:atemp>25.0</ns3:atemp>
          </ns3:TrackPointExtension>
        </extensions>
      </trkpt>
      <trkpt lat="44.5883975923061370849609375" lon="-0.23736217059195041656494140625">
        <ele>41.59999847412109375</ele>
        <time>2025-09-01T13:55:04.000Z</time>
        <extensions>
          <ns3:TrackPointExtension>
            <ns3:atemp>25.0</ns3:atemp>
          </ns3:TrackPointExtension>
        </extensions>
      </trkpt>
      <trkpt lat="44.5883712731301784515380859375" lon="-0.23737641982734203338623046875">
        <ele>41.59999847412109375</ele>
        <time>2025-09-01T13:55:05.000Z</time>
        <extensions>
          <ns3:TrackPointExtension>
            <ns3:atemp>25.0</ns3:atemp>
          </ns3:TrackPointExtension>
        </extensions>
      </trkpt>
      <trkpt lat="44.58834319375455379486083984375" lon="-0.23738966323435306549072265625">
        <ele>41.59999847412109375</ele>
        <time>2025-09-01T13:55:06.000Z</time>
        <extensions>
          <ns3:TrackPointExtension>
            <ns3:atemp>25.0</ns3:atemp>
          </ns3:TrackPointExtension>
        </extensions>
      </trkpt>
      <trkpt lat="44.5883166231215000152587890625" lon="-0.237405337393283843994140625">
        <ele>41.59999847412109375</ele>
        <time>2025-09-01T13:55:07.000Z</time>
        <extensions>
          <ns3:TrackPointExtension>
            <ns3:atemp>25.0</ns3:atemp>
          </ns3:TrackPointExtension>
        </extensions>
      </trkpt>
      <trkpt lat="44.58829097449779510498046875" lon="-0.23742235265672206878662109375">
        <ele>41.59999847412109375</ele>
        <time>2025-09-01T13:55:08.000Z</time>
        <extensions>
          <ns3:TrackPointExtension>
            <ns3:atemp>25.0</ns3:atemp>
          </ns3:TrackPointExtension>
        </extensions>
      </trkpt>
      <trkpt lat="44.5882670022547245025634765625" lon="-0.23744054138660430908203125">
        <ele>41.59999847412109375</ele>
        <time>2025-09-01T13:55:09.000Z</time>
        <extensions>
          <ns3:TrackPointExtension>
            <ns3:atemp>25.0</ns3:atemp>
          </ns3:TrackPointExtension>
        </extensions>
      </trkpt>
      <trkpt lat="44.58824479021131992340087890625" lon="-0.23746007122099399566650390625">
        <ele>41.59999847412109375</ele>
        <time>2025-09-01T13:55:10.000Z</time>
        <extensions>
          <ns3:TrackPointExtension>
            <ns3:atemp>25.0</ns3:atemp>
          </ns3:TrackPointExtension>
        </extensions>
      </trkpt>
      <trkpt lat="44.5882190577685832977294921875" lon="-0.23747381754219532012939453125">
        <ele>41.59999847412109375</ele>
        <time>2025-09-01T13:55:11.000Z</time>
        <extensions>
          <ns3:TrackPointExtension>
            <ns3:atemp>25.0</ns3:atemp>
          </ns3:TrackPointExtension>
        </extensions>
      </trkpt>
      <trkpt lat="44.58819081075489521026611328125" lon="-0.23748748004436492919921875">
        <ele>41.59999847412109375</ele>
        <time>2025-09-01T13:55:12.000Z</time>
        <extensions>
          <ns3:TrackPointExtension>
            <ns3:atemp>25.0</ns3:atemp>
          </ns3:TrackPointExtension>
        </extensions>
      </trkpt>
      <trkpt lat="44.58816264756023883819580078125" lon="-0.23749980144202709197998046875">
        <ele>41.59999847412109375</ele>
        <time>2025-09-01T13:55:13.000Z</time>
        <extensions>
          <ns3:TrackPointExtension>
            <ns3:atemp>25.0</ns3:atemp>
          </ns3:TrackPointExtension>
        </extensions>
      </trkpt>
      <trkpt lat="44.5881374180316925048828125" lon="-0.237518660724163055419921875">
        <ele>41.59999847412109375</ele>
        <time>2025-09-01T13:55:14.000Z</time>
        <extensions>
          <ns3:TrackPointExtension>
            <ns3:atemp>25.0</ns3:atemp>
          </ns3:TrackPointExtension>
        </extensions>
      </trkpt>
      <trkpt lat="44.58811336196959018707275390625" lon="-0.23754271678626537322998046875">
        <ele>41.59999847412109375</ele>
        <time>2025-09-01T13:55:15.000Z</time>
        <extensions>
          <ns3:TrackPointExtension>
            <ns3:atemp>25.0</ns3:atemp>
          </ns3:TrackPointExtension>
        </extensions>
      </trkpt>
      <trkpt lat="44.588085450232028961181640625" lon="-0.237566269934177398681640625">
        <ele>41.59999847412109375</ele>
        <time>2025-09-01T13:55:16.000Z</time>
        <extensions>
          <ns3:TrackPointExtension>
            <ns3:atemp>25.0</ns3:atemp>
          </ns3:TrackPointExtension>
        </extensions>
      </trkpt>
      <trkpt lat="44.5880561135709285736083984375" lon="-0.23759074509143829345703125">
        <ele>41.40000152587890625</ele>
        <time>2025-09-01T13:55:17.000Z</time>
        <extensions>
          <ns3:TrackPointExtension>
            <ns3:atemp>25.0</ns3:atemp>
          </ns3:TrackPointExtension>
        </extensions>
      </trkpt>
      <trkpt lat="44.58802920766174793243408203125" lon="-0.23762016557157039642333984375">
        <ele>41.40000152587890625</ele>
        <time>2025-09-01T13:55:18.000Z</time>
        <extensions>
          <ns3:TrackPointExtension>
            <ns3:atemp>25.0</ns3:atemp>
          </ns3:TrackPointExtension>
        </extensions>
      </trkpt>
      <trkpt lat="44.587999619543552398681640625" lon="-0.23765168152749538421630859375">
        <ele>41.40000152587890625</ele>
        <time>2025-09-01T13:55:19.000Z</time>
        <extensions>
          <ns3:TrackPointExtension>
            <ns3:atemp>25.0</ns3:atemp>
          </ns3:TrackPointExtension>
        </extensions>
      </trkpt>
      <trkpt lat="44.58797036670148372650146484375" lon="-0.23768688552081584930419921875">
        <ele>41.40000152587890625</ele>
        <time>2025-09-01T13:55:20.000Z</time>
        <extensions>
          <ns3:TrackPointExtension>
            <ns3:atemp>25.0</ns3:atemp>
          </ns3:TrackPointExtension>
        </extensions>
      </trkpt>
      <trkpt lat="44.58793834783136844635009765625" lon="-0.23772460408508777618408203125">
        <ele>41.40000152587890625</ele>
        <time>2025-09-01T13:55:21.000Z</time>
        <extensions>
          <ns3:TrackPointExtension>
            <ns3:atemp>25.0</ns3:atemp>
          </ns3:TrackPointExtension>
        </extensions>
      </trkpt>
      <trkpt lat="44.5879067480564117431640625" lon="-0.23775896988809108734130859375">
        <ele>41.40000152587890625</ele>
        <time>2025-09-01T13:55:22.000Z</time>
        <extensions>
          <ns3:TrackPointExtension>
            <ns3:atemp>25.0</ns3:atemp>
          </ns3:TrackPointExtension>
        </extensions>
      </trkpt>
      <trkpt lat="44.5878747291862964630126953125" lon="-0.2377961017191410064697265625">
        <ele>41.40000152587890625</ele>
        <time>2025-09-01T13:55:23.000Z</time>
        <extensions>
          <ns3:TrackPointExtension>
            <ns3:atemp>25.0</ns3:atemp>
          </ns3:TrackPointExtension>
        </extensions>
      </trkpt>
      <trkpt lat="44.58784145303070545196533203125" lon="-0.23783356882631778717041015625">
        <ele>41.40000152587890625</ele>
        <time>2025-09-01T13:55:24.000Z</time>
        <extensions>
          <ns3:TrackPointExtension>
            <ns3:atemp>25.0</ns3:atemp>
          </ns3:TrackPointExtension>
        </extensions>
      </trkpt>
      <trkpt lat="44.587806500494480133056640625" lon="-0.2378695271909236907958984375">
        <ele>41.200000762939453125</ele>
        <time>2025-09-01T13:55:25.000Z</time>
        <extensions>
          <ns3:TrackPointExtension>
            <ns3:atemp>25.0</ns3:atemp>
          </ns3:TrackPointExtension>
        </extensions>
      </trkpt>
      <trkpt lat="44.58777054212987422943115234375" lon="-0.237906910479068756103515625">
        <ele>41.200000762939453125</ele>
        <time>2025-09-01T13:55:26.000Z</time>
        <extensions>
          <ns3:TrackPointExtension>
            <ns3:atemp>25.0</ns3:atemp>
          </ns3:TrackPointExtension>
        </extensions>
      </trkpt>
      <trkpt lat="44.58773148246109485626220703125" lon="-0.2379454672336578369140625">
        <ele>41.200000762939453125</ele>
        <time>2025-09-01T13:55:27.000Z</time>
        <extensions>
          <ns3:TrackPointExtension>
            <ns3:atemp>25.0</ns3:atemp>
          </ns3:TrackPointExtension>
        </extensions>
      </trkpt>
      <trkpt lat="44.58769527263939380645751953125" lon="-0.23798637092113494873046875">
        <ele>41.200000762939453125</ele>
        <time>2025-09-01T13:55:28.000Z</time>
        <extensions>
          <ns3:TrackPointExtension>
            <ns3:atemp>25.0</ns3:atemp>
          </ns3:TrackPointExtension>
        </extensions>
      </trkpt>
      <trkpt lat="44.5876573026180267333984375" lon="-0.238027609884738922119140625">
        <ele>41</ele>
        <time>2025-09-01T13:55:29.000Z</time>
        <extensions>
          <ns3:TrackPointExtension>
            <ns3:atemp>25.0</ns3:atemp>
          </ns3:TrackPointExtension>
        </extensions>
      </trkpt>
      <trkpt lat="44.587616734206676483154296875" lon="-0.23807245306670665740966796875">
        <ele>41</ele>
        <time>2025-09-01T13:55:30.000Z</time>
        <extensions>
          <ns3:TrackPointExtension>
            <ns3:atemp>25.0</ns3:atemp>
          </ns3:TrackPointExtension>
        </extensions>
      </trkpt>
      <trkpt lat="44.5875753276050090789794921875" lon="-0.23811385966837406158447265625">
        <ele>41</ele>
        <time>2025-09-01T13:55:31.000Z</time>
        <extensions>
          <ns3:TrackPointExtension>
            <ns3:atemp>25.0</ns3:atemp>
          </ns3:TrackPointExtension>
        </extensions>
      </trkpt>
      <trkpt lat="44.5875347591936588287353515625" lon="-0.23815208114683628082275390625">
        <ele>41</ele>
        <time>2025-09-01T13:55:32.000Z</time>
        <extensions>
          <ns3:TrackPointExtension>
            <ns3:atemp>25.0</ns3:atemp>
          </ns3:TrackPointExtension>
        </extensions>
      </trkpt>
      <trkpt lat="44.5874936878681182861328125" lon="-0.2381893806159496307373046875">
        <ele>41.200000762939453125</ele>
        <time>2025-09-01T13:55:33.000Z</time>
        <extensions>
          <ns3:TrackPointExtension>
            <ns3:atemp>25.0</ns3:atemp>
          </ns3:TrackPointExtension>
        </extensions>
      </trkpt>
      <trkpt lat="44.58745337091386318206787109375" lon="-0.23822030983865261077880859375">
        <ele>41.200000762939453125</ele>
        <time>2025-09-01T13:55:34.000Z</time>
        <extensions>
          <ns3:TrackPointExtension>
            <ns3:atemp>25.0</ns3:atemp>
          </ns3:TrackPointExtension>
        </extensions>
      </trkpt>
      <trkpt lat="44.587414227426052093505859375" lon="-0.23824763484299182891845703125">
        <ele>41.40000152587890625</ele>
        <time>2025-09-01T13:55:35.000Z</time>
        <extensions>
          <ns3:TrackPointExtension>
            <ns3:atemp>25.0</ns3:atemp>
          </ns3:TrackPointExtension>
        </extensions>
      </trkpt>
      <trkpt lat="44.58737575449049472808837890625" lon="-0.23826934397220611572265625">
        <ele>41.59999847412109375</ele>
        <time>2025-09-01T13:55:36.000Z</time>
        <extensions>
          <ns3:TrackPointExtension>
            <ns3:atemp>25.0</ns3:atemp>
          </ns3:TrackPointExtension>
        </extensions>
      </trkpt>
      <trkpt lat="44.58733602426946163177490234375" lon="-0.2382902987301349639892578125">
        <ele>41.799999237060546875</ele>
        <time>2025-09-01T13:55:37.000Z</time>
        <extensions>
          <ns3:TrackPointExtension>
            <ns3:atemp>25.0</ns3:atemp>
          </ns3:TrackPointExtension>
        </extensions>
      </trkpt>
      <trkpt lat="44.587296880781650543212890625" lon="-0.238303206861019134521484375">
        <ele>42</ele>
        <time>2025-09-01T13:55:38.000Z</time>
        <extensions>
          <ns3:TrackPointExtension>
            <ns3:atemp>25.0</ns3:atemp>
          </ns3:TrackPointExtension>
        </extensions>
      </trkpt>
      <trkpt lat="44.58725572563707828521728515625" lon="-0.2383134327828884124755859375">
        <ele>42</ele>
        <time>2025-09-01T13:55:39.000Z</time>
        <extensions>
          <ns3:TrackPointExtension>
            <ns3:atemp>25.0</ns3:atemp>
          </ns3:TrackPointExtension>
        </extensions>
      </trkpt>
      <trkpt lat="44.58721498958766460418701171875" lon="-0.2383241616189479827880859375">
        <ele>41.799999237060546875</ele>
        <time>2025-09-01T13:55:40.000Z</time>
        <extensions>
          <ns3:TrackPointExtension>
            <ns3:atemp>25.0</ns3:atemp>
          </ns3:TrackPointExtension>
        </extensions>
      </trkpt>
      <trkpt lat="44.5871760137379169464111328125" lon="-0.2383362315595149993896484375">
        <ele>41.799999237060546875</ele>
        <time>2025-09-01T13:55:41.000Z</time>
        <extensions>
          <ns3:TrackPointExtension>
            <ns3:atemp>25.0</ns3:atemp>
          </ns3:TrackPointExtension>
        </extensions>
      </trkpt>
      <trkpt lat="44.5871351100504398345947265625" lon="-0.23834922350943088531494140625">
        <ele>41.40000152587890625</ele>
        <time>2025-09-01T13:55:42.000Z</time>
        <extensions>
          <ns3:TrackPointExtension>
            <ns3:atemp>25.0</ns3:atemp>
          </ns3:TrackPointExtension>
        </extensions>
      </trkpt>
      <trkpt lat="44.58709395490586757659912109375" lon="-0.23835743777453899383544921875">
        <ele>41.200000762939453125</ele>
        <time>2025-09-01T13:55:43.000Z</time>
        <extensions>
          <ns3:TrackPointExtension>
            <ns3:atemp>25.0</ns3:atemp>
          </ns3:TrackPointExtension>
        </extensions>
      </trkpt>
      <trkpt lat="44.58705506287515163421630859375" lon="-0.23836246691644191741943359375">
        <ele>41</ele>
        <time>2025-09-01T13:55:44.000Z</time>
        <extensions>
          <ns3:TrackPointExtension>
            <ns3:atemp>25.0</ns3:atemp>
          </ns3:TrackPointExtension>
        </extensions>
      </trkpt>
      <trkpt lat="44.5870177634060382843017578125" lon="-0.2383667416870594024658203125">
        <ele>41</ele>
        <time>2025-09-01T13:55:45.000Z</time>
        <extensions>
          <ns3:TrackPointExtension>
            <ns3:atemp>25.0</ns3:atemp>
          </ns3:TrackPointExtension>
        </extensions>
      </trkpt>
      <trkpt lat="44.58698264323174953460693359375" lon="-0.2383714355528354644775390625">
        <ele>40.799999237060546875</ele>
        <time>2025-09-01T13:55:46.000Z</time>
        <extensions>
          <ns3:TrackPointExtension>
            <ns3:atemp>25.0</ns3:atemp>
          </ns3:TrackPointExtension>
        </extensions>
      </trkpt>
      <trkpt lat="44.58694660104811191558837890625" lon="-0.23837671615183353424072265625">
        <ele>40.799999237060546875</ele>
        <time>2025-09-01T13:55:47.000Z</time>
        <extensions>
          <ns3:TrackPointExtension>
            <ns3:atemp>25.0</ns3:atemp>
          </ns3:TrackPointExtension>
        </extensions>
      </trkpt>
      <trkpt lat="44.586911313235759735107421875" lon="-0.2383804880082607269287109375">
        <ele>40.799999237060546875</ele>
        <time>2025-09-01T13:55:48.000Z</time>
        <extensions>
          <ns3:TrackPointExtension>
            <ns3:atemp>25.0</ns3:atemp>
          </ns3:TrackPointExtension>
        </extensions>
      </trkpt>
      <trkpt lat="44.5868732593953609466552734375" lon="-0.23838065564632415771484375">
        <ele>40.799999237060546875</ele>
        <time>2025-09-01T13:55:49.000Z</time>
        <extensions>
          <ns3:TrackPointExtension>
            <ns3:atemp>25.0</ns3:atemp>
          </ns3:TrackPointExtension>
        </extensions>
      </trkpt>
      <trkpt lat="44.58683629520237445831298828125" lon="-0.23838476277887821197509765625">
        <ele>40.799999237060546875</ele>
        <time>2025-09-01T13:55:50.000Z</time>
        <extensions>
          <ns3:TrackPointExtension>
            <ns3:atemp>25.0</ns3:atemp>
          </ns3:TrackPointExtension>
        </extensions>
      </trkpt>
      <trkpt lat="44.5868008397519588470458984375" lon="-0.238393060863018035888671875">
        <ele>40.799999237060546875</ele>
        <time>2025-09-01T13:55:51.000Z</time>
        <extensions>
          <ns3:TrackPointExtension>
            <ns3:atemp>25.0</ns3:atemp>
          </ns3:TrackPointExtension>
        </extensions>
      </trkpt>
      <trkpt lat="44.586764462292194366455078125" lon="-0.2383995987474918365478515625">
        <ele>40.799999237060546875</ele>
        <time>2025-09-01T13:55:52.000Z</time>
        <extensions>
          <ns3:TrackPointExtension>
            <ns3:atemp>25.0</ns3:atemp>
          </ns3:TrackPointExtension>
        </extensions>
      </trkpt>
      <trkpt lat="44.58672883920371532440185546875" lon="-0.23840420879423618316650390625">
        <ele>40.799999237060546875</ele>
        <time>2025-09-01T13:55:53.000Z</time>
        <extensions>
          <ns3:TrackPointExtension>
            <ns3:atemp>25.0</ns3:atemp>
          </ns3:TrackPointExtension>
        </extensions>
      </trkpt>
      <trkpt lat="44.586693383753299713134765625" lon="-0.23841208778321743011474609375">
        <ele>40.799999237060546875</ele>
        <time>2025-09-01T13:55:54.000Z</time>
        <extensions>
          <ns3:TrackPointExtension>
            <ns3:atemp>25.0</ns3:atemp>
          </ns3:TrackPointExtension>
        </extensions>
      </trkpt>
      <trkpt lat="44.586657173931598663330078125" lon="-0.2384163625538349151611328125">
        <ele>40.799999237060546875</ele>
        <time>2025-09-01T13:55:55.000Z</time>
        <extensions>
          <ns3:TrackPointExtension>
            <ns3:atemp>25.0</ns3:atemp>
          </ns3:TrackPointExtension>
        </extensions>
      </trkpt>
      <trkpt lat="44.586620628833770751953125" lon="-0.23842147551476955413818359375">
        <ele>40.59999847412109375</ele>
        <time>2025-09-01T13:55:56.000Z</time>
        <extensions>
          <ns3:TrackPointExtension>
            <ns3:atemp>25.0</ns3:atemp>
          </ns3:TrackPointExtension>
        </extensions>
      </trkpt>
      <trkpt lat="44.58658467046916484832763671875" lon="-0.2384247444570064544677734375">
        <ele>40.59999847412109375</ele>
        <time>2025-09-01T13:55:57.000Z</time>
        <extensions>
          <ns3:TrackPointExtension>
            <ns3:atemp>25.0</ns3:atemp>
          </ns3:TrackPointExtension>
        </extensions>
      </trkpt>
      <trkpt lat="44.5865500532090663909912109375" lon="-0.2384280972182750701904296875">
        <ele>40.799999237060546875</ele>
        <time>2025-09-01T13:55:58.000Z</time>
        <extensions>
          <ns3:TrackPointExtension>
            <ns3:atemp>25.0</ns3:atemp>
          </ns3:TrackPointExtension>
        </extensions>
      </trkpt>
      <trkpt lat="44.58651644177734851837158203125" lon="-0.23842918686568737030029296875">
        <ele>40.799999237060546875</ele>
        <time>2025-09-01T13:55:59.000Z</time>
        <extensions>
          <ns3:TrackPointExtension>
            <ns3:atemp>25.0</ns3:atemp>
          </ns3:TrackPointExtension>
        </extensions>
      </trkpt>
      <trkpt lat="44.5864826627075672149658203125" lon="-0.23843321017920970916748046875">
        <ele>41</ele>
        <time>2025-09-01T13:56:00.000Z</time>
        <extensions>
          <ns3:TrackPointExtension>
            <ns3:atemp>25.0</ns3:atemp>
          </ns3:TrackPointExtension>
        </extensions>
      </trkpt>
      <trkpt lat="44.58644905127584934234619140625" lon="-0.2384371496737003326416015625">
        <ele>41</ele>
        <time>2025-09-01T13:56:01.000Z</time>
        <extensions>
          <ns3:TrackPointExtension>
            <ns3:atemp>25.0</ns3:atemp>
          </ns3:TrackPointExtension>
        </extensions>
      </trkpt>
      <trkpt lat="44.58641686476767063140869140625" lon="-0.2384425140917301177978515625">
        <ele>41</ele>
        <time>2025-09-01T13:56:02.000Z</time>
        <extensions>
          <ns3:TrackPointExtension>
            <ns3:atemp>25.0</ns3:atemp>
          </ns3:TrackPointExtension>
        </extensions>
      </trkpt>
      <trkpt lat="44.58638367243111133575439453125" lon="-0.23844578303396701812744140625">
        <ele>41</ele>
        <time>2025-09-01T13:56:03.000Z</time>
        <extensions>
          <ns3:TrackPointExtension>
            <ns3:atemp>25.0</ns3:atemp>
          </ns3:TrackPointExtension>
        </extensions>
      </trkpt>
      <trkpt lat="44.5863529108464717864990234375" lon="-0.238448716700077056884765625">
        <ele>41</ele>
        <time>2025-09-01T13:56:04.000Z</time>
        <extensions>
          <ns3:TrackPointExtension>
            <ns3:atemp>25.0</ns3:atemp>
          </ns3:TrackPointExtension>
        </extensions>
      </trkpt>
      <trkpt lat="44.586321897804737091064453125" lon="-0.23845399729907512664794921875">
        <ele>41</ele>
        <time>2025-09-01T13:56:05.000Z</time>
        <extensions>
          <ns3:TrackPointExtension>
            <ns3:atemp>25.0</ns3:atemp>
          </ns3:TrackPointExtension>
        </extensions>
      </trkpt>
      <trkpt lat="44.5862935669720172882080078125" lon="-0.23845852352678775787353515625">
        <ele>41</ele>
        <time>2025-09-01T13:56:06.000Z</time>
        <extensions>
          <ns3:TrackPointExtension>
            <ns3:atemp>25.0</ns3:atemp>
          </ns3:TrackPointExtension>
        </extensions>
      </trkpt>
      <trkpt lat="44.586264230310916900634765625" lon="-0.238460786640644073486328125">
        <ele>41</ele>
        <time>2025-09-01T13:56:07.000Z</time>
        <extensions>
          <ns3:TrackPointExtension>
            <ns3:atemp>25.0</ns3:atemp>
          </ns3:TrackPointExtension>
        </extensions>
      </trkpt>
      <trkpt lat="44.58623698912560939788818359375" lon="-0.2384656481444835662841796875">
        <ele>41.200000762939453125</ele>
        <time>2025-09-01T13:56:08.000Z</time>
        <extensions>
          <ns3:TrackPointExtension>
            <ns3:atemp>25.0</ns3:atemp>
          </ns3:TrackPointExtension>
        </extensions>
      </trkpt>
      <trkpt lat="44.58620849065482616424560546875" lon="-0.23847059346735477447509765625">
        <ele>41.40000152587890625</ele>
        <time>2025-09-01T13:56:09.000Z</time>
        <extensions>
          <ns3:TrackPointExtension>
            <ns3:atemp>25.0</ns3:atemp>
          </ns3:TrackPointExtension>
        </extensions>
      </trkpt>
      <trkpt lat="44.58617898635566234588623046875" lon="-0.2384747005999088287353515625">
        <ele>41.59999847412109375</ele>
        <time>2025-09-01T13:56:10.000Z</time>
        <extensions>
          <ns3:TrackPointExtension>
            <ns3:atemp>25.0</ns3:atemp>
          </ns3:TrackPointExtension>
        </extensions>
      </trkpt>
      <trkpt lat="44.58615266717970371246337890625" lon="-0.23848031647503376007080078125">
        <ele>41.59999847412109375</ele>
        <time>2025-09-01T13:56:11.000Z</time>
        <extensions>
          <ns3:TrackPointExtension>
            <ns3:atemp>25.0</ns3:atemp>
          </ns3:TrackPointExtension>
        </extensions>
      </trkpt>
      <trkpt lat="44.586125425994396209716796875" lon="-0.2384792268276214599609375">
        <ele>41.799999237060546875</ele>
        <time>2025-09-01T13:56:12.000Z</time>
        <extensions>
          <ns3:TrackPointExtension>
            <ns3:atemp>25.0</ns3:atemp>
          </ns3:TrackPointExtension>
        </extensions>
      </trkpt>
      <trkpt lat="44.5860989391803741455078125" lon="-0.23848031647503376007080078125">
        <ele>42</ele>
        <time>2025-09-01T13:56:13.000Z</time>
        <extensions>
          <ns3:TrackPointExtension>
            <ns3:atemp>25.0</ns3:atemp>
          </ns3:TrackPointExtension>
        </extensions>
      </trkpt>
      <trkpt lat="44.586070440709590911865234375" lon="-0.23848400451242923736572265625">
        <ele>42</ele>
        <time>2025-09-01T13:56:14.000Z</time>
        <extensions>
          <ns3:TrackPointExtension>
            <ns3:atemp>25.0</ns3:atemp>
          </ns3:TrackPointExtension>
        </extensions>
      </trkpt>
      <trkpt lat="44.5860407687723636627197265625" lon="-0.2384837530553340911865234375">
        <ele>42.200000762939453125</ele>
        <time>2025-09-01T13:56:15.000Z</time>
        <extensions>
          <ns3:TrackPointExtension>
            <ns3:atemp>25.0</ns3:atemp>
          </ns3:TrackPointExtension>
        </extensions>
      </trkpt>
      <trkpt lat="44.58601084537804126739501953125" lon="-0.23848568089306354522705078125">
        <ele>42.200000762939453125</ele>
        <time>2025-09-01T13:56:16.000Z</time>
        <extensions>
          <ns3:TrackPointExtension>
            <ns3:atemp>25.0</ns3:atemp>
          </ns3:TrackPointExtension>
        </extensions>
      </trkpt>
      <trkpt lat="44.58598234690725803375244140625" lon="-0.2384899556636810302734375">
        <ele>42.200000762939453125</ele>
        <time>2025-09-01T13:56:17.000Z</time>
        <extensions>
          <ns3:TrackPointExtension>
            <ns3:atemp>25.0</ns3:atemp>
          </ns3:TrackPointExtension>
        </extensions>
      </trkpt>
      <trkpt lat="44.585953764617443084716796875" lon="-0.23849188350141048431396484375">
        <ele>42.200000762939453125</ele>
        <time>2025-09-01T13:56:18.000Z</time>
        <extensions>
          <ns3:TrackPointExtension>
            <ns3:atemp>25.0</ns3:atemp>
          </ns3:TrackPointExtension>
        </extensions>
      </trkpt>
      <trkpt lat="44.5859277807176113128662109375" lon="-0.238495655357837677001953125">
        <ele>42.200000762939453125</ele>
        <time>2025-09-01T13:56:19.000Z</time>
        <extensions>
          <ns3:TrackPointExtension>
            <ns3:atemp>25.0</ns3:atemp>
          </ns3:TrackPointExtension>
        </extensions>
      </trkpt>
      <trkpt lat="44.58590355701744556427001953125" lon="-0.23850076831877231597900390625">
        <ele>42.200000762939453125</ele>
        <time>2025-09-01T13:56:20.000Z</time>
        <extensions>
          <ns3:TrackPointExtension>
            <ns3:atemp>25.0</ns3:atemp>
          </ns3:TrackPointExtension>
        </extensions>
      </trkpt>
      <trkpt lat="44.58587707020342350006103515625" lon="-0.2385055460035800933837890625">
        <ele>42</ele>
        <time>2025-09-01T13:56:21.000Z</time>
        <extensions>
          <ns3:TrackPointExtension>
            <ns3:atemp>25.0</ns3:atemp>
          </ns3:TrackPointExtension>
        </extensions>
      </trkpt>
      <trkpt lat="44.5858521759510040283203125" lon="-0.2385122515261173248291015625">
        <ele>42</ele>
        <time>2025-09-01T13:56:22.000Z</time>
        <extensions>
          <ns3:TrackPointExtension>
            <ns3:atemp>25.0</ns3:atemp>
          </ns3:TrackPointExtension>
        </extensions>
      </trkpt>
      <trkpt lat="44.5858258567750453948974609375" lon="-0.2385140955448150634765625">
        <ele>42</ele>
        <time>2025-09-01T13:56:23.000Z</time>
        <extensions>
          <ns3:TrackPointExtension>
            <ns3:atemp>25.0</ns3:atemp>
          </ns3:TrackPointExtension>
        </extensions>
      </trkpt>
      <trkpt lat="44.5857973583042621612548828125" lon="-0.238515771925449371337890625">
        <ele>42</ele>
        <time>2025-09-01T13:56:24.000Z</time>
        <extensions>
          <ns3:TrackPointExtension>
            <ns3:atemp>25.0</ns3:atemp>
          </ns3:TrackPointExtension>
        </extensions>
      </trkpt>
      <trkpt lat="44.58576961420476436614990234375" lon="-0.23851837031543254852294921875">
        <ele>42</ele>
        <time>2025-09-01T13:56:25.000Z</time>
        <extensions>
          <ns3:TrackPointExtension>
            <ns3:atemp>25.0</ns3:atemp>
          </ns3:TrackPointExtension>
        </extensions>
      </trkpt>
      <trkpt lat="44.58574228920042514801025390625" lon="-0.238520801067352294921875">
        <ele>42</ele>
        <time>2025-09-01T13:56:26.000Z</time>
        <extensions>
          <ns3:TrackPointExtension>
            <ns3:atemp>25.0</ns3:atemp>
          </ns3:TrackPointExtension>
        </extensions>
      </trkpt>
      <trkpt lat="44.5857142098248004913330078125" lon="-0.23852373473346233367919921875">
        <ele>42</ele>
        <time>2025-09-01T13:56:27.000Z</time>
        <extensions>
          <ns3:TrackPointExtension>
            <ns3:atemp>25.0</ns3:atemp>
          </ns3:TrackPointExtension>
        </extensions>
      </trkpt>
      <trkpt lat="44.5856873877346515655517578125" lon="-0.23852457292377948760986328125">
        <ele>42</ele>
        <time>2025-09-01T13:56:28.000Z</time>
        <extensions>
          <ns3:TrackPointExtension>
            <ns3:atemp>25.0</ns3:atemp>
          </ns3:TrackPointExtension>
        </extensions>
      </trkpt>
      <trkpt lat="44.5856605656445026397705078125" lon="-0.23852624930441379547119140625">
        <ele>42</ele>
        <time>2025-09-01T13:56:29.000Z</time>
        <extensions>
          <ns3:TrackPointExtension>
            <ns3:atemp>25.0</ns3:atemp>
          </ns3:TrackPointExtension>
        </extensions>
      </trkpt>
      <trkpt lat="44.58563365973532199859619140625" lon="-0.23853027261793613433837890625">
        <ele>42</ele>
        <time>2025-09-01T13:56:30.000Z</time>
        <extensions>
          <ns3:TrackPointExtension>
            <ns3:atemp>25.0</ns3:atemp>
          </ns3:TrackPointExtension>
        </extensions>
      </trkpt>
      <trkpt lat="44.58560734055936336517333984375" lon="-0.23853396065533161163330078125">
        <ele>42</ele>
        <time>2025-09-01T13:56:31.000Z</time>
        <extensions>
          <ns3:TrackPointExtension>
            <ns3:atemp>25.0</ns3:atemp>
          </ns3:TrackPointExtension>
        </extensions>
      </trkpt>
      <trkpt lat="44.58558219484984874725341796875" lon="-0.238536894321441650390625">
        <ele>42</ele>
        <time>2025-09-01T13:56:32.000Z</time>
        <extensions>
          <ns3:TrackPointExtension>
            <ns3:atemp>25.0</ns3:atemp>
          </ns3:TrackPointExtension>
        </extensions>
      </trkpt>
      <trkpt lat="44.5855576358735561370849609375" lon="-0.23854024708271026611328125">
        <ele>42</ele>
        <time>2025-09-01T13:56:33.000Z</time>
        <extensions>
          <ns3:TrackPointExtension>
            <ns3:atemp>25.0</ns3:atemp>
          </ns3:TrackPointExtension>
        </extensions>
      </trkpt>
      <trkpt lat="44.58553190343081951141357421875" lon="-0.2385410852730274200439453125">
        <ele>42</ele>
        <time>2025-09-01T13:56:34.000Z</time>
        <extensions>
          <ns3:TrackPointExtension>
            <ns3:atemp>25.0</ns3:atemp>
          </ns3:TrackPointExtension>
        </extensions>
      </trkpt>
      <trkpt lat="44.58550751209259033203125" lon="-0.23854695260524749755859375">
        <ele>42</ele>
        <time>2025-09-01T13:56:35.000Z</time>
        <extensions>
          <ns3:TrackPointExtension>
            <ns3:atemp>25.0</ns3:atemp>
          </ns3:TrackPointExtension>
        </extensions>
      </trkpt>
      <trkpt lat="44.58548362366855144500732421875" lon="-0.2385543286800384521484375">
        <ele>42</ele>
        <time>2025-09-01T13:56:36.000Z</time>
        <extensions>
          <ns3:TrackPointExtension>
            <ns3:atemp>25.0</ns3:atemp>
          </ns3:TrackPointExtension>
        </extensions>
      </trkpt>
      <trkpt lat="44.58546032197773456573486328125" lon="-0.23855893872678279876708984375">
        <ele>42</ele>
        <time>2025-09-01T13:56:37.000Z</time>
        <extensions>
          <ns3:TrackPointExtension>
            <ns3:atemp>25.0</ns3:atemp>
          </ns3:TrackPointExtension>
        </extensions>
      </trkpt>
      <trkpt lat="44.5854386128485202789306640625" lon="-0.23856346495449542999267578125">
        <ele>42</ele>
        <time>2025-09-01T13:56:38.000Z</time>
        <extensions>
          <ns3:TrackPointExtension>
            <ns3:atemp>25.0</ns3:atemp>
          </ns3:TrackPointExtension>
        </extensions>
      </trkpt>
      <trkpt lat="44.58541623316705226898193359375" lon="-0.23856648243963718414306640625">
        <ele>42.200000762939453125</ele>
        <time>2025-09-01T13:56:39.000Z</time>
        <extensions>
          <ns3:TrackPointExtension>
            <ns3:atemp>25.0</ns3:atemp>
          </ns3:TrackPointExtension>
        </extensions>
      </trkpt>
      <trkpt lat="44.585393853485584259033203125" lon="-0.23856815882027149200439453125">
        <ele>42.200000762939453125</ele>
        <time>2025-09-01T13:56:40.000Z</time>
        <extensions>
          <ns3:TrackPointExtension>
            <ns3:atemp>25.0</ns3:atemp>
          </ns3:TrackPointExtension>
        </extensions>
      </trkpt>
      <trkpt lat="44.58537264727056026458740234375" lon="-0.23857134394347667694091796875">
        <ele>42.40000152587890625</ele>
        <time>2025-09-01T13:56:41.000Z</time>
        <extensions>
          <ns3:TrackPointExtension>
            <ns3:atemp>25.0</ns3:atemp>
          </ns3:TrackPointExtension>
        </extensions>
      </trkpt>
      <trkpt lat="44.58535202778875827789306640625" lon="-0.23857436142861843109130859375">
        <ele>42.40000152587890625</ele>
        <time>2025-09-01T13:56:42.000Z</time>
        <extensions>
          <ns3:TrackPointExtension>
            <ns3:atemp>25.0</ns3:atemp>
          </ns3:TrackPointExtension>
        </extensions>
      </trkpt>
      <trkpt lat="44.5853309892117977142333984375" lon="-0.23857536725699901580810546875">
        <ele>42.40000152587890625</ele>
        <time>2025-09-01T13:56:43.000Z</time>
        <extensions>
          <ns3:TrackPointExtension>
            <ns3:atemp>25.0</ns3:atemp>
          </ns3:TrackPointExtension>
        </extensions>
      </trkpt>
      <trkpt lat="44.58531313575804233551025390625" lon="-0.23857553489506244659423828125">
        <ele>42.59999847412109375</ele>
        <time>2025-09-01T13:56:44.000Z</time>
        <extensions>
          <ns3:TrackPointExtension>
            <ns3:atemp>25.0</ns3:atemp>
          </ns3:TrackPointExtension>
        </extensions>
      </trkpt>
      <trkpt lat="44.58529628813266754150390625" lon="-0.23857670836150646209716796875">
        <ele>42.799999237060546875</ele>
        <time>2025-09-01T13:56:45.000Z</time>
        <extensions>
          <ns3:TrackPointExtension>
            <ns3:atemp>25.0</ns3:atemp>
          </ns3:TrackPointExtension>
        </extensions>
      </trkpt>
      <trkpt lat="44.58527826704084873199462890625" lon="-0.23857821710407733917236328125">
        <ele>42.799999237060546875</ele>
        <time>2025-09-01T13:56:46.000Z</time>
        <extensions>
          <ns3:TrackPointExtension>
            <ns3:atemp>25.0</ns3:atemp>
          </ns3:TrackPointExtension>
        </extensions>
      </trkpt>
      <trkpt lat="44.58525932393968105316162109375" lon="-0.23857821710407733917236328125">
        <ele>42.799999237060546875</ele>
        <time>2025-09-01T13:56:47.000Z</time>
        <extensions>
          <ns3:TrackPointExtension>
            <ns3:atemp>25.0</ns3:atemp>
          </ns3:TrackPointExtension>
        </extensions>
      </trkpt>
      <trkpt lat="44.58524071611464023590087890625" lon="-0.23857804946601390838623046875">
        <ele>42.799999237060546875</ele>
        <time>2025-09-01T13:56:48.000Z</time>
        <extensions>
          <ns3:TrackPointExtension>
            <ns3:atemp>25.0</ns3:atemp>
          </ns3:TrackPointExtension>
        </extensions>
      </trkpt>
      <trkpt lat="44.5852216891944408416748046875" lon="-0.23857939057052135467529296875">
        <ele>43</ele>
        <time>2025-09-01T13:56:49.000Z</time>
        <extensions>
          <ns3:TrackPointExtension>
            <ns3:atemp>25.0</ns3:atemp>
          </ns3:TrackPointExtension>
        </extensions>
      </trkpt>
      <trkpt lat="44.5852032490074634552001953125" lon="-0.23858274333178997039794921875">
        <ele>43</ele>
        <time>2025-09-01T13:56:50.000Z</time>
        <extensions>
          <ns3:TrackPointExtension>
            <ns3:atemp>25.0</ns3:atemp>
          </ns3:TrackPointExtension>
        </extensions>
      </trkpt>
      <trkpt lat="44.58518673665821552276611328125" lon="-0.2385870181024074554443359375">
        <ele>43</ele>
        <time>2025-09-01T13:56:51.000Z</time>
        <extensions>
          <ns3:TrackPointExtension>
            <ns3:atemp>25.0</ns3:atemp>
          </ns3:TrackPointExtension>
        </extensions>
      </trkpt>
      <trkpt lat="44.58516729064285755157470703125" lon="-0.238590203225612640380859375">
        <ele>43</ele>
        <time>2025-09-01T13:56:52.000Z</time>
        <extensions>
          <ns3:TrackPointExtension>
            <ns3:atemp>25.0</ns3:atemp>
          </ns3:TrackPointExtension>
        </extensions>
      </trkpt>
      <trkpt lat="44.585148431360721588134765625" lon="-0.238594897091388702392578125">
        <ele>43.200000762939453125</ele>
        <time>2025-09-01T13:56:53.000Z</time>
        <extensions>
          <ns3:TrackPointExtension>
            <ns3:atemp>25.0</ns3:atemp>
          </ns3:TrackPointExtension>
        </extensions>
      </trkpt>
      <trkpt lat="44.58513242192566394805908203125" lon="-0.238596908748149871826171875">
        <ele>43.200000762939453125</ele>
        <time>2025-09-01T13:56:54.000Z</time>
        <extensions>
          <ns3:TrackPointExtension>
            <ns3:atemp>25.0</ns3:atemp>
          </ns3:TrackPointExtension>
        </extensions>
      </trkpt>
      <trkpt lat="44.58511599339544773101806640625" lon="-0.23860051296651363372802734375">
        <ele>43.200000762939453125</ele>
        <time>2025-09-01T13:56:55.000Z</time>
        <extensions>
          <ns3:TrackPointExtension>
            <ns3:atemp>25.0</ns3:atemp>
          </ns3:TrackPointExtension>
        </extensions>
      </trkpt>
      <trkpt lat="44.58509822376072406768798828125" lon="-0.2386031113564968109130859375">
        <ele>43.40000152587890625</ele>
        <time>2025-09-01T13:56:56.000Z</time>
        <extensions>
          <ns3:TrackPointExtension>
            <ns3:atemp>25.0</ns3:atemp>
          </ns3:TrackPointExtension>
        </extensions>
      </trkpt>
      <trkpt lat="44.585080035030841827392578125" lon="-0.23860654793679714202880859375">
        <ele>43.40000152587890625</ele>
        <time>2025-09-01T13:56:57.000Z</time>
        <extensions>
          <ns3:TrackPointExtension>
            <ns3:atemp>25.0</ns3:atemp>
          </ns3:TrackPointExtension>
        </extensions>
      </trkpt>
      <trkpt lat="44.58506285212934017181396484375" lon="-0.23860805667936801910400390625">
        <ele>43.40000152587890625</ele>
        <time>2025-09-01T13:56:58.000Z</time>
        <extensions>
          <ns3:TrackPointExtension>
            <ns3:atemp>25.0</ns3:atemp>
          </ns3:TrackPointExtension>
        </extensions>
      </trkpt>
      <trkpt lat="44.585044495761394500732421875" lon="-0.23861057125031948089599609375">
        <ele>43.59999847412109375</ele>
        <time>2025-09-01T13:56:59.000Z</time>
        <extensions>
          <ns3:TrackPointExtension>
            <ns3:atemp>25.0</ns3:atemp>
          </ns3:TrackPointExtension>
        </extensions>
      </trkpt>
      <trkpt lat="44.58502546884119510650634765625" lon="-0.23861392401158809661865234375">
        <ele>43.799999237060546875</ele>
        <time>2025-09-01T13:57:00.000Z</time>
        <extensions>
          <ns3:TrackPointExtension>
            <ns3:atemp>25.0</ns3:atemp>
          </ns3:TrackPointExtension>
        </extensions>
      </trkpt>
      <trkpt lat="44.585008285939693450927734375" lon="-0.2386145107448101043701171875">
        <ele>43.799999237060546875</ele>
        <time>2025-09-01T13:57:01.000Z</time>
        <extensions>
          <ns3:TrackPointExtension>
            <ns3:atemp>25.0</ns3:atemp>
          </ns3:TrackPointExtension>
        </extensions>
      </trkpt>
      <trkpt lat="44.58499277941882610321044921875" lon="-0.2386133372783660888671875">
        <ele>44</ele>
        <time>2025-09-01T13:57:02.000Z</time>
        <extensions>
          <ns3:TrackPointExtension>
            <ns3:atemp>25.0</ns3:atemp>
          </ns3:TrackPointExtension>
        </extensions>
      </trkpt>
      <trkpt lat="44.5849766023457050323486328125" lon="-0.2386175282299518585205078125">
        <ele>44</ele>
        <time>2025-09-01T13:57:03.000Z</time>
        <extensions>
          <ns3:TrackPointExtension>
            <ns3:atemp>25.0</ns3:atemp>
          </ns3:TrackPointExtension>
        </extensions>
      </trkpt>
      <trkpt lat="44.58496126346290111541748046875" lon="-0.23861828260123729705810546875">
        <ele>44.200000762939453125</ele>
        <time>2025-09-01T13:57:04.000Z</time>
        <extensions>
          <ns3:TrackPointExtension>
            <ns3:atemp>25.0</ns3:atemp>
          </ns3:TrackPointExtension>
        </extensions>
      </trkpt>
      <trkpt lat="44.58494181744754314422607421875" lon="-0.23862062953412532806396484375">
        <ele>44.200000762939453125</ele>
        <time>2025-09-01T13:57:05.000Z</time>
        <extensions>
          <ns3:TrackPointExtension>
            <ns3:atemp>25.0</ns3:atemp>
          </ns3:TrackPointExtension>
        </extensions>
      </trkpt>
      <trkpt lat="44.584921784698963165283203125" lon="-0.238622389733791351318359375">
        <ele>44.40000152587890625</ele>
        <time>2025-09-01T13:57:06.000Z</time>
        <extensions>
          <ns3:TrackPointExtension>
            <ns3:atemp>25.0</ns3:atemp>
          </ns3:TrackPointExtension>
        </extensions>
      </trkpt>
      <trkpt lat="44.584903679788112640380859375" lon="-0.23862540721893310546875">
        <ele>44.40000152587890625</ele>
        <time>2025-09-01T13:57:07.000Z</time>
        <extensions>
          <ns3:TrackPointExtension>
            <ns3:atemp>25.0</ns3:atemp>
          </ns3:TrackPointExtension>
        </extensions>
      </trkpt>
      <trkpt lat="44.584882557392120361328125" lon="-0.23862901143729686737060546875">
        <ele>44.59999847412109375</ele>
        <time>2025-09-01T13:57:08.000Z</time>
        <extensions>
          <ns3:TrackPointExtension>
            <ns3:atemp>25.0</ns3:atemp>
          </ns3:TrackPointExtension>
        </extensions>
      </trkpt>
      <trkpt lat="44.58486118353903293609619140625" lon="-0.2386312745511531829833984375">
        <ele>44.59999847412109375</ele>
        <time>2025-09-01T13:57:09.000Z</time>
        <extensions>
          <ns3:TrackPointExtension>
            <ns3:atemp>25.0</ns3:atemp>
          </ns3:TrackPointExtension>
        </extensions>
      </trkpt>
      <trkpt lat="44.58483972586691379547119140625" lon="-0.23863412439823150634765625">
        <ele>44.59999847412109375</ele>
        <time>2025-09-01T13:57:10.000Z</time>
        <extensions>
          <ns3:TrackPointExtension>
            <ns3:atemp>25.0</ns3:atemp>
          </ns3:TrackPointExtension>
        </extensions>
      </trkpt>
      <trkpt lat="44.58481743000447750091552734375" lon="-0.23863856680691242218017578125">
        <ele>44.799999237060546875</ele>
        <time>2025-09-01T13:57:11.000Z</time>
        <extensions>
          <ns3:TrackPointExtension>
            <ns3:atemp>25.0</ns3:atemp>
          </ns3:TrackPointExtension>
        </extensions>
      </trkpt>
      <trkpt lat="44.5847962237894535064697265625" lon="-0.23864141665399074554443359375">
        <ele>44.799999237060546875</ele>
        <time>2025-09-01T13:57:12.000Z</time>
        <extensions>
          <ns3:TrackPointExtension>
            <ns3:atemp>25.0</ns3:atemp>
          </ns3:TrackPointExtension>
        </extensions>
      </trkpt>
      <trkpt lat="44.584774933755397796630859375" lon="-0.23864208720624446868896484375">
        <ele>44.799999237060546875</ele>
        <time>2025-09-01T13:57:13.000Z</time>
        <extensions>
          <ns3:TrackPointExtension>
            <ns3:atemp>25.0</ns3:atemp>
          </ns3:TrackPointExtension>
        </extensions>
      </trkpt>
      <trkpt lat="44.58475372754037380218505859375" lon="-0.23864476941525936126708984375">
        <ele>45</ele>
        <time>2025-09-01T13:57:14.000Z</time>
        <extensions>
          <ns3:TrackPointExtension>
            <ns3:atemp>25.0</ns3:atemp>
          </ns3:TrackPointExtension>
        </extensions>
      </trkpt>
      <trkpt lat="44.5847308449447154998779296875" lon="-0.23864661343395709991455078125">
        <ele>45</ele>
        <time>2025-09-01T13:57:15.000Z</time>
        <extensions>
          <ns3:TrackPointExtension>
            <ns3:atemp>25.0</ns3:atemp>
          </ns3:TrackPointExtension>
        </extensions>
      </trkpt>
      <trkpt lat="44.58471081219613552093505859375" lon="-0.23864795453846454620361328125">
        <ele>45.200000762939453125</ele>
        <time>2025-09-01T13:57:16.000Z</time>
        <extensions>
          <ns3:TrackPointExtension>
            <ns3:atemp>25.0</ns3:atemp>
          </ns3:TrackPointExtension>
        </extensions>
      </trkpt>
      <trkpt lat="44.5846906118094921112060546875" lon="-0.2386480383574962615966796875">
        <ele>45.200000762939453125</ele>
        <time>2025-09-01T13:57:17.000Z</time>
        <extensions>
          <ns3:TrackPointExtension>
            <ns3:atemp>25.0</ns3:atemp>
          </ns3:TrackPointExtension>
        </extensions>
      </trkpt>
      <trkpt lat="44.58466839976608753204345703125" lon="-0.238651894032955169677734375">
        <ele>45.40000152587890625</ele>
        <time>2025-09-01T13:57:18.000Z</time>
        <extensions>
          <ns3:TrackPointExtension>
            <ns3:atemp>25.0</ns3:atemp>
          </ns3:TrackPointExtension>
        </extensions>
      </trkpt>
      <trkpt lat="44.58464585244655609130859375" lon="-0.23865801282227039337158203125">
        <ele>45.40000152587890625</ele>
        <time>2025-09-01T13:57:19.000Z</time>
        <extensions>
          <ns3:TrackPointExtension>
            <ns3:atemp>25.0</ns3:atemp>
          </ns3:TrackPointExtension>
        </extensions>
      </trkpt>
      <trkpt lat="44.58462347276508808135986328125" lon="-0.23866136558353900909423828125">
        <ele>45.40000152587890625</ele>
        <time>2025-09-01T13:57:20.000Z</time>
        <extensions>
          <ns3:TrackPointExtension>
            <ns3:atemp>25.0</ns3:atemp>
          </ns3:TrackPointExtension>
        </extensions>
      </trkpt>
      <trkpt lat="44.5846004225313663482666015625" lon="-0.238663293421268463134765625">
        <ele>45.59999847412109375</ele>
        <time>2025-09-01T13:57:21.000Z</time>
        <extensions>
          <ns3:TrackPointExtension>
            <ns3:atemp>25.0</ns3:atemp>
          </ns3:TrackPointExtension>
        </extensions>
      </trkpt>
      <trkpt lat="44.58457879722118377685546875" lon="-0.23866656236350536346435546875">
        <ele>45.59999847412109375</ele>
        <time>2025-09-01T13:57:22.000Z</time>
        <extensions>
          <ns3:TrackPointExtension>
            <ns3:atemp>25.0</ns3:atemp>
          </ns3:TrackPointExtension>
        </extensions>
      </trkpt>
      <trkpt lat="44.58455692045390605926513671875" lon="-0.23867025040090084075927734375">
        <ele>45.799999237060546875</ele>
        <time>2025-09-01T13:57:23.000Z</time>
        <extensions>
          <ns3:TrackPointExtension>
            <ns3:atemp>25.0</ns3:atemp>
          </ns3:TrackPointExtension>
        </extensions>
      </trkpt>
      <trkpt lat="44.58453713916242122650146484375" lon="-0.23867209441959857940673828125">
        <ele>46</ele>
        <time>2025-09-01T13:57:24.000Z</time>
        <extensions>
          <ns3:TrackPointExtension>
            <ns3:atemp>25.0</ns3:atemp>
          </ns3:TrackPointExtension>
        </extensions>
      </trkpt>
      <trkpt lat="44.584516771137714385986328125" lon="-0.23867477662861347198486328125">
        <ele>46</ele>
        <time>2025-09-01T13:57:25.000Z</time>
        <extensions>
          <ns3:TrackPointExtension>
            <ns3:atemp>25.0</ns3:atemp>
          </ns3:TrackPointExtension>
        </extensions>
      </trkpt>
      <trkpt lat="44.5844958163797855377197265625" lon="-0.23868148215115070343017578125">
        <ele>46.200000762939453125</ele>
        <time>2025-09-01T13:57:26.000Z</time>
        <extensions>
          <ns3:TrackPointExtension>
            <ns3:atemp>25.0</ns3:atemp>
          </ns3:TrackPointExtension>
        </extensions>
      </trkpt>
      <trkpt lat="44.58447494544088840484619140625" lon="-0.2386896125972270965576171875">
        <ele>46.200000762939453125</ele>
        <time>2025-09-01T13:57:27.000Z</time>
        <extensions>
          <ns3:TrackPointExtension>
            <ns3:atemp>25.0</ns3:atemp>
          </ns3:TrackPointExtension>
        </extensions>
      </trkpt>
      <trkpt lat="44.5844547450542449951171875" lon="-0.238694809377193450927734375">
        <ele>46.40000152587890625</ele>
        <time>2025-09-01T13:57:28.000Z</time>
        <extensions>
          <ns3:TrackPointExtension>
            <ns3:atemp>25.0</ns3:atemp>
          </ns3:TrackPointExtension>
        </extensions>
      </trkpt>
      <trkpt lat="44.58443102426826953887939453125" lon="-0.23870050907135009765625">
        <ele>46.59999847412109375</ele>
        <time>2025-09-01T13:57:29.000Z</time>
        <extensions>
          <ns3:TrackPointExtension>
            <ns3:atemp>25.0</ns3:atemp>
          </ns3:TrackPointExtension>
        </extensions>
      </trkpt>
      <trkpt lat="44.5844073034822940826416015625" lon="-0.23870813660323619842529296875">
        <ele>46.59999847412109375</ele>
        <time>2025-09-01T13:57:30.000Z</time>
        <extensions>
          <ns3:TrackPointExtension>
            <ns3:atemp>25.0</ns3:atemp>
          </ns3:TrackPointExtension>
        </extensions>
      </trkpt>
      <trkpt lat="44.58438240922987461090087890625" lon="-0.23871484212577342987060546875">
        <ele>46.799999237060546875</ele>
        <time>2025-09-01T13:57:31.000Z</time>
        <extensions>
          <ns3:TrackPointExtension>
            <ns3:atemp>25.0</ns3:atemp>
          </ns3:TrackPointExtension>
        </extensions>
      </trkpt>
      <trkpt lat="44.58435743115842342376708984375" lon="-0.23872037418186664581298828125">
        <ele>46.799999237060546875</ele>
        <time>2025-09-01T13:57:32.000Z</time>
        <extensions>
          <ns3:TrackPointExtension>
            <ns3:atemp>25.0</ns3:atemp>
          </ns3:TrackPointExtension>
        </extensions>
      </trkpt>
      <trkpt lat="44.58433379419147968292236328125" lon="-0.23872372694313526153564453125">
        <ele>47</ele>
        <time>2025-09-01T13:57:33.000Z</time>
        <extensions>
          <ns3:TrackPointExtension>
            <ns3:atemp>25.0</ns3:atemp>
          </ns3:TrackPointExtension>
        </extensions>
      </trkpt>
      <trkpt lat="44.5843104086816310882568359375" lon="-0.23873060010373592376708984375">
        <ele>47</ele>
        <time>2025-09-01T13:57:34.000Z</time>
        <extensions>
          <ns3:TrackPointExtension>
            <ns3:atemp>25.0</ns3:atemp>
          </ns3:TrackPointExtension>
        </extensions>
      </trkpt>
      <trkpt lat="44.58428886719048023223876953125" lon="-0.23873873054981231689453125">
        <ele>47.200000762939453125</ele>
        <time>2025-09-01T13:57:35.000Z</time>
        <extensions>
          <ns3:TrackPointExtension>
            <ns3:atemp>25.0</ns3:atemp>
          </ns3:TrackPointExtension>
        </extensions>
      </trkpt>
      <trkpt lat="44.58426808007061481475830078125" lon="-0.23874551989138126373291015625">
        <ele>47.200000762939453125</ele>
        <time>2025-09-01T13:57:36.000Z</time>
        <extensions>
          <ns3:TrackPointExtension>
            <ns3:atemp>25.0</ns3:atemp>
          </ns3:TrackPointExtension>
        </extensions>
      </trkpt>
      <trkpt lat="44.58424746058881282806396484375" lon="-0.23875415325164794921875">
        <ele>47.200000762939453125</ele>
        <time>2025-09-01T13:57:37.000Z</time>
        <extensions>
          <ns3:TrackPointExtension>
            <ns3:atemp>25.0</ns3:atemp>
          </ns3:TrackPointExtension>
        </extensions>
      </trkpt>
      <trkpt lat="44.584227763116359710693359375" lon="-0.2387640438973903656005859375">
        <ele>47.40000152587890625</ele>
        <time>2025-09-01T13:57:38.000Z</time>
        <extensions>
          <ns3:TrackPointExtension>
            <ns3:atemp>25.0</ns3:atemp>
          </ns3:TrackPointExtension>
        </extensions>
      </trkpt>
      <trkpt lat="44.58420622162520885467529296875" lon="-0.23877435363829135894775390625">
        <ele>47.40000152587890625</ele>
        <time>2025-09-01T13:57:39.000Z</time>
        <extensions>
          <ns3:TrackPointExtension>
            <ns3:atemp>25.0</ns3:atemp>
          </ns3:TrackPointExtension>
        </extensions>
      </trkpt>
      <trkpt lat="44.5841840095818042755126953125" lon="-0.2387851662933826446533203125">
        <ele>47.59999847412109375</ele>
        <time>2025-09-01T13:57:40.000Z</time>
        <extensions>
          <ns3:TrackPointExtension>
            <ns3:atemp>25.0</ns3:atemp>
          </ns3:TrackPointExtension>
        </extensions>
      </trkpt>
      <trkpt lat="44.584162048995494842529296875" lon="-0.238799415528774261474609375">
        <ele>47.59999847412109375</ele>
        <time>2025-09-01T13:57:41.000Z</time>
        <extensions>
          <ns3:TrackPointExtension>
            <ns3:atemp>25.0</ns3:atemp>
          </ns3:TrackPointExtension>
        </extensions>
      </trkpt>
      <trkpt lat="44.58413950167596340179443359375" lon="-0.23881425149738788604736328125">
        <ele>47.59999847412109375</ele>
        <time>2025-09-01T13:57:42.000Z</time>
        <extensions>
          <ns3:TrackPointExtension>
            <ns3:atemp>25.0</ns3:atemp>
          </ns3:TrackPointExtension>
        </extensions>
      </trkpt>
      <trkpt lat="44.58411653526127338409423828125" lon="-0.23882732726633548736572265625">
        <ele>47.59999847412109375</ele>
        <time>2025-09-01T13:57:43.000Z</time>
        <extensions>
          <ns3:TrackPointExtension>
            <ns3:atemp>25.0</ns3:atemp>
          </ns3:TrackPointExtension>
        </extensions>
      </trkpt>
      <trkpt lat="44.58409558050334453582763671875" lon="-0.23883990012109279632568359375">
        <ele>47.799999237060546875</ele>
        <time>2025-09-01T13:57:44.000Z</time>
        <extensions>
          <ns3:TrackPointExtension>
            <ns3:atemp>25.0</ns3:atemp>
          </ns3:TrackPointExtension>
        </extensions>
      </trkpt>
      <trkpt lat="44.58407462574541568756103515625" lon="-0.23885280825197696685791015625">
        <ele>47.799999237060546875</ele>
        <time>2025-09-01T13:57:45.000Z</time>
        <extensions>
          <ns3:TrackPointExtension>
            <ns3:atemp>25.0</ns3:atemp>
          </ns3:TrackPointExtension>
        </extensions>
      </trkpt>
      <trkpt lat="44.5840515755116939544677734375" lon="-0.238864123821258544921875">
        <ele>47.799999237060546875</ele>
        <time>2025-09-01T13:57:46.000Z</time>
        <extensions>
          <ns3:TrackPointExtension>
            <ns3:atemp>25.0</ns3:atemp>
          </ns3:TrackPointExtension>
        </extensions>
      </trkpt>
      <trkpt lat="44.584027267992496490478515625" lon="-0.2388746850192546844482421875">
        <ele>48</ele>
        <time>2025-09-01T13:57:47.000Z</time>
        <extensions>
          <ns3:TrackPointExtension>
            <ns3:atemp>25.0</ns3:atemp>
          </ns3:TrackPointExtension>
        </extensions>
      </trkpt>
      <trkpt lat="44.58400371484458446502685546875" lon="-0.238885916769504547119140625">
        <ele>48.200000762939453125</ele>
        <time>2025-09-01T13:57:48.000Z</time>
        <extensions>
          <ns3:TrackPointExtension>
            <ns3:atemp>25.0</ns3:atemp>
          </ns3:TrackPointExtension>
        </extensions>
      </trkpt>
      <trkpt lat="44.58398158662021160125732421875" lon="-0.23889832198619842529296875">
        <ele>48.200000762939453125</ele>
        <time>2025-09-01T13:57:49.000Z</time>
        <extensions>
          <ns3:TrackPointExtension>
            <ns3:atemp>25.0</ns3:atemp>
          </ns3:TrackPointExtension>
        </extensions>
      </trkpt>
      <trkpt lat="44.5839593745768070220947265625" lon="-0.2389139123260974884033203125">
        <ele>48.40000152587890625</ele>
        <time>2025-09-01T13:57:50.000Z</time>
        <extensions>
          <ns3:TrackPointExtension>
            <ns3:atemp>25.0</ns3:atemp>
          </ns3:TrackPointExtension>
        </extensions>
      </trkpt>
      <trkpt lat="44.5839372463524341583251953125" lon="-0.23892707191407680511474609375">
        <ele>48.40000152587890625</ele>
        <time>2025-09-01T13:57:51.000Z</time>
        <extensions>
          <ns3:TrackPointExtension>
            <ns3:atemp>25.0</ns3:atemp>
          </ns3:TrackPointExtension>
        </extensions>
      </trkpt>
      <trkpt lat="44.5839171297848224639892578125" lon="-0.23893880657851696014404296875">
        <ele>48.59999847412109375</ele>
        <time>2025-09-01T13:57:52.000Z</time>
        <extensions>
          <ns3:TrackPointExtension>
            <ns3:atemp>25.0</ns3:atemp>
          </ns3:TrackPointExtension>
        </extensions>
      </trkpt>
      <trkpt lat="44.5838943310081958770751953125" lon="-0.23894869722425937652587890625">
        <ele>48.59999847412109375</ele>
        <time>2025-09-01T13:57:53.000Z</time>
        <extensions>
          <ns3:TrackPointExtension>
            <ns3:atemp>25.0</ns3:atemp>
          </ns3:TrackPointExtension>
        </extensions>
      </trkpt>
      <trkpt lat="44.58387178368866443634033203125" lon="-0.2389593422412872314453125">
        <ele>48.59999847412109375</ele>
        <time>2025-09-01T13:57:54.000Z</time>
        <extensions>
          <ns3:TrackPointExtension>
            <ns3:atemp>25.0</ns3:atemp>
          </ns3:TrackPointExtension>
        </extensions>
      </trkpt>
      <trkpt lat="44.5838494040071964263916015625" lon="-0.23897233419120311737060546875">
        <ele>48.59999847412109375</ele>
        <time>2025-09-01T13:57:55.000Z</time>
        <extensions>
          <ns3:TrackPointExtension>
            <ns3:atemp>25.0</ns3:atemp>
          </ns3:TrackPointExtension>
        </extensions>
      </trkpt>
      <trkpt lat="44.58382786251604557037353515625" lon="-0.2389826439321041107177734375">
        <ele>48.799999237060546875</ele>
        <time>2025-09-01T13:57:56.000Z</time>
        <extensions>
          <ns3:TrackPointExtension>
            <ns3:atemp>25.0</ns3:atemp>
          </ns3:TrackPointExtension>
        </extensions>
      </trkpt>
      <trkpt lat="44.5838051475584506988525390625" lon="-0.23899630643427371978759765625">
        <ele>48.799999237060546875</ele>
        <time>2025-09-01T13:57:57.000Z</time>
        <extensions>
          <ns3:TrackPointExtension>
            <ns3:atemp>25.0</ns3:atemp>
          </ns3:TrackPointExtension>
        </extensions>
      </trkpt>
      <trkpt lat="44.583782851696014404296875" lon="-0.2390071190893650054931640625">
        <ele>49</ele>
        <time>2025-09-01T13:57:58.000Z</time>
        <extensions>
          <ns3:TrackPointExtension>
            <ns3:atemp>25.0</ns3:atemp>
          </ns3:TrackPointExtension>
        </extensions>
      </trkpt>
      <trkpt lat="44.583763070404529571533203125" lon="-0.23901742883026599884033203125">
        <ele>49.200000762939453125</ele>
        <time>2025-09-01T13:57:59.000Z</time>
        <extensions>
          <ns3:TrackPointExtension>
            <ns3:atemp>25.0</ns3:atemp>
          </ns3:TrackPointExtension>
        </extensions>
      </trkpt>
      <trkpt lat="44.58374471403658390045166015625" lon="-0.23902530781924724578857421875">
        <ele>49.40000152587890625</ele>
        <time>2025-09-01T13:58:00.000Z</time>
        <extensions>
          <ns3:TrackPointExtension>
            <ns3:atemp>25.0</ns3:atemp>
          </ns3:TrackPointExtension>
        </extensions>
      </trkpt>
      <trkpt lat="44.58372526802122592926025390625" lon="-0.2390352822840213775634765625">
        <ele>49.799999237060546875</ele>
        <time>2025-09-01T13:58:01.000Z</time>
        <extensions>
          <ns3:TrackPointExtension>
            <ns3:atemp>25.0</ns3:atemp>
          </ns3:TrackPointExtension>
        </extensions>
      </trkpt>
      <trkpt lat="44.5837052352726459503173828125" lon="-0.2390453405678272247314453125">
        <ele>50</ele>
        <time>2025-09-01T13:58:02.000Z</time>
        <extensions>
          <ns3:TrackPointExtension>
            <ns3:atemp>25.0</ns3:atemp>
          </ns3:TrackPointExtension>
        </extensions>
      </trkpt>
      <trkpt lat="44.5836898125708103179931640625" lon="-0.23905615322291851043701171875">
        <ele>50.40000152587890625</ele>
        <time>2025-09-01T13:58:03.000Z</time>
        <extensions>
          <ns3:TrackPointExtension>
            <ns3:atemp>25.0</ns3:atemp>
          </ns3:TrackPointExtension>
        </extensions>
      </trkpt>
      <trkpt lat="44.58367715589702129364013671875" lon="-0.2390674687922000885009765625">
        <ele>50.59999847412109375</ele>
        <time>2025-09-01T13:58:04.000Z</time>
        <extensions>
          <ns3:TrackPointExtension>
            <ns3:atemp>25.0</ns3:atemp>
          </ns3:TrackPointExtension>
        </extensions>
      </trkpt>
      <trkpt lat="44.5836661756038665771484375" lon="-0.2390761859714984893798828125">
        <ele>50.799999237060546875</ele>
        <time>2025-09-01T13:58:05.000Z</time>
        <extensions>
          <ns3:TrackPointExtension>
            <ns3:atemp>25.0</ns3:atemp>
          </ns3:TrackPointExtension>
        </extensions>
      </trkpt>
      <trkpt lat="44.5836499147117137908935546875" lon="-0.2390845678746700286865234375">
        <ele>51</ele>
        <time>2025-09-01T13:58:06.000Z</time>
        <extensions>
          <ns3:TrackPointExtension>
            <ns3:atemp>25.0</ns3:atemp>
          </ns3:TrackPointExtension>
        </extensions>
      </trkpt>
      <trkpt lat="44.583632983267307281494140625" lon="-0.23909546434879302978515625">
        <ele>51.200000762939453125</ele>
        <time>2025-09-01T13:58:07.000Z</time>
        <extensions>
          <ns3:TrackPointExtension>
            <ns3:atemp>25.0</ns3:atemp>
          </ns3:TrackPointExtension>
        </extensions>
      </trkpt>
      <trkpt lat="44.58361077122390270233154296875" lon="-0.23910024203360080718994140625">
        <ele>51.40000152587890625</ele>
        <time>2025-09-01T13:58:08.000Z</time>
        <extensions>
          <ns3:TrackPointExtension>
            <ns3:atemp>25.0</ns3:atemp>
          </ns3:TrackPointExtension>
        </extensions>
      </trkpt>
      <trkpt lat="44.58358696661889553070068359375" lon="-0.239093787968158721923828125">
        <ele>51.59999847412109375</ele>
        <time>2025-09-01T13:58:09.000Z</time>
        <extensions>
          <ns3:TrackPointExtension>
            <ns3:atemp>25.0</ns3:atemp>
          </ns3:TrackPointExtension>
        </extensions>
      </trkpt>
      <trkpt lat="44.58356031216681003570556640625" lon="-0.2390798740088939666748046875">
        <ele>51.59999847412109375</ele>
        <time>2025-09-01T13:58:10.000Z</time>
        <extensions>
          <ns3:TrackPointExtension>
            <ns3:atemp>25.0</ns3:atemp>
          </ns3:TrackPointExtension>
        </extensions>
      </trkpt>
      <trkpt lat="44.583535082638263702392578125" lon="-0.23906302638351917266845703125">
        <ele>51.799999237060546875</ele>
        <time>2025-09-01T13:58:11.000Z</time>
        <extensions>
          <ns3:TrackPointExtension>
            <ns3:atemp>25.0</ns3:atemp>
          </ns3:TrackPointExtension>
        </extensions>
      </trkpt>
      <trkpt lat="44.5835101045668125152587890625" lon="-0.23904156871140003204345703125">
        <ele>51.799999237060546875</ele>
        <time>2025-09-01T13:58:12.000Z</time>
        <extensions>
          <ns3:TrackPointExtension>
            <ns3:atemp>25.0</ns3:atemp>
          </ns3:TrackPointExtension>
        </extensions>
      </trkpt>
      <trkpt lat="44.58348018117249011993408203125" lon="-0.23902229033410549163818359375">
        <ele>52</ele>
        <time>2025-09-01T13:58:13.000Z</time>
        <extensions>
          <ns3:TrackPointExtension>
            <ns3:atemp>25.0</ns3:atemp>
          </ns3:TrackPointExtension>
        </extensions>
      </trkpt>
      <trkpt lat="44.5834544487297534942626953125" lon="-0.23900963366031646728515625">
        <ele>52.200000762939453125</ele>
        <time>2025-09-01T13:58:14.000Z</time>
        <extensions>
          <ns3:TrackPointExtension>
            <ns3:atemp>25.0</ns3:atemp>
          </ns3:TrackPointExtension>
        </extensions>
      </trkpt>
      <trkpt lat="44.58343123085796833038330078125" lon="-0.238996557891368865966796875">
        <ele>52.200000762939453125</ele>
        <time>2025-09-01T13:58:15.000Z</time>
        <extensions>
          <ns3:TrackPointExtension>
            <ns3:atemp>25.0</ns3:atemp>
          </ns3:TrackPointExtension>
        </extensions>
      </trkpt>
      <trkpt lat="44.58340667188167572021484375" lon="-0.2389836497604846954345703125">
        <ele>52.40000152587890625</ele>
        <time>2025-09-01T13:58:16.000Z</time>
        <extensions>
          <ns3:TrackPointExtension>
            <ns3:atemp>25.0</ns3:atemp>
          </ns3:TrackPointExtension>
        </extensions>
      </trkpt>
      <trkpt lat="44.583383537828922271728515625" lon="-0.238969065248966217041015625">
        <ele>52.40000152587890625</ele>
        <time>2025-09-01T13:58:17.000Z</time>
        <extensions>
          <ns3:TrackPointExtension>
            <ns3:atemp>25.0</ns3:atemp>
          </ns3:TrackPointExtension>
        </extensions>
      </trkpt>
      <trkpt lat="44.58335931412875652313232421875" lon="-0.2389504574239253997802734375">
        <ele>52.59999847412109375</ele>
        <time>2025-09-01T13:58:18.000Z</time>
        <extensions>
          <ns3:TrackPointExtension>
            <ns3:atemp>25.0</ns3:atemp>
          </ns3:TrackPointExtension>
        </extensions>
      </trkpt>
      <trkpt lat="44.5833350904285907745361328125" lon="-0.23893092758953571319580078125">
        <ele>52.40000152587890625</ele>
        <time>2025-09-01T13:58:19.000Z</time>
        <extensions>
          <ns3:TrackPointExtension>
            <ns3:atemp>25.0</ns3:atemp>
          </ns3:TrackPointExtension>
        </extensions>
      </trkpt>
      <trkpt lat="44.5833116210997104644775390625" lon="-0.238914079964160919189453125">
        <ele>52.40000152587890625</ele>
        <time>2025-09-01T13:58:20.000Z</time>
        <extensions>
          <ns3:TrackPointExtension>
            <ns3:atemp>25.0</ns3:atemp>
          </ns3:TrackPointExtension>
        </extensions>
      </trkpt>
      <trkpt lat="44.583287648856639862060546875" lon="-0.2388998307287693023681640625">
        <ele>52.40000152587890625</ele>
        <time>2025-09-01T13:58:21.000Z</time>
        <extensions>
          <ns3:TrackPointExtension>
            <ns3:atemp>25.0</ns3:atemp>
          </ns3:TrackPointExtension>
        </extensions>
      </trkpt>
      <trkpt lat="44.583261497318744659423828125" lon="-0.238885916769504547119140625">
        <ele>52.40000152587890625</ele>
        <time>2025-09-01T13:58:22.000Z</time>
        <extensions>
          <ns3:TrackPointExtension>
            <ns3:atemp>25.0</ns3:atemp>
          </ns3:TrackPointExtension>
        </extensions>
      </trkpt>
      <trkpt lat="44.58323610015213489532470703125" lon="-0.2388730086386203765869140625">
        <ele>52.40000152587890625</ele>
        <time>2025-09-01T13:58:23.000Z</time>
        <extensions>
          <ns3:TrackPointExtension>
            <ns3:atemp>25.0</ns3:atemp>
          </ns3:TrackPointExtension>
        </extensions>
      </trkpt>
      <trkpt lat="44.58321028389036655426025390625" lon="-0.23885884322226047515869140625">
        <ele>52.40000152587890625</ele>
        <time>2025-09-01T13:58:24.000Z</time>
        <extensions>
          <ns3:TrackPointExtension>
            <ns3:atemp>25.0</ns3:atemp>
          </ns3:TrackPointExtension>
        </extensions>
      </trkpt>
      <trkpt lat="44.58318547345697879791259765625" lon="-0.238843671977519989013671875">
        <ele>52.40000152587890625</ele>
        <time>2025-09-01T13:58:25.000Z</time>
        <extensions>
          <ns3:TrackPointExtension>
            <ns3:atemp>25.0</ns3:atemp>
          </ns3:TrackPointExtension>
        </extensions>
      </trkpt>
      <trkpt lat="44.58316233940422534942626953125" lon="-0.23882950656116008758544921875">
        <ele>52.200000762939453125</ele>
        <time>2025-09-01T13:58:26.000Z</time>
        <extensions>
          <ns3:TrackPointExtension>
            <ns3:atemp>25.0</ns3:atemp>
          </ns3:TrackPointExtension>
        </extensions>
      </trkpt>
      <trkpt lat="44.5831404626369476318359375" lon="-0.23881726898252964019775390625">
        <ele>52.200000762939453125</ele>
        <time>2025-09-01T13:58:27.000Z</time>
        <extensions>
          <ns3:TrackPointExtension>
            <ns3:atemp>25.0</ns3:atemp>
          </ns3:TrackPointExtension>
        </extensions>
      </trkpt>
      <trkpt lat="44.58311556838452816009521484375" lon="-0.2388062886893749237060546875">
        <ele>52.200000762939453125</ele>
        <time>2025-09-01T13:58:28.000Z</time>
        <extensions>
          <ns3:TrackPointExtension>
            <ns3:atemp>25.0</ns3:atemp>
          </ns3:TrackPointExtension>
        </extensions>
      </trkpt>
      <trkpt lat="44.58309017121791839599609375" lon="-0.2387925423681735992431640625">
        <ele>52.200000762939453125</ele>
        <time>2025-09-01T13:58:29.000Z</time>
        <extensions>
          <ns3:TrackPointExtension>
            <ns3:atemp>25.0</ns3:atemp>
          </ns3:TrackPointExtension>
        </extensions>
      </trkpt>
      <trkpt lat="44.5830667018890380859375" lon="-0.238778293132781982421875">
        <ele>52.200000762939453125</ele>
        <time>2025-09-01T13:58:30.000Z</time>
        <extensions>
          <ns3:TrackPointExtension>
            <ns3:atemp>25.0</ns3:atemp>
          </ns3:TrackPointExtension>
        </extensions>
      </trkpt>
      <trkpt lat="44.58304448984563350677490234375" lon="-0.23876496590673923492431640625">
        <ele>52.200000762939453125</ele>
        <time>2025-09-01T13:58:31.000Z</time>
        <extensions>
          <ns3:TrackPointExtension>
            <ns3:atemp>25.0</ns3:atemp>
          </ns3:TrackPointExtension>
        </extensions>
      </trkpt>
      <trkpt lat="44.5830226130783557891845703125" lon="-0.2387543208897113800048828125">
        <ele>52.200000762939453125</ele>
        <time>2025-09-01T13:58:32.000Z</time>
        <extensions>
          <ns3:TrackPointExtension>
            <ns3:atemp>25.0</ns3:atemp>
          </ns3:TrackPointExtension>
        </extensions>
      </trkpt>
      <trkpt lat="44.58299922756850719451904296875" lon="-0.2387412451207637786865234375">
        <ele>52.40000152587890625</ele>
        <time>2025-09-01T13:58:33.000Z</time>
        <extensions>
          <ns3:TrackPointExtension>
            <ns3:atemp>25.0</ns3:atemp>
          </ns3:TrackPointExtension>
        </extensions>
      </trkpt>
      <trkpt lat="44.58297659642994403839111328125" lon="-0.23872691206634044647216796875">
        <ele>52.40000152587890625</ele>
        <time>2025-09-01T13:58:34.000Z</time>
        <extensions>
          <ns3:TrackPointExtension>
            <ns3:atemp>25.0</ns3:atemp>
          </ns3:TrackPointExtension>
        </extensions>
      </trkpt>
      <trkpt lat="44.58295212127268314361572265625" lon="-0.23871534503996372222900390625">
        <ele>52.40000152587890625</ele>
        <time>2025-09-01T13:58:35.000Z</time>
        <extensions>
          <ns3:TrackPointExtension>
            <ns3:atemp>25.0</ns3:atemp>
          </ns3:TrackPointExtension>
        </extensions>
      </trkpt>
      <trkpt lat="44.58292982541024684906005859375" lon="-0.23870595730841159820556640625">
        <ele>52.59999847412109375</ele>
        <time>2025-09-01T13:58:36.000Z</time>
        <extensions>
          <ns3:TrackPointExtension>
            <ns3:atemp>25.0</ns3:atemp>
          </ns3:TrackPointExtension>
        </extensions>
      </trkpt>
      <trkpt lat="44.5829086191952228546142578125" lon="-0.23869556374847888946533203125">
        <ele>52.40000152587890625</ele>
        <time>2025-09-01T13:58:37.000Z</time>
        <extensions>
          <ns3:TrackPointExtension>
            <ns3:atemp>25.0</ns3:atemp>
          </ns3:TrackPointExtension>
        </extensions>
      </trkpt>
      <trkpt lat="44.5828871615231037139892578125" lon="-0.23868508636951446533203125">
        <ele>52.40000152587890625</ele>
        <time>2025-09-01T13:58:38.000Z</time>
        <extensions>
          <ns3:TrackPointExtension>
            <ns3:atemp>25.0</ns3:atemp>
          </ns3:TrackPointExtension>
        </extensions>
      </trkpt>
      <trkpt lat="44.582865200936794281005859375" lon="-0.23867435753345489501953125">
        <ele>52.40000152587890625</ele>
        <time>2025-09-01T13:58:39.000Z</time>
        <extensions>
          <ns3:TrackPointExtension>
            <ns3:atemp>25.0</ns3:atemp>
          </ns3:TrackPointExtension>
        </extensions>
      </trkpt>
      <trkpt lat="44.5828435756266117095947265625" lon="-0.23866388015449047088623046875">
        <ele>52.40000152587890625</ele>
        <time>2025-09-01T13:58:40.000Z</time>
        <extensions>
          <ns3:TrackPointExtension>
            <ns3:atemp>25.0</ns3:atemp>
          </ns3:TrackPointExtension>
        </extensions>
      </trkpt>
      <trkpt lat="44.582822620868682861328125" lon="-0.2386508882045745849609375">
        <ele>52.40000152587890625</ele>
        <time>2025-09-01T13:58:41.000Z</time>
        <extensions>
          <ns3:TrackPointExtension>
            <ns3:atemp>25.0</ns3:atemp>
          </ns3:TrackPointExtension>
        </extensions>
      </trkpt>
      <trkpt lat="44.58280392922461032867431640625" lon="-0.23863806389272212982177734375">
        <ele>52.40000152587890625</ele>
        <time>2025-09-01T13:58:42.000Z</time>
        <extensions>
          <ns3:TrackPointExtension>
            <ns3:atemp>25.0</ns3:atemp>
          </ns3:TrackPointExtension>
        </extensions>
      </trkpt>
      <trkpt lat="44.58278548903763294219970703125" lon="-0.23862901143729686737060546875">
        <ele>52.40000152587890625</ele>
        <time>2025-09-01T13:58:43.000Z</time>
        <extensions>
          <ns3:TrackPointExtension>
            <ns3:atemp>25.0</ns3:atemp>
          </ns3:TrackPointExtension>
        </extensions>
      </trkpt>
      <trkpt lat="44.58276486955583095550537109375" lon="-0.2386198751628398895263671875">
        <ele>52.59999847412109375</ele>
        <time>2025-09-01T13:58:44.000Z</time>
        <extensions>
          <ns3:TrackPointExtension>
            <ns3:atemp>25.0</ns3:atemp>
          </ns3:TrackPointExtension>
        </extensions>
      </trkpt>
      <trkpt lat="44.58274441771209239959716796875" lon="-0.23861174471676349639892578125">
        <ele>52.59999847412109375</ele>
        <time>2025-09-01T13:58:45.000Z</time>
        <extensions>
          <ns3:TrackPointExtension>
            <ns3:atemp>25.0</ns3:atemp>
          </ns3:TrackPointExtension>
        </extensions>
      </trkpt>
      <trkpt lat="44.58272279240190982818603515625" lon="-0.23860101588070392608642578125">
        <ele>52.799999237060546875</ele>
        <time>2025-09-01T13:58:46.000Z</time>
        <extensions>
          <ns3:TrackPointExtension>
            <ns3:atemp>25.0</ns3:atemp>
          </ns3:TrackPointExtension>
        </extensions>
      </trkpt>
      <trkpt lat="44.5827005803585052490234375" lon="-0.23858978413045406341552734375">
        <ele>52.799999237060546875</ele>
        <time>2025-09-01T13:58:47.000Z</time>
        <extensions>
          <ns3:TrackPointExtension>
            <ns3:atemp>25.0</ns3:atemp>
          </ns3:TrackPointExtension>
        </extensions>
      </trkpt>
      <trkpt lat="44.5826804637908935546875" lon="-0.2385816536843776702880859375">
        <ele>52.799999237060546875</ele>
        <time>2025-09-01T13:58:48.000Z</time>
        <extensions>
          <ns3:TrackPointExtension>
            <ns3:atemp>25.0</ns3:atemp>
          </ns3:TrackPointExtension>
        </extensions>
      </trkpt>
      <trkpt lat="44.58266026340425014495849609375" lon="-0.23857335560023784637451171875">
        <ele>53</ele>
        <time>2025-09-01T13:58:49.000Z</time>
        <extensions>
          <ns3:TrackPointExtension>
            <ns3:atemp>25.0</ns3:atemp>
          </ns3:TrackPointExtension>
        </extensions>
      </trkpt>
      <trkpt lat="44.58264098502695560455322265625" lon="-0.23856178857386112213134765625">
        <ele>53</ele>
        <time>2025-09-01T13:58:50.000Z</time>
        <extensions>
          <ns3:TrackPointExtension>
            <ns3:atemp>25.0</ns3:atemp>
          </ns3:TrackPointExtension>
        </extensions>
      </trkpt>
      <trkpt lat="44.58261952735483646392822265625" lon="-0.23855256848037242889404296875">
        <ele>53</ele>
        <time>2025-09-01T13:58:51.000Z</time>
        <extensions>
          <ns3:TrackPointExtension>
            <ns3:atemp>25.0</ns3:atemp>
          </ns3:TrackPointExtension>
        </extensions>
      </trkpt>
      <trkpt lat="44.58259823732078075408935546875" lon="-0.23854418657720088958740234375">
        <ele>53</ele>
        <time>2025-09-01T13:58:52.000Z</time>
        <extensions>
          <ns3:TrackPointExtension>
            <ns3:atemp>25.0</ns3:atemp>
          </ns3:TrackPointExtension>
        </extensions>
      </trkpt>
      <trkpt lat="44.58257577382028102874755859375" lon="-0.2385367266833782196044921875">
        <ele>53</ele>
        <time>2025-09-01T13:58:53.000Z</time>
        <extensions>
          <ns3:TrackPointExtension>
            <ns3:atemp>25.0</ns3:atemp>
          </ns3:TrackPointExtension>
        </extensions>
      </trkpt>
      <trkpt lat="44.58255448378622531890869140625" lon="-0.23852951824665069580078125">
        <ele>53.200000762939453125</ele>
        <time>2025-09-01T13:58:54.000Z</time>
        <extensions>
          <ns3:TrackPointExtension>
            <ns3:atemp>25.0</ns3:atemp>
          </ns3:TrackPointExtension>
        </extensions>
      </trkpt>
      <trkpt lat="44.58253537304699420928955078125" lon="-0.23852373473346233367919921875">
        <ele>53.200000762939453125</ele>
        <time>2025-09-01T13:58:55.000Z</time>
        <extensions>
          <ns3:TrackPointExtension>
            <ns3:atemp>25.0</ns3:atemp>
          </ns3:TrackPointExtension>
        </extensions>
      </trkpt>
      <trkpt lat="44.58251642994582653045654296875" lon="-0.2385186217725276947021484375">
        <ele>53.40000152587890625</ele>
        <time>2025-09-01T13:58:56.000Z</time>
        <extensions>
          <ns3:TrackPointExtension>
            <ns3:atemp>25.0</ns3:atemp>
          </ns3:TrackPointExtension>
        </extensions>
      </trkpt>
      <trkpt lat="44.58249664865434169769287109375" lon="-0.2385135926306247711181640625">
        <ele>53.40000152587890625</ele>
        <time>2025-09-01T13:58:57.000Z</time>
        <extensions>
          <ns3:TrackPointExtension>
            <ns3:atemp>25.0</ns3:atemp>
          </ns3:TrackPointExtension>
        </extensions>
      </trkpt>
      <trkpt lat="44.58247619681060314178466796875" lon="-0.238506384193897247314453125">
        <ele>53.59999847412109375</ele>
        <time>2025-09-01T13:58:58.000Z</time>
        <extensions>
          <ns3:TrackPointExtension>
            <ns3:atemp>25.0</ns3:atemp>
          </ns3:TrackPointExtension>
        </extensions>
      </trkpt>
      <trkpt lat="44.58245591260492801666259765625" lon="-0.23849892430007457733154296875">
        <ele>53.59999847412109375</ele>
        <time>2025-09-01T13:58:59.000Z</time>
        <extensions>
          <ns3:TrackPointExtension>
            <ns3:atemp>25.0</ns3:atemp>
          </ns3:TrackPointExtension>
        </extensions>
      </trkpt>
      <trkpt lat="44.58243579603731632232666015625" lon="-0.23849540390074253082275390625">
        <ele>53.799999237060546875</ele>
        <time>2025-09-01T13:59:00.000Z</time>
        <extensions>
          <ns3:TrackPointExtension>
            <ns3:atemp>25.0</ns3:atemp>
          </ns3:TrackPointExtension>
        </extensions>
      </trkpt>
      <trkpt lat="44.58241635002195835113525390625" lon="-0.2384845912456512451171875">
        <ele>53.799999237060546875</ele>
        <time>2025-09-01T13:59:01.000Z</time>
        <extensions>
          <ns3:TrackPointExtension>
            <ns3:atemp>25.0</ns3:atemp>
          </ns3:TrackPointExtension>
        </extensions>
      </trkpt>
      <trkpt lat="44.582397155463695526123046875" lon="-0.23847880773246288299560546875">
        <ele>53.799999237060546875</ele>
        <time>2025-09-01T13:59:02.000Z</time>
        <extensions>
          <ns3:TrackPointExtension>
            <ns3:atemp>25.0</ns3:atemp>
          </ns3:TrackPointExtension>
        </extensions>
      </trkpt>
      <trkpt lat="44.582375697791576385498046875" lon="-0.23847193457186222076416015625">
        <ele>53.799999237060546875</ele>
        <time>2025-09-01T13:59:03.000Z</time>
        <extensions>
          <ns3:TrackPointExtension>
            <ns3:atemp>25.0</ns3:atemp>
          </ns3:TrackPointExtension>
        </extensions>
      </trkpt>
      <trkpt lat="44.58235499449074268341064453125" lon="-0.2384663186967372894287109375">
        <ele>54</ele>
        <time>2025-09-01T13:59:04.000Z</time>
        <extensions>
          <ns3:TrackPointExtension>
            <ns3:atemp>25.0</ns3:atemp>
          </ns3:TrackPointExtension>
        </extensions>
      </trkpt>
      <trkpt lat="44.582334794104099273681640625" lon="-0.238460786640644073486328125">
        <ele>54</ele>
        <time>2025-09-01T13:59:05.000Z</time>
        <extensions>
          <ns3:TrackPointExtension>
            <ns3:atemp>25.0</ns3:atemp>
          </ns3:TrackPointExtension>
        </extensions>
      </trkpt>
      <trkpt lat="44.58231610246002674102783203125" lon="-0.23845332674682140350341796875">
        <ele>54</ele>
        <time>2025-09-01T13:59:06.000Z</time>
        <extensions>
          <ns3:TrackPointExtension>
            <ns3:atemp>25.0</ns3:atemp>
          </ns3:TrackPointExtension>
        </extensions>
      </trkpt>
      <trkpt lat="44.58229715935885906219482421875" lon="-0.238448716700077056884765625">
        <ele>54.200000762939453125</ele>
        <time>2025-09-01T13:59:07.000Z</time>
        <extensions>
          <ns3:TrackPointExtension>
            <ns3:atemp>25.0</ns3:atemp>
          </ns3:TrackPointExtension>
        </extensions>
      </trkpt>
      <trkpt lat="44.58227905444800853729248046875" lon="-0.23844125680625438690185546875">
        <ele>54.40000152587890625</ele>
        <time>2025-09-01T13:59:08.000Z</time>
        <extensions>
          <ns3:TrackPointExtension>
            <ns3:atemp>25.0</ns3:atemp>
          </ns3:TrackPointExtension>
        </extensions>
      </trkpt>
      <trkpt lat="44.582259692251682281494140625" lon="-0.238434635102748870849609375">
        <ele>54.40000152587890625</ele>
        <time>2025-09-01T13:59:09.000Z</time>
        <extensions>
          <ns3:TrackPointExtension>
            <ns3:atemp>25.0</ns3:atemp>
          </ns3:TrackPointExtension>
        </extensions>
      </trkpt>
      <trkpt lat="44.58223999477922916412353515625" lon="-0.2384284324944019317626953125">
        <ele>54.40000152587890625</ele>
        <time>2025-09-01T13:59:10.000Z</time>
        <extensions>
          <ns3:TrackPointExtension>
            <ns3:atemp>25.0</ns3:atemp>
          </ns3:TrackPointExtension>
        </extensions>
      </trkpt>
      <trkpt lat="44.58222113549709320068359375" lon="-0.2384200505912303924560546875">
        <ele>54.40000152587890625</ele>
        <time>2025-09-01T13:59:11.000Z</time>
        <extensions>
          <ns3:TrackPointExtension>
            <ns3:atemp>25.0</ns3:atemp>
          </ns3:TrackPointExtension>
        </extensions>
      </trkpt>
      <trkpt lat="44.58220504224300384521484375" lon="-0.2384153567254543304443359375">
        <ele>54.59999847412109375</ele>
        <time>2025-09-01T13:59:12.000Z</time>
        <extensions>
          <ns3:TrackPointExtension>
            <ns3:atemp>25.0</ns3:atemp>
          </ns3:TrackPointExtension>
        </extensions>
      </trkpt>
      <trkpt lat="44.58218903280794620513916015625" lon="-0.23841175250709056854248046875">
        <ele>54.799999237060546875</ele>
        <time>2025-09-01T13:59:13.000Z</time>
        <extensions>
          <ns3:TrackPointExtension>
            <ns3:atemp>25.0</ns3:atemp>
          </ns3:TrackPointExtension>
        </extensions>
      </trkpt>
      <trkpt lat="44.58217461593449115753173828125" lon="-0.23840722627937793731689453125">
        <ele>55</ele>
        <time>2025-09-01T13:59:14.000Z</time>
        <extensions>
          <ns3:TrackPointExtension>
            <ns3:atemp>25.0</ns3:atemp>
          </ns3:TrackPointExtension>
        </extensions>
      </trkpt>
      <trkpt lat="44.5821549184620380401611328125" lon="-0.23840345442295074462890625">
        <ele>55.40000152587890625</ele>
        <time>2025-09-01T13:59:15.000Z</time>
        <extensions>
          <ns3:TrackPointExtension>
            <ns3:atemp>25.0</ns3:atemp>
          </ns3:TrackPointExtension>
        </extensions>
      </trkpt>
      <trkpt lat="44.5821361429989337921142578125" lon="-0.23839968256652355194091796875">
        <ele>55.40000152587890625</ele>
        <time>2025-09-01T13:59:16.000Z</time>
        <extensions>
          <ns3:TrackPointExtension>
            <ns3:atemp>25.0</ns3:atemp>
          </ns3:TrackPointExtension>
        </extensions>
      </trkpt>
      <trkpt lat="44.5821185410022735595703125" lon="-0.23839264176785945892333984375">
        <ele>55.59999847412109375</ele>
        <time>2025-09-01T13:59:17.000Z</time>
        <extensions>
          <ns3:TrackPointExtension>
            <ns3:atemp>25.0</ns3:atemp>
          </ns3:TrackPointExtension>
        </extensions>
      </trkpt>
      <trkpt lat="44.5820999331772327423095703125" lon="-0.23838995955884456634521484375">
        <ele>55.799999237060546875</ele>
        <time>2025-09-01T13:59:18.000Z</time>
        <extensions>
          <ns3:TrackPointExtension>
            <ns3:atemp>25.0</ns3:atemp>
          </ns3:TrackPointExtension>
        </extensions>
      </trkpt>
      <trkpt lat="44.58208258263766765594482421875" lon="-0.2383838407695293426513671875">
        <ele>56</ele>
        <time>2025-09-01T13:59:19.000Z</time>
        <extensions>
          <ns3:TrackPointExtension>
            <ns3:atemp>25.0</ns3:atemp>
          </ns3:TrackPointExtension>
        </extensions>
      </trkpt>
      <trkpt lat="44.58206682465970516204833984375" lon="-0.2383791469037532806396484375">
        <ele>56.200000762939453125</ele>
        <time>2025-09-01T13:59:20.000Z</time>
        <extensions>
          <ns3:TrackPointExtension>
            <ns3:atemp>25.0</ns3:atemp>
          </ns3:TrackPointExtension>
        </extensions>
      </trkpt>
      <trkpt lat="44.58205123431980609893798828125" lon="-0.2383767999708652496337890625">
        <ele>56.200000762939453125</ele>
        <time>2025-09-01T13:59:21.000Z</time>
        <extensions>
          <ns3:TrackPointExtension>
            <ns3:atemp>25.0</ns3:atemp>
          </ns3:TrackPointExtension>
        </extensions>
      </trkpt>
      <trkpt lat="44.58203614689409732818603515625" lon="-0.23837034590542316436767578125">
        <ele>56.40000152587890625</ele>
        <time>2025-09-01T13:59:22.000Z</time>
        <extensions>
          <ns3:TrackPointExtension>
            <ns3:atemp>25.0</ns3:atemp>
          </ns3:TrackPointExtension>
        </extensions>
      </trkpt>
      <trkpt lat="44.58202005364000797271728515625" lon="-0.23836330510675907135009765625">
        <ele>56.40000152587890625</ele>
        <time>2025-09-01T13:59:23.000Z</time>
        <extensions>
          <ns3:TrackPointExtension>
            <ns3:atemp>25.0</ns3:atemp>
          </ns3:TrackPointExtension>
        </extensions>
      </trkpt>
      <trkpt lat="44.5820020325481891632080078125" lon="-0.2383573539555072784423828125">
        <ele>56.40000152587890625</ele>
        <time>2025-09-01T13:59:24.000Z</time>
        <extensions>
          <ns3:TrackPointExtension>
            <ns3:atemp>25.0</ns3:atemp>
          </ns3:TrackPointExtension>
        </extensions>
      </trkpt>
      <trkpt lat="44.581982754170894622802734375" lon="-0.2383526600897312164306640625">
        <ele>56.40000152587890625</ele>
        <time>2025-09-01T13:59:25.000Z</time>
        <extensions>
          <ns3:TrackPointExtension>
            <ns3:atemp>25.0</ns3:atemp>
          </ns3:TrackPointExtension>
        </extensions>
      </trkpt>
      <trkpt lat="44.58196607418358325958251953125" lon="-0.23834771476686000823974609375">
        <ele>56.40000152587890625</ele>
        <time>2025-09-01T13:59:26.000Z</time>
        <extensions>
          <ns3:TrackPointExtension>
            <ns3:atemp>25.0</ns3:atemp>
          </ns3:TrackPointExtension>
        </extensions>
      </trkpt>
      <trkpt lat="44.58194897510111331939697265625" lon="-0.23834310472011566162109375">
        <ele>56.40000152587890625</ele>
        <time>2025-09-01T13:59:27.000Z</time>
        <extensions>
          <ns3:TrackPointExtension>
            <ns3:atemp>25.0</ns3:atemp>
          </ns3:TrackPointExtension>
        </extensions>
      </trkpt>
      <trkpt lat="44.58193137310445308685302734375" lon="-0.23833782412111759185791015625">
        <ele>56.59999847412109375</ele>
        <time>2025-09-01T13:59:28.000Z</time>
        <extensions>
          <ns3:TrackPointExtension>
            <ns3:atemp>25.0</ns3:atemp>
          </ns3:TrackPointExtension>
        </extensions>
      </trkpt>
      <trkpt lat="44.58191402256488800048828125" lon="-0.238331370055675506591796875">
        <ele>56.59999847412109375</ele>
        <time>2025-09-01T13:59:29.000Z</time>
        <extensions>
          <ns3:TrackPointExtension>
            <ns3:atemp>25.0</ns3:atemp>
          </ns3:TrackPointExtension>
        </extensions>
      </trkpt>
      <trkpt lat="44.581897594034671783447265625" lon="-0.238326676189899444580078125">
        <ele>56.799999237060546875</ele>
        <time>2025-09-01T13:59:30.000Z</time>
        <extensions>
          <ns3:TrackPointExtension>
            <ns3:atemp>25.0</ns3:atemp>
          </ns3:TrackPointExtension>
        </extensions>
      </trkpt>
      <trkpt lat="44.58188259042799472808837890625" lon="-0.238321311771869659423828125">
        <ele>56.799999237060546875</ele>
        <time>2025-09-01T13:59:31.000Z</time>
        <extensions>
          <ns3:TrackPointExtension>
            <ns3:atemp>25.0</ns3:atemp>
          </ns3:TrackPointExtension>
        </extensions>
      </trkpt>
      <trkpt lat="44.58186649717390537261962890625" lon="-0.2383164502680301666259765625">
        <ele>57</ele>
        <time>2025-09-01T13:59:32.000Z</time>
        <extensions>
          <ns3:TrackPointExtension>
            <ns3:atemp>25.0</ns3:atemp>
          </ns3:TrackPointExtension>
        </extensions>
      </trkpt>
      <trkpt lat="44.5818503201007843017578125" lon="-0.238311924040317535400390625">
        <ele>57</ele>
        <time>2025-09-01T13:59:33.000Z</time>
        <extensions>
          <ns3:TrackPointExtension>
            <ns3:atemp>25.0</ns3:atemp>
          </ns3:TrackPointExtension>
        </extensions>
      </trkpt>
      <trkpt lat="44.5818343944847583770751953125" lon="-0.23830915801227092742919921875">
        <ele>57.200000762939453125</ele>
        <time>2025-09-01T13:59:34.000Z</time>
        <extensions>
          <ns3:TrackPointExtension>
            <ns3:atemp>25.0</ns3:atemp>
          </ns3:TrackPointExtension>
        </extensions>
      </trkpt>
      <trkpt lat="44.5818183012306690216064453125" lon="-0.238303877413272857666015625">
        <ele>57.40000152587890625</ele>
        <time>2025-09-01T13:59:35.000Z</time>
        <extensions>
          <ns3:TrackPointExtension>
            <ns3:atemp>25.0</ns3:atemp>
          </ns3:TrackPointExtension>
        </extensions>
      </trkpt>
      <trkpt lat="44.58180405199527740478515625" lon="-0.2382976748049259185791015625">
        <ele>57.40000152587890625</ele>
        <time>2025-09-01T13:59:36.000Z</time>
        <extensions>
          <ns3:TrackPointExtension>
            <ns3:atemp>25.0</ns3:atemp>
          </ns3:TrackPointExtension>
        </extensions>
      </trkpt>
      <trkpt lat="44.581790305674076080322265625" lon="-0.23829281330108642578125">
        <ele>57.59999847412109375</ele>
        <time>2025-09-01T13:59:37.000Z</time>
        <extensions>
          <ns3:TrackPointExtension>
            <ns3:atemp>25.0</ns3:atemp>
          </ns3:TrackPointExtension>
        </extensions>
      </trkpt>
      <trkpt lat="44.58177396096289157867431640625" lon="-0.238285772502422332763671875">
        <ele>57.59999847412109375</ele>
        <time>2025-09-01T13:59:38.000Z</time>
        <extensions>
          <ns3:TrackPointExtension>
            <ns3:atemp>25.0</ns3:atemp>
          </ns3:TrackPointExtension>
        </extensions>
      </trkpt>
      <trkpt lat="44.58175736479461193084716796875" lon="-0.23828267119824886322021484375">
        <ele>57.799999237060546875</ele>
        <time>2025-09-01T13:59:39.000Z</time>
        <extensions>
          <ns3:TrackPointExtension>
            <ns3:atemp>25.0</ns3:atemp>
          </ns3:TrackPointExtension>
        </extensions>
      </trkpt>
      <trkpt lat="44.58173892460763454437255859375" lon="-0.23827604949474334716796875">
        <ele>57.799999237060546875</ele>
        <time>2025-09-01T13:59:40.000Z</time>
        <extensions>
          <ns3:TrackPointExtension>
            <ns3:atemp>25.0</ns3:atemp>
          </ns3:TrackPointExtension>
        </extensions>
      </trkpt>
      <trkpt lat="44.581725597381591796875" lon="-0.23827278055250644683837890625">
        <ele>58</ele>
        <time>2025-09-01T13:59:41.000Z</time>
        <extensions>
          <ns3:TrackPointExtension>
            <ns3:atemp>25.0</ns3:atemp>
          </ns3:TrackPointExtension>
        </extensions>
      </trkpt>
      <trkpt lat="44.5817106775939464569091796875" lon="-0.23826875723898410797119140625">
        <ele>58</ele>
        <time>2025-09-01T13:59:42.000Z</time>
        <extensions>
          <ns3:TrackPointExtension>
            <ns3:atemp>25.0</ns3:atemp>
          </ns3:TrackPointExtension>
        </extensions>
      </trkpt>
      <trkpt lat="44.5816969312727451324462890625" lon="-0.23826666176319122314453125">
        <ele>58</ele>
        <time>2025-09-01T13:59:43.000Z</time>
        <extensions>
          <ns3:TrackPointExtension>
            <ns3:atemp>25.0</ns3:atemp>
          </ns3:TrackPointExtension>
        </extensions>
      </trkpt>
      <trkpt lat="44.5816821791231632232666015625" lon="-0.23826129734516143798828125">
        <ele>58.200000762939453125</ele>
        <time>2025-09-01T13:59:44.000Z</time>
        <extensions>
          <ns3:TrackPointExtension>
            <ns3:atemp>25.0</ns3:atemp>
          </ns3:TrackPointExtension>
        </extensions>
      </trkpt>
      <trkpt lat="44.58166482858359813690185546875" lon="-0.23825551383197307586669921875">
        <ele>58.200000762939453125</ele>
        <time>2025-09-01T13:59:45.000Z</time>
        <extensions>
          <ns3:TrackPointExtension>
            <ns3:atemp>25.0</ns3:atemp>
          </ns3:TrackPointExtension>
        </extensions>
      </trkpt>
      <trkpt lat="44.5816509984433650970458984375" lon="-0.23824981413781642913818359375">
        <ele>58.200000762939453125</ele>
        <time>2025-09-01T13:59:46.000Z</time>
        <extensions>
          <ns3:TrackPointExtension>
            <ns3:atemp>25.0</ns3:atemp>
          </ns3:TrackPointExtension>
        </extensions>
      </trkpt>
      <trkpt lat="44.5816372521221637725830078125" lon="-0.2382450364530086517333984375">
        <ele>58.200000762939453125</ele>
        <time>2025-09-01T13:59:47.000Z</time>
        <extensions>
          <ns3:TrackPointExtension>
            <ns3:atemp>25.0</ns3:atemp>
          </ns3:TrackPointExtension>
        </extensions>
      </trkpt>
      <trkpt lat="44.58162258379161357879638671875" lon="-0.238239504396915435791015625">
        <ele>58.40000152587890625</ele>
        <time>2025-09-01T13:59:48.000Z</time>
        <extensions>
          <ns3:TrackPointExtension>
            <ns3:atemp>25.0</ns3:atemp>
          </ns3:TrackPointExtension>
        </extensions>
      </trkpt>
      <trkpt lat="44.58160816691815853118896484375" lon="-0.2382378280162811279296875">
        <ele>58.40000152587890625</ele>
        <time>2025-09-01T13:59:49.000Z</time>
        <extensions>
          <ns3:TrackPointExtension>
            <ns3:atemp>25.0</ns3:atemp>
          </ns3:TrackPointExtension>
        </extensions>
      </trkpt>
      <trkpt lat="44.5815940015017986297607421875" lon="-0.238240174949169158935546875">
        <ele>58.40000152587890625</ele>
        <time>2025-09-01T13:59:50.000Z</time>
        <extensions>
          <ns3:TrackPointExtension>
            <ns3:atemp>25.0</ns3:atemp>
          </ns3:TrackPointExtension>
        </extensions>
      </trkpt>
      <trkpt lat="44.5815822668373584747314453125" lon="-0.23823690600693225860595703125">
        <ele>58.59999847412109375</ele>
        <time>2025-09-01T13:59:51.000Z</time>
        <extensions>
          <ns3:TrackPointExtension>
            <ns3:atemp>25.0</ns3:atemp>
          </ns3:TrackPointExtension>
        </extensions>
      </trkpt>
      <trkpt lat="44.58157061599195003509521484375" lon="-0.23823187686502933502197265625">
        <ele>58.59999847412109375</ele>
        <time>2025-09-01T13:59:52.000Z</time>
        <extensions>
          <ns3:TrackPointExtension>
            <ns3:atemp>25.0</ns3:atemp>
          </ns3:TrackPointExtension>
        </extensions>
      </trkpt>
      <trkpt lat="44.58155485801398754119873046875" lon="-0.238218717277050018310546875">
        <ele>58.799999237060546875</ele>
        <time>2025-09-01T13:59:53.000Z</time>
        <extensions>
          <ns3:TrackPointExtension>
            <ns3:atemp>25.0</ns3:atemp>
          </ns3:TrackPointExtension>
        </extensions>
      </trkpt>
      <trkpt lat="44.58154060877859592437744140625" lon="-0.23821410723030567169189453125">
        <ele>59</ele>
        <time>2025-09-01T13:59:54.000Z</time>
        <extensions>
          <ns3:TrackPointExtension>
            <ns3:atemp>25.0</ns3:atemp>
          </ns3:TrackPointExtension>
        </extensions>
      </trkpt>
      <trkpt lat="44.58152669481933116912841796875" lon="-0.23821192793548107147216796875">
        <ele>59.200000762939453125</ele>
        <time>2025-09-01T13:59:55.000Z</time>
        <extensions>
          <ns3:TrackPointExtension>
            <ns3:atemp>25.0</ns3:atemp>
          </ns3:TrackPointExtension>
        </extensions>
      </trkpt>
      <trkpt lat="44.58151428960263729095458984375" lon="-0.23820723406970500946044921875">
        <ele>59.200000762939453125</ele>
        <time>2025-09-01T13:59:56.000Z</time>
        <extensions>
          <ns3:TrackPointExtension>
            <ns3:atemp>25.0</ns3:atemp>
          </ns3:TrackPointExtension>
        </extensions>
      </trkpt>
      <trkpt lat="44.581502638757228851318359375" lon="-0.23820270784199237823486328125">
        <ele>59.40000152587890625</ele>
        <time>2025-09-01T13:59:57.000Z</time>
        <extensions>
          <ns3:TrackPointExtension>
            <ns3:atemp>26.0</ns3:atemp>
          </ns3:TrackPointExtension>
        </extensions>
      </trkpt>
      <trkpt lat="44.58149098791182041168212890625" lon="-0.23820019327104091644287109375">
        <ele>59.40000152587890625</ele>
        <time>2025-09-01T13:59:58.000Z</time>
        <extensions>
          <ns3:TrackPointExtension>
            <ns3:atemp>25.0</ns3:atemp>
          </ns3:TrackPointExtension>
        </extensions>
      </trkpt>
      <trkpt lat="44.58147950470447540283203125" lon="-0.23819767870008945465087890625">
        <ele>59.59999847412109375</ele>
        <time>2025-09-01T13:59:59.000Z</time>
        <extensions>
          <ns3:TrackPointExtension>
            <ns3:atemp>25.0</ns3:atemp>
          </ns3:TrackPointExtension>
        </extensions>
      </trkpt>
      <trkpt lat="44.58146609365940093994140625" lon="-0.2381949126720428466796875">
        <ele>59.59999847412109375</ele>
        <time>2025-09-01T14:00:00.000Z</time>
        <extensions>
          <ns3:TrackPointExtension>
            <ns3:atemp>25.0</ns3:atemp>
          </ns3:TrackPointExtension>
        </extensions>
      </trkpt>
      <trkpt lat="44.5814521797001361846923828125" lon="-0.2381927333772182464599609375">
        <ele>59.799999237060546875</ele>
        <time>2025-09-01T14:00:01.000Z</time>
        <extensions>
          <ns3:TrackPointExtension>
            <ns3:atemp>25.0</ns3:atemp>
          </ns3:TrackPointExtension>
        </extensions>
      </trkpt>
      <trkpt lat="44.5814384333789348602294921875" lon="-0.23818996734917163848876953125">
        <ele>60.200000762939453125</ele>
        <time>2025-09-01T14:00:02.000Z</time>
        <extensions>
          <ns3:TrackPointExtension>
            <ns3:atemp>25.0</ns3:atemp>
          </ns3:TrackPointExtension>
        </extensions>
      </trkpt>
      <trkpt lat="44.58142477087676525115966796875" lon="-0.23818661458790302276611328125">
        <ele>60.40000152587890625</ele>
        <time>2025-09-01T14:00:03.000Z</time>
        <extensions>
          <ns3:TrackPointExtension>
            <ns3:atemp>25.0</ns3:atemp>
          </ns3:TrackPointExtension>
        </extensions>
      </trkpt>
      <trkpt lat="44.58141085691750049591064453125" lon="-0.238181166350841522216796875">
        <ele>60.59999847412109375</ele>
        <time>2025-09-01T14:00:04.000Z</time>
        <extensions>
          <ns3:TrackPointExtension>
            <ns3:atemp>25.0</ns3:atemp>
          </ns3:TrackPointExtension>
        </extensions>
      </trkpt>
      <trkpt lat="44.58139711059629917144775390625" lon="-0.2381763048470020294189453125">
        <ele>61</ele>
        <time>2025-09-01T14:00:05.000Z</time>
        <extensions>
          <ns3:TrackPointExtension>
            <ns3:atemp>25.0</ns3:atemp>
          </ns3:TrackPointExtension>
        </extensions>
      </trkpt>
      <trkpt lat="44.58138369955122470855712890625" lon="-0.23817404173314571380615234375">
        <ele>61.200000762939453125</ele>
        <time>2025-09-01T14:00:06.000Z</time>
        <extensions>
          <ns3:TrackPointExtension>
            <ns3:atemp>25.0</ns3:atemp>
          </ns3:TrackPointExtension>
        </extensions>
      </trkpt>
      <trkpt lat="44.5813703723251819610595703125" lon="-0.23817236535251140594482421875">
        <ele>61.40000152587890625</ele>
        <time>2025-09-01T14:00:07.000Z</time>
        <extensions>
          <ns3:TrackPointExtension>
            <ns3:atemp>26.0</ns3:atemp>
          </ns3:TrackPointExtension>
        </extensions>
      </trkpt>
      <trkpt lat="44.5813583023846149444580078125" lon="-0.23816934786736965179443359375">
        <ele>61.59999847412109375</ele>
        <time>2025-09-01T14:00:08.000Z</time>
        <extensions>
          <ns3:TrackPointExtension>
            <ns3:atemp>26.0</ns3:atemp>
          </ns3:TrackPointExtension>
        </extensions>
      </trkpt>
      <trkpt lat="44.581345058977603912353515625" lon="-0.23816431872546672821044921875">
        <ele>61.799999237060546875</ele>
        <time>2025-09-01T14:00:09.000Z</time>
        <extensions>
          <ns3:TrackPointExtension>
            <ns3:atemp>25.0</ns3:atemp>
          </ns3:TrackPointExtension>
        </extensions>
      </trkpt>
      <trkpt lat="44.58133189938962459564208984375" lon="-0.23816146887838840484619140625">
        <ele>61.799999237060546875</ele>
        <time>2025-09-01T14:00:10.000Z</time>
        <extensions>
          <ns3:TrackPointExtension>
            <ns3:atemp>26.0</ns3:atemp>
          </ns3:TrackPointExtension>
        </extensions>
      </trkpt>
      <trkpt lat="44.581317901611328125" lon="-0.23815928958356380462646484375">
        <ele>62</ele>
        <time>2025-09-01T14:00:11.000Z</time>
        <extensions>
          <ns3:TrackPointExtension>
            <ns3:atemp>25.0</ns3:atemp>
          </ns3:TrackPointExtension>
        </extensions>
      </trkpt>
      <trkpt lat="44.5813019759953022003173828125" lon="-0.23815442807972431182861328125">
        <ele>62</ele>
        <time>2025-09-01T14:00:12.000Z</time>
        <extensions>
          <ns3:TrackPointExtension>
            <ns3:atemp>26.0</ns3:atemp>
          </ns3:TrackPointExtension>
        </extensions>
      </trkpt>
      <trkpt lat="44.58128412254154682159423828125" lon="-0.23814654909074306488037109375">
        <ele>62.200000762939453125</ele>
        <time>2025-09-01T14:00:13.000Z</time>
        <extensions>
          <ns3:TrackPointExtension>
            <ns3:atemp>26.0</ns3:atemp>
          </ns3:TrackPointExtension>
        </extensions>
      </trkpt>
      <trkpt lat="44.58127037622034549713134765625" lon="-0.23813900537788867950439453125">
        <ele>62.40000152587890625</ele>
        <time>2025-09-01T14:00:14.000Z</time>
        <extensions>
          <ns3:TrackPointExtension>
            <ns3:atemp>26.0</ns3:atemp>
          </ns3:TrackPointExtension>
        </extensions>
      </trkpt>
      <trkpt lat="44.58125746808946132659912109375" lon="-0.23813514970242977142333984375">
        <ele>62.40000152587890625</ele>
        <time>2025-09-01T14:00:15.000Z</time>
        <extensions>
          <ns3:TrackPointExtension>
            <ns3:atemp>26.0</ns3:atemp>
          </ns3:TrackPointExtension>
        </extensions>
      </trkpt>
      <trkpt lat="44.581243805587291717529296875" lon="-0.23813632316887378692626953125">
        <ele>62.59999847412109375</ele>
        <time>2025-09-01T14:00:16.000Z</time>
        <extensions>
          <ns3:TrackPointExtension>
            <ns3:atemp>26.0</ns3:atemp>
          </ns3:TrackPointExtension>
        </extensions>
      </trkpt>
      <trkpt lat="44.5812275446951389312744140625" lon="-0.238132886588573455810546875">
        <ele>62.59999847412109375</ele>
        <time>2025-09-01T14:00:17.000Z</time>
        <extensions>
          <ns3:TrackPointExtension>
            <ns3:atemp>26.0</ns3:atemp>
          </ns3:TrackPointExtension>
        </extensions>
      </trkpt>
      <trkpt lat="44.58121119998395442962646484375" lon="-0.23812676779925823211669921875">
        <ele>62.799999237060546875</ele>
        <time>2025-09-01T14:00:18.000Z</time>
        <extensions>
          <ns3:TrackPointExtension>
            <ns3:atemp>26.0</ns3:atemp>
          </ns3:TrackPointExtension>
        </extensions>
      </trkpt>
      <trkpt lat="44.58119695074856281280517578125" lon="-0.23812190629541873931884765625">
        <ele>62.799999237060546875</ele>
        <time>2025-09-01T14:00:19.000Z</time>
        <extensions>
          <ns3:TrackPointExtension>
            <ns3:atemp>26.0</ns3:atemp>
          </ns3:TrackPointExtension>
        </extensions>
      </trkpt>
      <trkpt lat="44.5811826176941394805908203125" lon="-0.23811738006770610809326171875">
        <ele>63</ele>
        <time>2025-09-01T14:00:20.000Z</time>
        <extensions>
          <ns3:TrackPointExtension>
            <ns3:atemp>26.0</ns3:atemp>
          </ns3:TrackPointExtension>
        </extensions>
      </trkpt>
      <trkpt lat="44.5811725594103336334228515625" lon="-0.238110758364200592041015625">
        <ele>63</ele>
        <time>2025-09-01T14:00:21.000Z</time>
        <extensions>
          <ns3:TrackPointExtension>
            <ns3:atemp>26.0</ns3:atemp>
          </ns3:TrackPointExtension>
        </extensions>
      </trkpt>
      <trkpt lat="44.5811604894697666168212890625" lon="-0.2381058968603610992431640625">
        <ele>63.200000762939453125</ele>
        <time>2025-09-01T14:00:22.000Z</time>
        <extensions>
          <ns3:TrackPointExtension>
            <ns3:atemp>26.0</ns3:atemp>
          </ns3:TrackPointExtension>
        </extensions>
      </trkpt>
      <trkpt lat="44.581146240234375" lon="-0.2381018735468387603759765625">
        <ele>63.40000152587890625</ele>
        <time>2025-09-01T14:00:23.000Z</time>
        <extensions>
          <ns3:TrackPointExtension>
            <ns3:atemp>26.0</ns3:atemp>
          </ns3:TrackPointExtension>
        </extensions>
      </trkpt>
      <trkpt lat="44.58113014698028564453125" lon="-0.2380985207855701446533203125">
        <ele>63.40000152587890625</ele>
        <time>2025-09-01T14:00:24.000Z</time>
        <extensions>
          <ns3:TrackPointExtension>
            <ns3:atemp>26.0</ns3:atemp>
          </ns3:TrackPointExtension>
        </extensions>
      </trkpt>
      <trkpt lat="44.5811153948307037353515625" lon="-0.23809365928173065185546875">
        <ele>63.59999847412109375</ele>
        <time>2025-09-01T14:00:25.000Z</time>
        <extensions>
          <ns3:TrackPointExtension>
            <ns3:atemp>26.0</ns3:atemp>
          </ns3:TrackPointExtension>
        </extensions>
      </trkpt>
      <trkpt lat="44.58110332489013671875" lon="-0.238086618483066558837890625">
        <ele>63.799999237060546875</ele>
        <time>2025-09-01T14:00:26.000Z</time>
        <extensions>
          <ns3:TrackPointExtension>
            <ns3:atemp>26.0</ns3:atemp>
          </ns3:TrackPointExtension>
        </extensions>
      </trkpt>
      <trkpt lat="44.581092931330204010009765625" lon="-0.2380814217031002044677734375">
        <ele>64</ele>
        <time>2025-09-01T14:00:27.000Z</time>
        <extensions>
          <ns3:TrackPointExtension>
            <ns3:atemp>26.0</ns3:atemp>
          </ns3:TrackPointExtension>
        </extensions>
      </trkpt>
      <trkpt lat="44.5810800231993198394775390625" lon="-0.2380768954753875732421875">
        <ele>64.1999969482421875</ele>
        <time>2025-09-01T14:00:28.000Z</time>
        <extensions>
          <ns3:TrackPointExtension>
            <ns3:atemp>26.0</ns3:atemp>
          </ns3:TrackPointExtension>
        </extensions>
      </trkpt>
      <trkpt lat="44.58106233738362789154052734375" lon="-0.23807547055184841156005859375">
        <ele>64.40000152587890625</ele>
        <time>2025-09-01T14:00:29.000Z</time>
        <extensions>
          <ns3:TrackPointExtension>
            <ns3:atemp>26.0</ns3:atemp>
          </ns3:TrackPointExtension>
        </extensions>
      </trkpt>
      <trkpt lat="44.58104440011084079742431640625" lon="-0.238073877990245819091796875">
        <ele>64.8000030517578125</ele>
        <time>2025-09-01T14:00:30.000Z</time>
        <extensions>
          <ns3:TrackPointExtension>
            <ns3:atemp>26.0</ns3:atemp>
          </ns3:TrackPointExtension>
        </extensions>
      </trkpt>
      <trkpt lat="44.58103031851351261138916015625" lon="-0.2380706928670406341552734375">
        <ele>65</ele>
        <time>2025-09-01T14:00:31.000Z</time>
        <extensions>
          <ns3:TrackPointExtension>
            <ns3:atemp>26.0</ns3:atemp>
          </ns3:TrackPointExtension>
        </extensions>
      </trkpt>
      <trkpt lat="44.58101749420166015625" lon="-0.23807127960026264190673828125">
        <ele>65.1999969482421875</ele>
        <time>2025-09-01T14:00:32.000Z</time>
        <extensions>
          <ns3:TrackPointExtension>
            <ns3:atemp>26.0</ns3:atemp>
          </ns3:TrackPointExtension>
        </extensions>
      </trkpt>
      <trkpt lat="44.5810039155185222625732421875" lon="-0.238069184124469757080078125">
        <ele>65.40000152587890625</ele>
        <time>2025-09-01T14:00:33.000Z</time>
        <extensions>
          <ns3:TrackPointExtension>
            <ns3:atemp>26.0</ns3:atemp>
          </ns3:TrackPointExtension>
        </extensions>
      </trkpt>
      <trkpt lat="44.58098991774022579193115234375" lon="-0.23806943558156490325927734375">
        <ele>65.59999847412109375</ele>
        <time>2025-09-01T14:00:34.000Z</time>
        <extensions>
          <ns3:TrackPointExtension>
            <ns3:atemp>26.0</ns3:atemp>
          </ns3:TrackPointExtension>
        </extensions>
      </trkpt>
      <trkpt lat="44.580977261066436767578125" lon="-0.2380649931728839874267578125">
        <ele>65.59999847412109375</ele>
        <time>2025-09-01T14:00:35.000Z</time>
        <extensions>
          <ns3:TrackPointExtension>
            <ns3:atemp>26.0</ns3:atemp>
          </ns3:TrackPointExtension>
        </extensions>
      </trkpt>
      <trkpt lat="44.580962173640727996826171875" lon="-0.238060466945171356201171875">
        <ele>65.8000030517578125</ele>
        <time>2025-09-01T14:00:36.000Z</time>
        <extensions>
          <ns3:TrackPointExtension>
            <ns3:atemp>26.0</ns3:atemp>
          </ns3:TrackPointExtension>
        </extensions>
      </trkpt>
      <trkpt lat="44.58094867877662181854248046875" lon="-0.23805770091712474822998046875">
        <ele>65.8000030517578125</ele>
        <time>2025-09-01T14:00:37.000Z</time>
        <extensions>
          <ns3:TrackPointExtension>
            <ns3:atemp>26.0</ns3:atemp>
          </ns3:TrackPointExtension>
        </extensions>
      </trkpt>
      <trkpt lat="44.58093644119799137115478515625" lon="-0.23805418051779270172119140625">
        <ele>66</ele>
        <time>2025-09-01T14:00:38.000Z</time>
        <extensions>
          <ns3:TrackPointExtension>
            <ns3:atemp>26.0</ns3:atemp>
          </ns3:TrackPointExtension>
        </extensions>
      </trkpt>
      <trkpt lat="44.58091934211552143096923828125" lon="-0.2380512468516826629638671875">
        <ele>66</ele>
        <time>2025-09-01T14:00:39.000Z</time>
        <extensions>
          <ns3:TrackPointExtension>
            <ns3:atemp>26.0</ns3:atemp>
          </ns3:TrackPointExtension>
        </extensions>
      </trkpt>
      <trkpt lat="44.58090442232787609100341796875" lon="-0.23805032484233379364013671875">
        <ele>66.1999969482421875</ele>
        <time>2025-09-01T14:00:40.000Z</time>
        <extensions>
          <ns3:TrackPointExtension>
            <ns3:atemp>26.0</ns3:atemp>
          </ns3:TrackPointExtension>
        </extensions>
      </trkpt>
      <trkpt lat="44.58088682033121585845947265625" lon="-0.2380465529859066009521484375">
        <ele>66.40000152587890625</ele>
        <time>2025-09-01T14:00:41.000Z</time>
        <extensions>
          <ns3:TrackPointExtension>
            <ns3:atemp>26.0</ns3:atemp>
          </ns3:TrackPointExtension>
        </extensions>
      </trkpt>
      <trkpt lat="44.580873660743236541748046875" lon="-0.23804311640560626983642578125">
        <ele>66.40000152587890625</ele>
        <time>2025-09-01T14:00:42.000Z</time>
        <extensions>
          <ns3:TrackPointExtension>
            <ns3:atemp>26.0</ns3:atemp>
          </ns3:TrackPointExtension>
        </extensions>
      </trkpt>
      <trkpt lat="44.58086083643138408660888671875" lon="-0.23803674615919589996337890625">
        <ele>66.59999847412109375</ele>
        <time>2025-09-01T14:00:43.000Z</time>
        <extensions>
          <ns3:TrackPointExtension>
            <ns3:atemp>26.0</ns3:atemp>
          </ns3:TrackPointExtension>
        </extensions>
      </trkpt>
      <trkpt lat="44.58084843121469020843505859375" lon="-0.23803062736988067626953125">
        <ele>66.8000030517578125</ele>
        <time>2025-09-01T14:00:44.000Z</time>
        <extensions>
          <ns3:TrackPointExtension>
            <ns3:atemp>26.0</ns3:atemp>
          </ns3:TrackPointExtension>
        </extensions>
      </trkpt>
      <trkpt lat="44.580836780369281768798828125" lon="-0.2380257658660411834716796875">
        <ele>67</ele>
        <time>2025-09-01T14:00:45.000Z</time>
        <extensions>
          <ns3:TrackPointExtension>
            <ns3:atemp>26.0</ns3:atemp>
          </ns3:TrackPointExtension>
        </extensions>
      </trkpt>
      <trkpt lat="44.58082261495292186737060546875" lon="-0.2380214072763919830322265625">
        <ele>67</ele>
        <time>2025-09-01T14:00:46.000Z</time>
        <extensions>
          <ns3:TrackPointExtension>
            <ns3:atemp>26.0</ns3:atemp>
          </ns3:TrackPointExtension>
        </extensions>
      </trkpt>
      <trkpt lat="44.5808069407939910888671875" lon="-0.23801964707672595977783203125">
        <ele>67.1999969482421875</ele>
        <time>2025-09-01T14:00:47.000Z</time>
        <extensions>
          <ns3:TrackPointExtension>
            <ns3:atemp>26.0</ns3:atemp>
          </ns3:TrackPointExtension>
        </extensions>
      </trkpt>
      <trkpt lat="44.5807910151779651641845703125" lon="-0.23801847361028194427490234375">
        <ele>67.1999969482421875</ele>
        <time>2025-09-01T14:00:48.000Z</time>
        <extensions>
          <ns3:TrackPointExtension>
            <ns3:atemp>26.0</ns3:atemp>
          </ns3:TrackPointExtension>
        </extensions>
      </trkpt>
      <trkpt lat="44.5807765983045101165771484375" lon="-0.23801730014383792877197265625">
        <ele>67.40000152587890625</ele>
        <time>2025-09-01T14:00:49.000Z</time>
        <extensions>
          <ns3:TrackPointExtension>
            <ns3:atemp>26.0</ns3:atemp>
          </ns3:TrackPointExtension>
        </extensions>
      </trkpt>
      <trkpt lat="44.580761007964611053466796875" lon="-0.23801730014383792877197265625">
        <ele>67.40000152587890625</ele>
        <time>2025-09-01T14:00:50.000Z</time>
        <extensions>
          <ns3:TrackPointExtension>
            <ns3:atemp>26.0</ns3:atemp>
          </ns3:TrackPointExtension>
        </extensions>
      </trkpt>
      <trkpt lat="44.58074633963406085968017578125" lon="-0.23801746778190135955810546875">
        <ele>67.59999847412109375</ele>
        <time>2025-09-01T14:00:51.000Z</time>
        <extensions>
          <ns3:TrackPointExtension>
            <ns3:atemp>26.0</ns3:atemp>
          </ns3:TrackPointExtension>
        </extensions>
      </trkpt>
      <trkpt lat="44.5807303301990032196044921875" lon="-0.23801394738256931304931640625">
        <ele>67.59999847412109375</ele>
        <time>2025-09-01T14:00:52.000Z</time>
        <extensions>
          <ns3:TrackPointExtension>
            <ns3:atemp>26.0</ns3:atemp>
          </ns3:TrackPointExtension>
        </extensions>
      </trkpt>
      <trkpt lat="44.58071633242070674896240234375" lon="-0.23800958879292011260986328125">
        <ele>67.59999847412109375</ele>
        <time>2025-09-01T14:00:53.000Z</time>
        <extensions>
          <ns3:TrackPointExtension>
            <ns3:atemp>26.0</ns3:atemp>
          </ns3:TrackPointExtension>
        </extensions>
      </trkpt>
      <trkpt lat="44.5806998200714588165283203125" lon="-0.238009504973888397216796875">
        <ele>67.59999847412109375</ele>
        <time>2025-09-01T14:00:54.000Z</time>
        <extensions>
          <ns3:TrackPointExtension>
            <ns3:atemp>26.0</ns3:atemp>
          </ns3:TrackPointExtension>
        </extensions>
      </trkpt>
      <trkpt lat="44.5806843973696231842041015625" lon="-0.23800916969776153564453125">
        <ele>67.59999847412109375</ele>
        <time>2025-09-01T14:00:55.000Z</time>
        <extensions>
          <ns3:TrackPointExtension>
            <ns3:atemp>26.0</ns3:atemp>
          </ns3:TrackPointExtension>
        </extensions>
      </trkpt>
      <trkpt lat="44.58067123778164386749267578125" lon="-0.2380053140223026275634765625">
        <ele>67.59999847412109375</ele>
        <time>2025-09-01T14:00:56.000Z</time>
        <extensions>
          <ns3:TrackPointExtension>
            <ns3:atemp>26.0</ns3:atemp>
          </ns3:TrackPointExtension>
        </extensions>
      </trkpt>
      <trkpt lat="44.5806565694510936737060546875" lon="-0.23800204508006572723388671875">
        <ele>67.59999847412109375</ele>
        <time>2025-09-01T14:00:57.000Z</time>
        <extensions>
          <ns3:TrackPointExtension>
            <ns3:atemp>26.0</ns3:atemp>
          </ns3:TrackPointExtension>
        </extensions>
      </trkpt>
      <trkpt lat="44.58064123056828975677490234375" lon="-0.23800036869943141937255859375">
        <ele>67.8000030517578125</ele>
        <time>2025-09-01T14:00:58.000Z</time>
        <extensions>
          <ns3:TrackPointExtension>
            <ns3:atemp>26.0</ns3:atemp>
          </ns3:TrackPointExtension>
        </extensions>
      </trkpt>
      <trkpt lat="44.58062513731420040130615234375" lon="-0.23800305090844631195068359375">
        <ele>67.8000030517578125</ele>
        <time>2025-09-01T14:00:59.000Z</time>
        <extensions>
          <ns3:TrackPointExtension>
            <ns3:atemp>26.0</ns3:atemp>
          </ns3:TrackPointExtension>
        </extensions>
      </trkpt>
      <trkpt lat="44.58061088807880878448486328125" lon="-0.2380044758319854736328125">
        <ele>68</ele>
        <time>2025-09-01T14:01:00.000Z</time>
        <extensions>
          <ns3:TrackPointExtension>
            <ns3:atemp>26.0</ns3:atemp>
          </ns3:TrackPointExtension>
        </extensions>
      </trkpt>
      <trkpt lat="44.580596722662448883056640625" lon="-0.23800380527973175048828125">
        <ele>68.1999969482421875</ele>
        <time>2025-09-01T14:01:01.000Z</time>
        <extensions>
          <ns3:TrackPointExtension>
            <ns3:atemp>26.0</ns3:atemp>
          </ns3:TrackPointExtension>
        </extensions>
      </trkpt>
      <trkpt lat="44.5805828087031841278076171875" lon="-0.23800422437489032745361328125">
        <ele>68.1999969482421875</ele>
        <time>2025-09-01T14:01:02.000Z</time>
        <extensions>
          <ns3:TrackPointExtension>
            <ns3:atemp>26.0</ns3:atemp>
          </ns3:TrackPointExtension>
        </extensions>
      </trkpt>
      <trkpt lat="44.5805720798671245574951171875" lon="-0.23800422437489032745361328125">
        <ele>68.40000152587890625</ele>
        <time>2025-09-01T14:01:03.000Z</time>
        <extensions>
          <ns3:TrackPointExtension>
            <ns3:atemp>26.0</ns3:atemp>
          </ns3:TrackPointExtension>
        </extensions>
      </trkpt>
      <trkpt lat="44.58055791445076465606689453125" lon="-0.2380053140223026275634765625">
        <ele>68.59999847412109375</ele>
        <time>2025-09-01T14:01:04.000Z</time>
        <extensions>
          <ns3:TrackPointExtension>
            <ns3:atemp>26.0</ns3:atemp>
          </ns3:TrackPointExtension>
        </extensions>
      </trkpt>
      <trkpt lat="44.580542743206024169921875" lon="-0.23800455965101718902587890625">
        <ele>68.8000030517578125</ele>
        <time>2025-09-01T14:01:05.000Z</time>
        <extensions>
          <ns3:TrackPointExtension>
            <ns3:atemp>26.0</ns3:atemp>
          </ns3:TrackPointExtension>
        </extensions>
      </trkpt>
      <trkpt lat="44.5805264823138713836669921875" lon="-0.23800338618457317352294921875">
        <ele>68.8000030517578125</ele>
        <time>2025-09-01T14:01:06.000Z</time>
        <extensions>
          <ns3:TrackPointExtension>
            <ns3:atemp>26.0</ns3:atemp>
          </ns3:TrackPointExtension>
        </extensions>
      </trkpt>
      <trkpt lat="44.58051164634525775909423828125" lon="-0.23800070397555828094482421875">
        <ele>69</ele>
        <time>2025-09-01T14:01:07.000Z</time>
        <extensions>
          <ns3:TrackPointExtension>
            <ns3:atemp>26.0</ns3:atemp>
          </ns3:TrackPointExtension>
        </extensions>
      </trkpt>
      <trkpt lat="44.58049790002405643463134765625" lon="-0.2380022965371608734130859375">
        <ele>69.1999969482421875</ele>
        <time>2025-09-01T14:01:08.000Z</time>
        <extensions>
          <ns3:TrackPointExtension>
            <ns3:atemp>26.0</ns3:atemp>
          </ns3:TrackPointExtension>
        </extensions>
      </trkpt>
      <trkpt lat="44.58048549480736255645751953125" lon="-0.2380039729177951812744140625">
        <ele>69.1999969482421875</ele>
        <time>2025-09-01T14:01:09.000Z</time>
        <extensions>
          <ns3:TrackPointExtension>
            <ns3:atemp>26.0</ns3:atemp>
          </ns3:TrackPointExtension>
        </extensions>
      </trkpt>
      <trkpt lat="44.58047308959066867828369140625" lon="-0.23800238035619258880615234375">
        <ele>69.40000152587890625</ele>
        <time>2025-09-01T14:01:10.000Z</time>
        <extensions>
          <ns3:TrackPointExtension>
            <ns3:atemp>26.0</ns3:atemp>
          </ns3:TrackPointExtension>
        </extensions>
      </trkpt>
      <trkpt lat="44.58045867271721363067626953125" lon="-0.2379999496042728424072265625">
        <ele>69.40000152587890625</ele>
        <time>2025-09-01T14:01:11.000Z</time>
        <extensions>
          <ns3:TrackPointExtension>
            <ns3:atemp>26.0</ns3:atemp>
          </ns3:TrackPointExtension>
        </extensions>
      </trkpt>
      <trkpt lat="44.58044350147247314453125" lon="-0.2379964292049407958984375">
        <ele>69.40000152587890625</ele>
        <time>2025-09-01T14:01:12.000Z</time>
        <extensions>
          <ns3:TrackPointExtension>
            <ns3:atemp>26.0</ns3:atemp>
          </ns3:TrackPointExtension>
        </extensions>
      </trkpt>
      <trkpt lat="44.5804305933415889739990234375" lon="-0.237994752824306488037109375">
        <ele>69.59999847412109375</ele>
        <time>2025-09-01T14:01:13.000Z</time>
        <extensions>
          <ns3:TrackPointExtension>
            <ns3:atemp>26.0</ns3:atemp>
          </ns3:TrackPointExtension>
        </extensions>
      </trkpt>
      <trkpt lat="44.58041525445878505706787109375" lon="-0.23799383081495761871337890625">
        <ele>69.59999847412109375</ele>
        <time>2025-09-01T14:01:14.000Z</time>
        <extensions>
          <ns3:TrackPointExtension>
            <ns3:atemp>26.0</ns3:atemp>
          </ns3:TrackPointExtension>
        </extensions>
      </trkpt>
      <trkpt lat="44.58040150813758373260498046875" lon="-0.2379942499101161956787109375">
        <ele>69.59999847412109375</ele>
        <time>2025-09-01T14:01:15.000Z</time>
        <extensions>
          <ns3:TrackPointExtension>
            <ns3:atemp>26.0</ns3:atemp>
          </ns3:TrackPointExtension>
        </extensions>
      </trkpt>
      <trkpt lat="44.58038591779768466949462890625" lon="-0.23799684830009937286376953125">
        <ele>69.8000030517578125</ele>
        <time>2025-09-01T14:01:16.000Z</time>
        <extensions>
          <ns3:TrackPointExtension>
            <ns3:atemp>26.0</ns3:atemp>
          </ns3:TrackPointExtension>
        </extensions>
      </trkpt>
      <trkpt lat="44.58037217147648334503173828125" lon="-0.2379965968430042266845703125">
        <ele>69.8000030517578125</ele>
        <time>2025-09-01T14:01:17.000Z</time>
        <extensions>
          <ns3:TrackPointExtension>
            <ns3:atemp>26.0</ns3:atemp>
          </ns3:TrackPointExtension>
        </extensions>
      </trkpt>
      <trkpt lat="44.58036026917397975921630859375" lon="-0.238000117242336273193359375">
        <ele>70</ele>
        <time>2025-09-01T14:01:18.000Z</time>
        <extensions>
          <ns3:TrackPointExtension>
            <ns3:atemp>26.0</ns3:atemp>
          </ns3:TrackPointExtension>
        </extensions>
      </trkpt>
      <trkpt lat="44.58034786395728588104248046875" lon="-0.23800187744200229644775390625">
        <ele>70.1999969482421875</ele>
        <time>2025-09-01T14:01:19.000Z</time>
        <extensions>
          <ns3:TrackPointExtension>
            <ns3:atemp>26.0</ns3:atemp>
          </ns3:TrackPointExtension>
        </extensions>
      </trkpt>
      <trkpt lat="44.58033344708383083343505859375" lon="-0.23799936287105083465576171875">
        <ele>70.40000152587890625</ele>
        <time>2025-09-01T14:01:20.000Z</time>
        <extensions>
          <ns3:TrackPointExtension>
            <ns3:atemp>26.0</ns3:atemp>
          </ns3:TrackPointExtension>
        </extensions>
      </trkpt>
      <trkpt lat="44.58031953312456607818603515625" lon="-0.23799844086170196533203125">
        <ele>70.40000152587890625</ele>
        <time>2025-09-01T14:01:21.000Z</time>
        <extensions>
          <ns3:TrackPointExtension>
            <ns3:atemp>26.0</ns3:atemp>
          </ns3:TrackPointExtension>
        </extensions>
      </trkpt>
      <trkpt lat="44.58030511625111103057861328125" lon="-0.23799919523298740386962890625">
        <ele>70.59999847412109375</ele>
        <time>2025-09-01T14:01:22.000Z</time>
        <extensions>
          <ns3:TrackPointExtension>
            <ns3:atemp>26.0</ns3:atemp>
          </ns3:TrackPointExtension>
        </extensions>
      </trkpt>
      <trkpt lat="44.58028986118733882904052734375" lon="-0.23800221271812915802001953125">
        <ele>70.8000030517578125</ele>
        <time>2025-09-01T14:01:23.000Z</time>
        <extensions>
          <ns3:TrackPointExtension>
            <ns3:atemp>26.0</ns3:atemp>
          </ns3:TrackPointExtension>
        </extensions>
      </trkpt>
      <trkpt lat="44.5802743546664714813232421875" lon="-0.238004811108112335205078125">
        <ele>71</ele>
        <time>2025-09-01T14:01:24.000Z</time>
        <extensions>
          <ns3:TrackPointExtension>
            <ns3:atemp>26.0</ns3:atemp>
          </ns3:TrackPointExtension>
        </extensions>
      </trkpt>
      <trkpt lat="44.58025901578366756439208984375" lon="-0.2380066551268100738525390625">
        <ele>71</ele>
        <time>2025-09-01T14:01:25.000Z</time>
        <extensions>
          <ns3:TrackPointExtension>
            <ns3:atemp>26.0</ns3:atemp>
          </ns3:TrackPointExtension>
        </extensions>
      </trkpt>
      <trkpt lat="44.58024434745311737060546875" lon="-0.23800824768841266632080078125">
        <ele>71.1999969482421875</ele>
        <time>2025-09-01T14:01:26.000Z</time>
        <extensions>
          <ns3:TrackPointExtension>
            <ns3:atemp>26.0</ns3:atemp>
          </ns3:TrackPointExtension>
        </extensions>
      </trkpt>
      <trkpt lat="44.5802307687699794769287109375" lon="-0.23800774477422237396240234375">
        <ele>71.40000152587890625</ele>
        <time>2025-09-01T14:01:27.000Z</time>
        <extensions>
          <ns3:TrackPointExtension>
            <ns3:atemp>26.0</ns3:atemp>
          </ns3:TrackPointExtension>
        </extensions>
      </trkpt>
      <trkpt lat="44.58021727390587329864501953125" lon="-0.238008163869380950927734375">
        <ele>71.40000152587890625</ele>
        <time>2025-09-01T14:01:28.000Z</time>
        <extensions>
          <ns3:TrackPointExtension>
            <ns3:atemp>26.0</ns3:atemp>
          </ns3:TrackPointExtension>
        </extensions>
      </trkpt>
      <trkpt lat="44.58020537160336971282958984375" lon="-0.2380100078880786895751953125">
        <ele>71.40000152587890625</ele>
        <time>2025-09-01T14:01:29.000Z</time>
        <extensions>
          <ns3:TrackPointExtension>
            <ns3:atemp>26.0</ns3:atemp>
          </ns3:TrackPointExtension>
        </extensions>
      </trkpt>
      <trkpt lat="44.58019481040537357330322265625" lon="-0.238011181354522705078125">
        <ele>71.59999847412109375</ele>
        <time>2025-09-01T14:01:30.000Z</time>
        <extensions>
          <ns3:TrackPointExtension>
            <ns3:atemp>26.0</ns3:atemp>
          </ns3:TrackPointExtension>
        </extensions>
      </trkpt>
      <trkpt lat="44.580183327198028564453125" lon="-0.23801445029675960540771484375">
        <ele>71.8000030517578125</ele>
        <time>2025-09-01T14:01:31.000Z</time>
        <extensions>
          <ns3:TrackPointExtension>
            <ns3:atemp>26.0</ns3:atemp>
          </ns3:TrackPointExtension>
        </extensions>
      </trkpt>
      <trkpt lat="44.5801697485148906707763671875" lon="-0.23801260627806186676025390625">
        <ele>71.8000030517578125</ele>
        <time>2025-09-01T14:01:32.000Z</time>
        <extensions>
          <ns3:TrackPointExtension>
            <ns3:atemp>26.0</ns3:atemp>
          </ns3:TrackPointExtension>
        </extensions>
      </trkpt>
      <trkpt lat="44.58015583455562591552734375" lon="-0.23801319301128387451171875">
        <ele>71.8000030517578125</ele>
        <time>2025-09-01T14:01:33.000Z</time>
        <extensions>
          <ns3:TrackPointExtension>
            <ns3:atemp>26.0</ns3:atemp>
          </ns3:TrackPointExtension>
        </extensions>
      </trkpt>
      <trkpt lat="44.58014066331088542938232421875" lon="-0.2380116842687129974365234375">
        <ele>72</ele>
        <time>2025-09-01T14:01:34.000Z</time>
        <extensions>
          <ns3:TrackPointExtension>
            <ns3:atemp>26.0</ns3:atemp>
          </ns3:TrackPointExtension>
        </extensions>
      </trkpt>
      <trkpt lat="44.58012741990387439727783203125" lon="-0.23801344446837902069091796875">
        <ele>72</ele>
        <time>2025-09-01T14:01:35.000Z</time>
        <extensions>
          <ns3:TrackPointExtension>
            <ns3:atemp>26.0</ns3:atemp>
          </ns3:TrackPointExtension>
        </extensions>
      </trkpt>
      <trkpt lat="44.58011250011622905731201171875" lon="-0.23801327683031558990478515625">
        <ele>72.1999969482421875</ele>
        <time>2025-09-01T14:01:36.000Z</time>
        <extensions>
          <ns3:TrackPointExtension>
            <ns3:atemp>26.0</ns3:atemp>
          </ns3:TrackPointExtension>
        </extensions>
      </trkpt>
      <trkpt lat="44.5800979994237422943115234375" lon="-0.2380157075822353363037109375">
        <ele>72.40000152587890625</ele>
        <time>2025-09-01T14:01:37.000Z</time>
        <extensions>
          <ns3:TrackPointExtension>
            <ns3:atemp>26.0</ns3:atemp>
          </ns3:TrackPointExtension>
        </extensions>
      </trkpt>
      <trkpt lat="44.58008416928350925445556640625" lon="-0.238017551600933074951171875">
        <ele>72.40000152587890625</ele>
        <time>2025-09-01T14:01:38.000Z</time>
        <extensions>
          <ns3:TrackPointExtension>
            <ns3:atemp>26.0</ns3:atemp>
          </ns3:TrackPointExtension>
        </extensions>
      </trkpt>
      <trkpt lat="44.58006799221038818359375" lon="-0.23801713250577449798583984375">
        <ele>72.59999847412109375</ele>
        <time>2025-09-01T14:01:39.000Z</time>
        <extensions>
          <ns3:TrackPointExtension>
            <ns3:atemp>26.0</ns3:atemp>
          </ns3:TrackPointExtension>
        </extensions>
      </trkpt>
      <trkpt lat="44.58005231805145740509033203125" lon="-0.23801495321094989776611328125">
        <ele>72.8000030517578125</ele>
        <time>2025-09-01T14:01:40.000Z</time>
        <extensions>
          <ns3:TrackPointExtension>
            <ns3:atemp>26.0</ns3:atemp>
          </ns3:TrackPointExtension>
        </extensions>
      </trkpt>
      <trkpt lat="44.5800373144447803497314453125" lon="-0.23801495321094989776611328125">
        <ele>72.8000030517578125</ele>
        <time>2025-09-01T14:01:41.000Z</time>
        <extensions>
          <ns3:TrackPointExtension>
            <ns3:atemp>26.0</ns3:atemp>
          </ns3:TrackPointExtension>
        </extensions>
      </trkpt>
      <trkpt lat="44.58002264611423015594482421875" lon="-0.2380152046680450439453125">
        <ele>73</ele>
        <time>2025-09-01T14:01:42.000Z</time>
        <extensions>
          <ns3:TrackPointExtension>
            <ns3:atemp>26.0</ns3:atemp>
          </ns3:TrackPointExtension>
        </extensions>
      </trkpt>
      <trkpt lat="44.58000973798334598541259765625" lon="-0.23801386356353759765625">
        <ele>73.1999969482421875</ele>
        <time>2025-09-01T14:01:43.000Z</time>
        <extensions>
          <ns3:TrackPointExtension>
            <ns3:atemp>26.0</ns3:atemp>
          </ns3:TrackPointExtension>
        </extensions>
      </trkpt>
      <trkpt lat="44.579993896186351776123046875" lon="-0.23801394738256931304931640625">
        <ele>73.40000152587890625</ele>
        <time>2025-09-01T14:01:44.000Z</time>
        <extensions>
          <ns3:TrackPointExtension>
            <ns3:atemp>26.0</ns3:atemp>
          </ns3:TrackPointExtension>
        </extensions>
      </trkpt>
      <trkpt lat="44.5799781382083892822265625" lon="-0.238014198839664459228515625">
        <ele>73.40000152587890625</ele>
        <time>2025-09-01T14:01:45.000Z</time>
        <extensions>
          <ns3:TrackPointExtension>
            <ns3:atemp>26.0</ns3:atemp>
          </ns3:TrackPointExtension>
        </extensions>
      </trkpt>
      <trkpt lat="44.57995961420238018035888671875" lon="-0.2380123548209667205810546875">
        <ele>73.59999847412109375</ele>
        <time>2025-09-01T14:01:46.000Z</time>
        <extensions>
          <ns3:TrackPointExtension>
            <ns3:atemp>26.0</ns3:atemp>
          </ns3:TrackPointExtension>
        </extensions>
      </trkpt>
      <trkpt lat="44.57994335331022739410400390625" lon="-0.2380136959254741668701171875">
        <ele>73.59999847412109375</ele>
        <time>2025-09-01T14:01:47.000Z</time>
        <extensions>
          <ns3:TrackPointExtension>
            <ns3:atemp>26.0</ns3:atemp>
          </ns3:TrackPointExtension>
        </extensions>
      </trkpt>
      <trkpt lat="44.57992851734161376953125" lon="-0.23801579140126705169677734375">
        <ele>73.8000030517578125</ele>
        <time>2025-09-01T14:01:48.000Z</time>
        <extensions>
          <ns3:TrackPointExtension>
            <ns3:atemp>26.0</ns3:atemp>
          </ns3:TrackPointExtension>
        </extensions>
      </trkpt>
      <trkpt lat="44.5799132622778415679931640625" lon="-0.238016545772552490234375">
        <ele>73.8000030517578125</ele>
        <time>2025-09-01T14:01:49.000Z</time>
        <extensions>
          <ns3:TrackPointExtension>
            <ns3:atemp>26.0</ns3:atemp>
          </ns3:TrackPointExtension>
        </extensions>
      </trkpt>
      <trkpt lat="44.579899013042449951171875" lon="-0.23801721632480621337890625">
        <ele>74</ele>
        <time>2025-09-01T14:01:50.000Z</time>
        <extensions>
          <ns3:TrackPointExtension>
            <ns3:atemp>26.0</ns3:atemp>
          </ns3:TrackPointExtension>
        </extensions>
      </trkpt>
      <trkpt lat="44.57988400943577289581298828125" lon="-0.238016881048679351806640625">
        <ele>74.1999969482421875</ele>
        <time>2025-09-01T14:01:51.000Z</time>
        <extensions>
          <ns3:TrackPointExtension>
            <ns3:atemp>26.0</ns3:atemp>
          </ns3:TrackPointExtension>
        </extensions>
      </trkpt>
      <trkpt lat="44.57986607216298580169677734375" lon="-0.23801612667739391326904296875">
        <ele>74.1999969482421875</ele>
        <time>2025-09-01T14:01:52.000Z</time>
        <extensions>
          <ns3:TrackPointExtension>
            <ns3:atemp>26.0</ns3:atemp>
          </ns3:TrackPointExtension>
        </extensions>
      </trkpt>
      <trkpt lat="44.57984914071857929229736328125" lon="-0.23801160044968128204345703125">
        <ele>74.40000152587890625</ele>
        <time>2025-09-01T14:01:53.000Z</time>
        <extensions>
          <ns3:TrackPointExtension>
            <ns3:atemp>26.0</ns3:atemp>
          </ns3:TrackPointExtension>
        </extensions>
      </trkpt>
      <trkpt lat="44.57983405329287052154541015625" lon="-0.23800640366971492767333984375">
        <ele>74.40000152587890625</ele>
        <time>2025-09-01T14:01:54.000Z</time>
        <extensions>
          <ns3:TrackPointExtension>
            <ns3:atemp>26.0</ns3:atemp>
          </ns3:TrackPointExtension>
        </extensions>
      </trkpt>
      <trkpt lat="44.57981896586716175079345703125" lon="-0.23800288327038288116455078125">
        <ele>74.40000152587890625</ele>
        <time>2025-09-01T14:01:55.000Z</time>
        <extensions>
          <ns3:TrackPointExtension>
            <ns3:atemp>26.0</ns3:atemp>
          </ns3:TrackPointExtension>
        </extensions>
      </trkpt>
      <trkpt lat="44.57980438135564327239990234375" lon="-0.23799768649041652679443359375">
        <ele>74.40000152587890625</ele>
        <time>2025-09-01T14:01:56.000Z</time>
        <extensions>
          <ns3:TrackPointExtension>
            <ns3:atemp>26.0</ns3:atemp>
          </ns3:TrackPointExtension>
        </extensions>
      </trkpt>
      <trkpt lat="44.57978845573961734771728515625" lon="-0.23799316026270389556884765625">
        <ele>74.40000152587890625</ele>
        <time>2025-09-01T14:01:57.000Z</time>
        <extensions>
          <ns3:TrackPointExtension>
            <ns3:atemp>26.0</ns3:atemp>
          </ns3:TrackPointExtension>
        </extensions>
      </trkpt>
      <trkpt lat="44.5797717757523059844970703125" lon="-0.2379858680069446563720703125">
        <ele>74.59999847412109375</ele>
        <time>2025-09-01T14:01:58.000Z</time>
        <extensions>
          <ns3:TrackPointExtension>
            <ns3:atemp>26.0</ns3:atemp>
          </ns3:TrackPointExtension>
        </extensions>
      </trkpt>
      <trkpt lat="44.57975643686950206756591796875" lon="-0.23798377253115177154541015625">
        <ele>74.59999847412109375</ele>
        <time>2025-09-01T14:01:59.000Z</time>
        <extensions>
          <ns3:TrackPointExtension>
            <ns3:atemp>26.0</ns3:atemp>
          </ns3:TrackPointExtension>
        </extensions>
      </trkpt>
      <trkpt lat="44.5797409303486347198486328125" lon="-0.237980671226978302001953125">
        <ele>74.8000030517578125</ele>
        <time>2025-09-01T14:02:00.000Z</time>
        <extensions>
          <ns3:TrackPointExtension>
            <ns3:atemp>26.0</ns3:atemp>
          </ns3:TrackPointExtension>
        </extensions>
      </trkpt>
      <trkpt lat="44.57972466945648193359375" lon="-0.2379788272082805633544921875">
        <ele>74.8000030517578125</ele>
        <time>2025-09-01T14:02:01.000Z</time>
        <extensions>
          <ns3:TrackPointExtension>
            <ns3:atemp>26.0</ns3:atemp>
          </ns3:TrackPointExtension>
        </extensions>
      </trkpt>
      <trkpt lat="44.5797084085643291473388671875" lon="-0.23797824047505855560302734375">
        <ele>75</ele>
        <time>2025-09-01T14:02:02.000Z</time>
        <extensions>
          <ns3:TrackPointExtension>
            <ns3:atemp>26.0</ns3:atemp>
          </ns3:TrackPointExtension>
        </extensions>
      </trkpt>
      <trkpt lat="44.57969206385314464569091796875" lon="-0.2379764802753925323486328125">
        <ele>75</ele>
        <time>2025-09-01T14:02:03.000Z</time>
        <extensions>
          <ns3:TrackPointExtension>
            <ns3:atemp>26.0</ns3:atemp>
          </ns3:TrackPointExtension>
        </extensions>
      </trkpt>
      <trkpt lat="44.5796748809516429901123046875" lon="-0.23796818219125270843505859375">
        <ele>75</ele>
        <time>2025-09-01T14:02:04.000Z</time>
        <extensions>
          <ns3:TrackPointExtension>
            <ns3:atemp>26.0</ns3:atemp>
          </ns3:TrackPointExtension>
        </extensions>
      </trkpt>
      <trkpt lat="44.57965702749788761138916015625" lon="-0.23795711807906627655029296875">
        <ele>75.1999969482421875</ele>
        <time>2025-09-01T14:02:05.000Z</time>
        <extensions>
          <ns3:TrackPointExtension>
            <ns3:atemp>26.0</ns3:atemp>
          </ns3:TrackPointExtension>
        </extensions>
      </trkpt>
      <trkpt lat="44.5796401798725128173828125" lon="-0.23794345557689666748046875">
        <ele>75.1999969482421875</ele>
        <time>2025-09-01T14:02:06.000Z</time>
        <extensions>
          <ns3:TrackPointExtension>
            <ns3:atemp>26.0</ns3:atemp>
          </ns3:TrackPointExtension>
        </extensions>
      </trkpt>
      <trkpt lat="44.57962199114263057708740234375" lon="-0.2379322238266468048095703125">
        <ele>75.1999969482421875</ele>
        <time>2025-09-01T14:02:07.000Z</time>
        <extensions>
          <ns3:TrackPointExtension>
            <ns3:atemp>26.0</ns3:atemp>
          </ns3:TrackPointExtension>
        </extensions>
      </trkpt>
      <trkpt lat="44.57960371859371662139892578125" lon="-0.23792208172380924224853515625">
        <ele>75</ele>
        <time>2025-09-01T14:02:08.000Z</time>
        <extensions>
          <ns3:TrackPointExtension>
            <ns3:atemp>26.0</ns3:atemp>
          </ns3:TrackPointExtension>
        </extensions>
      </trkpt>
      <trkpt lat="44.57958360202610492706298828125" lon="-0.2379079163074493408203125">
        <ele>75</ele>
        <time>2025-09-01T14:02:09.000Z</time>
        <extensions>
          <ns3:TrackPointExtension>
            <ns3:atemp>26.0</ns3:atemp>
          </ns3:TrackPointExtension>
        </extensions>
      </trkpt>
      <trkpt lat="44.57956532947719097137451171875" lon="-0.2378929965198040008544921875">
        <ele>75</ele>
        <time>2025-09-01T14:02:10.000Z</time>
        <extensions>
          <ns3:TrackPointExtension>
            <ns3:atemp>26.0</ns3:atemp>
          </ns3:TrackPointExtension>
        </extensions>
      </trkpt>
      <trkpt lat="44.57954286597669124603271484375" lon="-0.23787975311279296875">
        <ele>75</ele>
        <time>2025-09-01T14:02:11.000Z</time>
        <extensions>
          <ns3:TrackPointExtension>
            <ns3:atemp>26.0</ns3:atemp>
          </ns3:TrackPointExtension>
        </extensions>
      </trkpt>
      <trkpt lat="44.57952023483812808990478515625" lon="-0.237868689000606536865234375">
        <ele>75</ele>
        <time>2025-09-01T14:02:12.000Z</time>
        <extensions>
          <ns3:TrackPointExtension>
            <ns3:atemp>26.0</ns3:atemp>
          </ns3:TrackPointExtension>
        </extensions>
      </trkpt>
      <trkpt lat="44.57949827425181865692138671875" lon="-0.23785787634551525115966796875">
        <ele>75</ele>
        <time>2025-09-01T14:02:13.000Z</time>
        <extensions>
          <ns3:TrackPointExtension>
            <ns3:atemp>26.0</ns3:atemp>
          </ns3:TrackPointExtension>
        </extensions>
      </trkpt>
      <trkpt lat="44.579473547637462615966796875" lon="-0.2378484047949314117431640625">
        <ele>75.1999969482421875</ele>
        <time>2025-09-01T14:02:14.000Z</time>
        <extensions>
          <ns3:TrackPointExtension>
            <ns3:atemp>26.0</ns3:atemp>
          </ns3:TrackPointExtension>
        </extensions>
      </trkpt>
      <trkpt lat="44.5794482342898845672607421875" lon="-0.23783541284501552581787109375">
        <ele>75.1999969482421875</ele>
        <time>2025-09-01T14:02:15.000Z</time>
        <extensions>
          <ns3:TrackPointExtension>
            <ns3:atemp>26.0</ns3:atemp>
          </ns3:TrackPointExtension>
        </extensions>
      </trkpt>
      <trkpt lat="44.57942090928554534912109375" lon="-0.23781915195286273956298828125">
        <ele>75.1999969482421875</ele>
        <time>2025-09-01T14:02:16.000Z</time>
        <extensions>
          <ns3:TrackPointExtension>
            <ns3:atemp>26.0</ns3:atemp>
          </ns3:TrackPointExtension>
        </extensions>
      </trkpt>
      <trkpt lat="44.5793907344341278076171875" lon="-0.237801633775234222412109375">
        <ele>75.40000152587890625</ele>
        <time>2025-09-01T14:02:17.000Z</time>
        <extensions>
          <ns3:TrackPointExtension>
            <ns3:atemp>26.0</ns3:atemp>
          </ns3:TrackPointExtension>
        </extensions>
      </trkpt>
      <trkpt lat="44.57935846410691738128662109375" lon="-0.23778344504535198211669921875">
        <ele>75.40000152587890625</ele>
        <time>2025-09-01T14:02:18.000Z</time>
        <extensions>
          <ns3:TrackPointExtension>
            <ns3:atemp>26.0</ns3:atemp>
          </ns3:TrackPointExtension>
        </extensions>
      </trkpt>
      <trkpt lat="44.57932376302778720855712890625" lon="-0.237763412296772003173828125">
        <ele>75.40000152587890625</ele>
        <time>2025-09-01T14:02:19.000Z</time>
        <extensions>
          <ns3:TrackPointExtension>
            <ns3:atemp>26.0</ns3:atemp>
          </ns3:TrackPointExtension>
        </extensions>
      </trkpt>
      <trkpt lat="44.579289145767688751220703125" lon="-0.2377468161284923553466796875">
        <ele>75.40000152587890625</ele>
        <time>2025-09-01T14:02:20.000Z</time>
        <extensions>
          <ns3:TrackPointExtension>
            <ns3:atemp>26.0</ns3:atemp>
          </ns3:TrackPointExtension>
        </extensions>
      </trkpt>
      <trkpt lat="44.57925385795533657073974609375" lon="-0.237729214131832122802734375">
        <ele>75.40000152587890625</ele>
        <time>2025-09-01T14:02:21.000Z</time>
        <extensions>
          <ns3:TrackPointExtension>
            <ns3:atemp>26.0</ns3:atemp>
          </ns3:TrackPointExtension>
        </extensions>
      </trkpt>
      <trkpt lat="44.57921697758138179779052734375" lon="-0.237711109220981597900390625">
        <ele>75.40000152587890625</ele>
        <time>2025-09-01T14:02:22.000Z</time>
        <extensions>
          <ns3:TrackPointExtension>
            <ns3:atemp>26.0</ns3:atemp>
          </ns3:TrackPointExtension>
        </extensions>
      </trkpt>
      <trkpt lat="44.57918009720742702484130859375" lon="-0.2376935072243213653564453125">
        <ele>75.40000152587890625</ele>
        <time>2025-09-01T14:02:23.000Z</time>
        <extensions>
          <ns3:TrackPointExtension>
            <ns3:atemp>26.0</ns3:atemp>
          </ns3:TrackPointExtension>
        </extensions>
      </trkpt>
      <trkpt lat="44.57914137281477451324462890625" lon="-0.2376740612089633941650390625">
        <ele>75.40000152587890625</ele>
        <time>2025-09-01T14:02:24.000Z</time>
        <extensions>
          <ns3:TrackPointExtension>
            <ns3:atemp>26.0</ns3:atemp>
          </ns3:TrackPointExtension>
        </extensions>
      </trkpt>
      <trkpt lat="44.57910415716469287872314453125" lon="-0.23765511810779571533203125">
        <ele>75.40000152587890625</ele>
        <time>2025-09-01T14:02:25.000Z</time>
        <extensions>
          <ns3:TrackPointExtension>
            <ns3:atemp>26.0</ns3:atemp>
          </ns3:TrackPointExtension>
        </extensions>
      </trkpt>
      <trkpt lat="44.57906627096235752105712890625" lon="-0.23763458244502544403076171875">
        <ele>75.1999969482421875</ele>
        <time>2025-09-01T14:02:26.000Z</time>
        <extensions>
          <ns3:TrackPointExtension>
            <ns3:atemp>26.0</ns3:atemp>
          </ns3:TrackPointExtension>
        </extensions>
      </trkpt>
      <trkpt lat="44.5790251158177852630615234375" lon="-0.23761513642966747283935546875">
        <ele>75</ele>
        <time>2025-09-01T14:02:27.000Z</time>
        <extensions>
          <ns3:TrackPointExtension>
            <ns3:atemp>26.0</ns3:atemp>
          </ns3:TrackPointExtension>
        </extensions>
      </trkpt>
      <trkpt lat="44.5789811946451663970947265625" lon="-0.237598456442356109619140625">
        <ele>75</ele>
        <time>2025-09-01T14:02:28.000Z</time>
        <extensions>
          <ns3:TrackPointExtension>
            <ns3:atemp>26.0</ns3:atemp>
          </ns3:TrackPointExtension>
        </extensions>
      </trkpt>
      <trkpt lat="44.5789347589015960693359375" lon="-0.2375768311321735382080078125">
        <ele>74.8000030517578125</ele>
        <time>2025-09-01T14:02:29.000Z</time>
        <extensions>
          <ns3:TrackPointExtension>
            <ns3:atemp>26.0</ns3:atemp>
          </ns3:TrackPointExtension>
        </extensions>
      </trkpt>
      <trkpt lat="44.5788879878818988800048828125" lon="-0.23755193687975406646728515625">
        <ele>74.59999847412109375</ele>
        <time>2025-09-01T14:02:30.000Z</time>
        <extensions>
          <ns3:TrackPointExtension>
            <ns3:atemp>26.0</ns3:atemp>
          </ns3:TrackPointExtension>
        </extensions>
      </trkpt>
      <trkpt lat="44.5788417197763919830322265625" lon="-0.23753106594085693359375">
        <ele>74.40000152587890625</ele>
        <time>2025-09-01T14:02:31.000Z</time>
        <extensions>
          <ns3:TrackPointExtension>
            <ns3:atemp>26.0</ns3:atemp>
          </ns3:TrackPointExtension>
        </extensions>
      </trkpt>
      <trkpt lat="44.5787947811186313629150390625" lon="-0.23750818334519863128662109375">
        <ele>74.1999969482421875</ele>
        <time>2025-09-01T14:02:32.000Z</time>
        <extensions>
          <ns3:TrackPointExtension>
            <ns3:atemp>26.0</ns3:atemp>
          </ns3:TrackPointExtension>
        </extensions>
      </trkpt>
      <trkpt lat="44.5787485130131244659423828125" lon="-0.23748286999762058258056640625">
        <ele>74</ele>
        <time>2025-09-01T14:02:33.000Z</time>
        <extensions>
          <ns3:TrackPointExtension>
            <ns3:atemp>26.0</ns3:atemp>
          </ns3:TrackPointExtension>
        </extensions>
      </trkpt>
      <trkpt lat="44.5786987245082855224609375" lon="-0.2374561317265033721923828125">
        <ele>73.59999847412109375</ele>
        <time>2025-09-01T14:02:34.000Z</time>
        <extensions>
          <ns3:TrackPointExtension>
            <ns3:atemp>26.0</ns3:atemp>
          </ns3:TrackPointExtension>
        </extensions>
      </trkpt>
      <trkpt lat="44.57864751107990741729736328125" lon="-0.2374293096363544464111328125">
        <ele>73.40000152587890625</ele>
        <time>2025-09-01T14:02:35.000Z</time>
        <extensions>
          <ns3:TrackPointExtension>
            <ns3:atemp>26.0</ns3:atemp>
          </ns3:TrackPointExtension>
        </extensions>
      </trkpt>
      <trkpt lat="44.57859453745186328887939453125" lon="-0.23739988915622234344482421875">
        <ele>73</ele>
        <time>2025-09-01T14:02:36.000Z</time>
        <extensions>
          <ns3:TrackPointExtension>
            <ns3:atemp>26.0</ns3:atemp>
          </ns3:TrackPointExtension>
        </extensions>
      </trkpt>
      <trkpt lat="44.578540138900279998779296875" lon="-0.23737206123769283294677734375">
        <ele>72.8000030517578125</ele>
        <time>2025-09-01T14:02:37.000Z</time>
        <extensions>
          <ns3:TrackPointExtension>
            <ns3:atemp>26.0</ns3:atemp>
          </ns3:TrackPointExtension>
        </extensions>
      </trkpt>
      <trkpt lat="44.57848372869193553924560546875" lon="-0.23734507150948047637939453125">
        <ele>72.40000152587890625</ele>
        <time>2025-09-01T14:02:38.000Z</time>
        <extensions>
          <ns3:TrackPointExtension>
            <ns3:atemp>26.0</ns3:atemp>
          </ns3:TrackPointExtension>
        </extensions>
      </trkpt>
      <trkpt lat="44.57842824049293994903564453125" lon="-0.23731556721031665802001953125">
        <ele>72.1999969482421875</ele>
        <time>2025-09-01T14:02:39.000Z</time>
        <extensions>
          <ns3:TrackPointExtension>
            <ns3:atemp>26.0</ns3:atemp>
          </ns3:TrackPointExtension>
        </extensions>
      </trkpt>
      <trkpt lat="44.5783713273704051971435546875" lon="-0.237285308539867401123046875">
        <ele>71.8000030517578125</ele>
        <time>2025-09-01T14:02:40.000Z</time>
        <extensions>
          <ns3:TrackPointExtension>
            <ns3:atemp>26.0</ns3:atemp>
          </ns3:TrackPointExtension>
        </extensions>
      </trkpt>
      <trkpt lat="44.57831374369561672210693359375" lon="-0.23725546896457672119140625">
        <ele>71.40000152587890625</ele>
        <time>2025-09-01T14:02:41.000Z</time>
        <extensions>
          <ns3:TrackPointExtension>
            <ns3:atemp>26.0</ns3:atemp>
          </ns3:TrackPointExtension>
        </extensions>
      </trkpt>
      <trkpt lat="44.5782534778118133544921875" lon="-0.23722621612250804901123046875">
        <ele>71.1999969482421875</ele>
        <time>2025-09-01T14:02:42.000Z</time>
        <extensions>
          <ns3:TrackPointExtension>
            <ns3:atemp>26.0</ns3:atemp>
          </ns3:TrackPointExtension>
        </extensions>
      </trkpt>
      <trkpt lat="44.57819254137575626373291015625" lon="-0.237194113433361053466796875">
        <ele>70.8000030517578125</ele>
        <time>2025-09-01T14:02:43.000Z</time>
        <extensions>
          <ns3:TrackPointExtension>
            <ns3:atemp>26.0</ns3:atemp>
          </ns3:TrackPointExtension>
        </extensions>
      </trkpt>
      <trkpt lat="44.57813168875873088836669921875" lon="-0.237162597477436065673828125">
        <ele>70.59999847412109375</ele>
        <time>2025-09-01T14:02:44.000Z</time>
        <extensions>
          <ns3:TrackPointExtension>
            <ns3:atemp>26.0</ns3:atemp>
          </ns3:TrackPointExtension>
        </extensions>
      </trkpt>
      <trkpt lat="44.578068740665912628173828125" lon="-0.2371300756931304931640625">
        <ele>70.40000152587890625</ele>
        <time>2025-09-01T14:02:45.000Z</time>
        <extensions>
          <ns3:TrackPointExtension>
            <ns3:atemp>26.0</ns3:atemp>
          </ns3:TrackPointExtension>
        </extensions>
      </trkpt>
      <trkpt lat="44.57800428383052349090576171875" lon="-0.2370990626513957977294921875">
        <ele>70</ele>
        <time>2025-09-01T14:02:46.000Z</time>
        <extensions>
          <ns3:TrackPointExtension>
            <ns3:atemp>26.0</ns3:atemp>
          </ns3:TrackPointExtension>
        </extensions>
      </trkpt>
      <trkpt lat="44.57793639041483402252197265625" lon="-0.23706637322902679443359375">
        <ele>69.8000030517578125</ele>
        <time>2025-09-01T14:02:47.000Z</time>
        <extensions>
          <ns3:TrackPointExtension>
            <ns3:atemp>26.0</ns3:atemp>
          </ns3:TrackPointExtension>
        </extensions>
      </trkpt>
      <trkpt lat="44.5778684131801128387451171875" lon="-0.23703326471149921417236328125">
        <ele>69.40000152587890625</ele>
        <time>2025-09-01T14:02:48.000Z</time>
        <extensions>
          <ns3:TrackPointExtension>
            <ns3:atemp>26.0</ns3:atemp>
          </ns3:TrackPointExtension>
        </extensions>
      </trkpt>
      <trkpt lat="44.577801525592803955078125" lon="-0.2369974739849567413330078125">
        <ele>69</ele>
        <time>2025-09-01T14:02:49.000Z</time>
        <extensions>
          <ns3:TrackPointExtension>
            <ns3:atemp>26.0</ns3:atemp>
          </ns3:TrackPointExtension>
        </extensions>
      </trkpt>
      <trkpt lat="44.5777319557964801788330078125" lon="-0.236958749592304229736328125">
        <ele>68.8000030517578125</ele>
        <time>2025-09-01T14:02:50.000Z</time>
        <extensions>
          <ns3:TrackPointExtension>
            <ns3:atemp>26.0</ns3:atemp>
          </ns3:TrackPointExtension>
        </extensions>
      </trkpt>
      <trkpt lat="44.57765928469598293304443359375" lon="-0.23691910319030284881591796875">
        <ele>68.59999847412109375</ele>
        <time>2025-09-01T14:02:51.000Z</time>
        <extensions>
          <ns3:TrackPointExtension>
            <ns3:atemp>26.0</ns3:atemp>
          </ns3:TrackPointExtension>
        </extensions>
      </trkpt>
      <trkpt lat="44.57758435048162937164306640625" lon="-0.23688255809247493743896484375">
        <ele>68.40000152587890625</ele>
        <time>2025-09-01T14:02:52.000Z</time>
        <extensions>
          <ns3:TrackPointExtension>
            <ns3:atemp>26.0</ns3:atemp>
          </ns3:TrackPointExtension>
        </extensions>
      </trkpt>
      <trkpt lat="44.5775073207914829254150390625" lon="-0.236845426261425018310546875">
        <ele>68</ele>
        <time>2025-09-01T14:02:53.000Z</time>
        <extensions>
          <ns3:TrackPointExtension>
            <ns3:atemp>26.0</ns3:atemp>
          </ns3:TrackPointExtension>
        </extensions>
      </trkpt>
      <trkpt lat="44.577427022159099578857421875" lon="-0.23680242709815502166748046875">
        <ele>67.59999847412109375</ele>
        <time>2025-09-01T14:02:54.000Z</time>
        <extensions>
          <ns3:TrackPointExtension>
            <ns3:atemp>26.0</ns3:atemp>
          </ns3:TrackPointExtension>
        </extensions>
      </trkpt>
      <trkpt lat="44.57734311930835247039794921875" lon="-0.2367594279348850250244140625">
        <ele>67.40000152587890625</ele>
        <time>2025-09-01T14:02:55.000Z</time>
        <extensions>
          <ns3:TrackPointExtension>
            <ns3:atemp>26.0</ns3:atemp>
          </ns3:TrackPointExtension>
        </extensions>
      </trkpt>
      <trkpt lat="44.57725963555276393890380859375" lon="-0.236716009676456451416015625">
        <ele>67</ele>
        <time>2025-09-01T14:02:56.000Z</time>
        <extensions>
          <ns3:TrackPointExtension>
            <ns3:atemp>26.0</ns3:atemp>
          </ns3:TrackPointExtension>
        </extensions>
      </trkpt>
      <trkpt lat="44.5771750621497631072998046875" lon="-0.2366725914180278778076171875">
        <ele>66.59999847412109375</ele>
        <time>2025-09-01T14:02:57.000Z</time>
        <extensions>
          <ns3:TrackPointExtension>
            <ns3:atemp>26.0</ns3:atemp>
          </ns3:TrackPointExtension>
        </extensions>
      </trkpt>
      <trkpt lat="44.57708872854709625244140625" lon="-0.23662724532186985015869140625">
        <ele>66</ele>
        <time>2025-09-01T14:02:58.000Z</time>
        <extensions>
          <ns3:TrackPointExtension>
            <ns3:atemp>26.0</ns3:atemp>
          </ns3:TrackPointExtension>
        </extensions>
      </trkpt>
      <trkpt lat="44.57700130529701709747314453125" lon="-0.23658223450183868408203125">
        <ele>65.59999847412109375</ele>
        <time>2025-09-01T14:02:59.000Z</time>
        <extensions>
          <ns3:TrackPointExtension>
            <ns3:atemp>26.0</ns3:atemp>
          </ns3:TrackPointExtension>
        </extensions>
      </trkpt>
      <trkpt lat="44.5769135467708110809326171875" lon="-0.236535631120204925537109375">
        <ele>65.1999969482421875</ele>
        <time>2025-09-01T14:03:00.000Z</time>
        <extensions>
          <ns3:TrackPointExtension>
            <ns3:atemp>26.0</ns3:atemp>
          </ns3:TrackPointExtension>
        </extensions>
      </trkpt>
      <trkpt lat="44.576823525130748748779296875" lon="-0.23648760281503200531005859375">
        <ele>64.59999847412109375</ele>
        <time>2025-09-01T14:03:01.000Z</time>
        <extensions>
          <ns3:TrackPointExtension>
            <ns3:atemp>26.0</ns3:atemp>
          </ns3:TrackPointExtension>
        </extensions>
      </trkpt>
      <trkpt lat="44.57673107273876667022705078125" lon="-0.23644200526177883148193359375">
        <ele>64.1999969482421875</ele>
        <time>2025-09-01T14:03:02.000Z</time>
        <extensions>
          <ns3:TrackPointExtension>
            <ns3:atemp>26.0</ns3:atemp>
          </ns3:TrackPointExtension>
        </extensions>
      </trkpt>
      <trkpt lat="44.5766392908990383148193359375" lon="-0.23639523424208164215087890625">
        <ele>63.799999237060546875</ele>
        <time>2025-09-01T14:03:03.000Z</time>
        <extensions>
          <ns3:TrackPointExtension>
            <ns3:atemp>26.0</ns3:atemp>
          </ns3:TrackPointExtension>
        </extensions>
      </trkpt>
      <trkpt lat="44.57654767669737339019775390625" lon="-0.2363480441272258758544921875">
        <ele>63.59999847412109375</ele>
        <time>2025-09-01T14:03:04.000Z</time>
        <extensions>
          <ns3:TrackPointExtension>
            <ns3:atemp>26.0</ns3:atemp>
          </ns3:TrackPointExtension>
        </extensions>
      </trkpt>
      <trkpt lat="44.5764552243053913116455078125" lon="-0.23629833944141864776611328125">
        <ele>63.200000762939453125</ele>
        <time>2025-09-01T14:03:05.000Z</time>
        <extensions>
          <ns3:TrackPointExtension>
            <ns3:atemp>26.0</ns3:atemp>
          </ns3:TrackPointExtension>
        </extensions>
      </trkpt>
      <trkpt lat="44.57636243663728237152099609375" lon="-0.23624989204108715057373046875">
        <ele>62.799999237060546875</ele>
        <time>2025-09-01T14:03:06.000Z</time>
        <extensions>
          <ns3:TrackPointExtension>
            <ns3:atemp>26.0</ns3:atemp>
          </ns3:TrackPointExtension>
        </extensions>
      </trkpt>
      <trkpt lat="44.57626688294112682342529296875" lon="-0.23620278574526309967041015625">
        <ele>62.40000152587890625</ele>
        <time>2025-09-01T14:03:07.000Z</time>
        <extensions>
          <ns3:TrackPointExtension>
            <ns3:atemp>26.0</ns3:atemp>
          </ns3:TrackPointExtension>
        </extensions>
      </trkpt>
      <trkpt lat="44.5761682279407978057861328125" lon="-0.236154086887836456298828125">
        <ele>62</ele>
        <time>2025-09-01T14:03:08.000Z</time>
        <extensions>
          <ns3:TrackPointExtension>
            <ns3:atemp>26.0</ns3:atemp>
          </ns3:TrackPointExtension>
        </extensions>
      </trkpt>
      <trkpt lat="44.576068483293056488037109375" lon="-0.23610471747815608978271484375">
        <ele>61.59999847412109375</ele>
        <time>2025-09-01T14:03:09.000Z</time>
        <extensions>
          <ns3:TrackPointExtension>
            <ns3:atemp>26.0</ns3:atemp>
          </ns3:TrackPointExtension>
        </extensions>
      </trkpt>
      <trkpt lat="44.575967229902744293212890625" lon="-0.23605308495461940765380859375">
        <ele>60.799999237060546875</ele>
        <time>2025-09-01T14:03:10.000Z</time>
        <extensions>
          <ns3:TrackPointExtension>
            <ns3:atemp>26.0</ns3:atemp>
          </ns3:TrackPointExtension>
        </extensions>
      </trkpt>
      <trkpt lat="44.57586924545466899871826171875" lon="-0.2360033802688121795654296875">
        <ele>60.40000152587890625</ele>
        <time>2025-09-01T14:03:11.000Z</time>
        <extensions>
          <ns3:TrackPointExtension>
            <ns3:atemp>26.0</ns3:atemp>
          </ns3:TrackPointExtension>
        </extensions>
      </trkpt>
      <trkpt lat="44.57577100954949855804443359375" lon="-0.2359524182975292205810546875">
        <ele>59.59999847412109375</ele>
        <time>2025-09-01T14:03:12.000Z</time>
        <extensions>
          <ns3:TrackPointExtension>
            <ns3:atemp>26.0</ns3:atemp>
          </ns3:TrackPointExtension>
        </extensions>
      </trkpt>
      <trkpt lat="44.57567394711077213287353515625" lon="-0.2359014563262462615966796875">
        <ele>59</ele>
        <time>2025-09-01T14:03:13.000Z</time>
        <extensions>
          <ns3:TrackPointExtension>
            <ns3:atemp>26.0</ns3:atemp>
          </ns3:TrackPointExtension>
        </extensions>
      </trkpt>
      <trkpt lat="44.57557621411979198455810546875" lon="-0.2358504943549633026123046875">
        <ele>58.40000152587890625</ele>
        <time>2025-09-01T14:03:14.000Z</time>
        <extensions>
          <ns3:TrackPointExtension>
            <ns3:atemp>26.0</ns3:atemp>
          </ns3:TrackPointExtension>
        </extensions>
      </trkpt>
      <trkpt lat="44.57547998987138271331787109375" lon="-0.23579978384077548980712890625">
        <ele>57.799999237060546875</ele>
        <time>2025-09-01T14:03:15.000Z</time>
        <extensions>
          <ns3:TrackPointExtension>
            <ns3:atemp>26.0</ns3:atemp>
          </ns3:TrackPointExtension>
        </extensions>
      </trkpt>
      <trkpt lat="44.5753799937665462493896484375" lon="-0.23574865423142910003662109375">
        <ele>57</ele>
        <time>2025-09-01T14:03:16.000Z</time>
        <extensions>
          <ns3:TrackPointExtension>
            <ns3:atemp>26.0</ns3:atemp>
          </ns3:TrackPointExtension>
        </extensions>
      </trkpt>
      <trkpt lat="44.57528351806104183197021484375" lon="-0.2356989495456218719482421875">
        <ele>56.40000152587890625</ele>
        <time>2025-09-01T14:03:17.000Z</time>
        <extensions>
          <ns3:TrackPointExtension>
            <ns3:atemp>26.0</ns3:atemp>
          </ns3:TrackPointExtension>
        </extensions>
      </trkpt>
      <trkpt lat="44.57519383169710636138916015625" lon="-0.23565075360238552093505859375">
        <ele>55.799999237060546875</ele>
        <time>2025-09-01T14:03:18.000Z</time>
        <extensions>
          <ns3:TrackPointExtension>
            <ns3:atemp>26.0</ns3:atemp>
          </ns3:TrackPointExtension>
        </extensions>
      </trkpt>
      <trkpt lat="44.57511018030345439910888671875" lon="-0.23560448549687862396240234375">
        <ele>55.200000762939453125</ele>
        <time>2025-09-01T14:03:19.000Z</time>
        <extensions>
          <ns3:TrackPointExtension>
            <ns3:atemp>26.0</ns3:atemp>
          </ns3:TrackPointExtension>
        </extensions>
      </trkpt>
      <trkpt lat="44.57503683865070343017578125" lon="-0.23556299507617950439453125">
        <ele>54.59999847412109375</ele>
        <time>2025-09-01T14:03:20.000Z</time>
        <extensions>
          <ns3:TrackPointExtension>
            <ns3:atemp>26.0</ns3:atemp>
          </ns3:TrackPointExtension>
        </extensions>
      </trkpt>
      <trkpt lat="44.57496601156890392303466796875" lon="-0.23552636615931987762451171875">
        <ele>53.799999237060546875</ele>
        <time>2025-09-01T14:03:21.000Z</time>
        <extensions>
          <ns3:TrackPointExtension>
            <ns3:atemp>26.0</ns3:atemp>
          </ns3:TrackPointExtension>
        </extensions>
      </trkpt>
      <trkpt lat="44.57490080036222934722900390625" lon="-0.23549200035631656646728515625">
        <ele>53</ele>
        <time>2025-09-01T14:03:22.000Z</time>
        <extensions>
          <ns3:TrackPointExtension>
            <ns3:atemp>26.0</ns3:atemp>
          </ns3:TrackPointExtension>
        </extensions>
      </trkpt>
      <trkpt lat="44.57484346814453601837158203125" lon="-0.23546031676232814788818359375">
        <ele>52.40000152587890625</ele>
        <time>2025-09-01T14:03:23.000Z</time>
        <extensions>
          <ns3:TrackPointExtension>
            <ns3:atemp>26.0</ns3:atemp>
          </ns3:TrackPointExtension>
        </extensions>
      </trkpt>
      <trkpt lat="44.5747852139174938201904296875" lon="-0.23543198592960834503173828125">
        <ele>51.59999847412109375</ele>
        <time>2025-09-01T14:03:24.000Z</time>
        <extensions>
          <ns3:TrackPointExtension>
            <ns3:atemp>26.0</ns3:atemp>
          </ns3:TrackPointExtension>
        </extensions>
      </trkpt>
      <trkpt lat="44.5747245289385318756103515625" lon="-0.23541949689388275146484375">
        <ele>51</ele>
        <time>2025-09-01T14:03:25.000Z</time>
        <extensions>
          <ns3:TrackPointExtension>
            <ns3:atemp>26.0</ns3:atemp>
          </ns3:TrackPointExtension>
        </extensions>
      </trkpt>
      <trkpt lat="44.5746591500937938690185546875" lon="-0.2354263700544834136962890625">
        <ele>50.200000762939453125</ele>
        <time>2025-09-01T14:03:26.000Z</time>
        <extensions>
          <ns3:TrackPointExtension>
            <ns3:atemp>26.0</ns3:atemp>
          </ns3:TrackPointExtension>
        </extensions>
      </trkpt>
      <trkpt lat="44.57459234632551670074462890625" lon="-0.23545562289655208587646484375">
        <ele>49.59999847412109375</ele>
        <time>2025-09-01T14:03:27.000Z</time>
        <extensions>
          <ns3:TrackPointExtension>
            <ns3:atemp>26.0</ns3:atemp>
          </ns3:TrackPointExtension>
        </extensions>
      </trkpt>
      <trkpt lat="44.57453660666942596435546875" lon="-0.23551513440907001495361328125">
        <ele>49.200000762939453125</ele>
        <time>2025-09-01T14:03:28.000Z</time>
        <extensions>
          <ns3:TrackPointExtension>
            <ns3:atemp>26.0</ns3:atemp>
          </ns3:TrackPointExtension>
        </extensions>
      </trkpt>
      <trkpt lat="44.5745025761425495147705078125" lon="-0.23561060428619384765625">
        <ele>48.59999847412109375</ele>
        <time>2025-09-01T14:03:29.000Z</time>
        <extensions>
          <ns3:TrackPointExtension>
            <ns3:atemp>26.0</ns3:atemp>
          </ns3:TrackPointExtension>
        </extensions>
      </trkpt>
      <trkpt lat="44.57448564469814300537109375" lon="-0.23571797646582126617431640625">
        <ele>48.200000762939453125</ele>
        <time>2025-09-01T14:03:30.000Z</time>
        <extensions>
          <ns3:TrackPointExtension>
            <ns3:atemp>26.0</ns3:atemp>
          </ns3:TrackPointExtension>
        </extensions>
      </trkpt>
      <trkpt lat="44.57447801716625690460205078125" lon="-0.23582928813993930816650390625">
        <ele>47.799999237060546875</ele>
        <time>2025-09-01T14:03:31.000Z</time>
        <extensions>
          <ns3:TrackPointExtension>
            <ns3:atemp>26.0</ns3:atemp>
          </ns3:TrackPointExtension>
        </extensions>
      </trkpt>
      <trkpt lat="44.5744796097278594970703125" lon="-0.2359480597078800201416015625">
        <ele>47.200000762939453125</ele>
        <time>2025-09-01T14:03:32.000Z</time>
        <extensions>
          <ns3:TrackPointExtension>
            <ns3:atemp>26.0</ns3:atemp>
          </ns3:TrackPointExtension>
        </extensions>
      </trkpt>
      <trkpt lat="44.574481286108493804931640625" lon="-0.23606901057064533233642578125">
        <ele>46.799999237060546875</ele>
        <time>2025-09-01T14:03:33.000Z</time>
        <extensions>
          <ns3:TrackPointExtension>
            <ns3:atemp>26.0</ns3:atemp>
          </ns3:TrackPointExtension>
        </extensions>
      </trkpt>
      <trkpt lat="44.57448438741266727447509765625" lon="-0.23618870414793491363525390625">
        <ele>46.40000152587890625</ele>
        <time>2025-09-01T14:03:34.000Z</time>
        <extensions>
          <ns3:TrackPointExtension>
            <ns3:atemp>26.0</ns3:atemp>
          </ns3:TrackPointExtension>
        </extensions>
      </trkpt>
      <trkpt lat="44.57448874600231647491455078125" lon="-0.23631225340068340301513671875">
        <ele>46.200000762939453125</ele>
        <time>2025-09-01T14:03:35.000Z</time>
        <extensions>
          <ns3:TrackPointExtension>
            <ns3:atemp>26.0</ns3:atemp>
          </ns3:TrackPointExtension>
        </extensions>
      </trkpt>
      <trkpt lat="44.57449369132518768310546875" lon="-0.23643798194825649261474609375">
        <ele>45.799999237060546875</ele>
        <time>2025-09-01T14:03:36.000Z</time>
        <extensions>
          <ns3:TrackPointExtension>
            <ns3:atemp>26.0</ns3:atemp>
          </ns3:TrackPointExtension>
        </extensions>
      </trkpt>
      <trkpt lat="44.57449997775256633758544921875" lon="-0.23656488396227359771728515625">
        <ele>45.40000152587890625</ele>
        <time>2025-09-01T14:03:37.000Z</time>
        <extensions>
          <ns3:TrackPointExtension>
            <ns3:atemp>26.0</ns3:atemp>
          </ns3:TrackPointExtension>
        </extensions>
      </trkpt>
      <trkpt lat="44.57450634799897670745849609375" lon="-0.23669664748013019561767578125">
        <ele>44.799999237060546875</ele>
        <time>2025-09-01T14:03:38.000Z</time>
        <extensions>
          <ns3:TrackPointExtension>
            <ns3:atemp>26.0</ns3:atemp>
          </ns3:TrackPointExtension>
        </extensions>
      </trkpt>
      <trkpt lat="44.57451070658862590789794921875" lon="-0.23682891391217708587646484375">
        <ele>44.40000152587890625</ele>
        <time>2025-09-01T14:03:39.000Z</time>
        <extensions>
          <ns3:TrackPointExtension>
            <ns3:atemp>26.0</ns3:atemp>
          </ns3:TrackPointExtension>
        </extensions>
      </trkpt>
      <trkpt lat="44.5745153166353702545166015625" lon="-0.23696243762969970703125">
        <ele>43.799999237060546875</ele>
        <time>2025-09-01T14:03:40.000Z</time>
        <extensions>
          <ns3:TrackPointExtension>
            <ns3:atemp>26.0</ns3:atemp>
          </ns3:TrackPointExtension>
        </extensions>
      </trkpt>
      <trkpt lat="44.57451959140598773956298828125" lon="-0.23709981702268123626708984375">
        <ele>43.200000762939453125</ele>
        <time>2025-09-01T14:03:41.000Z</time>
        <extensions>
          <ns3:TrackPointExtension>
            <ns3:atemp>26.0</ns3:atemp>
          </ns3:TrackPointExtension>
        </extensions>
      </trkpt>
      <trkpt lat="44.5745220221579074859619140625" lon="-0.23723945952951908111572265625">
        <ele>42.59999847412109375</ele>
        <time>2025-09-01T14:03:42.000Z</time>
        <extensions>
          <ns3:TrackPointExtension>
            <ns3:atemp>26.0</ns3:atemp>
          </ns3:TrackPointExtension>
        </extensions>
      </trkpt>
      <trkpt lat="44.57452051341533660888671875" lon="-0.2373803593218326568603515625">
        <ele>42</ele>
        <time>2025-09-01T14:03:43.000Z</time>
        <extensions>
          <ns3:TrackPointExtension>
            <ns3:atemp>25.0</ns3:atemp>
          </ns3:TrackPointExtension>
        </extensions>
      </trkpt>
      <trkpt lat="44.57451037131249904632568359375" lon="-0.2375225163996219635009765625">
        <ele>41.40000152587890625</ele>
        <time>2025-09-01T14:03:44.000Z</time>
        <extensions>
          <ns3:TrackPointExtension>
            <ns3:atemp>26.0</ns3:atemp>
          </ns3:TrackPointExtension>
        </extensions>
      </trkpt>
      <trkpt lat="44.57449193112552165985107421875" lon="-0.237662829458713531494140625">
        <ele>40.799999237060546875</ele>
        <time>2025-09-01T14:03:45.000Z</time>
        <extensions>
          <ns3:TrackPointExtension>
            <ns3:atemp>26.0</ns3:atemp>
          </ns3:TrackPointExtension>
        </extensions>
      </trkpt>
      <trkpt lat="44.57446041516959667205810546875" lon="-0.2378004603087902069091796875">
        <ele>40.200000762939453125</ele>
        <time>2025-09-01T14:03:46.000Z</time>
        <extensions>
          <ns3:TrackPointExtension>
            <ns3:atemp>26.0</ns3:atemp>
          </ns3:TrackPointExtension>
        </extensions>
      </trkpt>
      <trkpt lat="44.57441800273954868316650390625" lon="-0.237935073673725128173828125">
        <ele>39.59999847412109375</ele>
        <time>2025-09-01T14:03:47.000Z</time>
        <extensions>
          <ns3:TrackPointExtension>
            <ns3:atemp>25.0</ns3:atemp>
          </ns3:TrackPointExtension>
        </extensions>
      </trkpt>
      <trkpt lat="44.5743669569492340087890625" lon="-0.238063819706439971923828125">
        <ele>39</ele>
        <time>2025-09-01T14:03:48.000Z</time>
        <extensions>
          <ns3:TrackPointExtension>
            <ns3:atemp>26.0</ns3:atemp>
          </ns3:TrackPointExtension>
        </extensions>
      </trkpt>
      <trkpt lat="44.57430861890316009521484375" lon="-0.2381930686533451080322265625">
        <ele>38.40000152587890625</ele>
        <time>2025-09-01T14:03:49.000Z</time>
        <extensions>
          <ns3:TrackPointExtension>
            <ns3:atemp>26.0</ns3:atemp>
          </ns3:TrackPointExtension>
        </extensions>
      </trkpt>
      <trkpt lat="44.57424466498196125030517578125" lon="-0.23831896483898162841796875">
        <ele>37.799999237060546875</ele>
        <time>2025-09-01T14:03:50.000Z</time>
        <extensions>
          <ns3:TrackPointExtension>
            <ns3:atemp>25.0</ns3:atemp>
          </ns3:TrackPointExtension>
        </extensions>
      </trkpt>
      <trkpt lat="44.5741773582994937896728515625" lon="-0.2384361438453197479248046875">
        <ele>37.40000152587890625</ele>
        <time>2025-09-01T14:03:51.000Z</time>
        <extensions>
          <ns3:TrackPointExtension>
            <ns3:atemp>25.0</ns3:atemp>
          </ns3:TrackPointExtension>
        </extensions>
      </trkpt>
      <trkpt lat="44.5741035975515842437744140625" lon="-0.238547623157501220703125">
        <ele>37</ele>
        <time>2025-09-01T14:03:52.000Z</time>
        <extensions>
          <ns3:TrackPointExtension>
            <ns3:atemp>25.0</ns3:atemp>
          </ns3:TrackPointExtension>
        </extensions>
      </trkpt>
      <trkpt lat="44.57401885651051998138427734375" lon="-0.2386477030813694000244140625">
        <ele>36.59999847412109375</ele>
        <time>2025-09-01T14:03:53.000Z</time>
        <extensions>
          <ns3:TrackPointExtension>
            <ns3:atemp>25.0</ns3:atemp>
          </ns3:TrackPointExtension>
        </extensions>
      </trkpt>
      <trkpt lat="44.57392984069883823394775390625" lon="-0.238732360303401947021484375">
        <ele>36</ele>
        <time>2025-09-01T14:03:54.000Z</time>
        <extensions>
          <ns3:TrackPointExtension>
            <ns3:atemp>25.0</ns3:atemp>
          </ns3:TrackPointExtension>
        </extensions>
      </trkpt>
      <trkpt lat="44.573834873735904693603515625" lon="-0.23880737833678722381591796875">
        <ele>35.59999847412109375</ele>
        <time>2025-09-01T14:03:55.000Z</time>
        <extensions>
          <ns3:TrackPointExtension>
            <ns3:atemp>25.0</ns3:atemp>
          </ns3:TrackPointExtension>
        </extensions>
      </trkpt>
      <trkpt lat="44.57373554818332195281982421875" lon="-0.23887527175247669219970703125">
        <ele>35</ele>
        <time>2025-09-01T14:03:56.000Z</time>
        <extensions>
          <ns3:TrackPointExtension>
            <ns3:atemp>25.0</ns3:atemp>
          </ns3:TrackPointExtension>
        </extensions>
      </trkpt>
      <trkpt lat="44.57363261841237545013427734375" lon="-0.238933525979518890380859375">
        <ele>34.59999847412109375</ele>
        <time>2025-09-01T14:03:57.000Z</time>
        <extensions>
          <ns3:TrackPointExtension>
            <ns3:atemp>25.0</ns3:atemp>
          </ns3:TrackPointExtension>
        </extensions>
      </trkpt>
      <trkpt lat="44.57352449186146259307861328125" lon="-0.2389856614172458648681640625">
        <ele>34</ele>
        <time>2025-09-01T14:03:58.000Z</time>
        <extensions>
          <ns3:TrackPointExtension>
            <ns3:atemp>25.0</ns3:atemp>
          </ns3:TrackPointExtension>
        </extensions>
      </trkpt>
      <trkpt lat="44.5734206400811672210693359375" lon="-0.2390336059033870697021484375">
        <ele>33.40000152587890625</ele>
        <time>2025-09-01T14:03:59.000Z</time>
        <extensions>
          <ns3:TrackPointExtension>
            <ns3:atemp>25.0</ns3:atemp>
          </ns3:TrackPointExtension>
        </extensions>
      </trkpt>
      <trkpt lat="44.5733170397579669952392578125" lon="-0.23907878436148166656494140625">
        <ele>32.799999237060546875</ele>
        <time>2025-09-01T14:04:00.000Z</time>
        <extensions>
          <ns3:TrackPointExtension>
            <ns3:atemp>25.0</ns3:atemp>
          </ns3:TrackPointExtension>
        </extensions>
      </trkpt>
      <trkpt lat="44.57321654073894023895263671875" lon="-0.23912304081022739410400390625">
        <ele>32.200000762939453125</ele>
        <time>2025-09-01T14:04:01.000Z</time>
        <extensions>
          <ns3:TrackPointExtension>
            <ns3:atemp>25.0</ns3:atemp>
          </ns3:TrackPointExtension>
        </extensions>
      </trkpt>
      <trkpt lat="44.5731178857386112213134765625" lon="-0.23916545324027538299560546875">
        <ele>31.6000003814697265625</ele>
        <time>2025-09-01T14:04:02.000Z</time>
        <extensions>
          <ns3:TrackPointExtension>
            <ns3:atemp>26.0</ns3:atemp>
          </ns3:TrackPointExtension>
        </extensions>
      </trkpt>
      <trkpt lat="44.57301990129053592681884765625" lon="-0.23920945823192596435546875">
        <ele>31</ele>
        <time>2025-09-01T14:04:03.000Z</time>
        <extensions>
          <ns3:TrackPointExtension>
            <ns3:atemp>26.0</ns3:atemp>
          </ns3:TrackPointExtension>
        </extensions>
      </trkpt>
      <trkpt lat="44.5729230903089046478271484375" lon="-0.23925430141389369964599609375">
        <ele>30.3999996185302734375</ele>
        <time>2025-09-01T14:04:04.000Z</time>
        <extensions>
          <ns3:TrackPointExtension>
            <ns3:atemp>26.0</ns3:atemp>
          </ns3:TrackPointExtension>
        </extensions>
      </trkpt>
      <trkpt lat="44.5728268660604953765869140625" lon="-0.23929595947265625">
        <ele>29.799999237060546875</ele>
        <time>2025-09-01T14:04:05.000Z</time>
        <extensions>
          <ns3:TrackPointExtension>
            <ns3:atemp>26.0</ns3:atemp>
          </ns3:TrackPointExtension>
        </extensions>
      </trkpt>
      <trkpt lat="44.5727299712598323822021484375" lon="-0.23933677934110164642333984375">
        <ele>29.3999996185302734375</ele>
        <time>2025-09-01T14:04:06.000Z</time>
        <extensions>
          <ns3:TrackPointExtension>
            <ns3:atemp>25.0</ns3:atemp>
          </ns3:TrackPointExtension>
        </extensions>
      </trkpt>
      <trkpt lat="44.5726340822875499725341796875" lon="-0.2393806166946887969970703125">
        <ele>28.799999237060546875</ele>
        <time>2025-09-01T14:04:07.000Z</time>
        <extensions>
          <ns3:TrackPointExtension>
            <ns3:atemp>25.0</ns3:atemp>
          </ns3:TrackPointExtension>
        </extensions>
      </trkpt>
      <trkpt lat="44.5725422166287899017333984375" lon="-0.2394188381731510162353515625">
        <ele>28.3999996185302734375</ele>
        <time>2025-09-01T14:04:08.000Z</time>
        <extensions>
          <ns3:TrackPointExtension>
            <ns3:atemp>25.0</ns3:atemp>
          </ns3:TrackPointExtension>
        </extensions>
      </trkpt>
      <trkpt lat="44.57245144061744213104248046875" lon="-0.2394582331180572509765625">
        <ele>28</ele>
        <time>2025-09-01T14:04:09.000Z</time>
        <extensions>
          <ns3:TrackPointExtension>
            <ns3:atemp>25.0</ns3:atemp>
          </ns3:TrackPointExtension>
        </extensions>
      </trkpt>
      <trkpt lat="44.57236326299607753753662109375" lon="-0.23949972353875637054443359375">
        <ele>27.3999996185302734375</ele>
        <time>2025-09-01T14:04:10.000Z</time>
        <extensions>
          <ns3:TrackPointExtension>
            <ns3:atemp>25.0</ns3:atemp>
          </ns3:TrackPointExtension>
        </extensions>
      </trkpt>
      <trkpt lat="44.57227324135601520538330078125" lon="-0.2395388670265674591064453125">
        <ele>27</ele>
        <time>2025-09-01T14:04:11.000Z</time>
        <extensions>
          <ns3:TrackPointExtension>
            <ns3:atemp>25.0</ns3:atemp>
          </ns3:TrackPointExtension>
        </extensions>
      </trkpt>
      <trkpt lat="44.57218606956303119659423828125" lon="-0.239574573934078216552734375">
        <ele>26.6000003814697265625</ele>
        <time>2025-09-01T14:04:12.000Z</time>
        <extensions>
          <ns3:TrackPointExtension>
            <ns3:atemp>25.0</ns3:atemp>
          </ns3:TrackPointExtension>
        </extensions>
      </trkpt>
      <trkpt lat="44.572101496160030364990234375" lon="-0.23960885591804981231689453125">
        <ele>26.200000762939453125</ele>
        <time>2025-09-01T14:04:13.000Z</time>
        <extensions>
          <ns3:TrackPointExtension>
            <ns3:atemp>25.0</ns3:atemp>
          </ns3:TrackPointExtension>
        </extensions>
      </trkpt>
      <trkpt lat="44.57202044315636157989501953125" lon="-0.23964355699717998504638671875">
        <ele>26</ele>
        <time>2025-09-01T14:04:14.000Z</time>
        <extensions>
          <ns3:TrackPointExtension>
            <ns3:atemp>25.0</ns3:atemp>
          </ns3:TrackPointExtension>
        </extensions>
      </trkpt>
      <trkpt lat="44.571938551962375640869140625" lon="-0.23968219757080078125">
        <ele>25.799999237060546875</ele>
        <time>2025-09-01T14:04:15.000Z</time>
        <extensions>
          <ns3:TrackPointExtension>
            <ns3:atemp>25.0</ns3:atemp>
          </ns3:TrackPointExtension>
        </extensions>
      </trkpt>
      <trkpt lat="44.571857415139675140380859375" lon="-0.23972067050635814666748046875">
        <ele>25.3999996185302734375</ele>
        <time>2025-09-01T14:04:16.000Z</time>
        <extensions>
          <ns3:TrackPointExtension>
            <ns3:atemp>25.0</ns3:atemp>
          </ns3:TrackPointExtension>
        </extensions>
      </trkpt>
      <trkpt lat="44.57177937962114810943603515625" lon="-0.23975755088031291961669921875">
        <ele>25.200000762939453125</ele>
        <time>2025-09-01T14:04:17.000Z</time>
        <extensions>
          <ns3:TrackPointExtension>
            <ns3:atemp>25.0</ns3:atemp>
          </ns3:TrackPointExtension>
        </extensions>
      </trkpt>
      <trkpt lat="44.571702182292938232421875" lon="-0.23979057557880878448486328125">
        <ele>25</ele>
        <time>2025-09-01T14:04:18.000Z</time>
        <extensions>
          <ns3:TrackPointExtension>
            <ns3:atemp>25.0</ns3:atemp>
          </ns3:TrackPointExtension>
        </extensions>
      </trkpt>
      <trkpt lat="44.571628086268901824951171875" lon="-0.2398225106298923492431640625">
        <ele>24.799999237060546875</ele>
        <time>2025-09-01T14:04:19.000Z</time>
        <extensions>
          <ns3:TrackPointExtension>
            <ns3:atemp>25.0</ns3:atemp>
          </ns3:TrackPointExtension>
        </extensions>
      </trkpt>
      <trkpt lat="44.57155558280646800994873046875" lon="-0.23985494859516620635986328125">
        <ele>24.6000003814697265625</ele>
        <time>2025-09-01T14:04:20.000Z</time>
        <extensions>
          <ns3:TrackPointExtension>
            <ns3:atemp>25.0</ns3:atemp>
          </ns3:TrackPointExtension>
        </extensions>
      </trkpt>
      <trkpt lat="44.57148551009595394134521484375" lon="-0.239888392388820648193359375">
        <ele>24.3999996185302734375</ele>
        <time>2025-09-01T14:04:21.000Z</time>
        <extensions>
          <ns3:TrackPointExtension>
            <ns3:atemp>25.0</ns3:atemp>
          </ns3:TrackPointExtension>
        </extensions>
      </trkpt>
      <trkpt lat="44.5714150182902812957763671875" lon="-0.2399180643260478973388671875">
        <ele>24.200000762939453125</ele>
        <time>2025-09-01T14:04:22.000Z</time>
        <extensions>
          <ns3:TrackPointExtension>
            <ns3:atemp>25.0</ns3:atemp>
          </ns3:TrackPointExtension>
        </extensions>
      </trkpt>
      <trkpt lat="44.57134871743619441986083984375" lon="-0.23994698189198970794677734375">
        <ele>24.200000762939453125</ele>
        <time>2025-09-01T14:04:23.000Z</time>
        <extensions>
          <ns3:TrackPointExtension>
            <ns3:atemp>25.0</ns3:atemp>
          </ns3:TrackPointExtension>
        </extensions>
      </trkpt>
      <trkpt lat="44.57128384150564670562744140625" lon="-0.2399753965437412261962890625">
        <ele>24</ele>
        <time>2025-09-01T14:04:24.000Z</time>
        <extensions>
          <ns3:TrackPointExtension>
            <ns3:atemp>25.0</ns3:atemp>
          </ns3:TrackPointExtension>
        </extensions>
      </trkpt>
      <trkpt lat="44.5712188817560672760009765625" lon="-0.240004062652587890625">
        <ele>23.799999237060546875</ele>
        <time>2025-09-01T14:04:25.000Z</time>
        <extensions>
          <ns3:TrackPointExtension>
            <ns3:atemp>25.0</ns3:atemp>
          </ns3:TrackPointExtension>
        </extensions>
      </trkpt>
      <trkpt lat="44.5711536705493927001953125" lon="-0.24003423750400543212890625">
        <ele>23.799999237060546875</ele>
        <time>2025-09-01T14:04:26.000Z</time>
        <extensions>
          <ns3:TrackPointExtension>
            <ns3:atemp>25.0</ns3:atemp>
          </ns3:TrackPointExtension>
        </extensions>
      </trkpt>
      <trkpt lat="44.57108988426625728607177734375" lon="-0.2400615625083446502685546875">
        <ele>23.6000003814697265625</ele>
        <time>2025-09-01T14:04:27.000Z</time>
        <extensions>
          <ns3:TrackPointExtension>
            <ns3:atemp>25.0</ns3:atemp>
          </ns3:TrackPointExtension>
        </extensions>
      </trkpt>
      <trkpt lat="44.5710284449160099029541015625" lon="-0.24008746258914470672607421875">
        <ele>23.3999996185302734375</ele>
        <time>2025-09-01T14:04:28.000Z</time>
        <extensions>
          <ns3:TrackPointExtension>
            <ns3:atemp>25.0</ns3:atemp>
          </ns3:TrackPointExtension>
        </extensions>
      </trkpt>
      <trkpt lat="44.57096633501350879669189453125" lon="-0.24011411704123020172119140625">
        <ele>23.200000762939453125</ele>
        <time>2025-09-01T14:04:29.000Z</time>
        <extensions>
          <ns3:TrackPointExtension>
            <ns3:atemp>25.0</ns3:atemp>
          </ns3:TrackPointExtension>
        </extensions>
      </trkpt>
      <trkpt lat="44.57090430893003940582275390625" lon="-0.24014345370233058929443359375">
        <ele>23.200000762939453125</ele>
        <time>2025-09-01T14:04:30.000Z</time>
        <extensions>
          <ns3:TrackPointExtension>
            <ns3:atemp>25.0</ns3:atemp>
          </ns3:TrackPointExtension>
        </extensions>
      </trkpt>
      <trkpt lat="44.57084119319915771484375" lon="-0.2401728741824626922607421875">
        <ele>23</ele>
        <time>2025-09-01T14:04:31.000Z</time>
        <extensions>
          <ns3:TrackPointExtension>
            <ns3:atemp>25.0</ns3:atemp>
          </ns3:TrackPointExtension>
        </extensions>
      </trkpt>
      <trkpt lat="44.570783190429210662841796875" lon="-0.24019659496843814849853515625">
        <ele>22.799999237060546875</ele>
        <time>2025-09-01T14:04:32.000Z</time>
        <extensions>
          <ns3:TrackPointExtension>
            <ns3:atemp>25.0</ns3:atemp>
          </ns3:TrackPointExtension>
        </extensions>
      </trkpt>
      <trkpt lat="44.570725522935390472412109375" lon="-0.240221656858921051025390625">
        <ele>22.6000003814697265625</ele>
        <time>2025-09-01T14:04:33.000Z</time>
        <extensions>
          <ns3:TrackPointExtension>
            <ns3:atemp>25.0</ns3:atemp>
          </ns3:TrackPointExtension>
        </extensions>
      </trkpt>
      <trkpt lat="44.57066827453672885894775390625" lon="-0.24024738930165767669677734375">
        <ele>22.3999996185302734375</ele>
        <time>2025-09-01T14:04:34.000Z</time>
        <extensions>
          <ns3:TrackPointExtension>
            <ns3:atemp>25.0</ns3:atemp>
          </ns3:TrackPointExtension>
        </extensions>
      </trkpt>
      <trkpt lat="44.570608846843242645263671875" lon="-0.2402751334011554718017578125">
        <ele>22.3999996185302734375</ele>
        <time>2025-09-01T14:04:35.000Z</time>
        <extensions>
          <ns3:TrackPointExtension>
            <ns3:atemp>25.0</ns3:atemp>
          </ns3:TrackPointExtension>
        </extensions>
      </trkpt>
      <trkpt lat="44.570549167692661285400390625" lon="-0.24030069820582866668701171875">
        <ele>22.200000762939453125</ele>
        <time>2025-09-01T14:04:36.000Z</time>
        <extensions>
          <ns3:TrackPointExtension>
            <ns3:atemp>25.0</ns3:atemp>
          </ns3:TrackPointExtension>
        </extensions>
      </trkpt>
      <trkpt lat="44.57049074582755565643310546875" lon="-0.24032500572502613067626953125">
        <ele>22</ele>
        <time>2025-09-01T14:04:37.000Z</time>
        <extensions>
          <ns3:TrackPointExtension>
            <ns3:atemp>25.0</ns3:atemp>
          </ns3:TrackPointExtension>
        </extensions>
      </trkpt>
      <trkpt lat="44.570433832705020904541015625" lon="-0.2403460443019866943359375">
        <ele>21.799999237060546875</ele>
        <time>2025-09-01T14:04:38.000Z</time>
        <extensions>
          <ns3:TrackPointExtension>
            <ns3:atemp>25.0</ns3:atemp>
          </ns3:TrackPointExtension>
        </extensions>
      </trkpt>
      <trkpt lat="44.57037474028766155242919921875" lon="-0.2403690107166767120361328125">
        <ele>21.799999237060546875</ele>
        <time>2025-09-01T14:04:39.000Z</time>
        <extensions>
          <ns3:TrackPointExtension>
            <ns3:atemp>25.0</ns3:atemp>
          </ns3:TrackPointExtension>
        </extensions>
      </trkpt>
      <trkpt lat="44.57031539641320705413818359375" lon="-0.24039507843554019927978515625">
        <ele>21.6000003814697265625</ele>
        <time>2025-09-01T14:04:40.000Z</time>
        <extensions>
          <ns3:TrackPointExtension>
            <ns3:atemp>25.0</ns3:atemp>
          </ns3:TrackPointExtension>
        </extensions>
      </trkpt>
      <trkpt lat="44.5702576451003551483154296875" lon="-0.2404233254492282867431640625">
        <ele>21.6000003814697265625</ele>
        <time>2025-09-01T14:04:41.000Z</time>
        <extensions>
          <ns3:TrackPointExtension>
            <ns3:atemp>25.0</ns3:atemp>
          </ns3:TrackPointExtension>
        </extensions>
      </trkpt>
      <trkpt lat="44.570201151072978973388671875" lon="-0.24045132100582122802734375">
        <ele>21.3999996185302734375</ele>
        <time>2025-09-01T14:04:42.000Z</time>
        <extensions>
          <ns3:TrackPointExtension>
            <ns3:atemp>25.0</ns3:atemp>
          </ns3:TrackPointExtension>
        </extensions>
      </trkpt>
      <trkpt lat="44.5701491832733154296875" lon="-0.240474455058574676513671875">
        <ele>21.3999996185302734375</ele>
        <time>2025-09-01T14:04:43.000Z</time>
        <extensions>
          <ns3:TrackPointExtension>
            <ns3:atemp>25.0</ns3:atemp>
          </ns3:TrackPointExtension>
        </extensions>
      </trkpt>
      <trkpt lat="44.57009746693074703216552734375" lon="-0.24049566127359867095947265625">
        <ele>21.3999996185302734375</ele>
        <time>2025-09-01T14:04:44.000Z</time>
        <extensions>
          <ns3:TrackPointExtension>
            <ns3:atemp>25.0</ns3:atemp>
          </ns3:TrackPointExtension>
        </extensions>
      </trkpt>
      <trkpt lat="44.57004256546497344970703125" lon="-0.24051577784121036529541015625">
        <ele>21.3999996185302734375</ele>
        <time>2025-09-01T14:04:45.000Z</time>
        <extensions>
          <ns3:TrackPointExtension>
            <ns3:atemp>25.0</ns3:atemp>
          </ns3:TrackPointExtension>
        </extensions>
      </trkpt>
      <trkpt lat="44.569986574351787567138671875" lon="-0.24053991772234439849853515625">
        <ele>21.3999996185302734375</ele>
        <time>2025-09-01T14:04:46.000Z</time>
        <extensions>
          <ns3:TrackPointExtension>
            <ns3:atemp>25.0</ns3:atemp>
          </ns3:TrackPointExtension>
        </extensions>
      </trkpt>
      <trkpt lat="44.56993251107633113861083984375" lon="-0.2405664883553981781005859375">
        <ele>21.200000762939453125</ele>
        <time>2025-09-01T14:04:47.000Z</time>
        <extensions>
          <ns3:TrackPointExtension>
            <ns3:atemp>25.0</ns3:atemp>
          </ns3:TrackPointExtension>
        </extensions>
      </trkpt>
      <trkpt lat="44.569877944886684417724609375" lon="-0.24059213697910308837890625">
        <ele>21.200000762939453125</ele>
        <time>2025-09-01T14:04:48.000Z</time>
        <extensions>
          <ns3:TrackPointExtension>
            <ns3:atemp>25.0</ns3:atemp>
          </ns3:TrackPointExtension>
        </extensions>
      </trkpt>
      <trkpt lat="44.5698224566876888275146484375" lon="-0.24061971344053745269775390625">
        <ele>21.200000762939453125</ele>
        <time>2025-09-01T14:04:49.000Z</time>
        <extensions>
          <ns3:TrackPointExtension>
            <ns3:atemp>25.0</ns3:atemp>
          </ns3:TrackPointExtension>
        </extensions>
      </trkpt>
      <trkpt lat="44.56976830959320068359375" lon="-0.24064569734036922454833984375">
        <ele>21.200000762939453125</ele>
        <time>2025-09-01T14:04:50.000Z</time>
        <extensions>
          <ns3:TrackPointExtension>
            <ns3:atemp>25.0</ns3:atemp>
          </ns3:TrackPointExtension>
        </extensions>
      </trkpt>
      <trkpt lat="44.56971474923193454742431640625" lon="-0.24066966958343982696533203125">
        <ele>21.200000762939453125</ele>
        <time>2025-09-01T14:04:51.000Z</time>
        <extensions>
          <ns3:TrackPointExtension>
            <ns3:atemp>25.0</ns3:atemp>
          </ns3:TrackPointExtension>
        </extensions>
      </trkpt>
      <trkpt lat="44.56966177560389041900634765625" lon="-0.2406932227313518524169921875">
        <ele>21.200000762939453125</ele>
        <time>2025-09-01T14:04:52.000Z</time>
        <extensions>
          <ns3:TrackPointExtension>
            <ns3:atemp>25.0</ns3:atemp>
          </ns3:TrackPointExtension>
        </extensions>
      </trkpt>
      <trkpt lat="44.56961072981357574462890625" lon="-0.2407161891460418701171875">
        <ele>21.200000762939453125</ele>
        <time>2025-09-01T14:04:53.000Z</time>
        <extensions>
          <ns3:TrackPointExtension>
            <ns3:atemp>25.0</ns3:atemp>
          </ns3:TrackPointExtension>
        </extensions>
      </trkpt>
      <trkpt lat="44.56955750472843647003173828125" lon="-0.24074091576039791107177734375">
        <ele>21.200000762939453125</ele>
        <time>2025-09-01T14:04:54.000Z</time>
        <extensions>
          <ns3:TrackPointExtension>
            <ns3:atemp>25.0</ns3:atemp>
          </ns3:TrackPointExtension>
        </extensions>
      </trkpt>
      <trkpt lat="44.56950704567134380340576171875" lon="-0.24076371453702449798583984375">
        <ele>21</ele>
        <time>2025-09-01T14:04:55.000Z</time>
        <extensions>
          <ns3:TrackPointExtension>
            <ns3:atemp>25.0</ns3:atemp>
          </ns3:TrackPointExtension>
        </extensions>
      </trkpt>
      <trkpt lat="44.56945692189037799835205078125" lon="-0.24078567512333393096923828125">
        <ele>20.799999237060546875</ele>
        <time>2025-09-01T14:04:56.000Z</time>
        <extensions>
          <ns3:TrackPointExtension>
            <ns3:atemp>25.0</ns3:atemp>
          </ns3:TrackPointExtension>
        </extensions>
      </trkpt>
      <trkpt lat="44.56940545700490474700927734375" lon="-0.24080780334770679473876953125">
        <ele>20.799999237060546875</ele>
        <time>2025-09-01T14:04:57.000Z</time>
        <extensions>
          <ns3:TrackPointExtension>
            <ns3:atemp>25.0</ns3:atemp>
          </ns3:TrackPointExtension>
        </extensions>
      </trkpt>
      <trkpt lat="44.56935382448136806488037109375" lon="-0.24083076976239681243896484375">
        <ele>20.6000003814697265625</ele>
        <time>2025-09-01T14:04:58.000Z</time>
        <extensions>
          <ns3:TrackPointExtension>
            <ns3:atemp>25.0</ns3:atemp>
          </ns3:TrackPointExtension>
        </extensions>
      </trkpt>
      <trkpt lat="44.56930118612945079803466796875" lon="-0.24085222743451595306396484375">
        <ele>20.3999996185302734375</ele>
        <time>2025-09-01T14:04:59.000Z</time>
        <extensions>
          <ns3:TrackPointExtension>
            <ns3:atemp>25.0</ns3:atemp>
          </ns3:TrackPointExtension>
        </extensions>
      </trkpt>
      <trkpt lat="44.56924997270107269287109375" lon="-0.24087511003017425537109375">
        <ele>20.3999996185302734375</ele>
        <time>2025-09-01T14:05:00.000Z</time>
        <extensions>
          <ns3:TrackPointExtension>
            <ns3:atemp>25.0</ns3:atemp>
          </ns3:TrackPointExtension>
        </extensions>
      </trkpt>
      <trkpt lat="44.5691983401775360107421875" lon="-0.2408980764448642730712890625">
        <ele>20.3999996185302734375</ele>
        <time>2025-09-01T14:05:01.000Z</time>
        <extensions>
          <ns3:TrackPointExtension>
            <ns3:atemp>25.0</ns3:atemp>
          </ns3:TrackPointExtension>
        </extensions>
      </trkpt>
      <trkpt lat="44.56914762966334819793701171875" lon="-0.24092313833534717559814453125">
        <ele>20.3999996185302734375</ele>
        <time>2025-09-01T14:05:02.000Z</time>
        <extensions>
          <ns3:TrackPointExtension>
            <ns3:atemp>25.0</ns3:atemp>
          </ns3:TrackPointExtension>
        </extensions>
      </trkpt>
      <trkpt lat="44.569099433720111846923828125" lon="-0.24094560183584690093994140625">
        <ele>20.3999996185302734375</ele>
        <time>2025-09-01T14:05:03.000Z</time>
        <extensions>
          <ns3:TrackPointExtension>
            <ns3:atemp>25.0</ns3:atemp>
          </ns3:TrackPointExtension>
        </extensions>
      </trkpt>
      <trkpt lat="44.569051824510097503662109375" lon="-0.24096722714602947235107421875">
        <ele>20.3999996185302734375</ele>
        <time>2025-09-01T14:05:04.000Z</time>
        <extensions>
          <ns3:TrackPointExtension>
            <ns3:atemp>25.0</ns3:atemp>
          </ns3:TrackPointExtension>
        </extensions>
      </trkpt>
      <trkpt lat="44.5690050534904003143310546875" lon="-0.24098784662783145904541015625">
        <ele>20.3999996185302734375</ele>
        <time>2025-09-01T14:05:05.000Z</time>
        <extensions>
          <ns3:TrackPointExtension>
            <ns3:atemp>25.0</ns3:atemp>
          </ns3:TrackPointExtension>
        </extensions>
      </trkpt>
      <trkpt lat="44.56895761191844940185546875" lon="-0.24101056158542633056640625">
        <ele>20.200000762939453125</ele>
        <time>2025-09-01T14:05:06.000Z</time>
        <extensions>
          <ns3:TrackPointExtension>
            <ns3:atemp>25.0</ns3:atemp>
          </ns3:TrackPointExtension>
        </extensions>
      </trkpt>
      <trkpt lat="44.5689108408987522125244140625" lon="-0.2410345338284969329833984375">
        <ele>20.200000762939453125</ele>
        <time>2025-09-01T14:05:07.000Z</time>
        <extensions>
          <ns3:TrackPointExtension>
            <ns3:atemp>25.0</ns3:atemp>
          </ns3:TrackPointExtension>
        </extensions>
      </trkpt>
      <trkpt lat="44.5688639022409915924072265625" lon="-0.241061858832836151123046875">
        <ele>20</ele>
        <time>2025-09-01T14:05:08.000Z</time>
        <extensions>
          <ns3:TrackPointExtension>
            <ns3:atemp>25.0</ns3:atemp>
          </ns3:TrackPointExtension>
        </extensions>
      </trkpt>
      <trkpt lat="44.56881755031645298004150390625" lon="-0.24108792655169963836669921875">
        <ele>20</ele>
        <time>2025-09-01T14:05:09.000Z</time>
        <extensions>
          <ns3:TrackPointExtension>
            <ns3:atemp>25.0</ns3:atemp>
          </ns3:TrackPointExtension>
        </extensions>
      </trkpt>
      <trkpt lat="44.568768851459026336669921875" lon="-0.241114161908626556396484375">
        <ele>19.799999237060546875</ele>
        <time>2025-09-01T14:05:10.000Z</time>
        <extensions>
          <ns3:TrackPointExtension>
            <ns3:atemp>25.0</ns3:atemp>
          </ns3:TrackPointExtension>
        </extensions>
      </trkpt>
      <trkpt lat="44.5687220804393291473388671875" lon="-0.2411399781703948974609375">
        <ele>19.799999237060546875</ele>
        <time>2025-09-01T14:05:11.000Z</time>
        <extensions>
          <ns3:TrackPointExtension>
            <ns3:atemp>25.0</ns3:atemp>
          </ns3:TrackPointExtension>
        </extensions>
      </trkpt>
      <trkpt lat="44.568676315248012542724609375" lon="-0.24116520769894123077392578125">
        <ele>19.799999237060546875</ele>
        <time>2025-09-01T14:05:12.000Z</time>
        <extensions>
          <ns3:TrackPointExtension>
            <ns3:atemp>25.0</ns3:atemp>
          </ns3:TrackPointExtension>
        </extensions>
      </trkpt>
      <trkpt lat="44.56863046623766422271728515625" lon="-0.24119169451296329498291015625">
        <ele>19.799999237060546875</ele>
        <time>2025-09-01T14:05:13.000Z</time>
        <extensions>
          <ns3:TrackPointExtension>
            <ns3:atemp>25.0</ns3:atemp>
          </ns3:TrackPointExtension>
        </extensions>
      </trkpt>
      <trkpt lat="44.56858553923666477203369140625" lon="-0.24121851660311222076416015625">
        <ele>19.799999237060546875</ele>
        <time>2025-09-01T14:05:14.000Z</time>
        <extensions>
          <ns3:TrackPointExtension>
            <ns3:atemp>25.0</ns3:atemp>
          </ns3:TrackPointExtension>
        </extensions>
      </trkpt>
      <trkpt lat="44.56854111514985561370849609375" lon="-0.24124567396938800811767578125">
        <ele>19.6000003814697265625</ele>
        <time>2025-09-01T14:05:15.000Z</time>
        <extensions>
          <ns3:TrackPointExtension>
            <ns3:atemp>25.0</ns3:atemp>
          </ns3:TrackPointExtension>
        </extensions>
      </trkpt>
      <trkpt lat="44.56849937327206134796142578125" lon="-0.24127668701112270355224609375">
        <ele>19.6000003814697265625</ele>
        <time>2025-09-01T14:05:16.000Z</time>
        <extensions>
          <ns3:TrackPointExtension>
            <ns3:atemp>25.0</ns3:atemp>
          </ns3:TrackPointExtension>
        </extensions>
      </trkpt>
      <trkpt lat="44.56845729611814022064208984375" lon="-0.24130669422447681427001953125">
        <ele>19.6000003814697265625</ele>
        <time>2025-09-01T14:05:17.000Z</time>
        <extensions>
          <ns3:TrackPointExtension>
            <ns3:atemp>25.0</ns3:atemp>
          </ns3:TrackPointExtension>
        </extensions>
      </trkpt>
      <trkpt lat="44.5684159733355045318603515625" lon="-0.24133636616170406341552734375">
        <ele>19.6000003814697265625</ele>
        <time>2025-09-01T14:05:18.000Z</time>
        <extensions>
          <ns3:TrackPointExtension>
            <ns3:atemp>25.0</ns3:atemp>
          </ns3:TrackPointExtension>
        </extensions>
      </trkpt>
      <trkpt lat="44.5683737285435199737548828125" lon="-0.24137022905051708221435546875">
        <ele>19.6000003814697265625</ele>
        <time>2025-09-01T14:05:19.000Z</time>
        <extensions>
          <ns3:TrackPointExtension>
            <ns3:atemp>25.0</ns3:atemp>
          </ns3:TrackPointExtension>
        </extensions>
      </trkpt>
      <trkpt lat="44.5683321543037891387939453125" lon="-0.24140325374901294708251953125">
        <ele>19.6000003814697265625</ele>
        <time>2025-09-01T14:05:20.000Z</time>
        <extensions>
          <ns3:TrackPointExtension>
            <ns3:atemp>25.0</ns3:atemp>
          </ns3:TrackPointExtension>
        </extensions>
      </trkpt>
      <trkpt lat="44.56828999333083629608154296875" lon="-0.24144147522747516632080078125">
        <ele>19.3999996185302734375</ele>
        <time>2025-09-01T14:05:21.000Z</time>
        <extensions>
          <ns3:TrackPointExtension>
            <ns3:atemp>25.0</ns3:atemp>
          </ns3:TrackPointExtension>
        </extensions>
      </trkpt>
      <trkpt lat="44.56824674271047115325927734375" lon="-0.241482295095920562744140625">
        <ele>19.3999996185302734375</ele>
        <time>2025-09-01T14:05:22.000Z</time>
        <extensions>
          <ns3:TrackPointExtension>
            <ns3:atemp>25.0</ns3:atemp>
          </ns3:TrackPointExtension>
        </extensions>
      </trkpt>
      <trkpt lat="44.5682054199278354644775390625" lon="-0.24151481688022613525390625">
        <ele>19.3999996185302734375</ele>
        <time>2025-09-01T14:05:23.000Z</time>
        <extensions>
          <ns3:TrackPointExtension>
            <ns3:atemp>25.0</ns3:atemp>
          </ns3:TrackPointExtension>
        </extensions>
      </trkpt>
      <trkpt lat="44.56816996447741985321044921875" lon="-0.24155949242413043975830078125">
        <ele>19.3999996185302734375</ele>
        <time>2025-09-01T14:05:24.000Z</time>
        <extensions>
          <ns3:TrackPointExtension>
            <ns3:atemp>25.0</ns3:atemp>
          </ns3:TrackPointExtension>
        </extensions>
      </trkpt>
      <trkpt lat="44.568146578967571258544921875" lon="-0.241610370576381683349609375">
        <ele>19.3999996185302734375</ele>
        <time>2025-09-01T14:05:25.000Z</time>
        <extensions>
          <ns3:TrackPointExtension>
            <ns3:atemp>25.0</ns3:atemp>
          </ns3:TrackPointExtension>
        </extensions>
      </trkpt>
      <trkpt lat="44.568133167922496795654296875" lon="-0.2416718937456607818603515625">
        <ele>19.3999996185302734375</ele>
        <time>2025-09-01T14:05:26.000Z</time>
        <extensions>
          <ns3:TrackPointExtension>
            <ns3:atemp>25.0</ns3:atemp>
          </ns3:TrackPointExtension>
        </extensions>
      </trkpt>
      <trkpt lat="44.56812101416289806365966796875" lon="-0.241734422743320465087890625">
        <ele>19.3999996185302734375</ele>
        <time>2025-09-01T14:05:27.000Z</time>
        <extensions>
          <ns3:TrackPointExtension>
            <ns3:atemp>25.0</ns3:atemp>
          </ns3:TrackPointExtension>
        </extensions>
      </trkpt>
      <trkpt lat="44.56809922121465206146240234375" lon="-0.24179183878004550933837890625">
        <ele>19.3999996185302734375</ele>
        <time>2025-09-01T14:05:28.000Z</time>
        <extensions>
          <ns3:TrackPointExtension>
            <ns3:atemp>25.0</ns3:atemp>
          </ns3:TrackPointExtension>
        </extensions>
      </trkpt>
      <trkpt lat="44.56806720234453678131103515625" lon="-0.24183626286685466766357421875">
        <ele>19.200000762939453125</ele>
        <time>2025-09-01T14:05:29.000Z</time>
        <extensions>
          <ns3:TrackPointExtension>
            <ns3:atemp>25.0</ns3:atemp>
          </ns3:TrackPointExtension>
        </extensions>
      </trkpt>
      <trkpt lat="44.56802554428577423095703125" lon="-0.24186258204281330108642578125">
        <ele>19.200000762939453125</ele>
        <time>2025-09-01T14:05:30.000Z</time>
        <extensions>
          <ns3:TrackPointExtension>
            <ns3:atemp>25.0</ns3:atemp>
          </ns3:TrackPointExtension>
        </extensions>
      </trkpt>
      <trkpt lat="44.56798254512250423431396484375" lon="-0.2418710477650165557861328125">
        <ele>19.200000762939453125</ele>
        <time>2025-09-01T14:05:31.000Z</time>
        <extensions>
          <ns3:TrackPointExtension>
            <ns3:atemp>25.0</ns3:atemp>
          </ns3:TrackPointExtension>
        </extensions>
      </trkpt>
      <trkpt lat="44.5679412223398685455322265625" lon="-0.24186694063246250152587890625">
        <ele>19.200000762939453125</ele>
        <time>2025-09-01T14:05:32.000Z</time>
        <extensions>
          <ns3:TrackPointExtension>
            <ns3:atemp>25.0</ns3:atemp>
          </ns3:TrackPointExtension>
        </extensions>
      </trkpt>
      <trkpt lat="44.56789939664304256439208984375" lon="-0.24185503832995891571044921875">
        <ele>19.200000762939453125</ele>
        <time>2025-09-01T14:05:33.000Z</time>
        <extensions>
          <ns3:TrackPointExtension>
            <ns3:atemp>25.0</ns3:atemp>
          </ns3:TrackPointExtension>
        </extensions>
      </trkpt>
      <trkpt lat="44.56786151044070720672607421875" lon="-0.2418375201523303985595703125">
        <ele>19</ele>
        <time>2025-09-01T14:05:34.000Z</time>
        <extensions>
          <ns3:TrackPointExtension>
            <ns3:atemp>25.0</ns3:atemp>
          </ns3:TrackPointExtension>
        </extensions>
      </trkpt>
      <trkpt lat="44.567820690572261810302734375" lon="-0.24182260036468505859375">
        <ele>19</ele>
        <time>2025-09-01T14:05:35.000Z</time>
        <extensions>
          <ns3:TrackPointExtension>
            <ns3:atemp>25.0</ns3:atemp>
          </ns3:TrackPointExtension>
        </extensions>
      </trkpt>
      <trkpt lat="44.56777735613286495208740234375" lon="-0.24182033725082874298095703125">
        <ele>19</ele>
        <time>2025-09-01T14:05:36.000Z</time>
        <extensions>
          <ns3:TrackPointExtension>
            <ns3:atemp>25.0</ns3:atemp>
          </ns3:TrackPointExtension>
        </extensions>
      </trkpt>
      <trkpt lat="44.56773460842669010162353515625" lon="-0.24182670749723911285400390625">
        <ele>18.799999237060546875</ele>
        <time>2025-09-01T14:05:37.000Z</time>
        <extensions>
          <ns3:TrackPointExtension>
            <ns3:atemp>25.0</ns3:atemp>
          </ns3:TrackPointExtension>
        </extensions>
      </trkpt>
      <trkpt lat="44.56769051961600780487060546875" lon="-0.24184028618037700653076171875">
        <ele>18.799999237060546875</ele>
        <time>2025-09-01T14:05:38.000Z</time>
        <extensions>
          <ns3:TrackPointExtension>
            <ns3:atemp>25.0</ns3:atemp>
          </ns3:TrackPointExtension>
        </extensions>
      </trkpt>
      <trkpt lat="44.5676461793482303619384765625" lon="-0.24185939691960811614990234375">
        <ele>18.799999237060546875</ele>
        <time>2025-09-01T14:05:39.000Z</time>
        <extensions>
          <ns3:TrackPointExtension>
            <ns3:atemp>25.0</ns3:atemp>
          </ns3:TrackPointExtension>
        </extensions>
      </trkpt>
      <trkpt lat="44.56760401837527751922607421875" lon="-0.241873897612094879150390625">
        <ele>18.6000003814697265625</ele>
        <time>2025-09-01T14:05:40.000Z</time>
        <extensions>
          <ns3:TrackPointExtension>
            <ns3:atemp>25.0</ns3:atemp>
          </ns3:TrackPointExtension>
        </extensions>
      </trkpt>
      <trkpt lat="44.5675623603165149688720703125" lon="-0.24188856594264507293701171875">
        <ele>18.6000003814697265625</ele>
        <time>2025-09-01T14:05:41.000Z</time>
        <extensions>
          <ns3:TrackPointExtension>
            <ns3:atemp>25.0</ns3:atemp>
          </ns3:TrackPointExtension>
        </extensions>
      </trkpt>
      <trkpt lat="44.5675238035619258880615234375" lon="-0.24190482683479785919189453125">
        <ele>18.799999237060546875</ele>
        <time>2025-09-01T14:05:42.000Z</time>
        <extensions>
          <ns3:TrackPointExtension>
            <ns3:atemp>25.0</ns3:atemp>
          </ns3:TrackPointExtension>
        </extensions>
      </trkpt>
      <trkpt lat="44.5674872584640979766845703125" lon="-0.241921506822109222412109375">
        <ele>18.799999237060546875</ele>
        <time>2025-09-01T14:05:43.000Z</time>
        <extensions>
          <ns3:TrackPointExtension>
            <ns3:atemp>25.0</ns3:atemp>
          </ns3:TrackPointExtension>
        </extensions>
      </trkpt>
      <trkpt lat="44.5674507133662700653076171875" lon="-0.24193785153329372406005859375">
        <ele>18.799999237060546875</ele>
        <time>2025-09-01T14:05:44.000Z</time>
        <extensions>
          <ns3:TrackPointExtension>
            <ns3:atemp>25.0</ns3:atemp>
          </ns3:TrackPointExtension>
        </extensions>
      </trkpt>
      <trkpt lat="44.567413665354251861572265625" lon="-0.2419545315206050872802734375">
        <ele>19</ele>
        <time>2025-09-01T14:05:45.000Z</time>
        <extensions>
          <ns3:TrackPointExtension>
            <ns3:atemp>25.0</ns3:atemp>
          </ns3:TrackPointExtension>
        </extensions>
      </trkpt>
      <trkpt lat="44.5673772878944873809814453125" lon="-0.24197280406951904296875">
        <ele>19</ele>
        <time>2025-09-01T14:05:46.000Z</time>
        <extensions>
          <ns3:TrackPointExtension>
            <ns3:atemp>25.0</ns3:atemp>
          </ns3:TrackPointExtension>
        </extensions>
      </trkpt>
      <trkpt lat="44.56734032370150089263916015625" lon="-0.2419897355139255523681640625">
        <ele>19</ele>
        <time>2025-09-01T14:05:47.000Z</time>
        <extensions>
          <ns3:TrackPointExtension>
            <ns3:atemp>25.0</ns3:atemp>
          </ns3:TrackPointExtension>
        </extensions>
      </trkpt>
      <trkpt lat="44.56730403006076812744140625" lon="-0.2420121990144252777099609375">
        <ele>19</ele>
        <time>2025-09-01T14:05:48.000Z</time>
        <extensions>
          <ns3:TrackPointExtension>
            <ns3:atemp>25.0</ns3:atemp>
          </ns3:TrackPointExtension>
        </extensions>
      </trkpt>
      <trkpt lat="44.5672693289816379547119140625" lon="-0.242038182914257049560546875">
        <ele>19</ele>
        <time>2025-09-01T14:05:49.000Z</time>
        <extensions>
          <ns3:TrackPointExtension>
            <ns3:atemp>25.0</ns3:atemp>
          </ns3:TrackPointExtension>
        </extensions>
      </trkpt>
      <trkpt lat="44.5672331191599369049072265625" lon="-0.2420614846050739288330078125">
        <ele>19</ele>
        <time>2025-09-01T14:05:50.000Z</time>
        <extensions>
          <ns3:TrackPointExtension>
            <ns3:atemp>25.0</ns3:atemp>
          </ns3:TrackPointExtension>
        </extensions>
      </trkpt>
      <trkpt lat="44.56719598732888698577880859375" lon="-0.24208218790590763092041015625">
        <ele>19</ele>
        <time>2025-09-01T14:05:51.000Z</time>
        <extensions>
          <ns3:TrackPointExtension>
            <ns3:atemp>25.0</ns3:atemp>
          </ns3:TrackPointExtension>
        </extensions>
      </trkpt>
      <trkpt lat="44.5671603642404079437255859375" lon="-0.24210448376834392547607421875">
        <ele>19</ele>
        <time>2025-09-01T14:05:52.000Z</time>
        <extensions>
          <ns3:TrackPointExtension>
            <ns3:atemp>25.0</ns3:atemp>
          </ns3:TrackPointExtension>
        </extensions>
      </trkpt>
      <trkpt lat="44.56712541170418262481689453125" lon="-0.24212694726884365081787109375">
        <ele>19</ele>
        <time>2025-09-01T14:05:53.000Z</time>
        <extensions>
          <ns3:TrackPointExtension>
            <ns3:atemp>25.0</ns3:atemp>
          </ns3:TrackPointExtension>
        </extensions>
      </trkpt>
      <trkpt lat="44.56708819605410099029541015625" lon="-0.2421483211219310760498046875">
        <ele>19</ele>
        <time>2025-09-01T14:05:54.000Z</time>
        <extensions>
          <ns3:TrackPointExtension>
            <ns3:atemp>25.0</ns3:atemp>
          </ns3:TrackPointExtension>
        </extensions>
      </trkpt>
      <trkpt lat="44.5670497231185436248779296875" lon="-0.24216919206082820892333984375">
        <ele>19</ele>
        <time>2025-09-01T14:05:55.000Z</time>
        <extensions>
          <ns3:TrackPointExtension>
            <ns3:atemp>25.0</ns3:atemp>
          </ns3:TrackPointExtension>
        </extensions>
      </trkpt>
      <trkpt lat="44.567010663449764251708984375" lon="-0.24219249375164508819580078125">
        <ele>19</ele>
        <time>2025-09-01T14:05:56.000Z</time>
        <extensions>
          <ns3:TrackPointExtension>
            <ns3:atemp>25.0</ns3:atemp>
          </ns3:TrackPointExtension>
        </extensions>
      </trkpt>
      <trkpt lat="44.566972441971302032470703125" lon="-0.2422190643846988677978515625">
        <ele>19.200000762939453125</ele>
        <time>2025-09-01T14:05:57.000Z</time>
        <extensions>
          <ns3:TrackPointExtension>
            <ns3:atemp>25.0</ns3:atemp>
          </ns3:TrackPointExtension>
        </extensions>
      </trkpt>
      <trkpt lat="44.5669343881309032440185546875" lon="-0.24224546737968921661376953125">
        <ele>19.200000762939453125</ele>
        <time>2025-09-01T14:05:58.000Z</time>
        <extensions>
          <ns3:TrackPointExtension>
            <ns3:atemp>25.0</ns3:atemp>
          </ns3:TrackPointExtension>
        </extensions>
      </trkpt>
      <trkpt lat="44.566895663738250732421875" lon="-0.24227078072726726531982421875">
        <ele>19.3999996185302734375</ele>
        <time>2025-09-01T14:05:59.000Z</time>
        <extensions>
          <ns3:TrackPointExtension>
            <ns3:atemp>25.0</ns3:atemp>
          </ns3:TrackPointExtension>
        </extensions>
      </trkpt>
      <trkpt lat="44.5668576098978519439697265625" lon="-0.24229542352259159088134765625">
        <ele>19.3999996185302734375</ele>
        <time>2025-09-01T14:06:00.000Z</time>
        <extensions>
          <ns3:TrackPointExtension>
            <ns3:atemp>25.0</ns3:atemp>
          </ns3:TrackPointExtension>
        </extensions>
      </trkpt>
      <trkpt lat="44.56681829877197742462158203125" lon="-0.24232107214629650115966796875">
        <ele>19.200000762939453125</ele>
        <time>2025-09-01T14:06:01.000Z</time>
        <extensions>
          <ns3:TrackPointExtension>
            <ns3:atemp>25.0</ns3:atemp>
          </ns3:TrackPointExtension>
        </extensions>
      </trkpt>
      <trkpt lat="44.566777311265468597412109375" lon="-0.2423469722270965576171875">
        <ele>19.200000762939453125</ele>
        <time>2025-09-01T14:06:02.000Z</time>
        <extensions>
          <ns3:TrackPointExtension>
            <ns3:atemp>25.0</ns3:atemp>
          </ns3:TrackPointExtension>
        </extensions>
      </trkpt>
      <trkpt lat="44.5667379163205623626708984375" lon="-0.242372453212738037109375">
        <ele>19.200000762939453125</ele>
        <time>2025-09-01T14:06:03.000Z</time>
        <extensions>
          <ns3:TrackPointExtension>
            <ns3:atemp>25.0</ns3:atemp>
          </ns3:TrackPointExtension>
        </extensions>
      </trkpt>
      <trkpt lat="44.5666956715285778045654296875" lon="-0.24239617399871349334716796875">
        <ele>19</ele>
        <time>2025-09-01T14:06:04.000Z</time>
        <extensions>
          <ns3:TrackPointExtension>
            <ns3:atemp>25.0</ns3:atemp>
          </ns3:TrackPointExtension>
        </extensions>
      </trkpt>
      <trkpt lat="44.56665401346981525421142578125" lon="-0.24241872131824493408203125">
        <ele>19</ele>
        <time>2025-09-01T14:06:05.000Z</time>
        <extensions>
          <ns3:TrackPointExtension>
            <ns3:atemp>25.0</ns3:atemp>
          </ns3:TrackPointExtension>
        </extensions>
      </trkpt>
      <trkpt lat="44.5666131936013698577880859375" lon="-0.24244361557066440582275390625">
        <ele>19</ele>
        <time>2025-09-01T14:06:06.000Z</time>
        <extensions>
          <ns3:TrackPointExtension>
            <ns3:atemp>25.0</ns3:atemp>
          </ns3:TrackPointExtension>
        </extensions>
      </trkpt>
      <trkpt lat="44.56657111644744873046875" lon="-0.24246909655630588531494140625">
        <ele>19</ele>
        <time>2025-09-01T14:06:07.000Z</time>
        <extensions>
          <ns3:TrackPointExtension>
            <ns3:atemp>25.0</ns3:atemp>
          </ns3:TrackPointExtension>
        </extensions>
      </trkpt>
      <trkpt lat="44.56652878783643245697021484375" lon="-0.2424960024654865264892578125">
        <ele>19</ele>
        <time>2025-09-01T14:06:08.000Z</time>
        <extensions>
          <ns3:TrackPointExtension>
            <ns3:atemp>25.0</ns3:atemp>
          </ns3:TrackPointExtension>
        </extensions>
      </trkpt>
      <trkpt lat="44.56648805178701877593994140625" lon="-0.2425245009362697601318359375">
        <ele>19</ele>
        <time>2025-09-01T14:06:09.000Z</time>
        <extensions>
          <ns3:TrackPointExtension>
            <ns3:atemp>25.0</ns3:atemp>
          </ns3:TrackPointExtension>
        </extensions>
      </trkpt>
      <trkpt lat="44.5664435438811779022216796875" lon="-0.24255149066448211669921875">
        <ele>19</ele>
        <time>2025-09-01T14:06:10.000Z</time>
        <extensions>
          <ns3:TrackPointExtension>
            <ns3:atemp>25.0</ns3:atemp>
          </ns3:TrackPointExtension>
        </extensions>
      </trkpt>
      <trkpt lat="44.56640104763209819793701171875" lon="-0.2425804920494556427001953125">
        <ele>19</ele>
        <time>2025-09-01T14:06:11.000Z</time>
        <extensions>
          <ns3:TrackPointExtension>
            <ns3:atemp>25.0</ns3:atemp>
          </ns3:TrackPointExtension>
        </extensions>
      </trkpt>
      <trkpt lat="44.5663587190210819244384765625" lon="-0.2426103316247463226318359375">
        <ele>19</ele>
        <time>2025-09-01T14:06:12.000Z</time>
        <extensions>
          <ns3:TrackPointExtension>
            <ns3:atemp>25.0</ns3:atemp>
          </ns3:TrackPointExtension>
        </extensions>
      </trkpt>
      <trkpt lat="44.56631672568619251251220703125" lon="-0.24263774044811725616455078125">
        <ele>18.799999237060546875</ele>
        <time>2025-09-01T14:06:13.000Z</time>
        <extensions>
          <ns3:TrackPointExtension>
            <ns3:atemp>25.0</ns3:atemp>
          </ns3:TrackPointExtension>
        </extensions>
      </trkpt>
      <trkpt lat="44.56627246923744678497314453125" lon="-0.24266120977699756622314453125">
        <ele>18.799999237060546875</ele>
        <time>2025-09-01T14:06:14.000Z</time>
        <extensions>
          <ns3:TrackPointExtension>
            <ns3:atemp>25.0</ns3:atemp>
          </ns3:TrackPointExtension>
        </extensions>
      </trkpt>
      <trkpt lat="44.566226787865161895751953125" lon="-0.2426864393055438995361328125">
        <ele>18.6000003814697265625</ele>
        <time>2025-09-01T14:06:15.000Z</time>
        <extensions>
          <ns3:TrackPointExtension>
            <ns3:atemp>25.0</ns3:atemp>
          </ns3:TrackPointExtension>
        </extensions>
      </trkpt>
      <trkpt lat="44.566183201968669891357421875" lon="-0.242714770138263702392578125">
        <ele>18.6000003814697265625</ele>
        <time>2025-09-01T14:06:16.000Z</time>
        <extensions>
          <ns3:TrackPointExtension>
            <ns3:atemp>25.0</ns3:atemp>
          </ns3:TrackPointExtension>
        </extensions>
      </trkpt>
      <trkpt lat="44.56614154390990734100341796875" lon="-0.24274234659969806671142578125">
        <ele>18.3999996185302734375</ele>
        <time>2025-09-01T14:06:17.000Z</time>
        <extensions>
          <ns3:TrackPointExtension>
            <ns3:atemp>25.0</ns3:atemp>
          </ns3:TrackPointExtension>
        </extensions>
      </trkpt>
      <trkpt lat="44.56609996967017650604248046875" lon="-0.24277143180370330810546875">
        <ele>18.200000762939453125</ele>
        <time>2025-09-01T14:06:18.000Z</time>
        <extensions>
          <ns3:TrackPointExtension>
            <ns3:atemp>25.0</ns3:atemp>
          </ns3:TrackPointExtension>
        </extensions>
      </trkpt>
      <trkpt lat="44.56605948507785797119140625" lon="-0.24280034936964511871337890625">
        <ele>18.200000762939453125</ele>
        <time>2025-09-01T14:06:19.000Z</time>
        <extensions>
          <ns3:TrackPointExtension>
            <ns3:atemp>25.0</ns3:atemp>
          </ns3:TrackPointExtension>
        </extensions>
      </trkpt>
      <trkpt lat="44.566020928323268890380859375" lon="-0.2428322844207286834716796875">
        <ele>18</ele>
        <time>2025-09-01T14:06:20.000Z</time>
        <extensions>
          <ns3:TrackPointExtension>
            <ns3:atemp>25.0</ns3:atemp>
          </ns3:TrackPointExtension>
        </extensions>
      </trkpt>
      <trkpt lat="44.5659822039306163787841796875" lon="-0.2428661473095417022705078125">
        <ele>18</ele>
        <time>2025-09-01T14:06:21.000Z</time>
        <extensions>
          <ns3:TrackPointExtension>
            <ns3:atemp>25.0</ns3:atemp>
          </ns3:TrackPointExtension>
        </extensions>
      </trkpt>
      <trkpt lat="44.56594306044280529022216796875" lon="-0.24290344677865505218505859375">
        <ele>18</ele>
        <time>2025-09-01T14:06:22.000Z</time>
        <extensions>
          <ns3:TrackPointExtension>
            <ns3:atemp>25.0</ns3:atemp>
          </ns3:TrackPointExtension>
        </extensions>
      </trkpt>
      <trkpt lat="44.56590115092694759368896484375" lon="-0.242941416800022125244140625">
        <ele>18</ele>
        <time>2025-09-01T14:06:23.000Z</time>
        <extensions>
          <ns3:TrackPointExtension>
            <ns3:atemp>25.0</ns3:atemp>
          </ns3:TrackPointExtension>
        </extensions>
      </trkpt>
      <trkpt lat="44.5658589899539947509765625" lon="-0.24298123084008693695068359375">
        <ele>17.799999237060546875</ele>
        <time>2025-09-01T14:06:24.000Z</time>
        <extensions>
          <ns3:TrackPointExtension>
            <ns3:atemp>25.0</ns3:atemp>
          </ns3:TrackPointExtension>
        </extensions>
      </trkpt>
      <trkpt lat="44.5658172480762004852294921875" lon="-0.24302179925143718719482421875">
        <ele>17.799999237060546875</ele>
        <time>2025-09-01T14:06:25.000Z</time>
        <extensions>
          <ns3:TrackPointExtension>
            <ns3:atemp>25.0</ns3:atemp>
          </ns3:TrackPointExtension>
        </extensions>
      </trkpt>
      <trkpt lat="44.56577324308454990386962890625" lon="-0.24306186474859714508056640625">
        <ele>17.6000003814697265625</ele>
        <time>2025-09-01T14:06:26.000Z</time>
        <extensions>
          <ns3:TrackPointExtension>
            <ns3:atemp>25.0</ns3:atemp>
          </ns3:TrackPointExtension>
        </extensions>
      </trkpt>
      <trkpt lat="44.56573166884481906890869140625" lon="-0.2431045286357402801513671875">
        <ele>17.6000003814697265625</ele>
        <time>2025-09-01T14:06:27.000Z</time>
        <extensions>
          <ns3:TrackPointExtension>
            <ns3:atemp>25.0</ns3:atemp>
          </ns3:TrackPointExtension>
        </extensions>
      </trkpt>
      <trkpt lat="44.56568707711994647979736328125" lon="-0.24314685724675655364990234375">
        <ele>17.3999996185302734375</ele>
        <time>2025-09-01T14:06:28.000Z</time>
        <extensions>
          <ns3:TrackPointExtension>
            <ns3:atemp>25.0</ns3:atemp>
          </ns3:TrackPointExtension>
        </extensions>
      </trkpt>
      <trkpt lat="44.5656418986618518829345703125" lon="-0.24319094605743885040283203125">
        <ele>17.200000762939453125</ele>
        <time>2025-09-01T14:06:29.000Z</time>
        <extensions>
          <ns3:TrackPointExtension>
            <ns3:atemp>25.0</ns3:atemp>
          </ns3:TrackPointExtension>
        </extensions>
      </trkpt>
      <trkpt lat="44.56559680402278900146484375" lon="-0.243234448134899139404296875">
        <ele>17</ele>
        <time>2025-09-01T14:06:30.000Z</time>
        <extensions>
          <ns3:TrackPointExtension>
            <ns3:atemp>25.0</ns3:atemp>
          </ns3:TrackPointExtension>
        </extensions>
      </trkpt>
      <trkpt lat="44.56554852426052093505859375" lon="-0.24327862076461315155029296875">
        <ele>16.799999237060546875</ele>
        <time>2025-09-01T14:06:31.000Z</time>
        <extensions>
          <ns3:TrackPointExtension>
            <ns3:atemp>25.0</ns3:atemp>
          </ns3:TrackPointExtension>
        </extensions>
      </trkpt>
      <trkpt lat="44.5655022561550140380859375" lon="-0.2433206140995025634765625">
        <ele>16.6000003814697265625</ele>
        <time>2025-09-01T14:06:32.000Z</time>
        <extensions>
          <ns3:TrackPointExtension>
            <ns3:atemp>25.0</ns3:atemp>
          </ns3:TrackPointExtension>
        </extensions>
      </trkpt>
      <trkpt lat="44.5654544793069362640380859375" lon="-0.24336881004273891448974609375">
        <ele>16.6000003814697265625</ele>
        <time>2025-09-01T14:06:33.000Z</time>
        <extensions>
          <ns3:TrackPointExtension>
            <ns3:atemp>25.0</ns3:atemp>
          </ns3:TrackPointExtension>
        </extensions>
      </trkpt>
      <trkpt lat="44.56540477462112903594970703125" lon="-0.24341692216694355010986328125">
        <ele>16.3999996185302734375</ele>
        <time>2025-09-01T14:06:34.000Z</time>
        <extensions>
          <ns3:TrackPointExtension>
            <ns3:atemp>25.0</ns3:atemp>
          </ns3:TrackPointExtension>
        </extensions>
      </trkpt>
      <trkpt lat="44.56535406410694122314453125" lon="-0.24346888996660709381103515625">
        <ele>16.200000762939453125</ele>
        <time>2025-09-01T14:06:35.000Z</time>
        <extensions>
          <ns3:TrackPointExtension>
            <ns3:atemp>25.0</ns3:atemp>
          </ns3:TrackPointExtension>
        </extensions>
      </trkpt>
      <trkpt lat="44.5653015933930873870849609375" lon="-0.2435169182717800140380859375">
        <ele>16</ele>
        <time>2025-09-01T14:06:36.000Z</time>
        <extensions>
          <ns3:TrackPointExtension>
            <ns3:atemp>25.0</ns3:atemp>
          </ns3:TrackPointExtension>
        </extensions>
      </trkpt>
      <trkpt lat="44.5652492903172969818115234375" lon="-0.243563354015350341796875">
        <ele>15.80000019073486328125</ele>
        <time>2025-09-01T14:06:37.000Z</time>
        <extensions>
          <ns3:TrackPointExtension>
            <ns3:atemp>25.0</ns3:atemp>
          </ns3:TrackPointExtension>
        </extensions>
      </trkpt>
      <trkpt lat="44.56519908271729946136474609375" lon="-0.24361540563404560089111328125">
        <ele>15.6000003814697265625</ele>
        <time>2025-09-01T14:06:38.000Z</time>
        <extensions>
          <ns3:TrackPointExtension>
            <ns3:atemp>25.0</ns3:atemp>
          </ns3:TrackPointExtension>
        </extensions>
      </trkpt>
      <trkpt lat="44.56514728255569934844970703125" lon="-0.24366636760532855987548828125">
        <ele>15.19999980926513671875</ele>
        <time>2025-09-01T14:06:39.000Z</time>
        <extensions>
          <ns3:TrackPointExtension>
            <ns3:atemp>25.0</ns3:atemp>
          </ns3:TrackPointExtension>
        </extensions>
      </trkpt>
      <trkpt lat="44.56509363837540149688720703125" lon="-0.24371623992919921875">
        <ele>15</ele>
        <time>2025-09-01T14:06:40.000Z</time>
        <extensions>
          <ns3:TrackPointExtension>
            <ns3:atemp>25.0</ns3:atemp>
          </ns3:TrackPointExtension>
        </extensions>
      </trkpt>
      <trkpt lat="44.56503932364284992218017578125" lon="-0.24376762099564075469970703125">
        <ele>14.6000003814697265625</ele>
        <time>2025-09-01T14:06:41.000Z</time>
        <extensions>
          <ns3:TrackPointExtension>
            <ns3:atemp>25.0</ns3:atemp>
          </ns3:TrackPointExtension>
        </extensions>
      </trkpt>
      <trkpt lat="44.56498718820512294769287109375" lon="-0.2438213489949703216552734375">
        <ele>14.3999996185302734375</ele>
        <time>2025-09-01T14:06:42.000Z</time>
        <extensions>
          <ns3:TrackPointExtension>
            <ns3:atemp>25.0</ns3:atemp>
          </ns3:TrackPointExtension>
        </extensions>
      </trkpt>
      <trkpt lat="44.56493605859577655792236328125" lon="-0.243880860507488250732421875">
        <ele>14</ele>
        <time>2025-09-01T14:06:43.000Z</time>
        <extensions>
          <ns3:TrackPointExtension>
            <ns3:atemp>25.0</ns3:atemp>
          </ns3:TrackPointExtension>
        </extensions>
      </trkpt>
      <trkpt lat="44.56488576717674732208251953125" lon="-0.24394146166741847991943359375">
        <ele>13.80000019073486328125</ele>
        <time>2025-09-01T14:06:44.000Z</time>
        <extensions>
          <ns3:TrackPointExtension>
            <ns3:atemp>25.0</ns3:atemp>
          </ns3:TrackPointExtension>
        </extensions>
      </trkpt>
      <trkpt lat="44.56483346410095691680908203125" lon="-0.24400080554187297821044921875">
        <ele>13.3999996185302734375</ele>
        <time>2025-09-01T14:06:45.000Z</time>
        <extensions>
          <ns3:TrackPointExtension>
            <ns3:atemp>25.0</ns3:atemp>
          </ns3:TrackPointExtension>
        </extensions>
      </trkpt>
      <trkpt lat="44.56478065811097621917724609375" lon="-0.244059897959232330322265625">
        <ele>13.19999980926513671875</ele>
        <time>2025-09-01T14:06:46.000Z</time>
        <extensions>
          <ns3:TrackPointExtension>
            <ns3:atemp>25.0</ns3:atemp>
          </ns3:TrackPointExtension>
        </extensions>
      </trkpt>
      <trkpt lat="44.5647297799587249755859375" lon="-0.24411815218627452850341796875">
        <ele>13</ele>
        <time>2025-09-01T14:06:47.000Z</time>
        <extensions>
          <ns3:TrackPointExtension>
            <ns3:atemp>25.0</ns3:atemp>
          </ns3:TrackPointExtension>
        </extensions>
      </trkpt>
      <trkpt lat="44.56467420794069766998291015625" lon="-0.24416483938694000244140625">
        <ele>12.80000019073486328125</ele>
        <time>2025-09-01T14:06:48.000Z</time>
        <extensions>
          <ns3:TrackPointExtension>
            <ns3:atemp>25.0</ns3:atemp>
          </ns3:TrackPointExtension>
        </extensions>
      </trkpt>
      <trkpt lat="44.5646122656762599945068359375" lon="-0.24420096538960933685302734375">
        <ele>12.6000003814697265625</ele>
        <time>2025-09-01T14:06:49.000Z</time>
        <extensions>
          <ns3:TrackPointExtension>
            <ns3:atemp>25.0</ns3:atemp>
          </ns3:TrackPointExtension>
        </extensions>
      </trkpt>
      <trkpt lat="44.56454730592668056488037109375" lon="-0.2442266978323459625244140625">
        <ele>12.3999996185302734375</ele>
        <time>2025-09-01T14:06:50.000Z</time>
        <extensions>
          <ns3:TrackPointExtension>
            <ns3:atemp>25.0</ns3:atemp>
          </ns3:TrackPointExtension>
        </extensions>
      </trkpt>
      <trkpt lat="44.56448142416775226593017578125" lon="-0.24423985742032527923583984375">
        <ele>12.19999980926513671875</ele>
        <time>2025-09-01T14:06:51.000Z</time>
        <extensions>
          <ns3:TrackPointExtension>
            <ns3:atemp>25.0</ns3:atemp>
          </ns3:TrackPointExtension>
        </extensions>
      </trkpt>
      <trkpt lat="44.56441604532301425933837890625" lon="-0.24424404837191104888916015625">
        <ele>12</ele>
        <time>2025-09-01T14:06:52.000Z</time>
        <extensions>
          <ns3:TrackPointExtension>
            <ns3:atemp>25.0</ns3:atemp>
          </ns3:TrackPointExtension>
        </extensions>
      </trkpt>
      <trkpt lat="44.56435225903987884521484375" lon="-0.24424069561064243316650390625">
        <ele>12</ele>
        <time>2025-09-01T14:06:53.000Z</time>
        <extensions>
          <ns3:TrackPointExtension>
            <ns3:atemp>25.0</ns3:atemp>
          </ns3:TrackPointExtension>
        </extensions>
      </trkpt>
      <trkpt lat="44.56429450772702693939208984375" lon="-0.2442203275859355926513671875">
        <ele>11.80000019073486328125</ele>
        <time>2025-09-01T14:06:54.000Z</time>
        <extensions>
          <ns3:TrackPointExtension>
            <ns3:atemp>25.0</ns3:atemp>
          </ns3:TrackPointExtension>
        </extensions>
      </trkpt>
      <trkpt lat="44.564237929880619049072265625" lon="-0.24418537504971027374267578125">
        <ele>11.80000019073486328125</ele>
        <time>2025-09-01T14:06:55.000Z</time>
        <extensions>
          <ns3:TrackPointExtension>
            <ns3:atemp>25.0</ns3:atemp>
          </ns3:TrackPointExtension>
        </extensions>
      </trkpt>
      <trkpt lat="44.56419191323220729827880859375" lon="-0.2441425435245037078857421875">
        <ele>11.6000003814697265625</ele>
        <time>2025-09-01T14:06:56.000Z</time>
        <extensions>
          <ns3:TrackPointExtension>
            <ns3:atemp>25.0</ns3:atemp>
          </ns3:TrackPointExtension>
        </extensions>
      </trkpt>
      <trkpt lat="44.5641442202031612396240234375" lon="-0.2440868876874446868896484375">
        <ele>11.6000003814697265625</ele>
        <time>2025-09-01T14:06:57.000Z</time>
        <extensions>
          <ns3:TrackPointExtension>
            <ns3:atemp>25.0</ns3:atemp>
          </ns3:TrackPointExtension>
        </extensions>
      </trkpt>
      <trkpt lat="44.56409518606960773468017578125" lon="-0.24403299205005168914794921875">
        <ele>11.3999996185302734375</ele>
        <time>2025-09-01T14:06:58.000Z</time>
        <extensions>
          <ns3:TrackPointExtension>
            <ns3:atemp>25.0</ns3:atemp>
          </ns3:TrackPointExtension>
        </extensions>
      </trkpt>
      <trkpt lat="44.564048834145069122314453125" lon="-0.243982784450054168701171875">
        <ele>11.19999980926513671875</ele>
        <time>2025-09-01T14:06:59.000Z</time>
        <extensions>
          <ns3:TrackPointExtension>
            <ns3:atemp>25.0</ns3:atemp>
          </ns3:TrackPointExtension>
        </extensions>
      </trkpt>
      <trkpt lat="44.56400751136243343353271484375" lon="-0.2439460717141628265380859375">
        <ele>11</ele>
        <time>2025-09-01T14:07:00.000Z</time>
        <extensions>
          <ns3:TrackPointExtension>
            <ns3:atemp>25.0</ns3:atemp>
          </ns3:TrackPointExtension>
        </extensions>
      </trkpt>
      <trkpt lat="44.56397012807428836822509765625" lon="-0.2439142204821109771728515625">
        <ele>10.80000019073486328125</ele>
        <time>2025-09-01T14:07:01.000Z</time>
        <extensions>
          <ns3:TrackPointExtension>
            <ns3:atemp>25.0</ns3:atemp>
          </ns3:TrackPointExtension>
        </extensions>
      </trkpt>
      <trkpt lat="44.56393308006227016448974609375" lon="-0.24388580583035945892333984375">
        <ele>10.6000003814697265625</ele>
        <time>2025-09-01T14:07:02.000Z</time>
        <extensions>
          <ns3:TrackPointExtension>
            <ns3:atemp>25.0</ns3:atemp>
          </ns3:TrackPointExtension>
        </extensions>
      </trkpt>
      <trkpt lat="44.56389603205025196075439453125" lon="-0.2438676171004772186279296875">
        <ele>10.19999980926513671875</ele>
        <time>2025-09-01T14:07:03.000Z</time>
        <extensions>
          <ns3:TrackPointExtension>
            <ns3:atemp>25.0</ns3:atemp>
          </ns3:TrackPointExtension>
        </extensions>
      </trkpt>
      <trkpt lat="44.56385470926761627197265625" lon="-0.24386066012084484100341796875">
        <ele>10</ele>
        <time>2025-09-01T14:07:04.000Z</time>
        <extensions>
          <ns3:TrackPointExtension>
            <ns3:atemp>25.0</ns3:atemp>
          </ns3:TrackPointExtension>
        </extensions>
      </trkpt>
      <trkpt lat="44.56381447613239288330078125" lon="-0.2438679523766040802001953125">
        <ele>10</ele>
        <time>2025-09-01T14:07:05.000Z</time>
        <extensions>
          <ns3:TrackPointExtension>
            <ns3:atemp>25.0</ns3:atemp>
          </ns3:TrackPointExtension>
        </extensions>
      </trkpt>
      <trkpt lat="44.5637737400829792022705078125" lon="-0.24388010613620281219482421875">
        <ele>10</ele>
        <time>2025-09-01T14:07:06.000Z</time>
        <extensions>
          <ns3:TrackPointExtension>
            <ns3:atemp>25.0</ns3:atemp>
          </ns3:TrackPointExtension>
        </extensions>
      </trkpt>
      <trkpt lat="44.563732333481311798095703125" lon="-0.24389452300965785980224609375">
        <ele>10</ele>
        <time>2025-09-01T14:07:07.000Z</time>
        <extensions>
          <ns3:TrackPointExtension>
            <ns3:atemp>25.0</ns3:atemp>
          </ns3:TrackPointExtension>
        </extensions>
      </trkpt>
      <trkpt lat="44.5636904239654541015625" lon="-0.2439165674149990081787109375">
        <ele>10</ele>
        <time>2025-09-01T14:07:08.000Z</time>
        <extensions>
          <ns3:TrackPointExtension>
            <ns3:atemp>25.0</ns3:atemp>
          </ns3:TrackPointExtension>
        </extensions>
      </trkpt>
      <trkpt lat="44.56365890800952911376953125" lon="-0.24395235814154148101806640625">
        <ele>10.19999980926513671875</ele>
        <time>2025-09-01T14:07:09.000Z</time>
        <extensions>
          <ns3:TrackPointExtension>
            <ns3:atemp>25.0</ns3:atemp>
          </ns3:TrackPointExtension>
        </extensions>
      </trkpt>
      <trkpt lat="44.5636329241096973419189453125" lon="-0.244000889360904693603515625">
        <ele>10.19999980926513671875</ele>
        <time>2025-09-01T14:07:10.000Z</time>
        <extensions>
          <ns3:TrackPointExtension>
            <ns3:atemp>25.0</ns3:atemp>
          </ns3:TrackPointExtension>
        </extensions>
      </trkpt>
      <trkpt lat="44.56360970623791217803955078125" lon="-0.2440523542463779449462890625">
        <ele>10.3999996185302734375</ele>
        <time>2025-09-01T14:07:11.000Z</time>
        <extensions>
          <ns3:TrackPointExtension>
            <ns3:atemp>25.0</ns3:atemp>
          </ns3:TrackPointExtension>
        </extensions>
      </trkpt>
      <trkpt lat="44.5635856501758098602294921875" lon="-0.2441039867699146270751953125">
        <ele>10.3999996185302734375</ele>
        <time>2025-09-01T14:07:12.000Z</time>
        <extensions>
          <ns3:TrackPointExtension>
            <ns3:atemp>25.0</ns3:atemp>
          </ns3:TrackPointExtension>
        </extensions>
      </trkpt>
      <trkpt lat="44.5635625161230564117431640625" lon="-0.2441536076366901397705078125">
        <ele>10.3999996185302734375</ele>
        <time>2025-09-01T14:07:13.000Z</time>
        <extensions>
          <ns3:TrackPointExtension>
            <ns3:atemp>25.0</ns3:atemp>
          </ns3:TrackPointExtension>
        </extensions>
      </trkpt>
      <trkpt lat="44.56354130990803241729736328125" lon="-0.2442035637795925140380859375">
        <ele>10.3999996185302734375</ele>
        <time>2025-09-01T14:07:14.000Z</time>
        <extensions>
          <ns3:TrackPointExtension>
            <ns3:atemp>25.0</ns3:atemp>
          </ns3:TrackPointExtension>
        </extensions>
      </trkpt>
      <trkpt lat="44.56352018751204013824462890625" lon="-0.24425595067441463470458984375">
        <ele>10.3999996185302734375</ele>
        <time>2025-09-01T14:07:15.000Z</time>
        <extensions>
          <ns3:TrackPointExtension>
            <ns3:atemp>25.0</ns3:atemp>
          </ns3:TrackPointExtension>
        </extensions>
      </trkpt>
      <trkpt lat="44.5634988136589527130126953125" lon="-0.2443061582744121551513671875">
        <ele>10.19999980926513671875</ele>
        <time>2025-09-01T14:07:16.000Z</time>
        <extensions>
          <ns3:TrackPointExtension>
            <ns3:atemp>25.0</ns3:atemp>
          </ns3:TrackPointExtension>
        </extensions>
      </trkpt>
      <trkpt lat="44.5634771883487701416015625" lon="-0.2443520911037921905517578125">
        <ele>10.19999980926513671875</ele>
        <time>2025-09-01T14:07:17.000Z</time>
        <extensions>
          <ns3:TrackPointExtension>
            <ns3:atemp>25.0</ns3:atemp>
          </ns3:TrackPointExtension>
        </extensions>
      </trkpt>
      <trkpt lat="44.5634535513818264007568359375" lon="-0.24440246634185314178466796875">
        <ele>10.19999980926513671875</ele>
        <time>2025-09-01T14:07:18.000Z</time>
        <extensions>
          <ns3:TrackPointExtension>
            <ns3:atemp>25.0</ns3:atemp>
          </ns3:TrackPointExtension>
        </extensions>
      </trkpt>
      <trkpt lat="44.56342966295778751373291015625" lon="-0.244452841579914093017578125">
        <ele>10.19999980926513671875</ele>
        <time>2025-09-01T14:07:19.000Z</time>
        <extensions>
          <ns3:TrackPointExtension>
            <ns3:atemp>25.0</ns3:atemp>
          </ns3:TrackPointExtension>
        </extensions>
      </trkpt>
      <trkpt lat="44.5634072832763195037841796875" lon="-0.24450145661830902099609375">
        <ele>10.19999980926513671875</ele>
        <time>2025-09-01T14:07:20.000Z</time>
        <extensions>
          <ns3:TrackPointExtension>
            <ns3:atemp>25.0</ns3:atemp>
          </ns3:TrackPointExtension>
        </extensions>
      </trkpt>
      <trkpt lat="44.56338607706129550933837890625" lon="-0.244550406932830810546875">
        <ele>10.19999980926513671875</ele>
        <time>2025-09-01T14:07:21.000Z</time>
        <extensions>
          <ns3:TrackPointExtension>
            <ns3:atemp>25.0</ns3:atemp>
          </ns3:TrackPointExtension>
        </extensions>
      </trkpt>
      <trkpt lat="44.56336998380720615386962890625" lon="-0.24458728730678558349609375">
        <ele>10.19999980926513671875</ele>
        <time>2025-09-01T14:07:22.000Z</time>
        <extensions>
          <ns3:TrackPointExtension>
            <ns3:atemp>25.0</ns3:atemp>
          </ns3:TrackPointExtension>
        </extensions>
      </trkpt>
      <trkpt lat="44.5633549802005290985107421875" lon="-0.24461369030177593231201171875">
        <ele>10.19999980926513671875</ele>
        <time>2025-09-01T14:07:23.000Z</time>
        <extensions>
          <ns3:TrackPointExtension>
            <ns3:atemp>25.0</ns3:atemp>
          </ns3:TrackPointExtension>
        </extensions>
      </trkpt>
      <trkpt lat="44.56333913840353488922119140625" lon="-0.2446427755057811737060546875">
        <ele>10</ele>
        <time>2025-09-01T14:07:24.000Z</time>
        <extensions>
          <ns3:TrackPointExtension>
            <ns3:atemp>25.0</ns3:atemp>
          </ns3:TrackPointExtension>
        </extensions>
      </trkpt>
      <trkpt lat="44.5633207820355892181396484375" lon="-0.244672782719135284423828125">
        <ele>10</ele>
        <time>2025-09-01T14:07:25.000Z</time>
        <extensions>
          <ns3:TrackPointExtension>
            <ns3:atemp>25.0</ns3:atemp>
          </ns3:TrackPointExtension>
        </extensions>
      </trkpt>
      <trkpt lat="44.56330661661922931671142578125" lon="-0.24470572359859943389892578125">
        <ele>9.80000019073486328125</ele>
        <time>2025-09-01T14:07:26.000Z</time>
        <extensions>
          <ns3:TrackPointExtension>
            <ns3:atemp>25.0</ns3:atemp>
          </ns3:TrackPointExtension>
        </extensions>
      </trkpt>
      <trkpt lat="44.563291110098361968994140625" lon="-0.24474562145769596099853515625">
        <ele>9.80000019073486328125</ele>
        <time>2025-09-01T14:07:27.000Z</time>
        <extensions>
          <ns3:TrackPointExtension>
            <ns3:atemp>25.0</ns3:atemp>
          </ns3:TrackPointExtension>
        </extensions>
      </trkpt>
      <trkpt lat="44.56327090971171855926513671875" lon="-0.244788788259029388427734375">
        <ele>9.80000019073486328125</ele>
        <time>2025-09-01T14:07:28.000Z</time>
        <extensions>
          <ns3:TrackPointExtension>
            <ns3:atemp>25.0</ns3:atemp>
          </ns3:TrackPointExtension>
        </extensions>
      </trkpt>
      <trkpt lat="44.5632460154592990875244140625" lon="-0.24483882822096347808837890625">
        <ele>9.80000019073486328125</ele>
        <time>2025-09-01T14:07:29.000Z</time>
        <extensions>
          <ns3:TrackPointExtension>
            <ns3:atemp>25.0</ns3:atemp>
          </ns3:TrackPointExtension>
        </extensions>
      </trkpt>
      <trkpt lat="44.56322363577783107757568359375" lon="-0.24488325230777263641357421875">
        <ele>10</ele>
        <time>2025-09-01T14:07:30.000Z</time>
        <extensions>
          <ns3:TrackPointExtension>
            <ns3:atemp>25.0</ns3:atemp>
          </ns3:TrackPointExtension>
        </extensions>
      </trkpt>
      <trkpt lat="44.56320184282958507537841796875" lon="-0.24492792785167694091796875">
        <ele>10.19999980926513671875</ele>
        <time>2025-09-01T14:07:31.000Z</time>
        <extensions>
          <ns3:TrackPointExtension>
            <ns3:atemp>25.0</ns3:atemp>
          </ns3:TrackPointExtension>
        </extensions>
      </trkpt>
      <trkpt lat="44.563177786767482757568359375" lon="-0.244972519576549530029296875">
        <ele>10.19999980926513671875</ele>
        <time>2025-09-01T14:07:32.000Z</time>
        <extensions>
          <ns3:TrackPointExtension>
            <ns3:atemp>25.0</ns3:atemp>
          </ns3:TrackPointExtension>
        </extensions>
      </trkpt>
      <trkpt lat="44.56315473653376102447509765625" lon="-0.24501375854015350341796875">
        <ele>10.19999980926513671875</ele>
        <time>2025-09-01T14:07:33.000Z</time>
        <extensions>
          <ns3:TrackPointExtension>
            <ns3:atemp>25.0</ns3:atemp>
          </ns3:TrackPointExtension>
        </extensions>
      </trkpt>
      <trkpt lat="44.56313227303326129913330078125" lon="-0.2450538240373134613037109375">
        <ele>10.3999996185302734375</ele>
        <time>2025-09-01T14:07:34.000Z</time>
        <extensions>
          <ns3:TrackPointExtension>
            <ns3:atemp>25.0</ns3:atemp>
          </ns3:TrackPointExtension>
        </extensions>
      </trkpt>
      <trkpt lat="44.56311165355145931243896484375" lon="-0.24509347043931484222412109375">
        <ele>10.3999996185302734375</ele>
        <time>2025-09-01T14:07:35.000Z</time>
        <extensions>
          <ns3:TrackPointExtension>
            <ns3:atemp>25.0</ns3:atemp>
          </ns3:TrackPointExtension>
        </extensions>
      </trkpt>
      <trkpt lat="44.56309069879353046417236328125" lon="-0.24513504467904567718505859375">
        <ele>10.3999996185302734375</ele>
        <time>2025-09-01T14:07:36.000Z</time>
        <extensions>
          <ns3:TrackPointExtension>
            <ns3:atemp>25.0</ns3:atemp>
          </ns3:TrackPointExtension>
        </extensions>
      </trkpt>
      <trkpt lat="44.56306907348334789276123046875" lon="-0.24517846293747425079345703125">
        <ele>10.3999996185302734375</ele>
        <time>2025-09-01T14:07:37.000Z</time>
        <extensions>
          <ns3:TrackPointExtension>
            <ns3:atemp>25.0</ns3:atemp>
          </ns3:TrackPointExtension>
        </extensions>
      </trkpt>
      <trkpt lat="44.56304845400154590606689453125" lon="-0.2452204562723636627197265625">
        <ele>10.3999996185302734375</ele>
        <time>2025-09-01T14:07:38.000Z</time>
        <extensions>
          <ns3:TrackPointExtension>
            <ns3:atemp>25.0</ns3:atemp>
          </ns3:TrackPointExtension>
        </extensions>
      </trkpt>
      <trkpt lat="44.56302967853844165802001953125" lon="-0.24526211433112621307373046875">
        <ele>10.6000003814697265625</ele>
        <time>2025-09-01T14:07:39.000Z</time>
        <extensions>
          <ns3:TrackPointExtension>
            <ns3:atemp>25.0</ns3:atemp>
          </ns3:TrackPointExtension>
        </extensions>
      </trkpt>
      <trkpt lat="44.56301073543727397918701171875" lon="-0.2453022636473178863525390625">
        <ele>10.6000003814697265625</ele>
        <time>2025-09-01T14:07:40.000Z</time>
        <extensions>
          <ns3:TrackPointExtension>
            <ns3:atemp>25.0</ns3:atemp>
          </ns3:TrackPointExtension>
        </extensions>
      </trkpt>
      <trkpt lat="44.56298843957483768463134765625" lon="-0.24534191004931926727294921875">
        <ele>10.80000019073486328125</ele>
        <time>2025-09-01T14:07:41.000Z</time>
        <extensions>
          <ns3:TrackPointExtension>
            <ns3:atemp>25.0</ns3:atemp>
          </ns3:TrackPointExtension>
        </extensions>
      </trkpt>
      <trkpt lat="44.5629657246172428131103515625" lon="-0.2453830651938915252685546875">
        <ele>10.80000019073486328125</ele>
        <time>2025-09-01T14:07:42.000Z</time>
        <extensions>
          <ns3:TrackPointExtension>
            <ns3:atemp>25.0</ns3:atemp>
          </ns3:TrackPointExtension>
        </extensions>
      </trkpt>
      <trkpt lat="44.56294678151607513427734375" lon="-0.2454196102917194366455078125">
        <ele>10.80000019073486328125</ele>
        <time>2025-09-01T14:07:43.000Z</time>
        <extensions>
          <ns3:TrackPointExtension>
            <ns3:atemp>25.0</ns3:atemp>
          </ns3:TrackPointExtension>
        </extensions>
      </trkpt>
      <trkpt lat="44.56293110735714435577392578125" lon="-0.24545707739889621734619140625">
        <ele>10.80000019073486328125</ele>
        <time>2025-09-01T14:07:44.000Z</time>
        <extensions>
          <ns3:TrackPointExtension>
            <ns3:atemp>25.0</ns3:atemp>
          </ns3:TrackPointExtension>
        </extensions>
      </trkpt>
      <trkpt lat="44.56292440183460712432861328125" lon="-0.24549278430640697479248046875">
        <ele>10.80000019073486328125</ele>
        <time>2025-09-01T14:07:45.000Z</time>
        <extensions>
          <ns3:TrackPointExtension>
            <ns3:atemp>25.0</ns3:atemp>
          </ns3:TrackPointExtension>
        </extensions>
      </trkpt>
      <trkpt lat="44.5629181154072284698486328125" lon="-0.2455201931297779083251953125">
        <ele>10.80000019073486328125</ele>
        <time>2025-09-01T14:07:46.000Z</time>
        <extensions>
          <ns3:TrackPointExtension>
            <ns3:atemp>25.0</ns3:atemp>
          </ns3:TrackPointExtension>
        </extensions>
      </trkpt>
      <trkpt lat="44.56291166134178638458251953125" lon="-0.24554215371608734130859375">
        <ele>10.80000019073486328125</ele>
        <time>2025-09-01T14:07:47.000Z</time>
        <extensions>
          <ns3:TrackPointExtension>
            <ns3:atemp>25.0</ns3:atemp>
          </ns3:TrackPointExtension>
        </extensions>
      </trkpt>
      <trkpt lat="44.5629073865711688995361328125" lon="-0.24555028416216373443603515625">
        <ele>10.80000019073486328125</ele>
        <time>2025-09-01T14:07:48.000Z</time>
        <extensions>
          <ns3:TrackPointExtension>
            <ns3:atemp>25.0</ns3:atemp>
          </ns3:TrackPointExtension>
        </extensions>
      </trkpt>
      <trkpt lat="44.56290629692375659942626953125" lon="-0.245560593903064727783203125">
        <ele>10.80000019073486328125</ele>
        <time>2025-09-01T14:07:49.000Z</time>
        <extensions>
          <ns3:TrackPointExtension>
            <ns3:atemp>25.0</ns3:atemp>
          </ns3:TrackPointExtension>
        </extensions>
      </trkpt>
      <trkpt lat="44.56290629692375659942626953125" lon="-0.24556067772209644317626953125">
        <ele>10.80000019073486328125</ele>
        <time>2025-09-01T14:07:50.000Z</time>
        <extensions>
          <ns3:TrackPointExtension>
            <ns3:atemp>25.0</ns3:atemp>
          </ns3:TrackPointExtension>
        </extensions>
      </trkpt>
      <trkpt lat="44.56290847621858119964599609375" lon="-0.24557542987167835235595703125">
        <ele>10.6000003814697265625</ele>
        <time>2025-09-01T14:07:51.000Z</time>
        <extensions>
          <ns3:TrackPointExtension>
            <ns3:atemp>25.0</ns3:atemp>
          </ns3:TrackPointExtension>
        </extensions>
      </trkpt>
      <trkpt lat="44.562914259731769561767578125" lon="-0.24558649398386478424072265625">
        <ele>10.3999996185302734375</ele>
        <time>2025-09-01T14:07:52.000Z</time>
        <extensions>
          <ns3:TrackPointExtension>
            <ns3:atemp>25.0</ns3:atemp>
          </ns3:TrackPointExtension>
        </extensions>
      </trkpt>
      <trkpt lat="44.5629271678626537322998046875" lon="-0.245593450963497161865234375">
        <ele>10.3999996185302734375</ele>
        <time>2025-09-01T14:07:53.000Z</time>
        <extensions>
          <ns3:TrackPointExtension>
            <ns3:atemp>25.0</ns3:atemp>
          </ns3:TrackPointExtension>
        </extensions>
      </trkpt>
      <trkpt lat="44.56294300965964794158935546875" lon="-0.24559370242059230804443359375">
        <ele>10.19999980926513671875</ele>
        <time>2025-09-01T14:07:54.000Z</time>
        <extensions>
          <ns3:TrackPointExtension>
            <ns3:atemp>25.0</ns3:atemp>
          </ns3:TrackPointExtension>
        </extensions>
      </trkpt>
      <trkpt lat="44.56295357085764408111572265625" lon="-0.24558632634580135345458984375">
        <ele>10.3999996185302734375</ele>
        <time>2025-09-01T14:07:55.000Z</time>
        <extensions>
          <ns3:TrackPointExtension>
            <ns3:atemp>25.0</ns3:atemp>
          </ns3:TrackPointExtension>
        </extensions>
      </trkpt>
      <trkpt lat="44.5629630424082279205322265625" lon="-0.24557794444262981414794921875">
        <ele>10.3999996185302734375</ele>
        <time>2025-09-01T14:07:56.000Z</time>
        <extensions>
          <ns3:TrackPointExtension>
            <ns3:atemp>25.0</ns3:atemp>
          </ns3:TrackPointExtension>
        </extensions>
      </trkpt>
      <trkpt lat="44.5629707537591457366943359375" lon="-0.2455681376159191131591796875">
        <ele>10.3999996185302734375</ele>
        <time>2025-09-01T14:07:57.000Z</time>
        <extensions>
          <ns3:TrackPointExtension>
            <ns3:atemp>25.0</ns3:atemp>
          </ns3:TrackPointExtension>
        </extensions>
      </trkpt>
      <trkpt lat="44.5629781298339366912841796875" lon="-0.24556168355047702789306640625">
        <ele>10.19999980926513671875</ele>
        <time>2025-09-01T14:07:58.000Z</time>
        <extensions>
          <ns3:TrackPointExtension>
            <ns3:atemp>25.0</ns3:atemp>
          </ns3:TrackPointExtension>
        </extensions>
      </trkpt>
      <trkpt lat="44.56298307515680789947509765625" lon="-0.245556570589542388916015625">
        <ele>10.19999980926513671875</ele>
        <time>2025-09-01T14:07:59.000Z</time>
        <extensions>
          <ns3:TrackPointExtension>
            <ns3:atemp>25.0</ns3:atemp>
          </ns3:TrackPointExtension>
        </extensions>
      </trkpt>
      <trkpt lat="44.56298701465129852294921875" lon="-0.24555061943829059600830078125">
        <ele>10</ele>
        <time>2025-09-01T14:08:00.000Z</time>
        <extensions>
          <ns3:TrackPointExtension>
            <ns3:atemp>25.0</ns3:atemp>
          </ns3:TrackPointExtension>
        </extensions>
      </trkpt>
      <trkpt lat="44.5629848353564739227294921875" lon="-0.245547182857990264892578125">
        <ele>9.80000019073486328125</ele>
        <time>2025-09-01T14:08:01.000Z</time>
        <extensions>
          <ns3:TrackPointExtension>
            <ns3:atemp>25.0</ns3:atemp>
          </ns3:TrackPointExtension>
        </extensions>
      </trkpt>
      <trkpt lat="44.5629848353564739227294921875" lon="-0.245547182857990264892578125">
        <ele>9.6000003814697265625</ele>
        <time>2025-09-01T14:08:02.000Z</time>
        <extensions>
          <ns3:TrackPointExtension>
            <ns3:atemp>25.0</ns3:atemp>
          </ns3:TrackPointExtension>
        </extensions>
      </trkpt>
      <trkpt lat="44.5629848353564739227294921875" lon="-0.245547182857990264892578125">
        <ele>9.6000003814697265625</ele>
        <time>2025-09-01T14:08:03.000Z</time>
        <extensions>
          <ns3:TrackPointExtension>
            <ns3:atemp>25.0</ns3:atemp>
          </ns3:TrackPointExtension>
        </extensions>
      </trkpt>
      <trkpt lat="44.5629848353564739227294921875" lon="-0.245547182857990264892578125">
        <ele>9.3999996185302734375</ele>
        <time>2025-09-01T14:08:04.000Z</time>
        <extensions>
          <ns3:TrackPointExtension>
            <ns3:atemp>25.0</ns3:atemp>
          </ns3:TrackPointExtension>
        </extensions>
      </trkpt>
      <trkpt lat="44.5629848353564739227294921875" lon="-0.245547182857990264892578125">
        <ele>9.6000003814697265625</ele>
        <time>2025-09-01T14:08:05.000Z</time>
        <extensions>
          <ns3:TrackPointExtension>
            <ns3:atemp>25.0</ns3:atemp>
          </ns3:TrackPointExtension>
        </extensions>
      </trkpt>
      <trkpt lat="44.5629848353564739227294921875" lon="-0.245547182857990264892578125">
        <ele>9.6000003814697265625</ele>
        <time>2025-09-01T14:08:06.000Z</time>
        <extensions>
          <ns3:TrackPointExtension>
            <ns3:atemp>25.0</ns3:atemp>
          </ns3:TrackPointExtension>
        </extensions>
      </trkpt>
      <trkpt lat="44.5629848353564739227294921875" lon="-0.24554659612476825714111328125">
        <ele>9.6000003814697265625</ele>
        <time>2025-09-01T14:08:07.000Z</time>
        <extensions>
          <ns3:TrackPointExtension>
            <ns3:atemp>25.0</ns3:atemp>
          </ns3:TrackPointExtension>
        </extensions>
      </trkpt>
      <trkpt lat="44.562995731830596923828125" lon="-0.24552446790039539337158203125">
        <ele>9.6000003814697265625</ele>
        <time>2025-09-01T14:08:08.000Z</time>
        <extensions>
          <ns3:TrackPointExtension>
            <ns3:atemp>25.0</ns3:atemp>
          </ns3:TrackPointExtension>
        </extensions>
      </trkpt>
      <trkpt lat="44.563011489808559417724609375" lon="-0.24550418369472026824951171875">
        <ele>9.6000003814697265625</ele>
        <time>2025-09-01T14:08:09.000Z</time>
        <extensions>
          <ns3:TrackPointExtension>
            <ns3:atemp>25.0</ns3:atemp>
          </ns3:TrackPointExtension>
        </extensions>
      </trkpt>
      <trkpt lat="44.56302297301590442657470703125" lon="-0.24548708461225032806396484375">
        <ele>9.6000003814697265625</ele>
        <time>2025-09-01T14:08:10.000Z</time>
        <extensions>
          <ns3:TrackPointExtension>
            <ns3:atemp>25.0</ns3:atemp>
          </ns3:TrackPointExtension>
        </extensions>
      </trkpt>
      <trkpt lat="44.56303755752742290496826171875" lon="-0.245467722415924072265625">
        <ele>9.6000003814697265625</ele>
        <time>2025-09-01T14:08:11.000Z</time>
        <extensions>
          <ns3:TrackPointExtension>
            <ns3:atemp>25.0</ns3:atemp>
          </ns3:TrackPointExtension>
        </extensions>
      </trkpt>
      <trkpt lat="44.563057087361812591552734375" lon="-0.24544701911509037017822265625">
        <ele>9.80000019073486328125</ele>
        <time>2025-09-01T14:08:12.000Z</time>
        <extensions>
          <ns3:TrackPointExtension>
            <ns3:atemp>25.0</ns3:atemp>
          </ns3:TrackPointExtension>
        </extensions>
      </trkpt>
      <trkpt lat="44.56308047287166118621826171875" lon="-0.245424471795558929443359375">
        <ele>9.80000019073486328125</ele>
        <time>2025-09-01T14:08:13.000Z</time>
        <extensions>
          <ns3:TrackPointExtension>
            <ns3:atemp>25.0</ns3:atemp>
          </ns3:TrackPointExtension>
        </extensions>
      </trkpt>
      <trkpt lat="44.5631051994860172271728515625" lon="-0.24539169855415821075439453125">
        <ele>9.80000019073486328125</ele>
        <time>2025-09-01T14:08:14.000Z</time>
        <extensions>
          <ns3:TrackPointExtension>
            <ns3:atemp>25.0</ns3:atemp>
          </ns3:TrackPointExtension>
        </extensions>
      </trkpt>
      <trkpt lat="44.5631300099194049835205078125" lon="-0.2453585900366306304931640625">
        <ele>9.80000019073486328125</ele>
        <time>2025-09-01T14:08:15.000Z</time>
        <extensions>
          <ns3:TrackPointExtension>
            <ns3:atemp>25.0</ns3:atemp>
          </ns3:TrackPointExtension>
        </extensions>
      </trkpt>
      <trkpt lat="44.563154317438602447509765625" lon="-0.24532531388103961944580078125">
        <ele>9.80000019073486328125</ele>
        <time>2025-09-01T14:08:16.000Z</time>
        <extensions>
          <ns3:TrackPointExtension>
            <ns3:atemp>25.0</ns3:atemp>
          </ns3:TrackPointExtension>
        </extensions>
      </trkpt>
      <trkpt lat="44.5631813071668148040771484375" lon="-0.24528826586902141571044921875">
        <ele>9.80000019073486328125</ele>
        <time>2025-09-01T14:08:17.000Z</time>
        <extensions>
          <ns3:TrackPointExtension>
            <ns3:atemp>25.0</ns3:atemp>
          </ns3:TrackPointExtension>
        </extensions>
      </trkpt>
      <trkpt lat="44.56320804543793201446533203125" lon="-0.24524870328605175018310546875">
        <ele>9.80000019073486328125</ele>
        <time>2025-09-01T14:08:18.000Z</time>
        <extensions>
          <ns3:TrackPointExtension>
            <ns3:atemp>25.0</ns3:atemp>
          </ns3:TrackPointExtension>
        </extensions>
      </trkpt>
      <trkpt lat="44.5632336102426052093505859375" lon="-0.2452083863317966461181640625">
        <ele>9.80000019073486328125</ele>
        <time>2025-09-01T14:08:19.000Z</time>
        <extensions>
          <ns3:TrackPointExtension>
            <ns3:atemp>25.0</ns3:atemp>
          </ns3:TrackPointExtension>
        </extensions>
      </trkpt>
      <trkpt lat="44.56325816921889781951904296875" lon="-0.2451644651591777801513671875">
        <ele>9.80000019073486328125</ele>
        <time>2025-09-01T14:08:20.000Z</time>
        <extensions>
          <ns3:TrackPointExtension>
            <ns3:atemp>25.0</ns3:atemp>
          </ns3:TrackPointExtension>
        </extensions>
      </trkpt>
      <trkpt lat="44.56328214146196842193603515625" lon="-0.24512012489140033721923828125">
        <ele>9.80000019073486328125</ele>
        <time>2025-09-01T14:08:21.000Z</time>
        <extensions>
          <ns3:TrackPointExtension>
            <ns3:atemp>25.0</ns3:atemp>
          </ns3:TrackPointExtension>
        </extensions>
      </trkpt>
      <trkpt lat="44.56330393441021442413330078125" lon="-0.24507469497621059417724609375">
        <ele>9.6000003814697265625</ele>
        <time>2025-09-01T14:08:22.000Z</time>
        <extensions>
          <ns3:TrackPointExtension>
            <ns3:atemp>25.0</ns3:atemp>
          </ns3:TrackPointExtension>
        </extensions>
      </trkpt>
      <trkpt lat="44.563328661024570465087890625" lon="-0.24502985179424285888671875">
        <ele>9.6000003814697265625</ele>
        <time>2025-09-01T14:08:23.000Z</time>
        <extensions>
          <ns3:TrackPointExtension>
            <ns3:atemp>25.0</ns3:atemp>
          </ns3:TrackPointExtension>
        </extensions>
      </trkpt>
      <trkpt lat="44.56335313618183135986328125" lon="-0.24498484097421169281005859375">
        <ele>9.6000003814697265625</ele>
        <time>2025-09-01T14:08:24.000Z</time>
        <extensions>
          <ns3:TrackPointExtension>
            <ns3:atemp>25.0</ns3:atemp>
          </ns3:TrackPointExtension>
        </extensions>
      </trkpt>
      <trkpt lat="44.56337937153875827789306640625" lon="-0.24493907578289508819580078125">
        <ele>9.6000003814697265625</ele>
        <time>2025-09-01T14:08:25.000Z</time>
        <extensions>
          <ns3:TrackPointExtension>
            <ns3:atemp>25.0</ns3:atemp>
          </ns3:TrackPointExtension>
        </extensions>
      </trkpt>
      <trkpt lat="44.56340937875211238861083984375" lon="-0.24489431641995906829833984375">
        <ele>9.80000019073486328125</ele>
        <time>2025-09-01T14:08:26.000Z</time>
        <extensions>
          <ns3:TrackPointExtension>
            <ns3:atemp>25.0</ns3:atemp>
          </ns3:TrackPointExtension>
        </extensions>
      </trkpt>
      <trkpt lat="44.56343586556613445281982421875" lon="-0.24484838359057903289794921875">
        <ele>9.80000019073486328125</ele>
        <time>2025-09-01T14:08:27.000Z</time>
        <extensions>
          <ns3:TrackPointExtension>
            <ns3:atemp>25.0</ns3:atemp>
          </ns3:TrackPointExtension>
        </extensions>
      </trkpt>
      <trkpt lat="44.5634575746953487396240234375" lon="-0.244801528751850128173828125">
        <ele>10</ele>
        <time>2025-09-01T14:08:28.000Z</time>
        <extensions>
          <ns3:TrackPointExtension>
            <ns3:atemp>25.0</ns3:atemp>
          </ns3:TrackPointExtension>
        </extensions>
      </trkpt>
      <trkpt lat="44.56348129548132419586181640625" lon="-0.24475534446537494659423828125">
        <ele>10</ele>
        <time>2025-09-01T14:08:29.000Z</time>
        <extensions>
          <ns3:TrackPointExtension>
            <ns3:atemp>25.0</ns3:atemp>
          </ns3:TrackPointExtension>
        </extensions>
      </trkpt>
      <trkpt lat="44.56350677646696567535400390625" lon="-0.24470840580761432647705078125">
        <ele>10</ele>
        <time>2025-09-01T14:08:30.000Z</time>
        <extensions>
          <ns3:TrackPointExtension>
            <ns3:atemp>25.0</ns3:atemp>
          </ns3:TrackPointExtension>
        </extensions>
      </trkpt>
      <trkpt lat="44.56352789886295795440673828125" lon="-0.24466163478791713714599609375">
        <ele>10</ele>
        <time>2025-09-01T14:08:31.000Z</time>
        <extensions>
          <ns3:TrackPointExtension>
            <ns3:atemp>25.0</ns3:atemp>
          </ns3:TrackPointExtension>
        </extensions>
      </trkpt>
      <trkpt lat="44.56355027854442596435546875" lon="-0.24461553432047367095947265625">
        <ele>10</ele>
        <time>2025-09-01T14:08:32.000Z</time>
        <extensions>
          <ns3:TrackPointExtension>
            <ns3:atemp>25.0</ns3:atemp>
          </ns3:TrackPointExtension>
        </extensions>
      </trkpt>
      <trkpt lat="44.56357047893106937408447265625" lon="-0.24456490762531757354736328125">
        <ele>10</ele>
        <time>2025-09-01T14:08:33.000Z</time>
        <extensions>
          <ns3:TrackPointExtension>
            <ns3:atemp>25.0</ns3:atemp>
          </ns3:TrackPointExtension>
        </extensions>
      </trkpt>
      <trkpt lat="44.56358757801353931427001953125" lon="-0.24450958706438541412353515625">
        <ele>10</ele>
        <time>2025-09-01T14:08:34.000Z</time>
        <extensions>
          <ns3:TrackPointExtension>
            <ns3:atemp>25.0</ns3:atemp>
          </ns3:TrackPointExtension>
        </extensions>
      </trkpt>
      <trkpt lat="44.56361104734241962432861328125" lon="-0.24445627816021442413330078125">
        <ele>9.80000019073486328125</ele>
        <time>2025-09-01T14:08:35.000Z</time>
        <extensions>
          <ns3:TrackPointExtension>
            <ns3:atemp>25.0</ns3:atemp>
          </ns3:TrackPointExtension>
        </extensions>
      </trkpt>
      <trkpt lat="44.563638456165790557861328125" lon="-0.244404561817646026611328125">
        <ele>9.80000019073486328125</ele>
        <time>2025-09-01T14:08:36.000Z</time>
        <extensions>
          <ns3:TrackPointExtension>
            <ns3:atemp>25.0</ns3:atemp>
          </ns3:TrackPointExtension>
        </extensions>
      </trkpt>
      <trkpt lat="44.56366561353206634521484375" lon="-0.24435368366539478302001953125">
        <ele>9.6000003814697265625</ele>
        <time>2025-09-01T14:08:37.000Z</time>
        <extensions>
          <ns3:TrackPointExtension>
            <ns3:atemp>25.0</ns3:atemp>
          </ns3:TrackPointExtension>
        </extensions>
      </trkpt>
      <trkpt lat="44.56369134597480297088623046875" lon="-0.24430322460830211639404296875">
        <ele>9.6000003814697265625</ele>
        <time>2025-09-01T14:08:38.000Z</time>
        <extensions>
          <ns3:TrackPointExtension>
            <ns3:atemp>25.0</ns3:atemp>
          </ns3:TrackPointExtension>
        </extensions>
      </trkpt>
      <trkpt lat="44.56371984444558620452880859375" lon="-0.2442541904747486114501953125">
        <ele>9.3999996185302734375</ele>
        <time>2025-09-01T14:08:39.000Z</time>
        <extensions>
          <ns3:TrackPointExtension>
            <ns3:atemp>25.0</ns3:atemp>
          </ns3:TrackPointExtension>
        </extensions>
      </trkpt>
      <trkpt lat="44.56375052221119403839111328125" lon="-0.244209431111812591552734375">
        <ele>9.3999996185302734375</ele>
        <time>2025-09-01T14:08:40.000Z</time>
        <extensions>
          <ns3:TrackPointExtension>
            <ns3:atemp>25.0</ns3:atemp>
          </ns3:TrackPointExtension>
        </extensions>
      </trkpt>
      <trkpt lat="44.5637824572622776031494140625" lon="-0.2441655099391937255859375">
        <ele>9.19999980926513671875</ele>
        <time>2025-09-01T14:08:41.000Z</time>
        <extensions>
          <ns3:TrackPointExtension>
            <ns3:atemp>25.0</ns3:atemp>
          </ns3:TrackPointExtension>
        </extensions>
      </trkpt>
      <trkpt lat="44.563811123371124267578125" lon="-0.24411379359662532806396484375">
        <ele>9.19999980926513671875</ele>
        <time>2025-09-01T14:08:42.000Z</time>
        <extensions>
          <ns3:TrackPointExtension>
            <ns3:atemp>25.0</ns3:atemp>
          </ns3:TrackPointExtension>
        </extensions>
      </trkpt>
      <trkpt lat="44.563838280737400054931640625" lon="-0.24405227042734622955322265625">
        <ele>9.19999980926513671875</ele>
        <time>2025-09-01T14:08:43.000Z</time>
        <extensions>
          <ns3:TrackPointExtension>
            <ns3:atemp>25.0</ns3:atemp>
          </ns3:TrackPointExtension>
        </extensions>
      </trkpt>
      <trkpt lat="44.563859067857265472412109375" lon="-0.2439973689615726470947265625">
        <ele>9.19999980926513671875</ele>
        <time>2025-09-01T14:08:44.000Z</time>
        <extensions>
          <ns3:TrackPointExtension>
            <ns3:atemp>25.0</ns3:atemp>
          </ns3:TrackPointExtension>
        </extensions>
      </trkpt>
      <trkpt lat="44.5638756640255451202392578125" lon="-0.24395537562668323516845703125">
        <ele>9.19999980926513671875</ele>
        <time>2025-09-01T14:08:45.000Z</time>
        <extensions>
          <ns3:TrackPointExtension>
            <ns3:atemp>25.0</ns3:atemp>
          </ns3:TrackPointExtension>
        </extensions>
      </trkpt>
      <trkpt lat="44.56388714723289012908935546875" lon="-0.2439293079078197479248046875">
        <ele>9.19999980926513671875</ele>
        <time>2025-09-01T14:08:46.000Z</time>
        <extensions>
          <ns3:TrackPointExtension>
            <ns3:atemp>25.0</ns3:atemp>
          </ns3:TrackPointExtension>
        </extensions>
      </trkpt>
      <trkpt lat="44.56389184109866619110107421875" lon="-0.24389770813286304473876953125">
        <ele>9.3999996185302734375</ele>
        <time>2025-09-01T14:08:47.000Z</time>
        <extensions>
          <ns3:TrackPointExtension>
            <ns3:atemp>25.0</ns3:atemp>
          </ns3:TrackPointExtension>
        </extensions>
      </trkpt>
      <trkpt lat="44.56388714723289012908935546875" lon="-0.24386837147176265716552734375">
        <ele>9.6000003814697265625</ele>
        <time>2025-09-01T14:08:48.000Z</time>
        <extensions>
          <ns3:TrackPointExtension>
            <ns3:atemp>25.0</ns3:atemp>
          </ns3:TrackPointExtension>
        </extensions>
      </trkpt>
      <trkpt lat="44.5638806931674480438232421875" lon="-0.24384029209613800048828125">
        <ele>9.6000003814697265625</ele>
        <time>2025-09-01T14:08:49.000Z</time>
        <extensions>
          <ns3:TrackPointExtension>
            <ns3:atemp>25.0</ns3:atemp>
          </ns3:TrackPointExtension>
        </extensions>
      </trkpt>
      <trkpt lat="44.56386451609432697296142578125" lon="-0.24382025934755802154541015625">
        <ele>9.6000003814697265625</ele>
        <time>2025-09-01T14:08:50.000Z</time>
        <extensions>
          <ns3:TrackPointExtension>
            <ns3:atemp>25.0</ns3:atemp>
          </ns3:TrackPointExtension>
        </extensions>
      </trkpt>
      <trkpt lat="44.56383903510868549346923828125" lon="-0.2438168227672576904296875">
        <ele>9.6000003814697265625</ele>
        <time>2025-09-01T14:08:51.000Z</time>
        <extensions>
          <ns3:TrackPointExtension>
            <ns3:atemp>25.0</ns3:atemp>
          </ns3:TrackPointExtension>
        </extensions>
      </trkpt>
      <trkpt lat="44.56381238065659999847412109375" lon="-0.2438243664801120758056640625">
        <ele>9.6000003814697265625</ele>
        <time>2025-09-01T14:08:52.000Z</time>
        <extensions>
          <ns3:TrackPointExtension>
            <ns3:atemp>25.0</ns3:atemp>
          </ns3:TrackPointExtension>
        </extensions>
      </trkpt>
      <trkpt lat="44.56378019414842128753662109375" lon="-0.243837274610996246337890625">
        <ele>9.6000003814697265625</ele>
        <time>2025-09-01T14:08:53.000Z</time>
        <extensions>
          <ns3:TrackPointExtension>
            <ns3:atemp>25.0</ns3:atemp>
          </ns3:TrackPointExtension>
        </extensions>
      </trkpt>
      <trkpt lat="44.563741385936737060546875" lon="-0.2438454888761043548583984375">
        <ele>9.80000019073486328125</ele>
        <time>2025-09-01T14:08:54.000Z</time>
        <extensions>
          <ns3:TrackPointExtension>
            <ns3:atemp>25.0</ns3:atemp>
          </ns3:TrackPointExtension>
        </extensions>
      </trkpt>
      <trkpt lat="44.56369687803089618682861328125" lon="-0.2438424713909626007080078125">
        <ele>10</ele>
        <time>2025-09-01T14:08:55.000Z</time>
        <extensions>
          <ns3:TrackPointExtension>
            <ns3:atemp>25.0</ns3:atemp>
          </ns3:TrackPointExtension>
        </extensions>
      </trkpt>
      <trkpt lat="44.56366083584725856781005859375" lon="-0.2438310720026493072509765625">
        <ele>10.19999980926513671875</ele>
        <time>2025-09-01T14:08:56.000Z</time>
        <extensions>
          <ns3:TrackPointExtension>
            <ns3:atemp>25.0</ns3:atemp>
          </ns3:TrackPointExtension>
        </extensions>
      </trkpt>
      <trkpt lat="44.56362948752939701080322265625" lon="-0.24381036870181560516357421875">
        <ele>10.19999980926513671875</ele>
        <time>2025-09-01T14:08:57.000Z</time>
        <extensions>
          <ns3:TrackPointExtension>
            <ns3:atemp>25.0</ns3:atemp>
          </ns3:TrackPointExtension>
        </extensions>
      </trkpt>
      <trkpt lat="44.56360794603824615478515625" lon="-0.24378187023103237152099609375">
        <ele>10.3999996185302734375</ele>
        <time>2025-09-01T14:08:58.000Z</time>
        <extensions>
          <ns3:TrackPointExtension>
            <ns3:atemp>25.0</ns3:atemp>
          </ns3:TrackPointExtension>
        </extensions>
      </trkpt>
      <trkpt lat="44.56359026022255420684814453125" lon="-0.2437479235231876373291015625">
        <ele>10.3999996185302734375</ele>
        <time>2025-09-01T14:08:59.000Z</time>
        <extensions>
          <ns3:TrackPointExtension>
            <ns3:atemp>25.0</ns3:atemp>
          </ns3:TrackPointExtension>
        </extensions>
      </trkpt>
      <trkpt lat="44.56356913782656192779541015625" lon="-0.24370894767343997955322265625">
        <ele>10.6000003814697265625</ele>
        <time>2025-09-01T14:09:00.000Z</time>
        <extensions>
          <ns3:TrackPointExtension>
            <ns3:atemp>25.0</ns3:atemp>
          </ns3:TrackPointExtension>
        </extensions>
      </trkpt>
      <trkpt lat="44.563549943268299102783203125" lon="-0.24365949444472789764404296875">
        <ele>10.6000003814697265625</ele>
        <time>2025-09-01T14:09:01.000Z</time>
        <extensions>
          <ns3:TrackPointExtension>
            <ns3:atemp>25.0</ns3:atemp>
          </ns3:TrackPointExtension>
        </extensions>
      </trkpt>
      <trkpt lat="44.563539884984493255615234375" lon="-0.24360601790249347686767578125">
        <ele>10.80000019073486328125</ele>
        <time>2025-09-01T14:09:02.000Z</time>
        <extensions>
          <ns3:TrackPointExtension>
            <ns3:atemp>25.0</ns3:atemp>
          </ns3:TrackPointExtension>
        </extensions>
      </trkpt>
      <trkpt lat="44.56353929825127124786376953125" lon="-0.2435512840747833251953125">
        <ele>10.80000019073486328125</ele>
        <time>2025-09-01T14:09:03.000Z</time>
        <extensions>
          <ns3:TrackPointExtension>
            <ns3:atemp>25.0</ns3:atemp>
          </ns3:TrackPointExtension>
        </extensions>
      </trkpt>
      <trkpt lat="44.563540555536746978759765625" lon="-0.24349688552320003509521484375">
        <ele>10.80000019073486328125</ele>
        <time>2025-09-01T14:09:04.000Z</time>
        <extensions>
          <ns3:TrackPointExtension>
            <ns3:atemp>25.0</ns3:atemp>
          </ns3:TrackPointExtension>
        </extensions>
      </trkpt>
      <trkpt lat="44.56354198046028614044189453125" lon="-0.2434439957141876220703125">
        <ele>10.80000019073486328125</ele>
        <time>2025-09-01T14:09:05.000Z</time>
        <extensions>
          <ns3:TrackPointExtension>
            <ns3:atemp>25.0</ns3:atemp>
          </ns3:TrackPointExtension>
        </extensions>
      </trkpt>
      <trkpt lat="44.5635400526225566864013671875" lon="-0.24338959716260433197021484375">
        <ele>10.80000019073486328125</ele>
        <time>2025-09-01T14:09:06.000Z</time>
        <extensions>
          <ns3:TrackPointExtension>
            <ns3:atemp>25.0</ns3:atemp>
          </ns3:TrackPointExtension>
        </extensions>
      </trkpt>
      <trkpt lat="44.56353284418582916259765625" lon="-0.2433395572006702423095703125">
        <ele>10.6000003814697265625</ele>
        <time>2025-09-01T14:09:07.000Z</time>
        <extensions>
          <ns3:TrackPointExtension>
            <ns3:atemp>25.0</ns3:atemp>
          </ns3:TrackPointExtension>
        </extensions>
      </trkpt>
      <trkpt lat="44.56352303735911846160888671875" lon="-0.24329018779098987579345703125">
        <ele>10.6000003814697265625</ele>
        <time>2025-09-01T14:09:08.000Z</time>
        <extensions>
          <ns3:TrackPointExtension>
            <ns3:atemp>25.0</ns3:atemp>
          </ns3:TrackPointExtension>
        </extensions>
      </trkpt>
      <trkpt lat="44.56351130269467830657958984375" lon="-0.2432450093328952789306640625">
        <ele>10.3999996185302734375</ele>
        <time>2025-09-01T14:09:09.000Z</time>
        <extensions>
          <ns3:TrackPointExtension>
            <ns3:atemp>25.0</ns3:atemp>
          </ns3:TrackPointExtension>
        </extensions>
      </trkpt>
      <trkpt lat="44.56349453888833522796630859375" lon="-0.24321542121469974517822265625">
        <ele>10.19999980926513671875</ele>
        <time>2025-09-01T14:09:10.000Z</time>
        <extensions>
          <ns3:TrackPointExtension>
            <ns3:atemp>25.0</ns3:atemp>
          </ns3:TrackPointExtension>
        </extensions>
      </trkpt>
      <trkpt lat="44.5634718239307403564453125" lon="-0.24320083670318126678466796875">
        <ele>10.19999980926513671875</ele>
        <time>2025-09-01T14:09:11.000Z</time>
        <extensions>
          <ns3:TrackPointExtension>
            <ns3:atemp>25.0</ns3:atemp>
          </ns3:TrackPointExtension>
        </extensions>
      </trkpt>
      <trkpt lat="44.5634468458592891693115234375" lon="-0.2432061173021793365478515625">
        <ele>10</ele>
        <time>2025-09-01T14:09:12.000Z</time>
        <extensions>
          <ns3:TrackPointExtension>
            <ns3:atemp>25.0</ns3:atemp>
          </ns3:TrackPointExtension>
        </extensions>
      </trkpt>
      <trkpt lat="44.5634347759187221527099609375" lon="-0.24322665296494960784912109375">
        <ele>9.80000019073486328125</ele>
        <time>2025-09-01T14:09:13.000Z</time>
        <extensions>
          <ns3:TrackPointExtension>
            <ns3:atemp>25.0</ns3:atemp>
          </ns3:TrackPointExtension>
        </extensions>
      </trkpt>
      <trkpt lat="44.5634391345083713531494140625" lon="-0.2432540617883205413818359375">
        <ele>9.6000003814697265625</ele>
        <time>2025-09-01T14:09:14.000Z</time>
        <extensions>
          <ns3:TrackPointExtension>
            <ns3:atemp>25.0</ns3:atemp>
          </ns3:TrackPointExtension>
        </extensions>
      </trkpt>
      <trkpt lat="44.56344609148800373077392578125" lon="-0.24328214116394519805908203125">
        <ele>9.6000003814697265625</ele>
        <time>2025-09-01T14:09:15.000Z</time>
        <extensions>
          <ns3:TrackPointExtension>
            <ns3:atemp>25.0</ns3:atemp>
          </ns3:TrackPointExtension>
        </extensions>
      </trkpt>
      <trkpt lat="44.56344743259251117706298828125" lon="-0.24330946616828441619873046875">
        <ele>9.6000003814697265625</ele>
        <time>2025-09-01T14:09:16.000Z</time>
        <extensions>
          <ns3:TrackPointExtension>
            <ns3:atemp>25.0</ns3:atemp>
          </ns3:TrackPointExtension>
        </extensions>
      </trkpt>
      <trkpt lat="44.5634552277624607086181640625" lon="-0.24333628825843334197998046875">
        <ele>9.6000003814697265625</ele>
        <time>2025-09-01T14:09:17.000Z</time>
        <extensions>
          <ns3:TrackPointExtension>
            <ns3:atemp>25.0</ns3:atemp>
          </ns3:TrackPointExtension>
        </extensions>
      </trkpt>
      <trkpt lat="44.5634639449417591094970703125" lon="-0.24336495436728000640869140625">
        <ele>9.6000003814697265625</ele>
        <time>2025-09-01T14:09:18.000Z</time>
        <extensions>
          <ns3:TrackPointExtension>
            <ns3:atemp>25.0</ns3:atemp>
          </ns3:TrackPointExtension>
        </extensions>
      </trkpt>
      <trkpt lat="44.5634716562926769256591796875" lon="-0.24339445866644382476806640625">
        <ele>9.80000019073486328125</ele>
        <time>2025-09-01T14:09:19.000Z</time>
        <extensions>
          <ns3:TrackPointExtension>
            <ns3:atemp>25.0</ns3:atemp>
          </ns3:TrackPointExtension>
        </extensions>
      </trkpt>
      <trkpt lat="44.5634770207107067108154296875" lon="-0.24342949502170085906982421875">
        <ele>9.80000019073486328125</ele>
        <time>2025-09-01T14:09:20.000Z</time>
        <extensions>
          <ns3:TrackPointExtension>
            <ns3:atemp>25.0</ns3:atemp>
          </ns3:TrackPointExtension>
        </extensions>
      </trkpt>
      <trkpt lat="44.56347827799618244171142578125" lon="-0.243468470871448516845703125">
        <ele>9.80000019073486328125</ele>
        <time>2025-09-01T14:09:21.000Z</time>
        <extensions>
          <ns3:TrackPointExtension>
            <ns3:atemp>25.0</ns3:atemp>
          </ns3:TrackPointExtension>
        </extensions>
      </trkpt>
      <trkpt lat="44.56347693689167499542236328125" lon="-0.24350903928279876708984375">
        <ele>10</ele>
        <time>2025-09-01T14:09:22.000Z</time>
        <extensions>
          <ns3:TrackPointExtension>
            <ns3:atemp>25.0</ns3:atemp>
          </ns3:TrackPointExtension>
        </extensions>
      </trkpt>
      <trkpt lat="44.5634776912629604339599609375" lon="-0.24355254136025905609130859375">
        <ele>10</ele>
        <time>2025-09-01T14:09:23.000Z</time>
        <extensions>
          <ns3:TrackPointExtension>
            <ns3:atemp>25.0</ns3:atemp>
          </ns3:TrackPointExtension>
        </extensions>
      </trkpt>
      <trkpt lat="44.563478194177150726318359375" lon="-0.2435953728854656219482421875">
        <ele>10.19999980926513671875</ele>
        <time>2025-09-01T14:09:24.000Z</time>
        <extensions>
          <ns3:TrackPointExtension>
            <ns3:atemp>25.0</ns3:atemp>
          </ns3:TrackPointExtension>
        </extensions>
      </trkpt>
      <trkpt lat="44.5634773559868335723876953125" lon="-0.24363770149648189544677734375">
        <ele>10.19999980926513671875</ele>
        <time>2025-09-01T14:09:25.000Z</time>
        <extensions>
          <ns3:TrackPointExtension>
            <ns3:atemp>25.0</ns3:atemp>
          </ns3:TrackPointExtension>
        </extensions>
      </trkpt>
      <trkpt lat="44.56347375176846981048583984375" lon="-0.2436791919171810150146484375">
        <ele>10.3999996185302734375</ele>
        <time>2025-09-01T14:09:26.000Z</time>
        <extensions>
          <ns3:TrackPointExtension>
            <ns3:atemp>25.0</ns3:atemp>
          </ns3:TrackPointExtension>
        </extensions>
      </trkpt>
      <trkpt lat="44.56346654333174228668212890625" lon="-0.24372705258429050445556640625">
        <ele>10.3999996185302734375</ele>
        <time>2025-09-01T14:09:27.000Z</time>
        <extensions>
          <ns3:TrackPointExtension>
            <ns3:atemp>25.0</ns3:atemp>
          </ns3:TrackPointExtension>
        </extensions>
      </trkpt>
      <trkpt lat="44.56345640122890472412109375" lon="-0.2437713928520679473876953125">
        <ele>10.3999996185302734375</ele>
        <time>2025-09-01T14:09:28.000Z</time>
        <extensions>
          <ns3:TrackPointExtension>
            <ns3:atemp>25.0</ns3:atemp>
          </ns3:TrackPointExtension>
        </extensions>
      </trkpt>
      <trkpt lat="44.563445337116718292236328125" lon="-0.24381757713854312896728515625">
        <ele>10.3999996185302734375</ele>
        <time>2025-09-01T14:09:29.000Z</time>
        <extensions>
          <ns3:TrackPointExtension>
            <ns3:atemp>25.0</ns3:atemp>
          </ns3:TrackPointExtension>
        </extensions>
      </trkpt>
      <trkpt lat="44.5634342730045318603515625" lon="-0.24386753328144550323486328125">
        <ele>10.3999996185302734375</ele>
        <time>2025-09-01T14:09:30.000Z</time>
        <extensions>
          <ns3:TrackPointExtension>
            <ns3:atemp>25.0</ns3:atemp>
          </ns3:TrackPointExtension>
        </extensions>
      </trkpt>
      <trkpt lat="44.56342446617782115936279296875" lon="-0.24391765706241130828857421875">
        <ele>10.19999980926513671875</ele>
        <time>2025-09-01T14:09:31.000Z</time>
        <extensions>
          <ns3:TrackPointExtension>
            <ns3:atemp>25.0</ns3:atemp>
          </ns3:TrackPointExtension>
        </extensions>
      </trkpt>
      <trkpt lat="44.5634116418659687042236328125" lon="-0.24397113360464572906494140625">
        <ele>10.19999980926513671875</ele>
        <time>2025-09-01T14:09:32.000Z</time>
        <extensions>
          <ns3:TrackPointExtension>
            <ns3:atemp>25.0</ns3:atemp>
          </ns3:TrackPointExtension>
        </extensions>
      </trkpt>
      <trkpt lat="44.563394375145435333251953125" lon="-0.2440218441188335418701171875">
        <ele>10.19999980926513671875</ele>
        <time>2025-09-01T14:09:33.000Z</time>
        <extensions>
          <ns3:TrackPointExtension>
            <ns3:atemp>25.0</ns3:atemp>
          </ns3:TrackPointExtension>
        </extensions>
      </trkpt>
      <trkpt lat="44.56337668932974338531494140625" lon="-0.24407305754721164703369140625">
        <ele>10.19999980926513671875</ele>
        <time>2025-09-01T14:09:34.000Z</time>
        <extensions>
          <ns3:TrackPointExtension>
            <ns3:atemp>25.0</ns3:atemp>
          </ns3:TrackPointExtension>
        </extensions>
      </trkpt>
      <trkpt lat="44.56336126662790775299072265625" lon="-0.24412116967141628265380859375">
        <ele>10</ele>
        <time>2025-09-01T14:09:35.000Z</time>
        <extensions>
          <ns3:TrackPointExtension>
            <ns3:atemp>25.0</ns3:atemp>
          </ns3:TrackPointExtension>
        </extensions>
      </trkpt>
      <trkpt lat="44.56334467045962810516357421875" lon="-0.24417062290012836456298828125">
        <ele>10</ele>
        <time>2025-09-01T14:09:36.000Z</time>
        <extensions>
          <ns3:TrackPointExtension>
            <ns3:atemp>25.0</ns3:atemp>
          </ns3:TrackPointExtension>
        </extensions>
      </trkpt>
      <trkpt lat="44.56332790665328502655029296875" lon="-0.24421823211014270782470703125">
        <ele>10</ele>
        <time>2025-09-01T14:09:37.000Z</time>
        <extensions>
          <ns3:TrackPointExtension>
            <ns3:atemp>25.0</ns3:atemp>
          </ns3:TrackPointExtension>
        </extensions>
      </trkpt>
      <trkpt lat="44.56331198103725910186767578125" lon="-0.2442639134824275970458984375">
        <ele>10</ele>
        <time>2025-09-01T14:09:38.000Z</time>
        <extensions>
          <ns3:TrackPointExtension>
            <ns3:atemp>25.0</ns3:atemp>
          </ns3:TrackPointExtension>
        </extensions>
      </trkpt>
      <trkpt lat="44.56329546868801116943359375" lon="-0.244307331740856170654296875">
        <ele>10</ele>
        <time>2025-09-01T14:09:39.000Z</time>
        <extensions>
          <ns3:TrackPointExtension>
            <ns3:atemp>25.0</ns3:atemp>
          </ns3:TrackPointExtension>
        </extensions>
      </trkpt>
      <trkpt lat="44.563280045986175537109375" lon="-0.244351923465728759765625">
        <ele>10</ele>
        <time>2025-09-01T14:09:40.000Z</time>
        <extensions>
          <ns3:TrackPointExtension>
            <ns3:atemp>25.0</ns3:atemp>
          </ns3:TrackPointExtension>
        </extensions>
      </trkpt>
      <trkpt lat="44.5632612705230712890625" lon="-0.2443946711719036102294921875">
        <ele>10</ele>
        <time>2025-09-01T14:09:41.000Z</time>
        <extensions>
          <ns3:TrackPointExtension>
            <ns3:atemp>25.0</ns3:atemp>
          </ns3:TrackPointExtension>
        </extensions>
      </trkpt>
      <trkpt lat="44.56324190832674503326416015625" lon="-0.24443733505904674530029296875">
        <ele>10</ele>
        <time>2025-09-01T14:09:42.000Z</time>
        <extensions>
          <ns3:TrackPointExtension>
            <ns3:atemp>25.0</ns3:atemp>
          </ns3:TrackPointExtension>
        </extensions>
      </trkpt>
      <trkpt lat="44.563223384320735931396484375" lon="-0.24447890929877758026123046875">
        <ele>10</ele>
        <time>2025-09-01T14:09:43.000Z</time>
        <extensions>
          <ns3:TrackPointExtension>
            <ns3:atemp>25.0</ns3:atemp>
          </ns3:TrackPointExtension>
        </extensions>
      </trkpt>
      <trkpt lat="44.56320293247699737548828125" lon="-0.2445234172046184539794921875">
        <ele>10</ele>
        <time>2025-09-01T14:09:44.000Z</time>
        <extensions>
          <ns3:TrackPointExtension>
            <ns3:atemp>25.0</ns3:atemp>
          </ns3:TrackPointExtension>
        </extensions>
      </trkpt>
      <trkpt lat="44.5631829835474491119384765625" lon="-0.24456691928207874298095703125">
        <ele>10</ele>
        <time>2025-09-01T14:09:45.000Z</time>
        <extensions>
          <ns3:TrackPointExtension>
            <ns3:atemp>25.0</ns3:atemp>
          </ns3:TrackPointExtension>
        </extensions>
      </trkpt>
      <trkpt lat="44.5631642080843448638916015625" lon="-0.24461050517857074737548828125">
        <ele>10</ele>
        <time>2025-09-01T14:09:46.000Z</time>
        <extensions>
          <ns3:TrackPointExtension>
            <ns3:atemp>25.0</ns3:atemp>
          </ns3:TrackPointExtension>
        </extensions>
      </trkpt>
      <trkpt lat="44.56314585171639919281005859375" lon="-0.244651995599269866943359375">
        <ele>10</ele>
        <time>2025-09-01T14:09:47.000Z</time>
        <extensions>
          <ns3:TrackPointExtension>
            <ns3:atemp>25.0</ns3:atemp>
          </ns3:TrackPointExtension>
        </extensions>
      </trkpt>
      <trkpt lat="44.5631253160536289215087890625" lon="-0.2446930669248104095458984375">
        <ele>10</ele>
        <time>2025-09-01T14:09:48.000Z</time>
        <extensions>
          <ns3:TrackPointExtension>
            <ns3:atemp>25.0</ns3:atemp>
          </ns3:TrackPointExtension>
        </extensions>
      </trkpt>
      <trkpt lat="44.5631062053143978118896484375" lon="-0.244733802974224090576171875">
        <ele>10</ele>
        <time>2025-09-01T14:09:49.000Z</time>
        <extensions>
          <ns3:TrackPointExtension>
            <ns3:atemp>25.0</ns3:atemp>
          </ns3:TrackPointExtension>
        </extensions>
      </trkpt>
      <trkpt lat="44.56308784894645214080810546875" lon="-0.24477294646203517913818359375">
        <ele>10</ele>
        <time>2025-09-01T14:09:50.000Z</time>
        <extensions>
          <ns3:TrackPointExtension>
            <ns3:atemp>25.0</ns3:atemp>
          </ns3:TrackPointExtension>
        </extensions>
      </trkpt>
      <trkpt lat="44.5630693249404430389404296875" lon="-0.24481259286403656005859375">
        <ele>9.80000019073486328125</ele>
        <time>2025-09-01T14:09:51.000Z</time>
        <extensions>
          <ns3:TrackPointExtension>
            <ns3:atemp>25.0</ns3:atemp>
          </ns3:TrackPointExtension>
        </extensions>
      </trkpt>
      <trkpt lat="44.56304878927767276763916015625" lon="-0.2448521554470062255859375">
        <ele>9.80000019073486328125</ele>
        <time>2025-09-01T14:09:52.000Z</time>
        <extensions>
          <ns3:TrackPointExtension>
            <ns3:atemp>25.0</ns3:atemp>
          </ns3:TrackPointExtension>
        </extensions>
      </trkpt>
      <trkpt lat="44.56302858889102935791015625" lon="-0.24489230476319789886474609375">
        <ele>9.80000019073486328125</ele>
        <time>2025-09-01T14:09:53.000Z</time>
        <extensions>
          <ns3:TrackPointExtension>
            <ns3:atemp>25.0</ns3:atemp>
          </ns3:TrackPointExtension>
        </extensions>
      </trkpt>
      <trkpt lat="44.56301006488502025604248046875" lon="-0.24493186734616756439208984375">
        <ele>9.80000019073486328125</ele>
        <time>2025-09-01T14:09:54.000Z</time>
        <extensions>
          <ns3:TrackPointExtension>
            <ns3:atemp>25.0</ns3:atemp>
          </ns3:TrackPointExtension>
        </extensions>
      </trkpt>
      <trkpt lat="44.56298760138452053070068359375" lon="-0.24497981183230876922607421875">
        <ele>9.80000019073486328125</ele>
        <time>2025-09-01T14:09:55.000Z</time>
        <extensions>
          <ns3:TrackPointExtension>
            <ns3:atemp>25.0</ns3:atemp>
          </ns3:TrackPointExtension>
        </extensions>
      </trkpt>
      <trkpt lat="44.5629648864269256591796875" lon="-0.24502582848072052001953125">
        <ele>9.80000019073486328125</ele>
        <time>2025-09-01T14:09:56.000Z</time>
        <extensions>
          <ns3:TrackPointExtension>
            <ns3:atemp>25.0</ns3:atemp>
          </ns3:TrackPointExtension>
        </extensions>
      </trkpt>
      <trkpt lat="44.5629439316689968109130859375" lon="-0.2450672350823879241943359375">
        <ele>9.80000019073486328125</ele>
        <time>2025-09-01T14:09:57.000Z</time>
        <extensions>
          <ns3:TrackPointExtension>
            <ns3:atemp>25.0</ns3:atemp>
          </ns3:TrackPointExtension>
        </extensions>
      </trkpt>
      <trkpt lat="44.56292322836816310882568359375" lon="-0.24511023424565792083740234375">
        <ele>9.80000019073486328125</ele>
        <time>2025-09-01T14:09:58.000Z</time>
        <extensions>
          <ns3:TrackPointExtension>
            <ns3:atemp>25.0</ns3:atemp>
          </ns3:TrackPointExtension>
        </extensions>
      </trkpt>
      <trkpt lat="44.5629016868770122528076171875" lon="-0.2451552450656890869140625">
        <ele>9.80000019073486328125</ele>
        <time>2025-09-01T14:09:59.000Z</time>
        <extensions>
          <ns3:TrackPointExtension>
            <ns3:atemp>25.0</ns3:atemp>
          </ns3:TrackPointExtension>
        </extensions>
      </trkpt>
      <trkpt lat="44.56287947483360767364501953125" lon="-0.24519841186702251434326171875">
        <ele>9.80000019073486328125</ele>
        <time>2025-09-01T14:10:00.000Z</time>
        <extensions>
          <ns3:TrackPointExtension>
            <ns3:atemp>25.0</ns3:atemp>
          </ns3:TrackPointExtension>
        </extensions>
      </trkpt>
      <trkpt lat="44.56285893917083740234375" lon="-0.2452412433922290802001953125">
        <ele>9.80000019073486328125</ele>
        <time>2025-09-01T14:10:01.000Z</time>
        <extensions>
          <ns3:TrackPointExtension>
            <ns3:atemp>25.0</ns3:atemp>
          </ns3:TrackPointExtension>
        </extensions>
      </trkpt>
      <trkpt lat="44.5628379844129085540771484375" lon="-0.24528197944164276123046875">
        <ele>9.80000019073486328125</ele>
        <time>2025-09-01T14:10:02.000Z</time>
        <extensions>
          <ns3:TrackPointExtension>
            <ns3:atemp>25.0</ns3:atemp>
          </ns3:TrackPointExtension>
        </extensions>
      </trkpt>
      <trkpt lat="44.5628171972930431365966796875" lon="-0.2453233860433101654052734375">
        <ele>9.80000019073486328125</ele>
        <time>2025-09-01T14:10:03.000Z</time>
        <extensions>
          <ns3:TrackPointExtension>
            <ns3:atemp>25.0</ns3:atemp>
          </ns3:TrackPointExtension>
        </extensions>
      </trkpt>
      <trkpt lat="44.5627957396209239959716796875" lon="-0.24536722339689731597900390625">
        <ele>9.80000019073486328125</ele>
        <time>2025-09-01T14:10:04.000Z</time>
        <extensions>
          <ns3:TrackPointExtension>
            <ns3:atemp>25.0</ns3:atemp>
          </ns3:TrackPointExtension>
        </extensions>
      </trkpt>
      <trkpt lat="44.5627736113965511322021484375" lon="-0.2454105578362941741943359375">
        <ele>9.80000019073486328125</ele>
        <time>2025-09-01T14:10:05.000Z</time>
        <extensions>
          <ns3:TrackPointExtension>
            <ns3:atemp>25.0</ns3:atemp>
          </ns3:TrackPointExtension>
        </extensions>
      </trkpt>
      <trkpt lat="44.56275039352476596832275390625" lon="-0.24545255117118358612060546875">
        <ele>9.80000019073486328125</ele>
        <time>2025-09-01T14:10:06.000Z</time>
        <extensions>
          <ns3:TrackPointExtension>
            <ns3:atemp>25.0</ns3:atemp>
          </ns3:TrackPointExtension>
        </extensions>
      </trkpt>
      <trkpt lat="44.562729187309741973876953125" lon="-0.24549387395381927490234375">
        <ele>9.80000019073486328125</ele>
        <time>2025-09-01T14:10:07.000Z</time>
        <extensions>
          <ns3:TrackPointExtension>
            <ns3:atemp>25.0</ns3:atemp>
          </ns3:TrackPointExtension>
        </extensions>
      </trkpt>
      <trkpt lat="44.562709070742130279541015625" lon="-0.24553720839321613311767578125">
        <ele>9.80000019073486328125</ele>
        <time>2025-09-01T14:10:08.000Z</time>
        <extensions>
          <ns3:TrackPointExtension>
            <ns3:atemp>25.0</ns3:atemp>
          </ns3:TrackPointExtension>
        </extensions>
      </trkpt>
      <trkpt lat="44.56268937326967716217041015625" lon="-0.24558104574680328369140625">
        <ele>9.80000019073486328125</ele>
        <time>2025-09-01T14:10:09.000Z</time>
        <extensions>
          <ns3:TrackPointExtension>
            <ns3:atemp>25.0</ns3:atemp>
          </ns3:TrackPointExtension>
        </extensions>
      </trkpt>
      <trkpt lat="44.56266908906400203704833984375" lon="-0.2456197701394557952880859375">
        <ele>9.80000019073486328125</ele>
        <time>2025-09-01T14:10:10.000Z</time>
        <extensions>
          <ns3:TrackPointExtension>
            <ns3:atemp>25.0</ns3:atemp>
          </ns3:TrackPointExtension>
        </extensions>
      </trkpt>
      <trkpt lat="44.562648050487041473388671875" lon="-0.24565748870372772216796875">
        <ele>9.80000019073486328125</ele>
        <time>2025-09-01T14:10:11.000Z</time>
        <extensions>
          <ns3:TrackPointExtension>
            <ns3:atemp>25.0</ns3:atemp>
          </ns3:TrackPointExtension>
        </extensions>
      </trkpt>
      <trkpt lat="44.5626281015574932098388671875" lon="-0.2456945367157459259033203125">
        <ele>9.80000019073486328125</ele>
        <time>2025-09-01T14:10:12.000Z</time>
        <extensions>
          <ns3:TrackPointExtension>
            <ns3:atemp>25.0</ns3:atemp>
          </ns3:TrackPointExtension>
        </extensions>
      </trkpt>
      <trkpt lat="44.56260823644697666168212890625" lon="-0.2457354404032230377197265625">
        <ele>9.80000019073486328125</ele>
        <time>2025-09-01T14:10:13.000Z</time>
        <extensions>
          <ns3:TrackPointExtension>
            <ns3:atemp>25.0</ns3:atemp>
          </ns3:TrackPointExtension>
        </extensions>
      </trkpt>
      <trkpt lat="44.5625868625938892364501953125" lon="-0.24577458389103412628173828125">
        <ele>9.80000019073486328125</ele>
        <time>2025-09-01T14:10:14.000Z</time>
        <extensions>
          <ns3:TrackPointExtension>
            <ns3:atemp>25.0</ns3:atemp>
          </ns3:TrackPointExtension>
        </extensions>
      </trkpt>
      <trkpt lat="44.5625680871307849884033203125" lon="-0.24581096135079860687255859375">
        <ele>9.80000019073486328125</ele>
        <time>2025-09-01T14:10:15.000Z</time>
        <extensions>
          <ns3:TrackPointExtension>
            <ns3:atemp>25.0</ns3:atemp>
          </ns3:TrackPointExtension>
        </extensions>
      </trkpt>
      <trkpt lat="44.56254738382995128631591796875" lon="-0.2458457462489604949951171875">
        <ele>10</ele>
        <time>2025-09-01T14:10:16.000Z</time>
        <extensions>
          <ns3:TrackPointExtension>
            <ns3:atemp>25.0</ns3:atemp>
          </ns3:TrackPointExtension>
        </extensions>
      </trkpt>
      <trkpt lat="44.5625271834433078765869140625" lon="-0.24588220752775669097900390625">
        <ele>10</ele>
        <time>2025-09-01T14:10:17.000Z</time>
        <extensions>
          <ns3:TrackPointExtension>
            <ns3:atemp>25.0</ns3:atemp>
          </ns3:TrackPointExtension>
        </extensions>
      </trkpt>
      <trkpt lat="44.56250530667603015899658203125" lon="-0.245918333530426025390625">
        <ele>10.19999980926513671875</ele>
        <time>2025-09-01T14:10:18.000Z</time>
        <extensions>
          <ns3:TrackPointExtension>
            <ns3:atemp>25.0</ns3:atemp>
          </ns3:TrackPointExtension>
        </extensions>
      </trkpt>
      <trkpt lat="44.5624859444797039031982421875" lon="-0.245958901941776275634765625">
        <ele>10.19999980926513671875</ele>
        <time>2025-09-01T14:10:19.000Z</time>
        <extensions>
          <ns3:TrackPointExtension>
            <ns3:atemp>25.0</ns3:atemp>
          </ns3:TrackPointExtension>
        </extensions>
      </trkpt>
      <trkpt lat="44.562465660274028778076171875" lon="-0.24599804542958736419677734375">
        <ele>10.19999980926513671875</ele>
        <time>2025-09-01T14:10:20.000Z</time>
        <extensions>
          <ns3:TrackPointExtension>
            <ns3:atemp>25.0</ns3:atemp>
          </ns3:TrackPointExtension>
        </extensions>
      </trkpt>
      <trkpt lat="44.5624443702399730682373046875" lon="-0.2460341714322566986083984375">
        <ele>10.19999980926513671875</ele>
        <time>2025-09-01T14:10:21.000Z</time>
        <extensions>
          <ns3:TrackPointExtension>
            <ns3:atemp>25.0</ns3:atemp>
          </ns3:TrackPointExtension>
        </extensions>
      </trkpt>
      <trkpt lat="44.562423415482044219970703125" lon="-0.2460717223584651947021484375">
        <ele>10.19999980926513671875</ele>
        <time>2025-09-01T14:10:22.000Z</time>
        <extensions>
          <ns3:TrackPointExtension>
            <ns3:atemp>25.0</ns3:atemp>
          </ns3:TrackPointExtension>
        </extensions>
      </trkpt>
      <trkpt lat="44.5624016225337982177734375" lon="-0.24611002765595912933349609375">
        <ele>10.19999980926513671875</ele>
        <time>2025-09-01T14:10:23.000Z</time>
        <extensions>
          <ns3:TrackPointExtension>
            <ns3:atemp>25.0</ns3:atemp>
          </ns3:TrackPointExtension>
        </extensions>
      </trkpt>
      <trkpt lat="44.562378823757171630859375" lon="-0.2461461536586284637451171875">
        <ele>10.19999980926513671875</ele>
        <time>2025-09-01T14:10:24.000Z</time>
        <extensions>
          <ns3:TrackPointExtension>
            <ns3:atemp>25.0</ns3:atemp>
          </ns3:TrackPointExtension>
        </extensions>
      </trkpt>
      <trkpt lat="44.56235661171376705169677734375" lon="-0.24618546478450298309326171875">
        <ele>10.19999980926513671875</ele>
        <time>2025-09-01T14:10:25.000Z</time>
        <extensions>
          <ns3:TrackPointExtension>
            <ns3:atemp>25.0</ns3:atemp>
          </ns3:TrackPointExtension>
        </extensions>
      </trkpt>
      <trkpt lat="44.56233565695583820343017578125" lon="-0.2462252788245677947998046875">
        <ele>10.19999980926513671875</ele>
        <time>2025-09-01T14:10:26.000Z</time>
        <extensions>
          <ns3:TrackPointExtension>
            <ns3:atemp>25.0</ns3:atemp>
          </ns3:TrackPointExtension>
        </extensions>
      </trkpt>
      <trkpt lat="44.5623146183788776397705078125" lon="-0.2462628297507762908935546875">
        <ele>10.19999980926513671875</ele>
        <time>2025-09-01T14:10:27.000Z</time>
        <extensions>
          <ns3:TrackPointExtension>
            <ns3:atemp>25.0</ns3:atemp>
          </ns3:TrackPointExtension>
        </extensions>
      </trkpt>
      <trkpt lat="44.56229475326836109161376953125" lon="-0.2462993748486042022705078125">
        <ele>10.19999980926513671875</ele>
        <time>2025-09-01T14:10:28.000Z</time>
        <extensions>
          <ns3:TrackPointExtension>
            <ns3:atemp>25.0</ns3:atemp>
          </ns3:TrackPointExtension>
        </extensions>
      </trkpt>
      <trkpt lat="44.56227446906268596649169921875" lon="-0.2463380992412567138671875">
        <ele>10.19999980926513671875</ele>
        <time>2025-09-01T14:10:29.000Z</time>
        <extensions>
          <ns3:TrackPointExtension>
            <ns3:atemp>25.0</ns3:atemp>
          </ns3:TrackPointExtension>
        </extensions>
      </trkpt>
      <trkpt lat="44.5622532628476619720458984375" lon="-0.24637606926262378692626953125">
        <ele>10</ele>
        <time>2025-09-01T14:10:30.000Z</time>
        <extensions>
          <ns3:TrackPointExtension>
            <ns3:atemp>25.0</ns3:atemp>
          </ns3:TrackPointExtension>
        </extensions>
      </trkpt>
      <trkpt lat="44.56223138608038425445556640625" lon="-0.24641445837914943695068359375">
        <ele>10</ele>
        <time>2025-09-01T14:10:31.000Z</time>
        <extensions>
          <ns3:TrackPointExtension>
            <ns3:atemp>25.0</ns3:atemp>
          </ns3:TrackPointExtension>
        </extensions>
      </trkpt>
      <trkpt lat="44.5622100122272968292236328125" lon="-0.24645117111504077911376953125">
        <ele>10</ele>
        <time>2025-09-01T14:10:32.000Z</time>
        <extensions>
          <ns3:TrackPointExtension>
            <ns3:atemp>25.0</ns3:atemp>
          </ns3:TrackPointExtension>
        </extensions>
      </trkpt>
      <trkpt lat="44.5621872134506702423095703125" lon="-0.24648821912705898284912109375">
        <ele>9.80000019073486328125</ele>
        <time>2025-09-01T14:10:33.000Z</time>
        <extensions>
          <ns3:TrackPointExtension>
            <ns3:atemp>25.0</ns3:atemp>
          </ns3:TrackPointExtension>
        </extensions>
      </trkpt>
      <trkpt lat="44.56216349266469478607177734375" lon="-0.2465266920626163482666015625">
        <ele>9.80000019073486328125</ele>
        <time>2025-09-01T14:10:34.000Z</time>
        <extensions>
          <ns3:TrackPointExtension>
            <ns3:atemp>25.0</ns3:atemp>
          </ns3:TrackPointExtension>
        </extensions>
      </trkpt>
      <trkpt lat="44.56214136444032192230224609375" lon="-0.24656449444591999053955078125">
        <ele>9.80000019073486328125</ele>
        <time>2025-09-01T14:10:35.000Z</time>
        <extensions>
          <ns3:TrackPointExtension>
            <ns3:atemp>25.0</ns3:atemp>
          </ns3:TrackPointExtension>
        </extensions>
      </trkpt>
      <trkpt lat="44.562119655311107635498046875" lon="-0.24660355411469936370849609375">
        <ele>9.80000019073486328125</ele>
        <time>2025-09-01T14:10:36.000Z</time>
        <extensions>
          <ns3:TrackPointExtension>
            <ns3:atemp>25.0</ns3:atemp>
          </ns3:TrackPointExtension>
        </extensions>
      </trkpt>
      <trkpt lat="44.5620985329151153564453125" lon="-0.24663959629833698272705078125">
        <ele>9.80000019073486328125</ele>
        <time>2025-09-01T14:10:37.000Z</time>
        <extensions>
          <ns3:TrackPointExtension>
            <ns3:atemp>25.0</ns3:atemp>
          </ns3:TrackPointExtension>
        </extensions>
      </trkpt>
      <trkpt lat="44.5620755665004253387451171875" lon="-0.24667647667229175567626953125">
        <ele>9.80000019073486328125</ele>
        <time>2025-09-01T14:10:38.000Z</time>
        <extensions>
          <ns3:TrackPointExtension>
            <ns3:atemp>25.0</ns3:atemp>
          </ns3:TrackPointExtension>
        </extensions>
      </trkpt>
      <trkpt lat="44.5620529353618621826171875" lon="-0.2467134408652782440185546875">
        <ele>9.80000019073486328125</ele>
        <time>2025-09-01T14:10:39.000Z</time>
        <extensions>
          <ns3:TrackPointExtension>
            <ns3:atemp>25.0</ns3:atemp>
          </ns3:TrackPointExtension>
        </extensions>
      </trkpt>
      <trkpt lat="44.56203089095652103424072265625" lon="-0.24674973450601100921630859375">
        <ele>9.80000019073486328125</ele>
        <time>2025-09-01T14:10:40.000Z</time>
        <extensions>
          <ns3:TrackPointExtension>
            <ns3:atemp>25.0</ns3:atemp>
          </ns3:TrackPointExtension>
        </extensions>
      </trkpt>
      <trkpt lat="44.5620100200176239013671875" lon="-0.246787033975124359130859375">
        <ele>9.80000019073486328125</ele>
        <time>2025-09-01T14:10:41.000Z</time>
        <extensions>
          <ns3:TrackPointExtension>
            <ns3:atemp>25.0</ns3:atemp>
          </ns3:TrackPointExtension>
        </extensions>
      </trkpt>
      <trkpt lat="44.5619873888790607452392578125" lon="-0.2468183822929859161376953125">
        <ele>9.80000019073486328125</ele>
        <time>2025-09-01T14:10:42.000Z</time>
        <extensions>
          <ns3:TrackPointExtension>
            <ns3:atemp>25.0</ns3:atemp>
          </ns3:TrackPointExtension>
        </extensions>
      </trkpt>
      <trkpt lat="44.56196366809308528900146484375" lon="-0.246852077543735504150390625">
        <ele>9.80000019073486328125</ele>
        <time>2025-09-01T14:10:43.000Z</time>
        <extensions>
          <ns3:TrackPointExtension>
            <ns3:atemp>25.0</ns3:atemp>
          </ns3:TrackPointExtension>
        </extensions>
      </trkpt>
      <trkpt lat="44.56194229423999786376953125" lon="-0.2468887902796268463134765625">
        <ele>9.80000019073486328125</ele>
        <time>2025-09-01T14:10:44.000Z</time>
        <extensions>
          <ns3:TrackPointExtension>
            <ns3:atemp>25.0</ns3:atemp>
          </ns3:TrackPointExtension>
        </extensions>
      </trkpt>
      <trkpt lat="44.56192083656787872314453125" lon="-0.24692843668162822723388671875">
        <ele>9.80000019073486328125</ele>
        <time>2025-09-01T14:10:45.000Z</time>
        <extensions>
          <ns3:TrackPointExtension>
            <ns3:atemp>25.0</ns3:atemp>
          </ns3:TrackPointExtension>
        </extensions>
      </trkpt>
      <trkpt lat="44.56189937889575958251953125" lon="-0.24696229957044124603271484375">
        <ele>10</ele>
        <time>2025-09-01T14:10:46.000Z</time>
        <extensions>
          <ns3:TrackPointExtension>
            <ns3:atemp>25.0</ns3:atemp>
          </ns3:TrackPointExtension>
        </extensions>
      </trkpt>
      <trkpt lat="44.5618801005184650421142578125" lon="-0.2469923906028270721435546875">
        <ele>10</ele>
        <time>2025-09-01T14:10:47.000Z</time>
        <extensions>
          <ns3:TrackPointExtension>
            <ns3:atemp>25.0</ns3:atemp>
          </ns3:TrackPointExtension>
        </extensions>
      </trkpt>
      <trkpt lat="44.5618619956076145172119140625" lon="-0.24702616967260837554931640625">
        <ele>10</ele>
        <time>2025-09-01T14:10:48.000Z</time>
        <extensions>
          <ns3:TrackPointExtension>
            <ns3:atemp>25.0</ns3:atemp>
          </ns3:TrackPointExtension>
        </extensions>
      </trkpt>
      <trkpt lat="44.5618410408496856689453125" lon="-0.2470584399998188018798828125">
        <ele>10</ele>
        <time>2025-09-01T14:10:49.000Z</time>
        <extensions>
          <ns3:TrackPointExtension>
            <ns3:atemp>25.0</ns3:atemp>
          </ns3:TrackPointExtension>
        </extensions>
      </trkpt>
      <trkpt lat="44.561819247901439666748046875" lon="-0.2470886148512363433837890625">
        <ele>10.19999980926513671875</ele>
        <time>2025-09-01T14:10:50.000Z</time>
        <extensions>
          <ns3:TrackPointExtension>
            <ns3:atemp>25.0</ns3:atemp>
          </ns3:TrackPointExtension>
        </extensions>
      </trkpt>
      <trkpt lat="44.5617986284196376800537109375" lon="-0.2471208013594150543212890625">
        <ele>10.19999980926513671875</ele>
        <time>2025-09-01T14:10:51.000Z</time>
        <extensions>
          <ns3:TrackPointExtension>
            <ns3:atemp>25.0</ns3:atemp>
          </ns3:TrackPointExtension>
        </extensions>
      </trkpt>
      <trkpt lat="44.56177591346204280853271484375" lon="-0.2471546642482280731201171875">
        <ele>10.19999980926513671875</ele>
        <time>2025-09-01T14:10:52.000Z</time>
        <extensions>
          <ns3:TrackPointExtension>
            <ns3:atemp>25.0</ns3:atemp>
          </ns3:TrackPointExtension>
        </extensions>
      </trkpt>
      <trkpt lat="44.5617543719708919525146484375" lon="-0.24718894623219966888427734375">
        <ele>10.19999980926513671875</ele>
        <time>2025-09-01T14:10:53.000Z</time>
        <extensions>
          <ns3:TrackPointExtension>
            <ns3:atemp>25.0</ns3:atemp>
          </ns3:TrackPointExtension>
        </extensions>
      </trkpt>
      <trkpt lat="44.56173299811780452728271484375" lon="-0.247221887111663818359375">
        <ele>10.3999996185302734375</ele>
        <time>2025-09-01T14:10:54.000Z</time>
        <extensions>
          <ns3:TrackPointExtension>
            <ns3:atemp>25.0</ns3:atemp>
          </ns3:TrackPointExtension>
        </extensions>
      </trkpt>
      <trkpt lat="44.56171204335987567901611328125" lon="-0.24725398980081081390380859375">
        <ele>10.3999996185302734375</ele>
        <time>2025-09-01T14:10:55.000Z</time>
        <extensions>
          <ns3:TrackPointExtension>
            <ns3:atemp>25.0</ns3:atemp>
          </ns3:TrackPointExtension>
        </extensions>
      </trkpt>
      <trkpt lat="44.56169377081096172332763671875" lon="-0.2472840808331966400146484375">
        <ele>10.3999996185302734375</ele>
        <time>2025-09-01T14:10:56.000Z</time>
        <extensions>
          <ns3:TrackPointExtension>
            <ns3:atemp>25.0</ns3:atemp>
          </ns3:TrackPointExtension>
        </extensions>
      </trkpt>
      <trkpt lat="44.56167499534785747528076171875" lon="-0.2473105676472187042236328125">
        <ele>10.3999996185302734375</ele>
        <time>2025-09-01T14:10:57.000Z</time>
        <extensions>
          <ns3:TrackPointExtension>
            <ns3:atemp>25.0</ns3:atemp>
          </ns3:TrackPointExtension>
        </extensions>
      </trkpt>
      <trkpt lat="44.5616559684276580810546875" lon="-0.24733982048928737640380859375">
        <ele>10.3999996185302734375</ele>
        <time>2025-09-01T14:10:58.000Z</time>
        <extensions>
          <ns3:TrackPointExtension>
            <ns3:atemp>25.0</ns3:atemp>
          </ns3:TrackPointExtension>
        </extensions>
      </trkpt>
      <trkpt lat="44.56163576804101467132568359375" lon="-0.24736613966524600982666015625">
        <ele>10.3999996185302734375</ele>
        <time>2025-09-01T14:10:59.000Z</time>
        <extensions>
          <ns3:TrackPointExtension>
            <ns3:atemp>25.0</ns3:atemp>
          </ns3:TrackPointExtension>
        </extensions>
      </trkpt>
      <trkpt lat="44.56161581911146640777587890625" lon="-0.24739782325923442840576171875">
        <ele>10.3999996185302734375</ele>
        <time>2025-09-01T14:11:00.000Z</time>
        <extensions>
          <ns3:TrackPointExtension>
            <ns3:atemp>25.0</ns3:atemp>
          </ns3:TrackPointExtension>
        </extensions>
      </trkpt>
      <trkpt lat="44.56159754656255245208740234375" lon="-0.24742280133068561553955078125">
        <ele>10.6000003814697265625</ele>
        <time>2025-09-01T14:11:01.000Z</time>
        <extensions>
          <ns3:TrackPointExtension>
            <ns3:atemp>25.0</ns3:atemp>
          </ns3:TrackPointExtension>
        </extensions>
      </trkpt>
      <trkpt lat="44.5615755021572113037109375" lon="-0.2474476955831050872802734375">
        <ele>10.6000003814697265625</ele>
        <time>2025-09-01T14:11:02.000Z</time>
        <extensions>
          <ns3:TrackPointExtension>
            <ns3:atemp>25.0</ns3:atemp>
          </ns3:TrackPointExtension>
        </extensions>
      </trkpt>
      <trkpt lat="44.5615508593618869781494140625" lon="-0.2474798820912837982177734375">
        <ele>10.6000003814697265625</ele>
        <time>2025-09-01T14:11:03.000Z</time>
        <extensions>
          <ns3:TrackPointExtension>
            <ns3:atemp>25.0</ns3:atemp>
          </ns3:TrackPointExtension>
        </extensions>
      </trkpt>
      <trkpt lat="44.56153325736522674560546875" lon="-0.24751600809395313262939453125">
        <ele>10.6000003814697265625</ele>
        <time>2025-09-01T14:11:04.000Z</time>
        <extensions>
          <ns3:TrackPointExtension>
            <ns3:atemp>25.0</ns3:atemp>
          </ns3:TrackPointExtension>
        </extensions>
      </trkpt>
      <trkpt lat="44.561518169939517974853515625" lon="-0.24754903279244899749755859375">
        <ele>10.6000003814697265625</ele>
        <time>2025-09-01T14:11:05.000Z</time>
        <extensions>
          <ns3:TrackPointExtension>
            <ns3:atemp>25.0</ns3:atemp>
          </ns3:TrackPointExtension>
        </extensions>
      </trkpt>
      <trkpt lat="44.56150098703801631927490234375" lon="-0.24757669307291507720947265625">
        <ele>10.6000003814697265625</ele>
        <time>2025-09-01T14:11:06.000Z</time>
        <extensions>
          <ns3:TrackPointExtension>
            <ns3:atemp>25.0</ns3:atemp>
          </ns3:TrackPointExtension>
        </extensions>
      </trkpt>
      <trkpt lat="44.56148070283234119415283203125" lon="-0.247602425515651702880859375">
        <ele>10.6000003814697265625</ele>
        <time>2025-09-01T14:11:07.000Z</time>
        <extensions>
          <ns3:TrackPointExtension>
            <ns3:atemp>25.0</ns3:atemp>
          </ns3:TrackPointExtension>
        </extensions>
      </trkpt>
      <trkpt lat="44.5614616759121417999267578125" lon="-0.24763268418610095977783203125">
        <ele>10.6000003814697265625</ele>
        <time>2025-09-01T14:11:08.000Z</time>
        <extensions>
          <ns3:TrackPointExtension>
            <ns3:atemp>25.0</ns3:atemp>
          </ns3:TrackPointExtension>
        </extensions>
      </trkpt>
      <trkpt lat="44.56144206225872039794921875" lon="-0.24766101501882076263427734375">
        <ele>10.6000003814697265625</ele>
        <time>2025-09-01T14:11:09.000Z</time>
        <extensions>
          <ns3:TrackPointExtension>
            <ns3:atemp>25.0</ns3:atemp>
          </ns3:TrackPointExtension>
        </extensions>
      </trkpt>
      <trkpt lat="44.561419598758220672607421875" lon="-0.2476880885660648345947265625">
        <ele>10.6000003814697265625</ele>
        <time>2025-09-01T14:11:10.000Z</time>
        <extensions>
          <ns3:TrackPointExtension>
            <ns3:atemp>25.0</ns3:atemp>
          </ns3:TrackPointExtension>
        </extensions>
      </trkpt>
      <trkpt lat="44.5613989792764186859130859375" lon="-0.24771834723651409149169921875">
        <ele>10.80000019073486328125</ele>
        <time>2025-09-01T14:11:11.000Z</time>
        <extensions>
          <ns3:TrackPointExtension>
            <ns3:atemp>25.0</ns3:atemp>
          </ns3:TrackPointExtension>
        </extensions>
      </trkpt>
      <trkpt lat="44.561377353966236114501953125" lon="-0.24774617515504360198974609375">
        <ele>10.80000019073486328125</ele>
        <time>2025-09-01T14:11:12.000Z</time>
        <extensions>
          <ns3:TrackPointExtension>
            <ns3:atemp>25.0</ns3:atemp>
          </ns3:TrackPointExtension>
        </extensions>
      </trkpt>
      <trkpt lat="44.56135866232216358184814453125" lon="-0.24777014739811420440673828125">
        <ele>10.80000019073486328125</ele>
        <time>2025-09-01T14:11:13.000Z</time>
        <extensions>
          <ns3:TrackPointExtension>
            <ns3:atemp>25.0</ns3:atemp>
          </ns3:TrackPointExtension>
        </extensions>
      </trkpt>
      <trkpt lat="44.56134013831615447998046875" lon="-0.247795879840850830078125">
        <ele>11</ele>
        <time>2025-09-01T14:11:14.000Z</time>
        <extensions>
          <ns3:TrackPointExtension>
            <ns3:atemp>25.0</ns3:atemp>
          </ns3:TrackPointExtension>
        </extensions>
      </trkpt>
      <trkpt lat="44.56132362596690654754638671875" lon="-0.24782479740679264068603515625">
        <ele>11</ele>
        <time>2025-09-01T14:11:15.000Z</time>
        <extensions>
          <ns3:TrackPointExtension>
            <ns3:atemp>25.0</ns3:atemp>
          </ns3:TrackPointExtension>
        </extensions>
      </trkpt>
      <trkpt lat="44.56130635924637317657470703125" lon="-0.24785547517240047454833984375">
        <ele>11</ele>
        <time>2025-09-01T14:11:16.000Z</time>
        <extensions>
          <ns3:TrackPointExtension>
            <ns3:atemp>25.0</ns3:atemp>
          </ns3:TrackPointExtension>
        </extensions>
      </trkpt>
      <trkpt lat="44.5612896792590618133544921875" lon="-0.24788129143416881561279296875">
        <ele>11</ele>
        <time>2025-09-01T14:11:17.000Z</time>
        <extensions>
          <ns3:TrackPointExtension>
            <ns3:atemp>25.0</ns3:atemp>
          </ns3:TrackPointExtension>
        </extensions>
      </trkpt>
      <trkpt lat="44.561270736157894134521484375" lon="-0.24790291674435138702392578125">
        <ele>11.19999980926513671875</ele>
        <time>2025-09-01T14:11:18.000Z</time>
        <extensions>
          <ns3:TrackPointExtension>
            <ns3:atemp>25.0</ns3:atemp>
          </ns3:TrackPointExtension>
        </extensions>
      </trkpt>
      <trkpt lat="44.56125305034220218658447265625" lon="-0.24792789481580257415771484375">
        <ele>11.19999980926513671875</ele>
        <time>2025-09-01T14:11:19.000Z</time>
        <extensions>
          <ns3:TrackPointExtension>
            <ns3:atemp>25.0</ns3:atemp>
          </ns3:TrackPointExtension>
        </extensions>
      </trkpt>
      <trkpt lat="44.56123687326908111572265625" lon="-0.24795211851596832275390625">
        <ele>11.3999996185302734375</ele>
        <time>2025-09-01T14:11:20.000Z</time>
        <extensions>
          <ns3:TrackPointExtension>
            <ns3:atemp>25.0</ns3:atemp>
          </ns3:TrackPointExtension>
        </extensions>
      </trkpt>
      <trkpt lat="44.56121985800564289093017578125" lon="-0.24797382764518260955810546875">
        <ele>11.6000003814697265625</ele>
        <time>2025-09-01T14:11:21.000Z</time>
        <extensions>
          <ns3:TrackPointExtension>
            <ns3:atemp>25.0</ns3:atemp>
          </ns3:TrackPointExtension>
        </extensions>
      </trkpt>
      <trkpt lat="44.56119823269546031951904296875" lon="-0.247991345822811126708984375">
        <ele>11.6000003814697265625</ele>
        <time>2025-09-01T14:11:22.000Z</time>
        <extensions>
          <ns3:TrackPointExtension>
            <ns3:atemp>25.0</ns3:atemp>
          </ns3:TrackPointExtension>
        </extensions>
      </trkpt>
      <trkpt lat="44.561184234917163848876953125" lon="-0.248013474047183990478515625">
        <ele>11.80000019073486328125</ele>
        <time>2025-09-01T14:11:23.000Z</time>
        <extensions>
          <ns3:TrackPointExtension>
            <ns3:atemp>25.0</ns3:atemp>
          </ns3:TrackPointExtension>
        </extensions>
      </trkpt>
      <trkpt lat="44.56116956658661365509033203125" lon="-0.2480374462902545928955078125">
        <ele>12</ele>
        <time>2025-09-01T14:11:24.000Z</time>
        <extensions>
          <ns3:TrackPointExtension>
            <ns3:atemp>25.0</ns3:atemp>
          </ns3:TrackPointExtension>
        </extensions>
      </trkpt>
      <trkpt lat="44.5611552335321903228759765625" lon="-0.248062424361705780029296875">
        <ele>12.19999980926513671875</ele>
        <time>2025-09-01T14:11:25.000Z</time>
        <extensions>
          <ns3:TrackPointExtension>
            <ns3:atemp>25.0</ns3:atemp>
          </ns3:TrackPointExtension>
        </extensions>
      </trkpt>
      <trkpt lat="44.56114140339195728302001953125" lon="-0.2480842173099517822265625">
        <ele>12.19999980926513671875</ele>
        <time>2025-09-01T14:11:26.000Z</time>
        <extensions>
          <ns3:TrackPointExtension>
            <ns3:atemp>25.0</ns3:atemp>
          </ns3:TrackPointExtension>
        </extensions>
      </trkpt>
      <trkpt lat="44.56112556159496307373046875" lon="-0.2481041662395000457763671875">
        <ele>12.3999996185302734375</ele>
        <time>2025-09-01T14:11:27.000Z</time>
        <extensions>
          <ns3:TrackPointExtension>
            <ns3:atemp>25.0</ns3:atemp>
          </ns3:TrackPointExtension>
        </extensions>
      </trkpt>
      <trkpt lat="44.5611089654266834259033203125" lon="-0.24812604300677776336669921875">
        <ele>12.3999996185302734375</ele>
        <time>2025-09-01T14:11:28.000Z</time>
        <extensions>
          <ns3:TrackPointExtension>
            <ns3:atemp>25.0</ns3:atemp>
          </ns3:TrackPointExtension>
        </extensions>
      </trkpt>
      <trkpt lat="44.5610935427248477935791015625" lon="-0.2481477521359920501708984375">
        <ele>12.3999996185302734375</ele>
        <time>2025-09-01T14:11:29.000Z</time>
        <extensions>
          <ns3:TrackPointExtension>
            <ns3:atemp>25.0</ns3:atemp>
          </ns3:TrackPointExtension>
        </extensions>
      </trkpt>
      <trkpt lat="44.5610791258513927459716796875" lon="-0.248168371617794036865234375">
        <ele>12.3999996185302734375</ele>
        <time>2025-09-01T14:11:30.000Z</time>
        <extensions>
          <ns3:TrackPointExtension>
            <ns3:atemp>25.0</ns3:atemp>
          </ns3:TrackPointExtension>
        </extensions>
      </trkpt>
      <trkpt lat="44.56106244586408138275146484375" lon="-0.24819360114634037017822265625">
        <ele>12.6000003814697265625</ele>
        <time>2025-09-01T14:11:31.000Z</time>
        <extensions>
          <ns3:TrackPointExtension>
            <ns3:atemp>25.0</ns3:atemp>
          </ns3:TrackPointExtension>
        </extensions>
      </trkpt>
      <trkpt lat="44.56104668788611888885498046875" lon="-0.2482151426374912261962890625">
        <ele>12.6000003814697265625</ele>
        <time>2025-09-01T14:11:32.000Z</time>
        <extensions>
          <ns3:TrackPointExtension>
            <ns3:atemp>25.0</ns3:atemp>
          </ns3:TrackPointExtension>
        </extensions>
      </trkpt>
      <trkpt lat="44.561032354831695556640625" lon="-0.24823768995702266693115234375">
        <ele>12.6000003814697265625</ele>
        <time>2025-09-01T14:11:33.000Z</time>
        <extensions>
          <ns3:TrackPointExtension>
            <ns3:atemp>25.0</ns3:atemp>
          </ns3:TrackPointExtension>
        </extensions>
      </trkpt>
      <trkpt lat="44.56101735122501850128173828125" lon="-0.2482570521533489227294921875">
        <ele>12.80000019073486328125</ele>
        <time>2025-09-01T14:11:34.000Z</time>
        <extensions>
          <ns3:TrackPointExtension>
            <ns3:atemp>25.0</ns3:atemp>
          </ns3:TrackPointExtension>
        </extensions>
      </trkpt>
      <trkpt lat="44.561001844704151153564453125" lon="-0.24827758781611919403076171875">
        <ele>12.80000019073486328125</ele>
        <time>2025-09-01T14:11:35.000Z</time>
        <extensions>
          <ns3:TrackPointExtension>
            <ns3:atemp>25.0</ns3:atemp>
          </ns3:TrackPointExtension>
        </extensions>
      </trkpt>
      <trkpt lat="44.56098608672618865966796875" lon="-0.24829954840242862701416015625">
        <ele>12.80000019073486328125</ele>
        <time>2025-09-01T14:11:36.000Z</time>
        <extensions>
          <ns3:TrackPointExtension>
            <ns3:atemp>25.0</ns3:atemp>
          </ns3:TrackPointExtension>
        </extensions>
      </trkpt>
      <trkpt lat="44.56097175367176532745361328125" lon="-0.24831748567521572113037109375">
        <ele>12.80000019073486328125</ele>
        <time>2025-09-01T14:11:37.000Z</time>
        <extensions>
          <ns3:TrackPointExtension>
            <ns3:atemp>25.0</ns3:atemp>
          </ns3:TrackPointExtension>
        </extensions>
      </trkpt>
      <trkpt lat="44.5609580911695957183837890625" lon="-0.24833693169057369232177734375">
        <ele>13</ele>
        <time>2025-09-01T14:11:38.000Z</time>
        <extensions>
          <ns3:TrackPointExtension>
            <ns3:atemp>25.0</ns3:atemp>
          </ns3:TrackPointExtension>
        </extensions>
      </trkpt>
      <trkpt lat="44.5609436742961406707763671875" lon="-0.248358137905597686767578125">
        <ele>13</ele>
        <time>2025-09-01T14:11:39.000Z</time>
        <extensions>
          <ns3:TrackPointExtension>
            <ns3:atemp>25.0</ns3:atemp>
          </ns3:TrackPointExtension>
        </extensions>
      </trkpt>
      <trkpt lat="44.56093110144138336181640625" lon="-0.24837766773998737335205078125">
        <ele>13</ele>
        <time>2025-09-01T14:11:40.000Z</time>
        <extensions>
          <ns3:TrackPointExtension>
            <ns3:atemp>25.0</ns3:atemp>
          </ns3:TrackPointExtension>
        </extensions>
      </trkpt>
      <trkpt lat="44.56091509200632572174072265625" lon="-0.24839694611728191375732421875">
        <ele>13.19999980926513671875</ele>
        <time>2025-09-01T14:11:41.000Z</time>
        <extensions>
          <ns3:TrackPointExtension>
            <ns3:atemp>25.0</ns3:atemp>
          </ns3:TrackPointExtension>
        </extensions>
      </trkpt>
      <trkpt lat="44.5608964003622531890869140625" lon="-0.24841471575200557708740234375">
        <ele>13.19999980926513671875</ele>
        <time>2025-09-01T14:11:42.000Z</time>
        <extensions>
          <ns3:TrackPointExtension>
            <ns3:atemp>25.0</ns3:atemp>
          </ns3:TrackPointExtension>
        </extensions>
      </trkpt>
      <trkpt lat="44.56087837927043437957763671875" lon="-0.24843617342412471771240234375">
        <ele>13.19999980926513671875</ele>
        <time>2025-09-01T14:11:43.000Z</time>
        <extensions>
          <ns3:TrackPointExtension>
            <ns3:atemp>25.0</ns3:atemp>
          </ns3:TrackPointExtension>
        </extensions>
      </trkpt>
      <trkpt lat="44.560861699283123016357421875" lon="-0.24845880456268787384033203125">
        <ele>13.3999996185302734375</ele>
        <time>2025-09-01T14:11:44.000Z</time>
        <extensions>
          <ns3:TrackPointExtension>
            <ns3:atemp>25.0</ns3:atemp>
          </ns3:TrackPointExtension>
        </extensions>
      </trkpt>
      <trkpt lat="44.5608467794954776763916015625" lon="-0.2484798431396484375">
        <ele>13.3999996185302734375</ele>
        <time>2025-09-01T14:11:45.000Z</time>
        <extensions>
          <ns3:TrackPointExtension>
            <ns3:atemp>25.0</ns3:atemp>
          </ns3:TrackPointExtension>
        </extensions>
      </trkpt>
      <trkpt lat="44.56083311699330806732177734375" lon="-0.24850239045917987823486328125">
        <ele>13.6000003814697265625</ele>
        <time>2025-09-01T14:11:46.000Z</time>
        <extensions>
          <ns3:TrackPointExtension>
            <ns3:atemp>25.0</ns3:atemp>
          </ns3:TrackPointExtension>
        </extensions>
      </trkpt>
      <trkpt lat="44.5608191192150115966796875" lon="-0.2485202439129352569580078125">
        <ele>13.6000003814697265625</ele>
        <time>2025-09-01T14:11:47.000Z</time>
        <extensions>
          <ns3:TrackPointExtension>
            <ns3:atemp>25.0</ns3:atemp>
          </ns3:TrackPointExtension>
        </extensions>
      </trkpt>
      <trkpt lat="44.56080227158963680267333984375" lon="-0.2485346607863903045654296875">
        <ele>13.80000019073486328125</ele>
        <time>2025-09-01T14:11:48.000Z</time>
        <extensions>
          <ns3:TrackPointExtension>
            <ns3:atemp>25.0</ns3:atemp>
          </ns3:TrackPointExtension>
        </extensions>
      </trkpt>
      <trkpt lat="44.5607837475836277008056640625" lon="-0.24855284951627254486083984375">
        <ele>14</ele>
        <time>2025-09-01T14:11:49.000Z</time>
        <extensions>
          <ns3:TrackPointExtension>
            <ns3:atemp>25.0</ns3:atemp>
          </ns3:TrackPointExtension>
        </extensions>
      </trkpt>
      <trkpt lat="44.5607673190534114837646484375" lon="-0.2485705353319644927978515625">
        <ele>14</ele>
        <time>2025-09-01T14:11:50.000Z</time>
        <extensions>
          <ns3:TrackPointExtension>
            <ns3:atemp>25.0</ns3:atemp>
          </ns3:TrackPointExtension>
        </extensions>
      </trkpt>
      <trkpt lat="44.5607539080083370208740234375" lon="-0.24858671240508556365966796875">
        <ele>14</ele>
        <time>2025-09-01T14:11:51.000Z</time>
        <extensions>
          <ns3:TrackPointExtension>
            <ns3:atemp>25.0</ns3:atemp>
          </ns3:TrackPointExtension>
        </extensions>
      </trkpt>
      <trkpt lat="44.56074158661067485809326171875" lon="-0.24860649369657039642333984375">
        <ele>14</ele>
        <time>2025-09-01T14:11:52.000Z</time>
        <extensions>
          <ns3:TrackPointExtension>
            <ns3:atemp>25.0</ns3:atemp>
          </ns3:TrackPointExtension>
        </extensions>
      </trkpt>
      <trkpt lat="44.56073186360299587249755859375" lon="-0.24863046593964099884033203125">
        <ele>14</ele>
        <time>2025-09-01T14:11:53.000Z</time>
        <extensions>
          <ns3:TrackPointExtension>
            <ns3:atemp>25.0</ns3:atemp>
          </ns3:TrackPointExtension>
        </extensions>
      </trkpt>
      <trkpt lat="44.56071694381535053253173828125" lon="-0.24865343235433101654052734375">
        <ele>14.19999980926513671875</ele>
        <time>2025-09-01T14:11:54.000Z</time>
        <extensions>
          <ns3:TrackPointExtension>
            <ns3:atemp>25.0</ns3:atemp>
          </ns3:TrackPointExtension>
        </extensions>
      </trkpt>
      <trkpt lat="44.56070101819932460784912109375" lon="-0.24867371656000614166259765625">
        <ele>14.19999980926513671875</ele>
        <time>2025-09-01T14:11:55.000Z</time>
        <extensions>
          <ns3:TrackPointExtension>
            <ns3:atemp>25.0</ns3:atemp>
          </ns3:TrackPointExtension>
        </extensions>
      </trkpt>
      <trkpt lat="44.56068433821201324462890625" lon="-0.24869584478437900543212890625">
        <ele>14.19999980926513671875</ele>
        <time>2025-09-01T14:11:56.000Z</time>
        <extensions>
          <ns3:TrackPointExtension>
            <ns3:atemp>25.0</ns3:atemp>
          </ns3:TrackPointExtension>
        </extensions>
      </trkpt>
      <trkpt lat="44.5606684125959873199462890625" lon="-0.24871294386684894561767578125">
        <ele>14.3999996185302734375</ele>
        <time>2025-09-01T14:11:57.000Z</time>
        <extensions>
          <ns3:TrackPointExtension>
            <ns3:atemp>25.0</ns3:atemp>
          </ns3:TrackPointExtension>
        </extensions>
      </trkpt>
      <trkpt lat="44.560650475323200225830078125" lon="-0.2487279474735260009765625">
        <ele>14.3999996185302734375</ele>
        <time>2025-09-01T14:11:58.000Z</time>
        <extensions>
          <ns3:TrackPointExtension>
            <ns3:atemp>25.0</ns3:atemp>
          </ns3:TrackPointExtension>
        </extensions>
      </trkpt>
      <trkpt lat="44.560634382069110870361328125" lon="-0.24874202907085418701171875">
        <ele>14.3999996185302734375</ele>
        <time>2025-09-01T14:11:59.000Z</time>
        <extensions>
          <ns3:TrackPointExtension>
            <ns3:atemp>25.0</ns3:atemp>
          </ns3:TrackPointExtension>
        </extensions>
      </trkpt>
      <trkpt lat="44.56061862409114837646484375" lon="-0.248762480914592742919921875">
        <ele>14.3999996185302734375</ele>
        <time>2025-09-01T14:12:00.000Z</time>
        <extensions>
          <ns3:TrackPointExtension>
            <ns3:atemp>25.0</ns3:atemp>
          </ns3:TrackPointExtension>
        </extensions>
      </trkpt>
      <trkpt lat="44.560601525008678436279296875" lon="-0.2487834356725215911865234375">
        <ele>14.3999996185302734375</ele>
        <time>2025-09-01T14:12:01.000Z</time>
        <extensions>
          <ns3:TrackPointExtension>
            <ns3:atemp>25.0</ns3:atemp>
          </ns3:TrackPointExtension>
        </extensions>
      </trkpt>
      <trkpt lat="44.56058568321168422698974609375" lon="-0.24880229495465755462646484375">
        <ele>14.3999996185302734375</ele>
        <time>2025-09-01T14:12:02.000Z</time>
        <extensions>
          <ns3:TrackPointExtension>
            <ns3:atemp>25.0</ns3:atemp>
          </ns3:TrackPointExtension>
        </extensions>
      </trkpt>
      <trkpt lat="44.56057344563305377960205078125" lon="-0.24882207624614238739013671875">
        <ele>14.3999996185302734375</ele>
        <time>2025-09-01T14:12:03.000Z</time>
        <extensions>
          <ns3:TrackPointExtension>
            <ns3:atemp>25.0</ns3:atemp>
          </ns3:TrackPointExtension>
        </extensions>
      </trkpt>
      <trkpt lat="44.5605571009218692779541015625" lon="-0.2488437853753566741943359375">
        <ele>14.6000003814697265625</ele>
        <time>2025-09-01T14:12:04.000Z</time>
        <extensions>
          <ns3:TrackPointExtension>
            <ns3:atemp>25.0</ns3:atemp>
          </ns3:TrackPointExtension>
        </extensions>
      </trkpt>
      <trkpt lat="44.56054008565843105316162109375" lon="-0.24886515922844409942626953125">
        <ele>14.6000003814697265625</ele>
        <time>2025-09-01T14:12:05.000Z</time>
        <extensions>
          <ns3:TrackPointExtension>
            <ns3:atemp>25.0</ns3:atemp>
          </ns3:TrackPointExtension>
        </extensions>
      </trkpt>
      <trkpt lat="44.56052298657596111297607421875" lon="-0.24888661690056324005126953125">
        <ele>14.6000003814697265625</ele>
        <time>2025-09-01T14:12:06.000Z</time>
        <extensions>
          <ns3:TrackPointExtension>
            <ns3:atemp>25.0</ns3:atemp>
          </ns3:TrackPointExtension>
        </extensions>
      </trkpt>
      <trkpt lat="44.5605078153312206268310546875" lon="-0.24890673346817493438720703125">
        <ele>14.80000019073486328125</ele>
        <time>2025-09-01T14:12:07.000Z</time>
        <extensions>
          <ns3:TrackPointExtension>
            <ns3:atemp>25.0</ns3:atemp>
          </ns3:TrackPointExtension>
        </extensions>
      </trkpt>
      <trkpt lat="44.560490883886814117431640625" lon="-0.24892802350223064422607421875">
        <ele>14.80000019073486328125</ele>
        <time>2025-09-01T14:12:08.000Z</time>
        <extensions>
          <ns3:TrackPointExtension>
            <ns3:atemp>25.0</ns3:atemp>
          </ns3:TrackPointExtension>
        </extensions>
      </trkpt>
      <trkpt lat="44.5604704320430755615234375" lon="-0.24894663132727146148681640625">
        <ele>14.80000019073486328125</ele>
        <time>2025-09-01T14:12:09.000Z</time>
        <extensions>
          <ns3:TrackPointExtension>
            <ns3:atemp>25.0</ns3:atemp>
          </ns3:TrackPointExtension>
        </extensions>
      </trkpt>
      <trkpt lat="44.56045408733189105987548828125" lon="-0.24896197021007537841796875">
        <ele>15</ele>
        <time>2025-09-01T14:12:10.000Z</time>
        <extensions>
          <ns3:TrackPointExtension>
            <ns3:atemp>25.0</ns3:atemp>
          </ns3:TrackPointExtension>
        </extensions>
      </trkpt>
      <trkpt lat="44.5604353956878185272216796875" lon="-0.2489819191396236419677734375">
        <ele>15</ele>
        <time>2025-09-01T14:12:11.000Z</time>
        <extensions>
          <ns3:TrackPointExtension>
            <ns3:atemp>25.0</ns3:atemp>
          </ns3:TrackPointExtension>
        </extensions>
      </trkpt>
      <trkpt lat="44.5604194700717926025390625" lon="-0.24900413118302822113037109375">
        <ele>15</ele>
        <time>2025-09-01T14:12:12.000Z</time>
        <extensions>
          <ns3:TrackPointExtension>
            <ns3:atemp>25.0</ns3:atemp>
          </ns3:TrackPointExtension>
        </extensions>
      </trkpt>
      <trkpt lat="44.56040262244641780853271484375" lon="-0.2490283548831939697265625">
        <ele>15</ele>
        <time>2025-09-01T14:12:13.000Z</time>
        <extensions>
          <ns3:TrackPointExtension>
            <ns3:atemp>25.0</ns3:atemp>
          </ns3:TrackPointExtension>
        </extensions>
      </trkpt>
      <trkpt lat="44.56038770265877246856689453125" lon="-0.24905023165047168731689453125">
        <ele>15.19999980926513671875</ele>
        <time>2025-09-01T14:12:14.000Z</time>
        <extensions>
          <ns3:TrackPointExtension>
            <ns3:atemp>25.0</ns3:atemp>
          </ns3:TrackPointExtension>
        </extensions>
      </trkpt>
      <trkpt lat="44.560369513928890228271484375" lon="-0.24906951002776622772216796875">
        <ele>15.19999980926513671875</ele>
        <time>2025-09-01T14:12:15.000Z</time>
        <extensions>
          <ns3:TrackPointExtension>
            <ns3:atemp>25.0</ns3:atemp>
          </ns3:TrackPointExtension>
        </extensions>
      </trkpt>
      <trkpt lat="44.56035383976995944976806640625" lon="-0.24908937513828277587890625">
        <ele>15.19999980926513671875</ele>
        <time>2025-09-01T14:12:16.000Z</time>
        <extensions>
          <ns3:TrackPointExtension>
            <ns3:atemp>25.0</ns3:atemp>
          </ns3:TrackPointExtension>
        </extensions>
      </trkpt>
      <trkpt lat="44.56034009344875812530517578125" lon="-0.24910823442041873931884765625">
        <ele>15.3999996185302734375</ele>
        <time>2025-09-01T14:12:17.000Z</time>
        <extensions>
          <ns3:TrackPointExtension>
            <ns3:atemp>25.0</ns3:atemp>
          </ns3:TrackPointExtension>
        </extensions>
      </trkpt>
      <trkpt lat="44.56032668240368366241455078125" lon="-0.249127931892871856689453125">
        <ele>15.3999996185302734375</ele>
        <time>2025-09-01T14:12:18.000Z</time>
        <extensions>
          <ns3:TrackPointExtension>
            <ns3:atemp>25.0</ns3:atemp>
          </ns3:TrackPointExtension>
        </extensions>
      </trkpt>
      <trkpt lat="44.56031075678765773773193359375" lon="-0.24914863519370555877685546875">
        <ele>15.3999996185302734375</ele>
        <time>2025-09-01T14:12:19.000Z</time>
        <extensions>
          <ns3:TrackPointExtension>
            <ns3:atemp>25.0</ns3:atemp>
          </ns3:TrackPointExtension>
        </extensions>
      </trkpt>
      <trkpt lat="44.5602939091622829437255859375" lon="-0.24917118251323699951171875">
        <ele>15.3999996185302734375</ele>
        <time>2025-09-01T14:12:20.000Z</time>
        <extensions>
          <ns3:TrackPointExtension>
            <ns3:atemp>25.0</ns3:atemp>
          </ns3:TrackPointExtension>
        </extensions>
      </trkpt>
      <trkpt lat="44.56027387641370296478271484375" lon="-0.24919272400438785552978515625">
        <ele>15.6000003814697265625</ele>
        <time>2025-09-01T14:12:21.000Z</time>
        <extensions>
          <ns3:TrackPointExtension>
            <ns3:atemp>25.0</ns3:atemp>
          </ns3:TrackPointExtension>
        </extensions>
      </trkpt>
      <trkpt lat="44.56025225110352039337158203125" lon="-0.249213092029094696044921875">
        <ele>15.6000003814697265625</ele>
        <time>2025-09-01T14:12:22.000Z</time>
        <extensions>
          <ns3:TrackPointExtension>
            <ns3:atemp>25.0</ns3:atemp>
          </ns3:TrackPointExtension>
        </extensions>
      </trkpt>
      <trkpt lat="44.56023246981203556060791015625" lon="-0.24923496879637241363525390625">
        <ele>15.80000019073486328125</ele>
        <time>2025-09-01T14:12:23.000Z</time>
        <extensions>
          <ns3:TrackPointExtension>
            <ns3:atemp>25.0</ns3:atemp>
          </ns3:TrackPointExtension>
        </extensions>
      </trkpt>
      <trkpt lat="44.56021436490118503570556640625" lon="-0.2492563426494598388671875">
        <ele>15.80000019073486328125</ele>
        <time>2025-09-01T14:12:24.000Z</time>
        <extensions>
          <ns3:TrackPointExtension>
            <ns3:atemp>25.0</ns3:atemp>
          </ns3:TrackPointExtension>
        </extensions>
      </trkpt>
      <trkpt lat="44.560195840895175933837890625" lon="-0.2492796443402767181396484375">
        <ele>15.80000019073486328125</ele>
        <time>2025-09-01T14:12:25.000Z</time>
        <extensions>
          <ns3:TrackPointExtension>
            <ns3:atemp>25.0</ns3:atemp>
          </ns3:TrackPointExtension>
        </extensions>
      </trkpt>
      <trkpt lat="44.56017748452723026275634765625" lon="-0.2493057958781719207763671875">
        <ele>16</ele>
        <time>2025-09-01T14:12:26.000Z</time>
        <extensions>
          <ns3:TrackPointExtension>
            <ns3:atemp>25.0</ns3:atemp>
          </ns3:TrackPointExtension>
        </extensions>
      </trkpt>
      <trkpt lat="44.56016189418733119964599609375" lon="-0.2493314445018768310546875">
        <ele>16</ele>
        <time>2025-09-01T14:12:27.000Z</time>
        <extensions>
          <ns3:TrackPointExtension>
            <ns3:atemp>25.0</ns3:atemp>
          </ns3:TrackPointExtension>
        </extensions>
      </trkpt>
      <trkpt lat="44.56014831550419330596923828125" lon="-0.2493517287075519561767578125">
        <ele>16.200000762939453125</ele>
        <time>2025-09-01T14:12:28.000Z</time>
        <extensions>
          <ns3:TrackPointExtension>
            <ns3:atemp>25.0</ns3:atemp>
          </ns3:TrackPointExtension>
        </extensions>
      </trkpt>
      <trkpt lat="44.56013238988816738128662109375" lon="-0.2493728511035442352294921875">
        <ele>16.200000762939453125</ele>
        <time>2025-09-01T14:12:29.000Z</time>
        <extensions>
          <ns3:TrackPointExtension>
            <ns3:atemp>25.0</ns3:atemp>
          </ns3:TrackPointExtension>
        </extensions>
      </trkpt>
      <trkpt lat="44.56011512316763401031494140625" lon="-0.2493956498801708221435546875">
        <ele>16.3999996185302734375</ele>
        <time>2025-09-01T14:12:30.000Z</time>
        <extensions>
          <ns3:TrackPointExtension>
            <ns3:atemp>25.0</ns3:atemp>
          </ns3:TrackPointExtension>
        </extensions>
      </trkpt>
      <trkpt lat="44.56009718589484691619873046875" lon="-0.249415934085845947265625">
        <ele>16.3999996185302734375</ele>
        <time>2025-09-01T14:12:31.000Z</time>
        <extensions>
          <ns3:TrackPointExtension>
            <ns3:atemp>25.0</ns3:atemp>
          </ns3:TrackPointExtension>
        </extensions>
      </trkpt>
      <trkpt lat="44.5600803382694721221923828125" lon="-0.24943672120571136474609375">
        <ele>16.6000003814697265625</ele>
        <time>2025-09-01T14:12:32.000Z</time>
        <extensions>
          <ns3:TrackPointExtension>
            <ns3:atemp>25.0</ns3:atemp>
          </ns3:TrackPointExtension>
        </extensions>
      </trkpt>
      <trkpt lat="44.5600635744631290435791015625" lon="-0.24945876561105251312255859375">
        <ele>16.6000003814697265625</ele>
        <time>2025-09-01T14:12:33.000Z</time>
        <extensions>
          <ns3:TrackPointExtension>
            <ns3:atemp>25.0</ns3:atemp>
          </ns3:TrackPointExtension>
        </extensions>
      </trkpt>
      <trkpt lat="44.56004806794226169586181640625" lon="-0.24948022328317165374755859375">
        <ele>16.6000003814697265625</ele>
        <time>2025-09-01T14:12:34.000Z</time>
        <extensions>
          <ns3:TrackPointExtension>
            <ns3:atemp>25.0</ns3:atemp>
          </ns3:TrackPointExtension>
        </extensions>
      </trkpt>
      <trkpt lat="44.560032226145267486572265625" lon="-0.24950084276497364044189453125">
        <ele>16.799999237060546875</ele>
        <time>2025-09-01T14:12:35.000Z</time>
        <extensions>
          <ns3:TrackPointExtension>
            <ns3:atemp>25.0</ns3:atemp>
          </ns3:TrackPointExtension>
        </extensions>
      </trkpt>
      <trkpt lat="44.56001537851989269256591796875" lon="-0.24952129460871219635009765625">
        <ele>16.799999237060546875</ele>
        <time>2025-09-01T14:12:36.000Z</time>
        <extensions>
          <ns3:TrackPointExtension>
            <ns3:atemp>25.0</ns3:atemp>
          </ns3:TrackPointExtension>
        </extensions>
      </trkpt>
      <trkpt lat="44.5599975250661373138427734375" lon="-0.2495435066521167755126953125">
        <ele>16.799999237060546875</ele>
        <time>2025-09-01T14:12:37.000Z</time>
        <extensions>
          <ns3:TrackPointExtension>
            <ns3:atemp>25.0</ns3:atemp>
          </ns3:TrackPointExtension>
        </extensions>
      </trkpt>
      <trkpt lat="44.5599804259836673736572265625" lon="-0.2495616115629673004150390625">
        <ele>17</ele>
        <time>2025-09-01T14:12:38.000Z</time>
        <extensions>
          <ns3:TrackPointExtension>
            <ns3:atemp>25.0</ns3:atemp>
          </ns3:TrackPointExtension>
        </extensions>
      </trkpt>
      <trkpt lat="44.55996374599635601043701171875" lon="-0.2495827339589595794677734375">
        <ele>17.200000762939453125</ele>
        <time>2025-09-01T14:12:39.000Z</time>
        <extensions>
          <ns3:TrackPointExtension>
            <ns3:atemp>25.0</ns3:atemp>
          </ns3:TrackPointExtension>
        </extensions>
      </trkpt>
      <trkpt lat="44.55994815565645694732666015625" lon="-0.24960477836430072784423828125">
        <ele>17.200000762939453125</ele>
        <time>2025-09-01T14:12:40.000Z</time>
        <extensions>
          <ns3:TrackPointExtension>
            <ns3:atemp>25.0</ns3:atemp>
          </ns3:TrackPointExtension>
        </extensions>
      </trkpt>
      <trkpt lat="44.55993197858333587646484375" lon="-0.24962439201772212982177734375">
        <ele>17.200000762939453125</ele>
        <time>2025-09-01T14:12:41.000Z</time>
        <extensions>
          <ns3:TrackPointExtension>
            <ns3:atemp>25.0</ns3:atemp>
          </ns3:TrackPointExtension>
        </extensions>
      </trkpt>
      <trkpt lat="44.55991663970053195953369140625" lon="-0.24964467622339725494384765625">
        <ele>17.3999996185302734375</ele>
        <time>2025-09-01T14:12:42.000Z</time>
        <extensions>
          <ns3:TrackPointExtension>
            <ns3:atemp>25.0</ns3:atemp>
          </ns3:TrackPointExtension>
        </extensions>
      </trkpt>
      <trkpt lat="44.55989903770387172698974609375" lon="-0.24966261349618434906005859375">
        <ele>17.3999996185302734375</ele>
        <time>2025-09-01T14:12:43.000Z</time>
        <extensions>
          <ns3:TrackPointExtension>
            <ns3:atemp>25.0</ns3:atemp>
          </ns3:TrackPointExtension>
        </extensions>
      </trkpt>
      <trkpt lat="44.5598831959068775177001953125" lon="-0.249679125845432281494140625">
        <ele>17.3999996185302734375</ele>
        <time>2025-09-01T14:12:44.000Z</time>
        <extensions>
          <ns3:TrackPointExtension>
            <ns3:atemp>25.0</ns3:atemp>
          </ns3:TrackPointExtension>
        </extensions>
      </trkpt>
      <trkpt lat="44.55986852757632732391357421875" lon="-0.249695889651775360107421875">
        <ele>17.6000003814697265625</ele>
        <time>2025-09-01T14:12:45.000Z</time>
        <extensions>
          <ns3:TrackPointExtension>
            <ns3:atemp>25.0</ns3:atemp>
          </ns3:TrackPointExtension>
        </extensions>
      </trkpt>
      <trkpt lat="44.55985243432223796844482421875" lon="-0.249713994562625885009765625">
        <ele>17.6000003814697265625</ele>
        <time>2025-09-01T14:12:46.000Z</time>
        <extensions>
          <ns3:TrackPointExtension>
            <ns3:atemp>25.0</ns3:atemp>
          </ns3:TrackPointExtension>
        </extensions>
      </trkpt>
      <trkpt lat="44.55983399413526058197021484375" lon="-0.24973536841571331024169921875">
        <ele>17.6000003814697265625</ele>
        <time>2025-09-01T14:12:47.000Z</time>
        <extensions>
          <ns3:TrackPointExtension>
            <ns3:atemp>25.0</ns3:atemp>
          </ns3:TrackPointExtension>
        </extensions>
      </trkpt>
      <trkpt lat="44.5598158054053783416748046875" lon="-0.24975565262138843536376953125">
        <ele>17.799999237060546875</ele>
        <time>2025-09-01T14:12:48.000Z</time>
        <extensions>
          <ns3:TrackPointExtension>
            <ns3:atemp>25.0</ns3:atemp>
          </ns3:TrackPointExtension>
        </extensions>
      </trkpt>
      <trkpt lat="44.5597983710467815399169921875" lon="-0.2497735060751438140869140625">
        <ele>17.799999237060546875</ele>
        <time>2025-09-01T14:12:49.000Z</time>
        <extensions>
          <ns3:TrackPointExtension>
            <ns3:atemp>25.0</ns3:atemp>
          </ns3:TrackPointExtension>
        </extensions>
      </trkpt>
      <trkpt lat="44.5597809366881847381591796875" lon="-0.249791778624057769775390625">
        <ele>18</ele>
        <time>2025-09-01T14:12:50.000Z</time>
        <extensions>
          <ns3:TrackPointExtension>
            <ns3:atemp>25.0</ns3:atemp>
          </ns3:TrackPointExtension>
        </extensions>
      </trkpt>
      <trkpt lat="44.5597631670534610748291015625" lon="-0.24981147609651088714599609375">
        <ele>18</ele>
        <time>2025-09-01T14:12:51.000Z</time>
        <extensions>
          <ns3:TrackPointExtension>
            <ns3:atemp>25.0</ns3:atemp>
          </ns3:TrackPointExtension>
        </extensions>
      </trkpt>
      <trkpt lat="44.5597464032471179962158203125" lon="-0.249828994274139404296875">
        <ele>18</ele>
        <time>2025-09-01T14:12:52.000Z</time>
        <extensions>
          <ns3:TrackPointExtension>
            <ns3:atemp>25.0</ns3:atemp>
          </ns3:TrackPointExtension>
        </extensions>
      </trkpt>
      <trkpt lat="44.55973005853593349456787109375" lon="-0.2498476020991802215576171875">
        <ele>18</ele>
        <time>2025-09-01T14:12:53.000Z</time>
        <extensions>
          <ns3:TrackPointExtension>
            <ns3:atemp>25.0</ns3:atemp>
          </ns3:TrackPointExtension>
        </extensions>
      </trkpt>
      <trkpt lat="44.55971262417733669281005859375" lon="-0.2498683892190456390380859375">
        <ele>18</ele>
        <time>2025-09-01T14:12:54.000Z</time>
        <extensions>
          <ns3:TrackPointExtension>
            <ns3:atemp>25.0</ns3:atemp>
          </ns3:TrackPointExtension>
        </extensions>
      </trkpt>
      <trkpt lat="44.559696950018405914306640625" lon="-0.2498920261859893798828125">
        <ele>18</ele>
        <time>2025-09-01T14:12:55.000Z</time>
        <extensions>
          <ns3:TrackPointExtension>
            <ns3:atemp>25.0</ns3:atemp>
          </ns3:TrackPointExtension>
        </extensions>
      </trkpt>
      <trkpt lat="44.55967993475496768951416015625" lon="-0.2499149926006793975830078125">
        <ele>18.200000762939453125</ele>
        <time>2025-09-01T14:12:56.000Z</time>
        <extensions>
          <ns3:TrackPointExtension>
            <ns3:atemp>25.0</ns3:atemp>
          </ns3:TrackPointExtension>
        </extensions>
      </trkpt>
      <trkpt lat="44.55966132692992687225341796875" lon="-0.249935947358608245849609375">
        <ele>18.200000762939453125</ele>
        <time>2025-09-01T14:12:57.000Z</time>
        <extensions>
          <ns3:TrackPointExtension>
            <ns3:atemp>25.0</ns3:atemp>
          </ns3:TrackPointExtension>
        </extensions>
      </trkpt>
      <trkpt lat="44.55964305438101291656494140625" lon="-0.24995296262204647064208984375">
        <ele>18.200000762939453125</ele>
        <time>2025-09-01T14:12:58.000Z</time>
        <extensions>
          <ns3:TrackPointExtension>
            <ns3:atemp>25.0</ns3:atemp>
          </ns3:TrackPointExtension>
        </extensions>
      </trkpt>
      <trkpt lat="44.559624195098876953125" lon="-0.249971486628055572509765625">
        <ele>18.3999996185302734375</ele>
        <time>2025-09-01T14:12:59.000Z</time>
        <extensions>
          <ns3:TrackPointExtension>
            <ns3:atemp>25.0</ns3:atemp>
          </ns3:TrackPointExtension>
        </extensions>
      </trkpt>
      <trkpt lat="44.55960550345480442047119140625" lon="-0.2499917708337306976318359375">
        <ele>18.3999996185302734375</ele>
        <time>2025-09-01T14:13:00.000Z</time>
        <extensions>
          <ns3:TrackPointExtension>
            <ns3:atemp>25.0</ns3:atemp>
          </ns3:TrackPointExtension>
        </extensions>
      </trkpt>
      <trkpt lat="44.55958597362041473388671875" lon="-0.25001339614391326904296875">
        <ele>18.6000003814697265625</ele>
        <time>2025-09-01T14:13:01.000Z</time>
        <extensions>
          <ns3:TrackPointExtension>
            <ns3:atemp>25.0</ns3:atemp>
          </ns3:TrackPointExtension>
        </extensions>
      </trkpt>
      <trkpt lat="44.5595665276050567626953125" lon="-0.25003544054925441741943359375">
        <ele>18.6000003814697265625</ele>
        <time>2025-09-01T14:13:02.000Z</time>
        <extensions>
          <ns3:TrackPointExtension>
            <ns3:atemp>25.0</ns3:atemp>
          </ns3:TrackPointExtension>
        </extensions>
      </trkpt>
      <trkpt lat="44.559548757970333099365234375" lon="-0.25005354546010494232177734375">
        <ele>18.6000003814697265625</ele>
        <time>2025-09-01T14:13:03.000Z</time>
        <extensions>
          <ns3:TrackPointExtension>
            <ns3:atemp>25.0</ns3:atemp>
          </ns3:TrackPointExtension>
        </extensions>
      </trkpt>
      <trkpt lat="44.55952989868819713592529296875" lon="-0.25007265619933605194091796875">
        <ele>18.6000003814697265625</ele>
        <time>2025-09-01T14:13:04.000Z</time>
        <extensions>
          <ns3:TrackPointExtension>
            <ns3:atemp>25.0</ns3:atemp>
          </ns3:TrackPointExtension>
        </extensions>
      </trkpt>
      <trkpt lat="44.559511207044124603271484375" lon="-0.250088833272457122802734375">
        <ele>18.6000003814697265625</ele>
        <time>2025-09-01T14:13:05.000Z</time>
        <extensions>
          <ns3:TrackPointExtension>
            <ns3:atemp>25.0</ns3:atemp>
          </ns3:TrackPointExtension>
        </extensions>
      </trkpt>
      <trkpt lat="44.55949452705681324005126953125" lon="-0.25011221878230571746826171875">
        <ele>18.799999237060546875</ele>
        <time>2025-09-01T14:13:06.000Z</time>
        <extensions>
          <ns3:TrackPointExtension>
            <ns3:atemp>25.0</ns3:atemp>
          </ns3:TrackPointExtension>
        </extensions>
      </trkpt>
      <trkpt lat="44.55947600305080413818359375" lon="-0.25013552047312259674072265625">
        <ele>18.799999237060546875</ele>
        <time>2025-09-01T14:13:07.000Z</time>
        <extensions>
          <ns3:TrackPointExtension>
            <ns3:atemp>25.0</ns3:atemp>
          </ns3:TrackPointExtension>
        </extensions>
      </trkpt>
      <trkpt lat="44.55945412628352642059326171875" lon="-0.25015546940267086029052734375">
        <ele>19</ele>
        <time>2025-09-01T14:13:08.000Z</time>
        <extensions>
          <ns3:TrackPointExtension>
            <ns3:atemp>25.0</ns3:atemp>
          </ns3:TrackPointExtension>
        </extensions>
      </trkpt>
      <trkpt lat="44.55943174660205841064453125" lon="-0.2501785196363925933837890625">
        <ele>19</ele>
        <time>2025-09-01T14:13:09.000Z</time>
        <extensions>
          <ns3:TrackPointExtension>
            <ns3:atemp>25.0</ns3:atemp>
          </ns3:TrackPointExtension>
        </extensions>
      </trkpt>
      <trkpt lat="44.5594111271202564239501953125" lon="-0.2502003125846385955810546875">
        <ele>19.200000762939453125</ele>
        <time>2025-09-01T14:13:10.000Z</time>
        <extensions>
          <ns3:TrackPointExtension>
            <ns3:atemp>25.0</ns3:atemp>
          </ns3:TrackPointExtension>
        </extensions>
      </trkpt>
      <trkpt lat="44.5593930222094058990478515625" lon="-0.25022168643772602081298828125">
        <ele>19.200000762939453125</ele>
        <time>2025-09-01T14:13:11.000Z</time>
        <extensions>
          <ns3:TrackPointExtension>
            <ns3:atemp>25.0</ns3:atemp>
          </ns3:TrackPointExtension>
        </extensions>
      </trkpt>
      <trkpt lat="44.55937500111758708953857421875" lon="-0.25024331174790859222412109375">
        <ele>19.200000762939453125</ele>
        <time>2025-09-01T14:13:12.000Z</time>
        <extensions>
          <ns3:TrackPointExtension>
            <ns3:atemp>25.0</ns3:atemp>
          </ns3:TrackPointExtension>
        </extensions>
      </trkpt>
      <trkpt lat="44.55935454927384853363037109375" lon="-0.2502633444964885711669921875">
        <ele>19.3999996185302734375</ele>
        <time>2025-09-01T14:13:13.000Z</time>
        <extensions>
          <ns3:TrackPointExtension>
            <ns3:atemp>25.0</ns3:atemp>
          </ns3:TrackPointExtension>
        </extensions>
      </trkpt>
      <trkpt lat="44.5593350194394588470458984375" lon="-0.25028455071151256561279296875">
        <ele>19.3999996185302734375</ele>
        <time>2025-09-01T14:13:14.000Z</time>
        <extensions>
          <ns3:TrackPointExtension>
            <ns3:atemp>25.0</ns3:atemp>
          </ns3:TrackPointExtension>
        </extensions>
      </trkpt>
      <trkpt lat="44.559314064681529998779296875" lon="-0.25030718185007572174072265625">
        <ele>19.3999996185302734375</ele>
        <time>2025-09-01T14:13:15.000Z</time>
        <extensions>
          <ns3:TrackPointExtension>
            <ns3:atemp>25.0</ns3:atemp>
          </ns3:TrackPointExtension>
        </extensions>
      </trkpt>
      <trkpt lat="44.5592924393713474273681640625" lon="-0.2503307349979877471923828125">
        <ele>19.3999996185302734375</ele>
        <time>2025-09-01T14:13:16.000Z</time>
        <extensions>
          <ns3:TrackPointExtension>
            <ns3:atemp>25.0</ns3:atemp>
          </ns3:TrackPointExtension>
        </extensions>
      </trkpt>
      <trkpt lat="44.55927257426083087921142578125" lon="-0.250350348651409149169921875">
        <ele>19.3999996185302734375</ele>
        <time>2025-09-01T14:13:17.000Z</time>
        <extensions>
          <ns3:TrackPointExtension>
            <ns3:atemp>25.0</ns3:atemp>
          </ns3:TrackPointExtension>
        </extensions>
      </trkpt>
      <trkpt lat="44.55925664864480495452880859375" lon="-0.25036342442035675048828125">
        <ele>19.3999996185302734375</ele>
        <time>2025-09-01T14:13:18.000Z</time>
        <extensions>
          <ns3:TrackPointExtension>
            <ns3:atemp>25.0</ns3:atemp>
          </ns3:TrackPointExtension>
        </extensions>
      </trkpt>
      <trkpt lat="44.5592515356838703155517578125" lon="-0.250370465219020843505859375">
        <ele>19.3999996185302734375</ele>
        <time>2025-09-01T14:13:19.000Z</time>
        <extensions>
          <ns3:TrackPointExtension>
            <ns3:atemp>25.0</ns3:atemp>
          </ns3:TrackPointExtension>
        </extensions>
      </trkpt>
      <trkpt lat="44.55925011076033115386962890625" lon="-0.25037373416125774383544921875">
        <ele>19.3999996185302734375</ele>
        <time>2025-09-01T14:13:20.000Z</time>
        <extensions>
          <ns3:TrackPointExtension>
            <ns3:atemp>25.0</ns3:atemp>
          </ns3:TrackPointExtension>
        </extensions>
      </trkpt>
      <trkpt lat="44.55925061367452144622802734375" lon="-0.25037323124706745147705078125">
        <ele>19.3999996185302734375</ele>
        <time>2025-09-01T14:13:21.000Z</time>
        <extensions>
          <ns3:TrackPointExtension>
            <ns3:atemp>25.0</ns3:atemp>
          </ns3:TrackPointExtension>
        </extensions>
      </trkpt>
      <trkpt lat="44.55925128422677516937255859375" lon="-0.25037725456058979034423828125">
        <ele>19.3999996185302734375</ele>
        <time>2025-09-01T14:13:22.000Z</time>
        <extensions>
          <ns3:TrackPointExtension>
            <ns3:atemp>25.0</ns3:atemp>
          </ns3:TrackPointExtension>
        </extensions>
      </trkpt>
      <trkpt lat="44.5592512004077434539794921875" lon="-0.25037725456058979034423828125">
        <ele>19.3999996185302734375</ele>
        <time>2025-09-01T14:13:23.000Z</time>
        <extensions>
          <ns3:TrackPointExtension>
            <ns3:atemp>25.0</ns3:atemp>
          </ns3:TrackPointExtension>
        </extensions>
      </trkpt>
      <trkpt lat="44.5592512004077434539794921875" lon="-0.25037725456058979034423828125">
        <ele>19.3999996185302734375</ele>
        <time>2025-09-01T14:13:24.000Z</time>
        <extensions>
          <ns3:TrackPointExtension>
            <ns3:atemp>25.0</ns3:atemp>
          </ns3:TrackPointExtension>
        </extensions>
      </trkpt>
      <trkpt lat="44.5592512004077434539794921875" lon="-0.25037725456058979034423828125">
        <ele>19.200000762939453125</ele>
        <time>2025-09-01T14:13:25.000Z</time>
        <extensions>
          <ns3:TrackPointExtension>
            <ns3:atemp>25.0</ns3:atemp>
          </ns3:TrackPointExtension>
        </extensions>
      </trkpt>
      <trkpt lat="44.5592512004077434539794921875" lon="-0.25037725456058979034423828125">
        <ele>19.200000762939453125</ele>
        <time>2025-09-01T14:13:26.000Z</time>
        <extensions>
          <ns3:TrackPointExtension>
            <ns3:atemp>25.0</ns3:atemp>
          </ns3:TrackPointExtension>
        </extensions>
      </trkpt>
      <trkpt lat="44.5592512004077434539794921875" lon="-0.25037725456058979034423828125">
        <ele>19</ele>
        <time>2025-09-01T14:13:27.000Z</time>
        <extensions>
          <ns3:TrackPointExtension>
            <ns3:atemp>25.0</ns3:atemp>
          </ns3:TrackPointExtension>
        </extensions>
      </trkpt>
      <trkpt lat="44.5592512004077434539794921875" lon="-0.25037725456058979034423828125">
        <ele>18.799999237060546875</ele>
        <time>2025-09-01T14:13:28.000Z</time>
        <extensions>
          <ns3:TrackPointExtension>
            <ns3:atemp>25.0</ns3:atemp>
          </ns3:TrackPointExtension>
        </extensions>
      </trkpt>
      <trkpt lat="44.5592512004077434539794921875" lon="-0.25037725456058979034423828125">
        <ele>18.799999237060546875</ele>
        <time>2025-09-01T14:13:29.000Z</time>
        <extensions>
          <ns3:TrackPointExtension>
            <ns3:atemp>25.0</ns3:atemp>
          </ns3:TrackPointExtension>
        </extensions>
      </trkpt>
      <trkpt lat="44.5592512004077434539794921875" lon="-0.25037725456058979034423828125">
        <ele>18.6000003814697265625</ele>
        <time>2025-09-01T14:13:30.000Z</time>
        <extensions>
          <ns3:TrackPointExtension>
            <ns3:atemp>25.0</ns3:atemp>
          </ns3:TrackPointExtension>
        </extensions>
      </trkpt>
      <trkpt lat="44.5592512004077434539794921875" lon="-0.25037725456058979034423828125">
        <ele>18.3999996185302734375</ele>
        <time>2025-09-01T14:13:31.000Z</time>
        <extensions>
          <ns3:TrackPointExtension>
            <ns3:atemp>25.0</ns3:atemp>
          </ns3:TrackPointExtension>
        </extensions>
      </trkpt>
      <trkpt lat="44.5592512004077434539794921875" lon="-0.25037725456058979034423828125">
        <ele>18.3999996185302734375</ele>
        <time>2025-09-01T14:13:32.000Z</time>
        <extensions>
          <ns3:TrackPointExtension>
            <ns3:atemp>25.0</ns3:atemp>
          </ns3:TrackPointExtension>
        </extensions>
      </trkpt>
      <trkpt lat="44.5592512004077434539794921875" lon="-0.25037725456058979034423828125">
        <ele>18.3999996185302734375</ele>
        <time>2025-09-01T14:13:33.000Z</time>
        <extensions>
          <ns3:TrackPointExtension>
            <ns3:atemp>25.0</ns3:atemp>
          </ns3:TrackPointExtension>
        </extensions>
      </trkpt>
      <trkpt lat="44.5592512004077434539794921875" lon="-0.25037725456058979034423828125">
        <ele>18.3999996185302734375</ele>
        <time>2025-09-01T14:13:34.000Z</time>
        <extensions>
          <ns3:TrackPointExtension>
            <ns3:atemp>25.0</ns3:atemp>
          </ns3:TrackPointExtension>
        </extensions>
      </trkpt>
      <trkpt lat="44.5592512004077434539794921875" lon="-0.25037725456058979034423828125">
        <ele>18.3999996185302734375</ele>
        <time>2025-09-01T14:13:35.000Z</time>
        <extensions>
          <ns3:TrackPointExtension>
            <ns3:atemp>25.0</ns3:atemp>
          </ns3:TrackPointExtension>
        </extensions>
      </trkpt>
      <trkpt lat="44.5592512004077434539794921875" lon="-0.25037725456058979034423828125">
        <ele>18.3999996185302734375</ele>
        <time>2025-09-01T14:13:36.000Z</time>
        <extensions>
          <ns3:TrackPointExtension>
            <ns3:atemp>25.0</ns3:atemp>
          </ns3:TrackPointExtension>
        </extensions>
      </trkpt>
      <trkpt lat="44.5592512004077434539794921875" lon="-0.25037725456058979034423828125">
        <ele>18.200000762939453125</ele>
        <time>2025-09-01T14:13:37.000Z</time>
        <extensions>
          <ns3:TrackPointExtension>
            <ns3:atemp>25.0</ns3:atemp>
          </ns3:TrackPointExtension>
        </extensions>
      </trkpt>
      <trkpt lat="44.5592512004077434539794921875" lon="-0.25037725456058979034423828125">
        <ele>18.200000762939453125</ele>
        <time>2025-09-01T14:13:38.000Z</time>
        <extensions>
          <ns3:TrackPointExtension>
            <ns3:atemp>25.0</ns3:atemp>
          </ns3:TrackPointExtension>
        </extensions>
      </trkpt>
      <trkpt lat="44.5592512004077434539794921875" lon="-0.25037725456058979034423828125">
        <ele>18.200000762939453125</ele>
        <time>2025-09-01T14:13:39.000Z</time>
        <extensions>
          <ns3:TrackPointExtension>
            <ns3:atemp>25.0</ns3:atemp>
          </ns3:TrackPointExtension>
        </extensions>
      </trkpt>
      <trkpt lat="44.5592512004077434539794921875" lon="-0.25037725456058979034423828125">
        <ele>18.200000762939453125</ele>
        <time>2025-09-01T14:13:40.000Z</time>
        <extensions>
          <ns3:TrackPointExtension>
            <ns3:atemp>25.0</ns3:atemp>
          </ns3:TrackPointExtension>
        </extensions>
      </trkpt>
      <trkpt lat="44.5592512004077434539794921875" lon="-0.25037725456058979034423828125">
        <ele>18.200000762939453125</ele>
        <time>2025-09-01T14:13:41.000Z</time>
        <extensions>
          <ns3:TrackPointExtension>
            <ns3:atemp>25.0</ns3:atemp>
          </ns3:TrackPointExtension>
        </extensions>
      </trkpt>
      <trkpt lat="44.5592512004077434539794921875" lon="-0.25037725456058979034423828125">
        <ele>18</ele>
        <time>2025-09-01T14:13:42.000Z</time>
        <extensions>
          <ns3:TrackPointExtension>
            <ns3:atemp>25.0</ns3:atemp>
          </ns3:TrackPointExtension>
        </extensions>
      </trkpt>
      <trkpt lat="44.5592512004077434539794921875" lon="-0.25037725456058979034423828125">
        <ele>18</ele>
        <time>2025-09-01T14:13:43.000Z</time>
        <extensions>
          <ns3:TrackPointExtension>
            <ns3:atemp>25.0</ns3:atemp>
          </ns3:TrackPointExtension>
        </extensions>
      </trkpt>
      <trkpt lat="44.5592512004077434539794921875" lon="-0.25037725456058979034423828125">
        <ele>18</ele>
        <time>2025-09-01T14:13:44.000Z</time>
        <extensions>
          <ns3:TrackPointExtension>
            <ns3:atemp>25.0</ns3:atemp>
          </ns3:TrackPointExtension>
        </extensions>
      </trkpt>
      <trkpt lat="44.5592512004077434539794921875" lon="-0.25037725456058979034423828125">
        <ele>18</ele>
        <time>2025-09-01T14:13:45.000Z</time>
        <extensions>
          <ns3:TrackPointExtension>
            <ns3:atemp>25.0</ns3:atemp>
          </ns3:TrackPointExtension>
        </extensions>
      </trkpt>
      <trkpt lat="44.5592512004077434539794921875" lon="-0.25037725456058979034423828125">
        <ele>18</ele>
        <time>2025-09-01T14:13:46.000Z</time>
        <extensions>
          <ns3:TrackPointExtension>
            <ns3:atemp>25.0</ns3:atemp>
          </ns3:TrackPointExtension>
        </extensions>
      </trkpt>
      <trkpt lat="44.5592512004077434539794921875" lon="-0.25037725456058979034423828125">
        <ele>18</ele>
        <time>2025-09-01T14:13:47.000Z</time>
        <extensions>
          <ns3:TrackPointExtension>
            <ns3:atemp>25.0</ns3:atemp>
          </ns3:TrackPointExtension>
        </extensions>
      </trkpt>
      <trkpt lat="44.5592512004077434539794921875" lon="-0.25037725456058979034423828125">
        <ele>17.799999237060546875</ele>
        <time>2025-09-01T14:13:48.000Z</time>
        <extensions>
          <ns3:TrackPointExtension>
            <ns3:atemp>25.0</ns3:atemp>
          </ns3:TrackPointExtension>
        </extensions>
      </trkpt>
      <trkpt lat="44.5592512004077434539794921875" lon="-0.25037725456058979034423828125">
        <ele>17.799999237060546875</ele>
        <time>2025-09-01T14:13:49.000Z</time>
        <extensions>
          <ns3:TrackPointExtension>
            <ns3:atemp>25.0</ns3:atemp>
          </ns3:TrackPointExtension>
        </extensions>
      </trkpt>
      <trkpt lat="44.5592512004077434539794921875" lon="-0.25037725456058979034423828125">
        <ele>17.799999237060546875</ele>
        <time>2025-09-01T14:13:50.000Z</time>
        <extensions>
          <ns3:TrackPointExtension>
            <ns3:atemp>25.0</ns3:atemp>
          </ns3:TrackPointExtension>
        </extensions>
      </trkpt>
      <trkpt lat="44.5592512004077434539794921875" lon="-0.25037725456058979034423828125">
        <ele>17.799999237060546875</ele>
        <time>2025-09-01T14:13:51.000Z</time>
        <extensions>
          <ns3:TrackPointExtension>
            <ns3:atemp>25.0</ns3:atemp>
          </ns3:TrackPointExtension>
        </extensions>
      </trkpt>
      <trkpt lat="44.5592512004077434539794921875" lon="-0.25037725456058979034423828125">
        <ele>17.799999237060546875</ele>
        <time>2025-09-01T14:13:52.000Z</time>
        <extensions>
          <ns3:TrackPointExtension>
            <ns3:atemp>25.0</ns3:atemp>
          </ns3:TrackPointExtension>
        </extensions>
      </trkpt>
      <trkpt lat="44.5592512004077434539794921875" lon="-0.25037725456058979034423828125">
        <ele>17.799999237060546875</ele>
        <time>2025-09-01T14:13:53.000Z</time>
        <extensions>
          <ns3:TrackPointExtension>
            <ns3:atemp>25.0</ns3:atemp>
          </ns3:TrackPointExtension>
        </extensions>
      </trkpt>
      <trkpt lat="44.5592512004077434539794921875" lon="-0.25037725456058979034423828125">
        <ele>17.799999237060546875</ele>
        <time>2025-09-01T14:13:54.000Z</time>
        <extensions>
          <ns3:TrackPointExtension>
            <ns3:atemp>25.0</ns3:atemp>
          </ns3:TrackPointExtension>
        </extensions>
      </trkpt>
      <trkpt lat="44.5592512004077434539794921875" lon="-0.25037725456058979034423828125">
        <ele>17.799999237060546875</ele>
        <time>2025-09-01T14:13:55.000Z</time>
        <extensions>
          <ns3:TrackPointExtension>
            <ns3:atemp>25.0</ns3:atemp>
          </ns3:TrackPointExtension>
        </extensions>
      </trkpt>
      <trkpt lat="44.5592512004077434539794921875" lon="-0.25037725456058979034423828125">
        <ele>17.799999237060546875</ele>
        <time>2025-09-01T14:13:56.000Z</time>
        <extensions>
          <ns3:TrackPointExtension>
            <ns3:atemp>25.0</ns3:atemp>
          </ns3:TrackPointExtension>
        </extensions>
      </trkpt>
      <trkpt lat="44.5592512004077434539794921875" lon="-0.25037725456058979034423828125">
        <ele>17.799999237060546875</ele>
        <time>2025-09-01T14:13:57.000Z</time>
        <extensions>
          <ns3:TrackPointExtension>
            <ns3:atemp>25.0</ns3:atemp>
          </ns3:TrackPointExtension>
        </extensions>
      </trkpt>
      <trkpt lat="44.5592512004077434539794921875" lon="-0.25037725456058979034423828125">
        <ele>17.799999237060546875</ele>
        <time>2025-09-01T14:13:58.000Z</time>
        <extensions>
          <ns3:TrackPointExtension>
            <ns3:atemp>25.0</ns3:atemp>
          </ns3:TrackPointExtension>
        </extensions>
      </trkpt>
      <trkpt lat="44.5592512004077434539794921875" lon="-0.25037725456058979034423828125">
        <ele>17.799999237060546875</ele>
        <time>2025-09-01T14:13:59.000Z</time>
        <extensions>
          <ns3:TrackPointExtension>
            <ns3:atemp>25.0</ns3:atemp>
          </ns3:TrackPointExtension>
        </extensions>
      </trkpt>
      <trkpt lat="44.5592512004077434539794921875" lon="-0.25037725456058979034423828125">
        <ele>18</ele>
        <time>2025-09-01T14:14:00.000Z</time>
        <extensions>
          <ns3:TrackPointExtension>
            <ns3:atemp>25.0</ns3:atemp>
          </ns3:TrackPointExtension>
        </extensions>
      </trkpt>
      <trkpt lat="44.5592512004077434539794921875" lon="-0.25037725456058979034423828125">
        <ele>18</ele>
        <time>2025-09-01T14:14:01.000Z</time>
        <extensions>
          <ns3:TrackPointExtension>
            <ns3:atemp>25.0</ns3:atemp>
          </ns3:TrackPointExtension>
        </extensions>
      </trkpt>
      <trkpt lat="44.5592512004077434539794921875" lon="-0.25037725456058979034423828125">
        <ele>18</ele>
        <time>2025-09-01T14:14:02.000Z</time>
        <extensions>
          <ns3:TrackPointExtension>
            <ns3:atemp>25.0</ns3:atemp>
          </ns3:TrackPointExtension>
        </extensions>
      </trkpt>
      <trkpt lat="44.5592512004077434539794921875" lon="-0.25037725456058979034423828125">
        <ele>18</ele>
        <time>2025-09-01T14:14:03.000Z</time>
        <extensions>
          <ns3:TrackPointExtension>
            <ns3:atemp>25.0</ns3:atemp>
          </ns3:TrackPointExtension>
        </extensions>
      </trkpt>
      <trkpt lat="44.5592512004077434539794921875" lon="-0.25037725456058979034423828125">
        <ele>17.799999237060546875</ele>
        <time>2025-09-01T14:14:04.000Z</time>
        <extensions>
          <ns3:TrackPointExtension>
            <ns3:atemp>25.0</ns3:atemp>
          </ns3:TrackPointExtension>
        </extensions>
      </trkpt>
      <trkpt lat="44.5592512004077434539794921875" lon="-0.25037725456058979034423828125">
        <ele>17.799999237060546875</ele>
        <time>2025-09-01T14:14:05.000Z</time>
        <extensions>
          <ns3:TrackPointExtension>
            <ns3:atemp>25.0</ns3:atemp>
          </ns3:TrackPointExtension>
        </extensions>
      </trkpt>
      <trkpt lat="44.5592512004077434539794921875" lon="-0.25037725456058979034423828125">
        <ele>17.799999237060546875</ele>
        <time>2025-09-01T14:14:06.000Z</time>
        <extensions>
          <ns3:TrackPointExtension>
            <ns3:atemp>25.0</ns3:atemp>
          </ns3:TrackPointExtension>
        </extensions>
      </trkpt>
      <trkpt lat="44.5592512004077434539794921875" lon="-0.25037725456058979034423828125">
        <ele>17.799999237060546875</ele>
        <time>2025-09-01T14:14:07.000Z</time>
        <extensions>
          <ns3:TrackPointExtension>
            <ns3:atemp>25.0</ns3:atemp>
          </ns3:TrackPointExtension>
        </extensions>
      </trkpt>
      <trkpt lat="44.5592512004077434539794921875" lon="-0.25037725456058979034423828125">
        <ele>17.799999237060546875</ele>
        <time>2025-09-01T14:14:08.000Z</time>
        <extensions>
          <ns3:TrackPointExtension>
            <ns3:atemp>25.0</ns3:atemp>
          </ns3:TrackPointExtension>
        </extensions>
      </trkpt>
      <trkpt lat="44.5592512004077434539794921875" lon="-0.25037725456058979034423828125">
        <ele>17.799999237060546875</ele>
        <time>2025-09-01T14:14:09.000Z</time>
        <extensions>
          <ns3:TrackPointExtension>
            <ns3:atemp>25.0</ns3:atemp>
          </ns3:TrackPointExtension>
        </extensions>
      </trkpt>
      <trkpt lat="44.5592512004077434539794921875" lon="-0.25037725456058979034423828125">
        <ele>17.799999237060546875</ele>
        <time>2025-09-01T14:14:10.000Z</time>
        <extensions>
          <ns3:TrackPointExtension>
            <ns3:atemp>25.0</ns3:atemp>
          </ns3:TrackPointExtension>
        </extensions>
      </trkpt>
      <trkpt lat="44.5592512004077434539794921875" lon="-0.25037725456058979034423828125">
        <ele>17.799999237060546875</ele>
        <time>2025-09-01T14:14:11.000Z</time>
        <extensions>
          <ns3:TrackPointExtension>
            <ns3:atemp>25.0</ns3:atemp>
          </ns3:TrackPointExtension>
        </extensions>
      </trkpt>
      <trkpt lat="44.5592512004077434539794921875" lon="-0.25037725456058979034423828125">
        <ele>17.799999237060546875</ele>
        <time>2025-09-01T14:14:12.000Z</time>
        <extensions>
          <ns3:TrackPointExtension>
            <ns3:atemp>25.0</ns3:atemp>
          </ns3:TrackPointExtension>
        </extensions>
      </trkpt>
      <trkpt lat="44.5592512004077434539794921875" lon="-0.25037725456058979034423828125">
        <ele>17.799999237060546875</ele>
        <time>2025-09-01T14:14:13.000Z</time>
        <extensions>
          <ns3:TrackPointExtension>
            <ns3:atemp>25.0</ns3:atemp>
          </ns3:TrackPointExtension>
        </extensions>
      </trkpt>
      <trkpt lat="44.5592500269412994384765625" lon="-0.25037591345608234405517578125">
        <ele>17.799999237060546875</ele>
        <time>2025-09-01T14:14:14.000Z</time>
        <extensions>
          <ns3:TrackPointExtension>
            <ns3:atemp>25.0</ns3:atemp>
          </ns3:TrackPointExtension>
        </extensions>
      </trkpt>
      <trkpt lat="44.559241645038127899169921875" lon="-0.25038622319698333740234375">
        <ele>17.799999237060546875</ele>
        <time>2025-09-01T14:14:15.000Z</time>
        <extensions>
          <ns3:TrackPointExtension>
            <ns3:atemp>25.0</ns3:atemp>
          </ns3:TrackPointExtension>
        </extensions>
      </trkpt>
      <trkpt lat="44.55923083238303661346435546875" lon="-0.25040105916559696197509765625">
        <ele>17.799999237060546875</ele>
        <time>2025-09-01T14:14:16.000Z</time>
        <extensions>
          <ns3:TrackPointExtension>
            <ns3:atemp>25.0</ns3:atemp>
          </ns3:TrackPointExtension>
        </extensions>
      </trkpt>
      <trkpt lat="44.55921985208988189697265625" lon="-0.25041396729648113250732421875">
        <ele>17.799999237060546875</ele>
        <time>2025-09-01T14:14:17.000Z</time>
        <extensions>
          <ns3:TrackPointExtension>
            <ns3:atemp>25.0</ns3:atemp>
          </ns3:TrackPointExtension>
        </extensions>
      </trkpt>
      <trkpt lat="44.55920384265482425689697265625" lon="-0.250430814921855926513671875">
        <ele>18</ele>
        <time>2025-09-01T14:14:18.000Z</time>
        <extensions>
          <ns3:TrackPointExtension>
            <ns3:atemp>25.0</ns3:atemp>
          </ns3:TrackPointExtension>
        </extensions>
      </trkpt>
      <trkpt lat="44.5591891743242740631103515625" lon="-0.25044799782335758209228515625">
        <ele>18</ele>
        <time>2025-09-01T14:14:19.000Z</time>
        <extensions>
          <ns3:TrackPointExtension>
            <ns3:atemp>25.0</ns3:atemp>
          </ns3:TrackPointExtension>
        </extensions>
      </trkpt>
      <trkpt lat="44.55917467363178730010986328125" lon="-0.250474400818347930908203125">
        <ele>18</ele>
        <time>2025-09-01T14:14:20.000Z</time>
        <extensions>
          <ns3:TrackPointExtension>
            <ns3:atemp>25.0</ns3:atemp>
          </ns3:TrackPointExtension>
        </extensions>
      </trkpt>
      <trkpt lat="44.5591556467115879058837890625" lon="-0.25050147436559200286865234375">
        <ele>18</ele>
        <time>2025-09-01T14:14:21.000Z</time>
        <extensions>
          <ns3:TrackPointExtension>
            <ns3:atemp>25.0</ns3:atemp>
          </ns3:TrackPointExtension>
        </extensions>
      </trkpt>
      <trkpt lat="44.5591325126588344573974609375" lon="-0.2505223453044891357421875">
        <ele>18</ele>
        <time>2025-09-01T14:14:22.000Z</time>
        <extensions>
          <ns3:TrackPointExtension>
            <ns3:atemp>25.0</ns3:atemp>
          </ns3:TrackPointExtension>
        </extensions>
      </trkpt>
      <trkpt lat="44.55910862423479557037353515625" lon="-0.25054640136659145355224609375">
        <ele>18</ele>
        <time>2025-09-01T14:14:23.000Z</time>
        <extensions>
          <ns3:TrackPointExtension>
            <ns3:atemp>25.0</ns3:atemp>
          </ns3:TrackPointExtension>
        </extensions>
      </trkpt>
      <trkpt lat="44.55908364616334438323974609375" lon="-0.25057272054255008697509765625">
        <ele>18</ele>
        <time>2025-09-01T14:14:24.000Z</time>
        <extensions>
          <ns3:TrackPointExtension>
            <ns3:atemp>25.0</ns3:atemp>
          </ns3:TrackPointExtension>
        </extensions>
      </trkpt>
      <trkpt lat="44.55905950628221035003662109375" lon="-0.2505979500710964202880859375">
        <ele>18.200000762939453125</ele>
        <time>2025-09-01T14:14:25.000Z</time>
        <extensions>
          <ns3:TrackPointExtension>
            <ns3:atemp>25.0</ns3:atemp>
          </ns3:TrackPointExtension>
        </extensions>
      </trkpt>
      <trkpt lat="44.55903536640107631683349609375" lon="-0.2506256103515625">
        <ele>18.200000762939453125</ele>
        <time>2025-09-01T14:14:26.000Z</time>
        <extensions>
          <ns3:TrackPointExtension>
            <ns3:atemp>25.0</ns3:atemp>
          </ns3:TrackPointExtension>
        </extensions>
      </trkpt>
      <trkpt lat="44.55901239998638629913330078125" lon="-0.250653438270092010498046875">
        <ele>18.200000762939453125</ele>
        <time>2025-09-01T14:14:27.000Z</time>
        <extensions>
          <ns3:TrackPointExtension>
            <ns3:atemp>25.0</ns3:atemp>
          </ns3:TrackPointExtension>
        </extensions>
      </trkpt>
      <trkpt lat="44.55898742191493511199951171875" lon="-0.25068604387342929840087890625">
        <ele>18.200000762939453125</ele>
        <time>2025-09-01T14:14:28.000Z</time>
        <extensions>
          <ns3:TrackPointExtension>
            <ns3:atemp>25.0</ns3:atemp>
          </ns3:TrackPointExtension>
        </extensions>
      </trkpt>
      <trkpt lat="44.55896328203380107879638671875" lon="-0.2507142908871173858642578125">
        <ele>18.200000762939453125</ele>
        <time>2025-09-01T14:14:29.000Z</time>
        <extensions>
          <ns3:TrackPointExtension>
            <ns3:atemp>25.0</ns3:atemp>
          </ns3:TrackPointExtension>
        </extensions>
      </trkpt>
      <trkpt lat="44.5589393936097621917724609375" lon="-0.25074387900531291961669921875">
        <ele>18.200000762939453125</ele>
        <time>2025-09-01T14:14:30.000Z</time>
        <extensions>
          <ns3:TrackPointExtension>
            <ns3:atemp>25.0</ns3:atemp>
          </ns3:TrackPointExtension>
        </extensions>
      </trkpt>
      <trkpt lat="44.55891416408121585845947265625" lon="-0.250773131847381591796875">
        <ele>18.200000762939453125</ele>
        <time>2025-09-01T14:14:31.000Z</time>
        <extensions>
          <ns3:TrackPointExtension>
            <ns3:atemp>25.0</ns3:atemp>
          </ns3:TrackPointExtension>
        </extensions>
      </trkpt>
      <trkpt lat="44.558888934552669525146484375" lon="-0.2507997862994670867919921875">
        <ele>18.200000762939453125</ele>
        <time>2025-09-01T14:14:32.000Z</time>
        <extensions>
          <ns3:TrackPointExtension>
            <ns3:atemp>25.0</ns3:atemp>
          </ns3:TrackPointExtension>
        </extensions>
      </trkpt>
      <trkpt lat="44.55886370502412319183349609375" lon="-0.2508266083896160125732421875">
        <ele>18.200000762939453125</ele>
        <time>2025-09-01T14:14:33.000Z</time>
        <extensions>
          <ns3:TrackPointExtension>
            <ns3:atemp>25.0</ns3:atemp>
          </ns3:TrackPointExtension>
        </extensions>
      </trkpt>
      <trkpt lat="44.5588381402194499969482421875" lon="-0.25085384957492351531982421875">
        <ele>18</ele>
        <time>2025-09-01T14:14:34.000Z</time>
        <extensions>
          <ns3:TrackPointExtension>
            <ns3:atemp>25.0</ns3:atemp>
          </ns3:TrackPointExtension>
        </extensions>
      </trkpt>
      <trkpt lat="44.55881559289991855621337890625" lon="-0.25088285095989704132080078125">
        <ele>18</ele>
        <time>2025-09-01T14:14:35.000Z</time>
        <extensions>
          <ns3:TrackPointExtension>
            <ns3:atemp>25.0</ns3:atemp>
          </ns3:TrackPointExtension>
        </extensions>
      </trkpt>
      <trkpt lat="44.55879061482846736907958984375" lon="-0.25091269053518772125244140625">
        <ele>18</ele>
        <time>2025-09-01T14:14:36.000Z</time>
        <extensions>
          <ns3:TrackPointExtension>
            <ns3:atemp>25.0</ns3:atemp>
          </ns3:TrackPointExtension>
        </extensions>
      </trkpt>
      <trkpt lat="44.558765552937984466552734375" lon="-0.2509436197578907012939453125">
        <ele>18</ele>
        <time>2025-09-01T14:14:37.000Z</time>
        <extensions>
          <ns3:TrackPointExtension>
            <ns3:atemp>25.0</ns3:atemp>
          </ns3:TrackPointExtension>
        </extensions>
      </trkpt>
      <trkpt lat="44.55873764120042324066162109375" lon="-0.2509751357138156890869140625">
        <ele>18</ele>
        <time>2025-09-01T14:14:38.000Z</time>
        <extensions>
          <ns3:TrackPointExtension>
            <ns3:atemp>25.0</ns3:atemp>
          </ns3:TrackPointExtension>
        </extensions>
      </trkpt>
      <trkpt lat="44.5587100647389888763427734375" lon="-0.251004137098789215087890625">
        <ele>18</ele>
        <time>2025-09-01T14:14:39.000Z</time>
        <extensions>
          <ns3:TrackPointExtension>
            <ns3:atemp>25.0</ns3:atemp>
          </ns3:TrackPointExtension>
        </extensions>
      </trkpt>
      <trkpt lat="44.558681733906269073486328125" lon="-0.25103288702666759490966796875">
        <ele>18</ele>
        <time>2025-09-01T14:14:40.000Z</time>
        <extensions>
          <ns3:TrackPointExtension>
            <ns3:atemp>25.0</ns3:atemp>
          </ns3:TrackPointExtension>
        </extensions>
      </trkpt>
      <trkpt lat="44.5586554147303104400634765625" lon="-0.2510633133351802825927734375">
        <ele>18</ele>
        <time>2025-09-01T14:14:41.000Z</time>
        <extensions>
          <ns3:TrackPointExtension>
            <ns3:atemp>25.0</ns3:atemp>
          </ns3:TrackPointExtension>
        </extensions>
      </trkpt>
      <trkpt lat="44.55862767063081264495849609375" lon="-0.2510936558246612548828125">
        <ele>18.200000762939453125</ele>
        <time>2025-09-01T14:14:42.000Z</time>
        <extensions>
          <ns3:TrackPointExtension>
            <ns3:atemp>25.0</ns3:atemp>
          </ns3:TrackPointExtension>
        </extensions>
      </trkpt>
      <trkpt lat="44.55859892070293426513671875" lon="-0.25112542323768138885498046875">
        <ele>18.200000762939453125</ele>
        <time>2025-09-01T14:14:43.000Z</time>
        <extensions>
          <ns3:TrackPointExtension>
            <ns3:atemp>25.0</ns3:atemp>
          </ns3:TrackPointExtension>
        </extensions>
      </trkpt>
      <trkpt lat="44.558571763336658477783203125" lon="-0.251159369945526123046875">
        <ele>18.3999996185302734375</ele>
        <time>2025-09-01T14:14:44.000Z</time>
        <extensions>
          <ns3:TrackPointExtension>
            <ns3:atemp>25.0</ns3:atemp>
          </ns3:TrackPointExtension>
        </extensions>
      </trkpt>
      <trkpt lat="44.5585446059703826904296875" lon="-0.2511913888156414031982421875">
        <ele>18.3999996185302734375</ele>
        <time>2025-09-01T14:14:45.000Z</time>
        <extensions>
          <ns3:TrackPointExtension>
            <ns3:atemp>25.0</ns3:atemp>
          </ns3:TrackPointExtension>
        </extensions>
      </trkpt>
      <trkpt lat="44.558516778051853179931640625" lon="-0.2512232400476932525634765625">
        <ele>18.3999996185302734375</ele>
        <time>2025-09-01T14:14:46.000Z</time>
        <extensions>
          <ns3:TrackPointExtension>
            <ns3:atemp>25.0</ns3:atemp>
          </ns3:TrackPointExtension>
        </extensions>
      </trkpt>
      <trkpt lat="44.55848895013332366943359375" lon="-0.251255594193935394287109375">
        <ele>18.3999996185302734375</ele>
        <time>2025-09-01T14:14:47.000Z</time>
        <extensions>
          <ns3:TrackPointExtension>
            <ns3:atemp>25.0</ns3:atemp>
          </ns3:TrackPointExtension>
        </extensions>
      </trkpt>
      <trkpt lat="44.55845936201512813568115234375" lon="-0.25129138492047786712646484375">
        <ele>18.3999996185302734375</ele>
        <time>2025-09-01T14:14:48.000Z</time>
        <extensions>
          <ns3:TrackPointExtension>
            <ns3:atemp>25.0</ns3:atemp>
          </ns3:TrackPointExtension>
        </extensions>
      </trkpt>
      <trkpt lat="44.55843103118240833282470703125" lon="-0.25132625363767147064208984375">
        <ele>18.3999996185302734375</ele>
        <time>2025-09-01T14:14:49.000Z</time>
        <extensions>
          <ns3:TrackPointExtension>
            <ns3:atemp>25.0</ns3:atemp>
          </ns3:TrackPointExtension>
        </extensions>
      </trkpt>
      <trkpt lat="44.55840337090194225311279296875" lon="-0.25135978125035762786865234375">
        <ele>18.3999996185302734375</ele>
        <time>2025-09-01T14:14:50.000Z</time>
        <extensions>
          <ns3:TrackPointExtension>
            <ns3:atemp>25.0</ns3:atemp>
          </ns3:TrackPointExtension>
        </extensions>
      </trkpt>
      <trkpt lat="44.55837495625019073486328125" lon="-0.25139196775853633880615234375">
        <ele>18.3999996185302734375</ele>
        <time>2025-09-01T14:14:51.000Z</time>
        <extensions>
          <ns3:TrackPointExtension>
            <ns3:atemp>25.0</ns3:atemp>
          </ns3:TrackPointExtension>
        </extensions>
      </trkpt>
      <trkpt lat="44.5583456195890903472900390625" lon="-0.25142532773315906524658203125">
        <ele>18.3999996185302734375</ele>
        <time>2025-09-01T14:14:52.000Z</time>
        <extensions>
          <ns3:TrackPointExtension>
            <ns3:atemp>25.0</ns3:atemp>
          </ns3:TrackPointExtension>
        </extensions>
      </trkpt>
      <trkpt lat="44.558313600718975067138671875" lon="-0.25145734660327434539794921875">
        <ele>18.3999996185302734375</ele>
        <time>2025-09-01T14:14:53.000Z</time>
        <extensions>
          <ns3:TrackPointExtension>
            <ns3:atemp>25.0</ns3:atemp>
          </ns3:TrackPointExtension>
        </extensions>
      </trkpt>
      <trkpt lat="44.55828283913433551788330078125" lon="-0.2514901198446750640869140625">
        <ele>18.3999996185302734375</ele>
        <time>2025-09-01T14:14:54.000Z</time>
        <extensions>
          <ns3:TrackPointExtension>
            <ns3:atemp>25.0</ns3:atemp>
          </ns3:TrackPointExtension>
        </extensions>
      </trkpt>
      <trkpt lat="44.558253921568393707275390625" lon="-0.25152222253382205963134765625">
        <ele>18.3999996185302734375</ele>
        <time>2025-09-01T14:14:55.000Z</time>
        <extensions>
          <ns3:TrackPointExtension>
            <ns3:atemp>25.0</ns3:atemp>
          </ns3:TrackPointExtension>
        </extensions>
      </trkpt>
      <trkpt lat="44.55822433345019817352294921875" lon="-0.2515568397939205169677734375">
        <ele>18.3999996185302734375</ele>
        <time>2025-09-01T14:14:56.000Z</time>
        <extensions>
          <ns3:TrackPointExtension>
            <ns3:atemp>25.0</ns3:atemp>
          </ns3:TrackPointExtension>
        </extensions>
      </trkpt>
      <trkpt lat="44.5581930689513683319091796875" lon="-0.25159145705401897430419921875">
        <ele>18.3999996185302734375</ele>
        <time>2025-09-01T14:14:57.000Z</time>
        <extensions>
          <ns3:TrackPointExtension>
            <ns3:atemp>25.0</ns3:atemp>
          </ns3:TrackPointExtension>
        </extensions>
      </trkpt>
      <trkpt lat="44.55816146917641162872314453125" lon="-0.25162431411445140838623046875">
        <ele>18.3999996185302734375</ele>
        <time>2025-09-01T14:14:58.000Z</time>
        <extensions>
          <ns3:TrackPointExtension>
            <ns3:atemp>25.0</ns3:atemp>
          </ns3:TrackPointExtension>
        </extensions>
      </trkpt>
      <trkpt lat="44.55813263542950153350830078125" lon="-0.25166287086904048919677734375">
        <ele>18.200000762939453125</ele>
        <time>2025-09-01T14:14:59.000Z</time>
        <extensions>
          <ns3:TrackPointExtension>
            <ns3:atemp>25.0</ns3:atemp>
          </ns3:TrackPointExtension>
        </extensions>
      </trkpt>
      <trkpt lat="44.5580998621881008148193359375" lon="-0.25170343928039073944091796875">
        <ele>18.200000762939453125</ele>
        <time>2025-09-01T14:15:00.000Z</time>
        <extensions>
          <ns3:TrackPointExtension>
            <ns3:atemp>25.0</ns3:atemp>
          </ns3:TrackPointExtension>
        </extensions>
      </trkpt>
      <trkpt lat="44.5580659992992877960205078125" lon="-0.25173897854983806610107421875">
        <ele>18.200000762939453125</ele>
        <time>2025-09-01T14:15:01.000Z</time>
        <extensions>
          <ns3:TrackPointExtension>
            <ns3:atemp>25.0</ns3:atemp>
          </ns3:TrackPointExtension>
        </extensions>
      </trkpt>
      <trkpt lat="44.558035321533679962158203125" lon="-0.2517717517912387847900390625">
        <ele>18</ele>
        <time>2025-09-01T14:15:02.000Z</time>
        <extensions>
          <ns3:TrackPointExtension>
            <ns3:atemp>25.0</ns3:atemp>
          </ns3:TrackPointExtension>
        </extensions>
      </trkpt>
      <trkpt lat="44.55800321884453296661376953125" lon="-0.2518059499561786651611328125">
        <ele>18</ele>
        <time>2025-09-01T14:15:03.000Z</time>
        <extensions>
          <ns3:TrackPointExtension>
            <ns3:atemp>25.0</ns3:atemp>
          </ns3:TrackPointExtension>
        </extensions>
      </trkpt>
      <trkpt lat="44.557972960174083709716796875" lon="-0.2518394775688648223876953125">
        <ele>18</ele>
        <time>2025-09-01T14:15:04.000Z</time>
        <extensions>
          <ns3:TrackPointExtension>
            <ns3:atemp>25.0</ns3:atemp>
          </ns3:TrackPointExtension>
        </extensions>
      </trkpt>
      <trkpt lat="44.5579392649233341217041015625" lon="-0.2518699876964092254638671875">
        <ele>17.799999237060546875</ele>
        <time>2025-09-01T14:15:05.000Z</time>
        <extensions>
          <ns3:TrackPointExtension>
            <ns3:atemp>25.0</ns3:atemp>
          </ns3:TrackPointExtension>
        </extensions>
      </trkpt>
      <trkpt lat="44.55790682695806026458740234375" lon="-0.25190225802361965179443359375">
        <ele>17.799999237060546875</ele>
        <time>2025-09-01T14:15:06.000Z</time>
        <extensions>
          <ns3:TrackPointExtension>
            <ns3:atemp>25.0</ns3:atemp>
          </ns3:TrackPointExtension>
        </extensions>
      </trkpt>
      <trkpt lat="44.55787212587893009185791015625" lon="-0.25193578563630580902099609375">
        <ele>17.799999237060546875</ele>
        <time>2025-09-01T14:15:07.000Z</time>
        <extensions>
          <ns3:TrackPointExtension>
            <ns3:atemp>25.0</ns3:atemp>
          </ns3:TrackPointExtension>
        </extensions>
      </trkpt>
      <trkpt lat="44.55783524550497531890869140625" lon="-0.2519648708403110504150390625">
        <ele>17.6000003814697265625</ele>
        <time>2025-09-01T14:15:08.000Z</time>
        <extensions>
          <ns3:TrackPointExtension>
            <ns3:atemp>25.0</ns3:atemp>
          </ns3:TrackPointExtension>
        </extensions>
      </trkpt>
      <trkpt lat="44.55779585056006908416748046875" lon="-0.251990519464015960693359375">
        <ele>17.3999996185302734375</ele>
        <time>2025-09-01T14:15:09.000Z</time>
        <extensions>
          <ns3:TrackPointExtension>
            <ns3:atemp>25.0</ns3:atemp>
          </ns3:TrackPointExtension>
        </extensions>
      </trkpt>
      <trkpt lat="44.5577585510909557342529296875" lon="-0.25201776064932346343994140625">
        <ele>17.200000762939453125</ele>
        <time>2025-09-01T14:15:10.000Z</time>
        <extensions>
          <ns3:TrackPointExtension>
            <ns3:atemp>25.0</ns3:atemp>
          </ns3:TrackPointExtension>
        </extensions>
      </trkpt>
      <trkpt lat="44.55772410146892070770263671875" lon="-0.25204240344464778900146484375">
        <ele>17.200000762939453125</ele>
        <time>2025-09-01T14:15:11.000Z</time>
        <extensions>
          <ns3:TrackPointExtension>
            <ns3:atemp>25.0</ns3:atemp>
          </ns3:TrackPointExtension>
        </extensions>
      </trkpt>
      <trkpt lat="44.55768789164721965789794921875" lon="-0.25206972844898700714111328125">
        <ele>17</ele>
        <time>2025-09-01T14:15:12.000Z</time>
        <extensions>
          <ns3:TrackPointExtension>
            <ns3:atemp>25.0</ns3:atemp>
          </ns3:TrackPointExtension>
        </extensions>
      </trkpt>
      <trkpt lat="44.55765067599713802337646484375" lon="-0.252097137272357940673828125">
        <ele>16.799999237060546875</ele>
        <time>2025-09-01T14:15:13.000Z</time>
        <extensions>
          <ns3:TrackPointExtension>
            <ns3:atemp>25.0</ns3:atemp>
          </ns3:TrackPointExtension>
        </extensions>
      </trkpt>
      <trkpt lat="44.55760960467159748077392578125" lon="-0.25212295353412628173828125">
        <ele>16.799999237060546875</ele>
        <time>2025-09-01T14:15:14.000Z</time>
        <extensions>
          <ns3:TrackPointExtension>
            <ns3:atemp>25.0</ns3:atemp>
          </ns3:TrackPointExtension>
        </extensions>
      </trkpt>
      <trkpt lat="44.5575691200792789459228515625" lon="-0.25214835070073604583740234375">
        <ele>16.6000003814697265625</ele>
        <time>2025-09-01T14:15:15.000Z</time>
        <extensions>
          <ns3:TrackPointExtension>
            <ns3:atemp>25.0</ns3:atemp>
          </ns3:TrackPointExtension>
        </extensions>
      </trkpt>
      <trkpt lat="44.55752762965857982635498046875" lon="-0.25216612033545970916748046875">
        <ele>16.6000003814697265625</ele>
        <time>2025-09-01T14:15:16.000Z</time>
        <extensions>
          <ns3:TrackPointExtension>
            <ns3:atemp>25.0</ns3:atemp>
          </ns3:TrackPointExtension>
        </extensions>
      </trkpt>
      <trkpt lat="44.55748421140015125274658203125" lon="-0.25218154303729534149169921875">
        <ele>16.3999996185302734375</ele>
        <time>2025-09-01T14:15:17.000Z</time>
        <extensions>
          <ns3:TrackPointExtension>
            <ns3:atemp>25.0</ns3:atemp>
          </ns3:TrackPointExtension>
        </extensions>
      </trkpt>
      <trkpt lat="44.55744280479848384857177734375" lon="-0.25219864211976528167724609375">
        <ele>16.200000762939453125</ele>
        <time>2025-09-01T14:15:18.000Z</time>
        <extensions>
          <ns3:TrackPointExtension>
            <ns3:atemp>25.0</ns3:atemp>
          </ns3:TrackPointExtension>
        </extensions>
      </trkpt>
      <trkpt lat="44.557400979101657867431640625" lon="-0.2522176690399646759033203125">
        <ele>16</ele>
        <time>2025-09-01T14:15:19.000Z</time>
        <extensions>
          <ns3:TrackPointExtension>
            <ns3:atemp>25.0</ns3:atemp>
          </ns3:TrackPointExtension>
        </extensions>
      </trkpt>
      <trkpt lat="44.5573585666716098785400390625" lon="-0.25223133154213428497314453125">
        <ele>15.80000019073486328125</ele>
        <time>2025-09-01T14:15:20.000Z</time>
        <extensions>
          <ns3:TrackPointExtension>
            <ns3:atemp>25.0</ns3:atemp>
          </ns3:TrackPointExtension>
        </extensions>
      </trkpt>
      <trkpt lat="44.5573149807751178741455078125" lon="-0.25224323384463787078857421875">
        <ele>15.6000003814697265625</ele>
        <time>2025-09-01T14:15:21.000Z</time>
        <extensions>
          <ns3:TrackPointExtension>
            <ns3:atemp>25.0</ns3:atemp>
          </ns3:TrackPointExtension>
        </extensions>
      </trkpt>
      <trkpt lat="44.55726879648864269256591796875" lon="-0.252257399260997772216796875">
        <ele>15.6000003814697265625</ele>
        <time>2025-09-01T14:15:22.000Z</time>
        <extensions>
          <ns3:TrackPointExtension>
            <ns3:atemp>25.0</ns3:atemp>
          </ns3:TrackPointExtension>
        </extensions>
      </trkpt>
      <trkpt lat="44.55722169019281864166259765625" lon="-0.25227089412510395050048828125">
        <ele>15.3999996185302734375</ele>
        <time>2025-09-01T14:15:23.000Z</time>
        <extensions>
          <ns3:TrackPointExtension>
            <ns3:atemp>25.0</ns3:atemp>
          </ns3:TrackPointExtension>
        </extensions>
      </trkpt>
      <trkpt lat="44.5571741648018360137939453125" lon="-0.2522857300937175750732421875">
        <ele>15.3999996185302734375</ele>
        <time>2025-09-01T14:15:24.000Z</time>
        <extensions>
          <ns3:TrackPointExtension>
            <ns3:atemp>25.0</ns3:atemp>
          </ns3:TrackPointExtension>
        </extensions>
      </trkpt>
      <trkpt lat="44.5571248792111873626708984375" lon="-0.25229930877685546875">
        <ele>15.3999996185302734375</ele>
        <time>2025-09-01T14:15:25.000Z</time>
        <extensions>
          <ns3:TrackPointExtension>
            <ns3:atemp>25.0</ns3:atemp>
          </ns3:TrackPointExtension>
        </extensions>
      </trkpt>
      <trkpt lat="44.55707467161118984222412109375" lon="-0.25230928324162960052490234375">
        <ele>15.19999980926513671875</ele>
        <time>2025-09-01T14:15:26.000Z</time>
        <extensions>
          <ns3:TrackPointExtension>
            <ns3:atemp>25.0</ns3:atemp>
          </ns3:TrackPointExtension>
        </extensions>
      </trkpt>
      <trkpt lat="44.55702655948698520660400390625" lon="-0.25230995379388332366943359375">
        <ele>15.19999980926513671875</ele>
        <time>2025-09-01T14:15:27.000Z</time>
        <extensions>
          <ns3:TrackPointExtension>
            <ns3:atemp>25.0</ns3:atemp>
          </ns3:TrackPointExtension>
        </extensions>
      </trkpt>
      <trkpt lat="44.55698884092271327972412109375" lon="-0.25230173952877521514892578125">
        <ele>15</ele>
        <time>2025-09-01T14:15:28.000Z</time>
        <extensions>
          <ns3:TrackPointExtension>
            <ns3:atemp>25.0</ns3:atemp>
          </ns3:TrackPointExtension>
        </extensions>
      </trkpt>
      <trkpt lat="44.5569589175283908843994140625" lon="-0.25228832848370075225830078125">
        <ele>14.80000019073486328125</ele>
        <time>2025-09-01T14:15:29.000Z</time>
        <extensions>
          <ns3:TrackPointExtension>
            <ns3:atemp>25.0</ns3:atemp>
          </ns3:TrackPointExtension>
        </extensions>
      </trkpt>
      <trkpt lat="44.5569210313260555267333984375" lon="-0.25228790938854217529296875">
        <ele>14.80000019073486328125</ele>
        <time>2025-09-01T14:15:30.000Z</time>
        <extensions>
          <ns3:TrackPointExtension>
            <ns3:atemp>25.0</ns3:atemp>
          </ns3:TrackPointExtension>
        </extensions>
      </trkpt>
      <trkpt lat="44.55688842572271823883056640625" lon="-0.25229570455849170684814453125">
        <ele>14.80000019073486328125</ele>
        <time>2025-09-01T14:15:31.000Z</time>
        <extensions>
          <ns3:TrackPointExtension>
            <ns3:atemp>25.0</ns3:atemp>
          </ns3:TrackPointExtension>
        </extensions>
      </trkpt>
      <trkpt lat="44.5568549819290637969970703125" lon="-0.2523018233478069305419921875">
        <ele>14.80000019073486328125</ele>
        <time>2025-09-01T14:15:32.000Z</time>
        <extensions>
          <ns3:TrackPointExtension>
            <ns3:atemp>25.0</ns3:atemp>
          </ns3:TrackPointExtension>
        </extensions>
      </trkpt>
      <trkpt lat="44.55682489089667797088623046875" lon="-0.25230291299521923065185546875">
        <ele>14.80000019073486328125</ele>
        <time>2025-09-01T14:15:33.000Z</time>
        <extensions>
          <ns3:TrackPointExtension>
            <ns3:atemp>25.0</ns3:atemp>
          </ns3:TrackPointExtension>
        </extensions>
      </trkpt>
      <trkpt lat="44.55679287202656269073486328125" lon="-0.25230861268937587738037109375">
        <ele>14.6000003814697265625</ele>
        <time>2025-09-01T14:15:34.000Z</time>
        <extensions>
          <ns3:TrackPointExtension>
            <ns3:atemp>25.0</ns3:atemp>
          </ns3:TrackPointExtension>
        </extensions>
      </trkpt>
      <trkpt lat="44.55677292309701442718505859375" lon="-0.25231598876416683197021484375">
        <ele>14.6000003814697265625</ele>
        <time>2025-09-01T14:15:35.000Z</time>
        <extensions>
          <ns3:TrackPointExtension>
            <ns3:atemp>25.0</ns3:atemp>
          </ns3:TrackPointExtension>
        </extensions>
      </trkpt>
      <trkpt lat="44.55676160752773284912109375" lon="-0.25231950916349887847900390625">
        <ele>14.6000003814697265625</ele>
        <time>2025-09-01T14:15:36.000Z</time>
        <extensions>
          <ns3:TrackPointExtension>
            <ns3:atemp>25.0</ns3:atemp>
          </ns3:TrackPointExtension>
        </extensions>
      </trkpt>
      <trkpt lat="44.5567527227103710174560546875" lon="-0.252321101725101470947265625">
        <ele>14.6000003814697265625</ele>
        <time>2025-09-01T14:15:37.000Z</time>
        <extensions>
          <ns3:TrackPointExtension>
            <ns3:atemp>25.0</ns3:atemp>
          </ns3:TrackPointExtension>
        </extensions>
      </trkpt>
      <trkpt lat="44.5567332766950130462646484375" lon="-0.2523356862366199493408203125">
        <ele>14.6000003814697265625</ele>
        <time>2025-09-01T14:15:38.000Z</time>
        <extensions>
          <ns3:TrackPointExtension>
            <ns3:atemp>25.0</ns3:atemp>
          </ns3:TrackPointExtension>
        </extensions>
      </trkpt>
      <trkpt lat="44.5567207038402557373046875" lon="-0.25233442895114421844482421875">
        <ele>14.6000003814697265625</ele>
        <time>2025-09-01T14:15:39.000Z</time>
        <extensions>
          <ns3:TrackPointExtension>
            <ns3:atemp>25.0</ns3:atemp>
          </ns3:TrackPointExtension>
        </extensions>
      </trkpt>
      <trkpt lat="44.55670528113842010498046875" lon="-0.25232990272343158721923828125">
        <ele>14.80000019073486328125</ele>
        <time>2025-09-01T14:15:40.000Z</time>
        <extensions>
          <ns3:TrackPointExtension>
            <ns3:atemp>25.0</ns3:atemp>
          </ns3:TrackPointExtension>
        </extensions>
      </trkpt>
      <trkpt lat="44.55668994225561618804931640625" lon="-0.25232118554413318634033203125">
        <ele>14.80000019073486328125</ele>
        <time>2025-09-01T14:15:41.000Z</time>
        <extensions>
          <ns3:TrackPointExtension>
            <ns3:atemp>25.0</ns3:atemp>
          </ns3:TrackPointExtension>
        </extensions>
      </trkpt>
      <trkpt lat="44.55667803995311260223388671875" lon="-0.2522988058626651763916015625">
        <ele>14.80000019073486328125</ele>
        <time>2025-09-01T14:15:42.000Z</time>
        <extensions>
          <ns3:TrackPointExtension>
            <ns3:atemp>25.0</ns3:atemp>
          </ns3:TrackPointExtension>
        </extensions>
      </trkpt>
      <trkpt lat="44.55667309463024139404296875" lon="-0.2522765100002288818359375">
        <ele>14.80000019073486328125</ele>
        <time>2025-09-01T14:15:43.000Z</time>
        <extensions>
          <ns3:TrackPointExtension>
            <ns3:atemp>25.0</ns3:atemp>
          </ns3:TrackPointExtension>
        </extensions>
      </trkpt>
      <trkpt lat="44.55665658228099346160888671875" lon="-0.25225731544196605682373046875">
        <ele>14.80000019073486328125</ele>
        <time>2025-09-01T14:15:44.000Z</time>
        <extensions>
          <ns3:TrackPointExtension>
            <ns3:atemp>25.0</ns3:atemp>
          </ns3:TrackPointExtension>
        </extensions>
      </trkpt>
      <trkpt lat="44.5566420815885066986083984375" lon="-0.2522582374513149261474609375">
        <ele>14.80000019073486328125</ele>
        <time>2025-09-01T14:15:45.000Z</time>
        <extensions>
          <ns3:TrackPointExtension>
            <ns3:atemp>25.0</ns3:atemp>
          </ns3:TrackPointExtension>
        </extensions>
      </trkpt>
      <trkpt lat="44.5566243119537830352783203125" lon="-0.25227047502994537353515625">
        <ele>14.80000019073486328125</ele>
        <time>2025-09-01T14:15:46.000Z</time>
        <extensions>
          <ns3:TrackPointExtension>
            <ns3:atemp>25.0</ns3:atemp>
          </ns3:TrackPointExtension>
        </extensions>
      </trkpt>
      <trkpt lat="44.55660528503358364105224609375" lon="-0.2522827126085758209228515625">
        <ele>14.80000019073486328125</ele>
        <time>2025-09-01T14:15:47.000Z</time>
        <extensions>
          <ns3:TrackPointExtension>
            <ns3:atemp>25.0</ns3:atemp>
          </ns3:TrackPointExtension>
        </extensions>
      </trkpt>
      <trkpt lat="44.556582905352115631103515625" lon="-0.252294279634952545166015625">
        <ele>15</ele>
        <time>2025-09-01T14:15:48.000Z</time>
        <extensions>
          <ns3:TrackPointExtension>
            <ns3:atemp>25.0</ns3:atemp>
          </ns3:TrackPointExtension>
        </extensions>
      </trkpt>
      <trkpt lat="44.5565599389374256134033203125" lon="-0.252306349575519561767578125">
        <ele>15</ele>
        <time>2025-09-01T14:15:49.000Z</time>
        <extensions>
          <ns3:TrackPointExtension>
            <ns3:atemp>25.0</ns3:atemp>
          </ns3:TrackPointExtension>
        </extensions>
      </trkpt>
      <trkpt lat="44.55653856508433818817138671875" lon="-0.25232319720089435577392578125">
        <ele>15.19999980926513671875</ele>
        <time>2025-09-01T14:15:50.000Z</time>
        <extensions>
          <ns3:TrackPointExtension>
            <ns3:atemp>25.0</ns3:atemp>
          </ns3:TrackPointExtension>
        </extensions>
      </trkpt>
      <trkpt lat="44.55651727505028247833251953125" lon="-0.25234163738787174224853515625">
        <ele>15.19999980926513671875</ele>
        <time>2025-09-01T14:15:51.000Z</time>
        <extensions>
          <ns3:TrackPointExtension>
            <ns3:atemp>25.0</ns3:atemp>
          </ns3:TrackPointExtension>
        </extensions>
      </trkpt>
      <trkpt lat="44.5564965717494487762451171875" lon="-0.25235974229872226715087890625">
        <ele>15.3999996185302734375</ele>
        <time>2025-09-01T14:15:52.000Z</time>
        <extensions>
          <ns3:TrackPointExtension>
            <ns3:atemp>25.0</ns3:atemp>
          </ns3:TrackPointExtension>
        </extensions>
      </trkpt>
      <trkpt lat="44.5564774610102176666259765625" lon="-0.25237851776182651519775390625">
        <ele>15.3999996185302734375</ele>
        <time>2025-09-01T14:15:53.000Z</time>
        <extensions>
          <ns3:TrackPointExtension>
            <ns3:atemp>25.0</ns3:atemp>
          </ns3:TrackPointExtension>
        </extensions>
      </trkpt>
      <trkpt lat="44.55646195448935031890869140625" lon="-0.25239787995815277099609375">
        <ele>15.6000003814697265625</ele>
        <time>2025-09-01T14:15:54.000Z</time>
        <extensions>
          <ns3:TrackPointExtension>
            <ns3:atemp>25.0</ns3:atemp>
          </ns3:TrackPointExtension>
        </extensions>
      </trkpt>
      <trkpt lat="44.55644284375011920928955078125" lon="-0.2524101175367832183837890625">
        <ele>15.6000003814697265625</ele>
        <time>2025-09-01T14:15:55.000Z</time>
        <extensions>
          <ns3:TrackPointExtension>
            <ns3:atemp>25.0</ns3:atemp>
          </ns3:TrackPointExtension>
        </extensions>
      </trkpt>
      <trkpt lat="44.55642272718250751495361328125" lon="-0.25241841562092304229736328125">
        <ele>15.6000003814697265625</ele>
        <time>2025-09-01T14:15:56.000Z</time>
        <extensions>
          <ns3:TrackPointExtension>
            <ns3:atemp>25.0</ns3:atemp>
          </ns3:TrackPointExtension>
        </extensions>
      </trkpt>
      <trkpt lat="44.5564016886055469512939453125" lon="-0.2524201758205890655517578125">
        <ele>15.3999996185302734375</ele>
        <time>2025-09-01T14:15:57.000Z</time>
        <extensions>
          <ns3:TrackPointExtension>
            <ns3:atemp>25.0</ns3:atemp>
          </ns3:TrackPointExtension>
        </extensions>
      </trkpt>
      <trkpt lat="44.55639204941689968109130859375" lon="-0.2524184994399547576904296875">
        <ele>15.3999996185302734375</ele>
        <time>2025-09-01T14:15:58.000Z</time>
        <extensions>
          <ns3:TrackPointExtension>
            <ns3:atemp>25.0</ns3:atemp>
          </ns3:TrackPointExtension>
        </extensions>
      </trkpt>
      <trkpt lat="44.55638987012207508087158203125" lon="-0.25241724215447902679443359375">
        <ele>15.3999996185302734375</ele>
        <time>2025-09-01T14:15:59.000Z</time>
        <extensions>
          <ns3:TrackPointExtension>
            <ns3:atemp>25.0</ns3:atemp>
          </ns3:TrackPointExtension>
        </extensions>
      </trkpt>
      <trkpt lat="44.556389786303043365478515625" lon="-0.2524171583354473114013671875">
        <ele>15.3999996185302734375</ele>
        <time>2025-09-01T14:16:00.000Z</time>
        <extensions>
          <ns3:TrackPointExtension>
            <ns3:atemp>25.0</ns3:atemp>
          </ns3:TrackPointExtension>
        </extensions>
      </trkpt>
      <trkpt lat="44.556389786303043365478515625" lon="-0.2524171583354473114013671875">
        <ele>15.19999980926513671875</ele>
        <time>2025-09-01T14:16:01.000Z</time>
        <extensions>
          <ns3:TrackPointExtension>
            <ns3:atemp>25.0</ns3:atemp>
          </ns3:TrackPointExtension>
        </extensions>
      </trkpt>
      <trkpt lat="44.556389786303043365478515625" lon="-0.2524171583354473114013671875">
        <ele>15.19999980926513671875</ele>
        <time>2025-09-01T14:16:02.000Z</time>
        <extensions>
          <ns3:TrackPointExtension>
            <ns3:atemp>25.0</ns3:atemp>
          </ns3:TrackPointExtension>
        </extensions>
      </trkpt>
      <trkpt lat="44.5563892833888530731201171875" lon="-0.25241740979254245758056640625">
        <ele>15</ele>
        <time>2025-09-01T14:16:03.000Z</time>
        <extensions>
          <ns3:TrackPointExtension>
            <ns3:atemp>25.0</ns3:atemp>
          </ns3:TrackPointExtension>
        </extensions>
      </trkpt>
      <trkpt lat="44.556375034153461456298828125" lon="-0.252410285174846649169921875">
        <ele>14.80000019073486328125</ele>
        <time>2025-09-01T14:16:04.000Z</time>
        <extensions>
          <ns3:TrackPointExtension>
            <ns3:atemp>25.0</ns3:atemp>
          </ns3:TrackPointExtension>
        </extensions>
      </trkpt>
      <trkpt lat="44.556364975869655609130859375" lon="-0.25240198709070682525634765625">
        <ele>14.80000019073486328125</ele>
        <time>2025-09-01T14:16:05.000Z</time>
        <extensions>
          <ns3:TrackPointExtension>
            <ns3:atemp>25.0</ns3:atemp>
          </ns3:TrackPointExtension>
        </extensions>
      </trkpt>
      <trkpt lat="44.5563550852239131927490234375" lon="-0.25239410810172557830810546875">
        <ele>14.80000019073486328125</ele>
        <time>2025-09-01T14:16:06.000Z</time>
        <extensions>
          <ns3:TrackPointExtension>
            <ns3:atemp>25.0</ns3:atemp>
          </ns3:TrackPointExtension>
        </extensions>
      </trkpt>
      <trkpt lat="44.5563436858355998992919921875" lon="-0.25237985886633396148681640625">
        <ele>14.80000019073486328125</ele>
        <time>2025-09-01T14:16:07.000Z</time>
        <extensions>
          <ns3:TrackPointExtension>
            <ns3:atemp>25.0</ns3:atemp>
          </ns3:TrackPointExtension>
        </extensions>
      </trkpt>
      <trkpt lat="44.55633354373276233673095703125" lon="-0.25236309505999088287353515625">
        <ele>15</ele>
        <time>2025-09-01T14:16:08.000Z</time>
        <extensions>
          <ns3:TrackPointExtension>
            <ns3:atemp>25.0</ns3:atemp>
          </ns3:TrackPointExtension>
        </extensions>
      </trkpt>
      <trkpt lat="44.556323401629924774169921875" lon="-0.25234515778720378875732421875">
        <ele>15</ele>
        <time>2025-09-01T14:16:09.000Z</time>
        <extensions>
          <ns3:TrackPointExtension>
            <ns3:atemp>25.0</ns3:atemp>
          </ns3:TrackPointExtension>
        </extensions>
      </trkpt>
      <trkpt lat="44.55631493590772151947021484375" lon="-0.252334177494049072265625">
        <ele>15.19999980926513671875</ele>
        <time>2025-09-01T14:16:10.000Z</time>
        <extensions>
          <ns3:TrackPointExtension>
            <ns3:atemp>25.0</ns3:atemp>
          </ns3:TrackPointExtension>
        </extensions>
      </trkpt>
      <trkpt lat="44.55630789510905742645263671875" lon="-0.25232386775314807891845703125">
        <ele>15.19999980926513671875</ele>
        <time>2025-09-01T14:16:11.000Z</time>
        <extensions>
          <ns3:TrackPointExtension>
            <ns3:atemp>25.0</ns3:atemp>
          </ns3:TrackPointExtension>
        </extensions>
      </trkpt>
      <trkpt lat="44.55630018375813961029052734375" lon="-0.25232319720089435577392578125">
        <ele>15</ele>
        <time>2025-09-01T14:16:12.000Z</time>
        <extensions>
          <ns3:TrackPointExtension>
            <ns3:atemp>25.0</ns3:atemp>
          </ns3:TrackPointExtension>
        </extensions>
      </trkpt>
      <trkpt lat="44.55629113130271434783935546875" lon="-0.25232973508536815643310546875">
        <ele>15</ele>
        <time>2025-09-01T14:16:13.000Z</time>
        <extensions>
          <ns3:TrackPointExtension>
            <ns3:atemp>25.0</ns3:atemp>
          </ns3:TrackPointExtension>
        </extensions>
      </trkpt>
      <trkpt lat="44.5562816597521305084228515625" lon="-0.25234163738787174224853515625">
        <ele>14.80000019073486328125</ele>
        <time>2025-09-01T14:16:14.000Z</time>
        <extensions>
          <ns3:TrackPointExtension>
            <ns3:atemp>25.0</ns3:atemp>
          </ns3:TrackPointExtension>
        </extensions>
      </trkpt>
      <trkpt lat="44.55626699142158031463623046875" lon="-0.25235496461391448974609375">
        <ele>14.80000019073486328125</ele>
        <time>2025-09-01T14:16:15.000Z</time>
        <extensions>
          <ns3:TrackPointExtension>
            <ns3:atemp>25.0</ns3:atemp>
          </ns3:TrackPointExtension>
        </extensions>
      </trkpt>
      <trkpt lat="44.5562578551471233367919921875" lon="-0.25236376561224460601806640625">
        <ele>14.6000003814697265625</ele>
        <time>2025-09-01T14:16:16.000Z</time>
        <extensions>
          <ns3:TrackPointExtension>
            <ns3:atemp>25.0</ns3:atemp>
          </ns3:TrackPointExtension>
        </extensions>
      </trkpt>
      <trkpt lat="44.55624704249203205108642578125" lon="-0.25237642228603363037109375">
        <ele>14.6000003814697265625</ele>
        <time>2025-09-01T14:16:17.000Z</time>
        <extensions>
          <ns3:TrackPointExtension>
            <ns3:atemp>25.0</ns3:atemp>
          </ns3:TrackPointExtension>
        </extensions>
      </trkpt>
      <trkpt lat="44.5562357269227504730224609375" lon="-0.252389498054981231689453125">
        <ele>14.3999996185302734375</ele>
        <time>2025-09-01T14:16:18.000Z</time>
        <extensions>
          <ns3:TrackPointExtension>
            <ns3:atemp>25.0</ns3:atemp>
          </ns3:TrackPointExtension>
        </extensions>
      </trkpt>
      <trkpt lat="44.556224830448627471923828125" lon="-0.2524007298052310943603515625">
        <ele>14.19999980926513671875</ele>
        <time>2025-09-01T14:16:19.000Z</time>
        <extensions>
          <ns3:TrackPointExtension>
            <ns3:atemp>25.0</ns3:atemp>
          </ns3:TrackPointExtension>
        </extensions>
      </trkpt>
      <trkpt lat="44.5562142692506313323974609375" lon="-0.2524091117084026336669921875">
        <ele>14.19999980926513671875</ele>
        <time>2025-09-01T14:16:20.000Z</time>
        <extensions>
          <ns3:TrackPointExtension>
            <ns3:atemp>25.0</ns3:atemp>
          </ns3:TrackPointExtension>
        </extensions>
      </trkpt>
      <trkpt lat="44.55620597116649150848388671875" lon="-0.2524171583354473114013671875">
        <ele>14</ele>
        <time>2025-09-01T14:16:21.000Z</time>
        <extensions>
          <ns3:TrackPointExtension>
            <ns3:atemp>25.0</ns3:atemp>
          </ns3:TrackPointExtension>
        </extensions>
      </trkpt>
      <trkpt lat="44.55619457177817821502685546875" lon="-0.252423696219921112060546875">
        <ele>14</ele>
        <time>2025-09-01T14:16:22.000Z</time>
        <extensions>
          <ns3:TrackPointExtension>
            <ns3:atemp>25.0</ns3:atemp>
          </ns3:TrackPointExtension>
        </extensions>
      </trkpt>
      <trkpt lat="44.55618099309504032135009765625" lon="-0.252430737018585205078125">
        <ele>14</ele>
        <time>2025-09-01T14:16:23.000Z</time>
        <extensions>
          <ns3:TrackPointExtension>
            <ns3:atemp>25.0</ns3:atemp>
          </ns3:TrackPointExtension>
        </extensions>
      </trkpt>
      <trkpt lat="44.5561666600406169891357421875" lon="-0.2524406276643276214599609375">
        <ele>14.19999980926513671875</ele>
        <time>2025-09-01T14:16:24.000Z</time>
        <extensions>
          <ns3:TrackPointExtension>
            <ns3:atemp>25.0</ns3:atemp>
          </ns3:TrackPointExtension>
        </extensions>
      </trkpt>
      <trkpt lat="44.556153081357479095458984375" lon="-0.25244808755815029144287109375">
        <ele>14.19999980926513671875</ele>
        <time>2025-09-01T14:16:25.000Z</time>
        <extensions>
          <ns3:TrackPointExtension>
            <ns3:atemp>25.0</ns3:atemp>
          </ns3:TrackPointExtension>
        </extensions>
      </trkpt>
      <trkpt lat="44.5561398379504680633544921875" lon="-0.25245244614779949188232421875">
        <ele>14.19999980926513671875</ele>
        <time>2025-09-01T14:16:26.000Z</time>
        <extensions>
          <ns3:TrackPointExtension>
            <ns3:atemp>25.0</ns3:atemp>
          </ns3:TrackPointExtension>
        </extensions>
      </trkpt>
      <trkpt lat="44.5561270974576473236083984375" lon="-0.25245730765163898468017578125">
        <ele>14.19999980926513671875</ele>
        <time>2025-09-01T14:16:27.000Z</time>
        <extensions>
          <ns3:TrackPointExtension>
            <ns3:atemp>25.0</ns3:atemp>
          </ns3:TrackPointExtension>
        </extensions>
      </trkpt>
      <trkpt lat="44.5561130158603191375732421875" lon="-0.252461247146129608154296875">
        <ele>14.19999980926513671875</ele>
        <time>2025-09-01T14:16:28.000Z</time>
        <extensions>
          <ns3:TrackPointExtension>
            <ns3:atemp>25.0</ns3:atemp>
          </ns3:TrackPointExtension>
        </extensions>
      </trkpt>
      <trkpt lat="44.55609968863427639007568359375" lon="-0.252461917698383331298828125">
        <ele>14.3999996185302734375</ele>
        <time>2025-09-01T14:16:29.000Z</time>
        <extensions>
          <ns3:TrackPointExtension>
            <ns3:atemp>25.0</ns3:atemp>
          </ns3:TrackPointExtension>
        </extensions>
      </trkpt>
      <trkpt lat="44.556094072759151458740234375" lon="-0.25245630182325839996337890625">
        <ele>14.6000003814697265625</ele>
        <time>2025-09-01T14:16:30.000Z</time>
        <extensions>
          <ns3:TrackPointExtension>
            <ns3:atemp>25.0</ns3:atemp>
          </ns3:TrackPointExtension>
        </extensions>
      </trkpt>
      <trkpt lat="44.5560868643224239349365234375" lon="-0.2524473331868648529052734375">
        <ele>14.80000019073486328125</ele>
        <time>2025-09-01T14:16:31.000Z</time>
        <extensions>
          <ns3:TrackPointExtension>
            <ns3:atemp>25.0</ns3:atemp>
          </ns3:TrackPointExtension>
        </extensions>
      </trkpt>
      <trkpt lat="44.55608124844729900360107421875" lon="-0.252439789474010467529296875">
        <ele>14.80000019073486328125</ele>
        <time>2025-09-01T14:16:32.000Z</time>
        <extensions>
          <ns3:TrackPointExtension>
            <ns3:atemp>25.0</ns3:atemp>
          </ns3:TrackPointExtension>
        </extensions>
      </trkpt>
      <trkpt lat="44.5560727827250957489013671875" lon="-0.25243300013244152069091796875">
        <ele>14.80000019073486328125</ele>
        <time>2025-09-01T14:16:33.000Z</time>
        <extensions>
          <ns3:TrackPointExtension>
            <ns3:atemp>25.0</ns3:atemp>
          </ns3:TrackPointExtension>
        </extensions>
      </trkpt>
      <trkpt lat="44.55606599338352680206298828125" lon="-0.252425372600555419921875">
        <ele>14.80000019073486328125</ele>
        <time>2025-09-01T14:16:34.000Z</time>
        <extensions>
          <ns3:TrackPointExtension>
            <ns3:atemp>25.0</ns3:atemp>
          </ns3:TrackPointExtension>
        </extensions>
      </trkpt>
      <trkpt lat="44.5560637302696704864501953125" lon="-0.25242260657250881195068359375">
        <ele>14.6000003814697265625</ele>
        <time>2025-09-01T14:16:35.000Z</time>
        <extensions>
          <ns3:TrackPointExtension>
            <ns3:atemp>25.0</ns3:atemp>
          </ns3:TrackPointExtension>
        </extensions>
      </trkpt>
      <trkpt lat="44.5560543425381183624267578125" lon="-0.2524272166192531585693359375">
        <ele>14.3999996185302734375</ele>
        <time>2025-09-01T14:16:36.000Z</time>
        <extensions>
          <ns3:TrackPointExtension>
            <ns3:atemp>25.0</ns3:atemp>
          </ns3:TrackPointExtension>
        </extensions>
      </trkpt>
      <trkpt lat="44.55604705028235912322998046875" lon="-0.2524376101791858673095703125">
        <ele>14.19999980926513671875</ele>
        <time>2025-09-01T14:16:37.000Z</time>
        <extensions>
          <ns3:TrackPointExtension>
            <ns3:atemp>25.0</ns3:atemp>
          </ns3:TrackPointExtension>
        </extensions>
      </trkpt>
      <trkpt lat="44.55602726899087429046630859375" lon="-0.252439118921756744384765625">
        <ele>14.19999980926513671875</ele>
        <time>2025-09-01T14:16:38.000Z</time>
        <extensions>
          <ns3:TrackPointExtension>
            <ns3:atemp>25.0</ns3:atemp>
          </ns3:TrackPointExtension>
        </extensions>
      </trkpt>
      <trkpt lat="44.55601134337484836578369140625" lon="-0.25242864154279232025146484375">
        <ele>14.19999980926513671875</ele>
        <time>2025-09-01T14:16:39.000Z</time>
        <extensions>
          <ns3:TrackPointExtension>
            <ns3:atemp>25.0</ns3:atemp>
          </ns3:TrackPointExtension>
        </extensions>
      </trkpt>
      <trkpt lat="44.5560047216713428497314453125" lon="-0.25241590104997158050537109375">
        <ele>14.19999980926513671875</ele>
        <time>2025-09-01T14:16:40.000Z</time>
        <extensions>
          <ns3:TrackPointExtension>
            <ns3:atemp>25.0</ns3:atemp>
          </ns3:TrackPointExtension>
        </extensions>
      </trkpt>
      <trkpt lat="44.556000865995883941650390625" lon="-0.25240886025130748748779296875">
        <ele>14.19999980926513671875</ele>
        <time>2025-09-01T14:16:41.000Z</time>
        <extensions>
          <ns3:TrackPointExtension>
            <ns3:atemp>25.0</ns3:atemp>
          </ns3:TrackPointExtension>
        </extensions>
      </trkpt>
      <trkpt lat="44.5559978485107421875" lon="-0.25241405703127384185791015625">
        <ele>14.19999980926513671875</ele>
        <time>2025-09-01T14:16:42.000Z</time>
        <extensions>
          <ns3:TrackPointExtension>
            <ns3:atemp>25.0</ns3:atemp>
          </ns3:TrackPointExtension>
        </extensions>
      </trkpt>
      <trkpt lat="44.5559978485107421875" lon="-0.252414308488368988037109375">
        <ele>14.19999980926513671875</ele>
        <time>2025-09-01T14:16:43.000Z</time>
        <extensions>
          <ns3:TrackPointExtension>
            <ns3:atemp>25.0</ns3:atemp>
          </ns3:TrackPointExtension>
        </extensions>
      </trkpt>
      <trkpt lat="44.5559978485107421875" lon="-0.25241455994546413421630859375">
        <ele>14.19999980926513671875</ele>
        <time>2025-09-01T14:16:44.000Z</time>
        <extensions>
          <ns3:TrackPointExtension>
            <ns3:atemp>25.0</ns3:atemp>
          </ns3:TrackPointExtension>
        </extensions>
      </trkpt>
      <trkpt lat="44.55598686821758747100830078125" lon="-0.25240768678486347198486328125">
        <ele>14.19999980926513671875</ele>
        <time>2025-09-01T14:16:45.000Z</time>
        <extensions>
          <ns3:TrackPointExtension>
            <ns3:atemp>25.0</ns3:atemp>
          </ns3:TrackPointExtension>
        </extensions>
      </trkpt>
      <trkpt lat="44.55597010441124439239501953125" lon="-0.252388156950473785400390625">
        <ele>14.19999980926513671875</ele>
        <time>2025-09-01T14:16:46.000Z</time>
        <extensions>
          <ns3:TrackPointExtension>
            <ns3:atemp>25.0</ns3:atemp>
          </ns3:TrackPointExtension>
        </extensions>
      </trkpt>
      <trkpt lat="44.55595518462359905242919921875" lon="-0.2523695491254329681396484375">
        <ele>14.19999980926513671875</ele>
        <time>2025-09-01T14:16:47.000Z</time>
        <extensions>
          <ns3:TrackPointExtension>
            <ns3:atemp>25.0</ns3:atemp>
          </ns3:TrackPointExtension>
        </extensions>
      </trkpt>
      <trkpt lat="44.5559400133788585662841796875" lon="-0.25234834291040897369384765625">
        <ele>14</ele>
        <time>2025-09-01T14:16:48.000Z</time>
        <extensions>
          <ns3:TrackPointExtension>
            <ns3:atemp>25.0</ns3:atemp>
          </ns3:TrackPointExtension>
        </extensions>
      </trkpt>
      <trkpt lat="44.55592475831508636474609375" lon="-0.2523259632289409637451171875">
        <ele>14</ele>
        <time>2025-09-01T14:16:49.000Z</time>
        <extensions>
          <ns3:TrackPointExtension>
            <ns3:atemp>25.0</ns3:atemp>
          </ns3:TrackPointExtension>
        </extensions>
      </trkpt>
      <trkpt lat="44.5559068210422992706298828125" lon="-0.25229922495782375335693359375">
        <ele>13.80000019073486328125</ele>
        <time>2025-09-01T14:16:50.000Z</time>
        <extensions>
          <ns3:TrackPointExtension>
            <ns3:atemp>25.0</ns3:atemp>
          </ns3:TrackPointExtension>
        </extensions>
      </trkpt>
      <trkpt lat="44.55588779412209987640380859375" lon="-0.25227089412510395050048828125">
        <ele>13.80000019073486328125</ele>
        <time>2025-09-01T14:16:51.000Z</time>
        <extensions>
          <ns3:TrackPointExtension>
            <ns3:atemp>25.0</ns3:atemp>
          </ns3:TrackPointExtension>
        </extensions>
      </trkpt>
      <trkpt lat="44.55586885102093219757080078125" lon="-0.25224172510206699371337890625">
        <ele>13.80000019073486328125</ele>
        <time>2025-09-01T14:16:52.000Z</time>
        <extensions>
          <ns3:TrackPointExtension>
            <ns3:atemp>25.0</ns3:atemp>
          </ns3:TrackPointExtension>
        </extensions>
      </trkpt>
      <trkpt lat="44.555846638977527618408203125" lon="-0.25221389718353748321533203125">
        <ele>13.6000003814697265625</ele>
        <time>2025-09-01T14:16:53.000Z</time>
        <extensions>
          <ns3:TrackPointExtension>
            <ns3:atemp>25.0</ns3:atemp>
          </ns3:TrackPointExtension>
        </extensions>
      </trkpt>
      <trkpt lat="44.55582560040056705474853515625" lon="-0.252184309065341949462890625">
        <ele>13.6000003814697265625</ele>
        <time>2025-09-01T14:16:54.000Z</time>
        <extensions>
          <ns3:TrackPointExtension>
            <ns3:atemp>25.0</ns3:atemp>
          </ns3:TrackPointExtension>
        </extensions>
      </trkpt>
      <trkpt lat="44.555806405842304229736328125" lon="-0.2521549724042415618896484375">
        <ele>13.6000003814697265625</ele>
        <time>2025-09-01T14:16:55.000Z</time>
        <extensions>
          <ns3:TrackPointExtension>
            <ns3:atemp>25.0</ns3:atemp>
          </ns3:TrackPointExtension>
        </extensions>
      </trkpt>
      <trkpt lat="44.55578486435115337371826171875" lon="-0.25212370790541172027587890625">
        <ele>13.6000003814697265625</ele>
        <time>2025-09-01T14:16:56.000Z</time>
        <extensions>
          <ns3:TrackPointExtension>
            <ns3:atemp>25.0</ns3:atemp>
          </ns3:TrackPointExtension>
        </extensions>
      </trkpt>
      <trkpt lat="44.5557619817554950714111328125" lon="-0.2520899288356304168701171875">
        <ele>13.80000019073486328125</ele>
        <time>2025-09-01T14:16:57.000Z</time>
        <extensions>
          <ns3:TrackPointExtension>
            <ns3:atemp>25.0</ns3:atemp>
          </ns3:TrackPointExtension>
        </extensions>
      </trkpt>
      <trkpt lat="44.55573926679790019989013671875" lon="-0.25205631740391254425048828125">
        <ele>13.80000019073486328125</ele>
        <time>2025-09-01T14:16:58.000Z</time>
        <extensions>
          <ns3:TrackPointExtension>
            <ns3:atemp>25.0</ns3:atemp>
          </ns3:TrackPointExtension>
        </extensions>
      </trkpt>
      <trkpt lat="44.5557157136499881744384765625" lon="-0.25202379561960697174072265625">
        <ele>13.80000019073486328125</ele>
        <time>2025-09-01T14:16:59.000Z</time>
        <extensions>
          <ns3:TrackPointExtension>
            <ns3:atemp>25.0</ns3:atemp>
          </ns3:TrackPointExtension>
        </extensions>
      </trkpt>
      <trkpt lat="44.55569216050207614898681640625" lon="-0.25198892690241336822509765625">
        <ele>14</ele>
        <time>2025-09-01T14:17:00.000Z</time>
        <extensions>
          <ns3:TrackPointExtension>
            <ns3:atemp>25.0</ns3:atemp>
          </ns3:TrackPointExtension>
        </extensions>
      </trkpt>
      <trkpt lat="44.55566919408738613128662109375" lon="-0.2519551478326320648193359375">
        <ele>14</ele>
        <time>2025-09-01T14:17:01.000Z</time>
        <extensions>
          <ns3:TrackPointExtension>
            <ns3:atemp>25.0</ns3:atemp>
          </ns3:TrackPointExtension>
        </extensions>
      </trkpt>
      <trkpt lat="44.55564773641526699066162109375" lon="-0.2519249729812145233154296875">
        <ele>14.19999980926513671875</ele>
        <time>2025-09-01T14:17:02.000Z</time>
        <extensions>
          <ns3:TrackPointExtension>
            <ns3:atemp>25.0</ns3:atemp>
          </ns3:TrackPointExtension>
        </extensions>
      </trkpt>
      <trkpt lat="44.55562409944832324981689453125" lon="-0.2518927864730358123779296875">
        <ele>14.19999980926513671875</ele>
        <time>2025-09-01T14:17:03.000Z</time>
        <extensions>
          <ns3:TrackPointExtension>
            <ns3:atemp>25.0</ns3:atemp>
          </ns3:TrackPointExtension>
        </extensions>
      </trkpt>
      <trkpt lat="44.55560029484331607818603515625" lon="-0.25186018086969852447509765625">
        <ele>14.3999996185302734375</ele>
        <time>2025-09-01T14:17:04.000Z</time>
        <extensions>
          <ns3:TrackPointExtension>
            <ns3:atemp>25.0</ns3:atemp>
          </ns3:TrackPointExtension>
        </extensions>
      </trkpt>
      <trkpt lat="44.55557649023830890655517578125" lon="-0.25182631798088550567626953125">
        <ele>14.3999996185302734375</ele>
        <time>2025-09-01T14:17:05.000Z</time>
        <extensions>
          <ns3:TrackPointExtension>
            <ns3:atemp>25.0</ns3:atemp>
          </ns3:TrackPointExtension>
        </extensions>
      </trkpt>
      <trkpt lat="44.55555486492812633514404296875" lon="-0.25179295800626277923583984375">
        <ele>14.3999996185302734375</ele>
        <time>2025-09-01T14:17:06.000Z</time>
        <extensions>
          <ns3:TrackPointExtension>
            <ns3:atemp>25.0</ns3:atemp>
          </ns3:TrackPointExtension>
        </extensions>
      </trkpt>
      <trkpt lat="44.55553323961794376373291015625" lon="-0.2517623640596866607666015625">
        <ele>14.3999996185302734375</ele>
        <time>2025-09-01T14:17:07.000Z</time>
        <extensions>
          <ns3:TrackPointExtension>
            <ns3:atemp>25.0</ns3:atemp>
          </ns3:TrackPointExtension>
        </extensions>
      </trkpt>
      <trkpt lat="44.5555111952126026153564453125" lon="-0.25173042900860309600830078125">
        <ele>14.3999996185302734375</ele>
        <time>2025-09-01T14:17:08.000Z</time>
        <extensions>
          <ns3:TrackPointExtension>
            <ns3:atemp>25.0</ns3:atemp>
          </ns3:TrackPointExtension>
        </extensions>
      </trkpt>
      <trkpt lat="44.55549049191176891326904296875" lon="-0.25169723667204380035400390625">
        <ele>14.3999996185302734375</ele>
        <time>2025-09-01T14:17:09.000Z</time>
        <extensions>
          <ns3:TrackPointExtension>
            <ns3:atemp>25.0</ns3:atemp>
          </ns3:TrackPointExtension>
        </extensions>
      </trkpt>
      <trkpt lat="44.55547071062028408050537109375" lon="-0.25166555307805538177490234375">
        <ele>14.19999980926513671875</ele>
        <time>2025-09-01T14:17:10.000Z</time>
        <extensions>
          <ns3:TrackPointExtension>
            <ns3:atemp>25.0</ns3:atemp>
          </ns3:TrackPointExtension>
        </extensions>
      </trkpt>
      <trkpt lat="44.55544807948172092437744140625" lon="-0.25163202546536922454833984375">
        <ele>14.19999980926513671875</ele>
        <time>2025-09-01T14:17:11.000Z</time>
        <extensions>
          <ns3:TrackPointExtension>
            <ns3:atemp>25.0</ns3:atemp>
          </ns3:TrackPointExtension>
        </extensions>
      </trkpt>
      <trkpt lat="44.55542586743831634521484375" lon="-0.2516019344329833984375">
        <ele>14.3999996185302734375</ele>
        <time>2025-09-01T14:17:12.000Z</time>
        <extensions>
          <ns3:TrackPointExtension>
            <ns3:atemp>25.0</ns3:atemp>
          </ns3:TrackPointExtension>
        </extensions>
      </trkpt>
      <trkpt lat="44.555403403937816619873046875" lon="-0.25156916119158267974853515625">
        <ele>14.3999996185302734375</ele>
        <time>2025-09-01T14:17:13.000Z</time>
        <extensions>
          <ns3:TrackPointExtension>
            <ns3:atemp>25.0</ns3:atemp>
          </ns3:TrackPointExtension>
        </extensions>
      </trkpt>
      <trkpt lat="44.5553814433515071868896484375" lon="-0.2515380643308162689208984375">
        <ele>14.3999996185302734375</ele>
        <time>2025-09-01T14:17:14.000Z</time>
        <extensions>
          <ns3:TrackPointExtension>
            <ns3:atemp>25.0</ns3:atemp>
          </ns3:TrackPointExtension>
        </extensions>
      </trkpt>
      <trkpt lat="44.55536040477454662322998046875" lon="-0.25150814093649387359619140625">
        <ele>14.3999996185302734375</ele>
        <time>2025-09-01T14:17:15.000Z</time>
        <extensions>
          <ns3:TrackPointExtension>
            <ns3:atemp>25.0</ns3:atemp>
          </ns3:TrackPointExtension>
        </extensions>
      </trkpt>
      <trkpt lat="44.55533945001661777496337890625" lon="-0.25147385895252227783203125">
        <ele>14.3999996185302734375</ele>
        <time>2025-09-01T14:17:16.000Z</time>
        <extensions>
          <ns3:TrackPointExtension>
            <ns3:atemp>25.0</ns3:atemp>
          </ns3:TrackPointExtension>
        </extensions>
      </trkpt>
      <trkpt lat="44.5553200878202915191650390625" lon="-0.25143823586404323577880859375">
        <ele>14.6000003814697265625</ele>
        <time>2025-09-01T14:17:17.000Z</time>
        <extensions>
          <ns3:TrackPointExtension>
            <ns3:atemp>25.0</ns3:atemp>
          </ns3:TrackPointExtension>
        </extensions>
      </trkpt>
      <trkpt lat="44.5552996359765529632568359375" lon="-0.251402445137500762939453125">
        <ele>14.80000019073486328125</ele>
        <time>2025-09-01T14:17:18.000Z</time>
        <extensions>
          <ns3:TrackPointExtension>
            <ns3:atemp>25.0</ns3:atemp>
          </ns3:TrackPointExtension>
        </extensions>
      </trkpt>
      <trkpt lat="44.55527842976152896881103515625" lon="-0.25136816315352916717529296875">
        <ele>15.19999980926513671875</ele>
        <time>2025-09-01T14:17:19.000Z</time>
        <extensions>
          <ns3:TrackPointExtension>
            <ns3:atemp>25.0</ns3:atemp>
          </ns3:TrackPointExtension>
        </extensions>
      </trkpt>
      <trkpt lat="44.555258564651012420654296875" lon="-0.25132977403700351715087890625">
        <ele>15.3999996185302734375</ele>
        <time>2025-09-01T14:17:20.000Z</time>
        <extensions>
          <ns3:TrackPointExtension>
            <ns3:atemp>25.0</ns3:atemp>
          </ns3:TrackPointExtension>
        </extensions>
      </trkpt>
      <trkpt lat="44.55524087883532047271728515625" lon="-0.2512939833104610443115234375">
        <ele>15.6000003814697265625</ele>
        <time>2025-09-01T14:17:21.000Z</time>
        <extensions>
          <ns3:TrackPointExtension>
            <ns3:atemp>25.0</ns3:atemp>
          </ns3:TrackPointExtension>
        </extensions>
      </trkpt>
      <trkpt lat="44.55522243864834308624267578125" lon="-0.2512607909739017486572265625">
        <ele>15.6000003814697265625</ele>
        <time>2025-09-01T14:17:22.000Z</time>
        <extensions>
          <ns3:TrackPointExtension>
            <ns3:atemp>25.0</ns3:atemp>
          </ns3:TrackPointExtension>
        </extensions>
      </trkpt>
      <trkpt lat="44.5552040822803974151611328125" lon="-0.25123002938926219940185546875">
        <ele>15.80000019073486328125</ele>
        <time>2025-09-01T14:17:23.000Z</time>
        <extensions>
          <ns3:TrackPointExtension>
            <ns3:atemp>25.0</ns3:atemp>
          </ns3:TrackPointExtension>
        </extensions>
      </trkpt>
      <trkpt lat="44.555186815559864044189453125" lon="-0.25119666941463947296142578125">
        <ele>15.80000019073486328125</ele>
        <time>2025-09-01T14:17:24.000Z</time>
        <extensions>
          <ns3:TrackPointExtension>
            <ns3:atemp>25.0</ns3:atemp>
          </ns3:TrackPointExtension>
        </extensions>
      </trkpt>
      <trkpt lat="44.55516929738223552703857421875" lon="-0.2511649020016193389892578125">
        <ele>15.80000019073486328125</ele>
        <time>2025-09-01T14:17:25.000Z</time>
        <extensions>
          <ns3:TrackPointExtension>
            <ns3:atemp>25.0</ns3:atemp>
          </ns3:TrackPointExtension>
        </extensions>
      </trkpt>
      <trkpt lat="44.55515136010944843292236328125" lon="-0.25113162584602832794189453125">
        <ele>16</ele>
        <time>2025-09-01T14:17:26.000Z</time>
        <extensions>
          <ns3:TrackPointExtension>
            <ns3:atemp>25.0</ns3:atemp>
          </ns3:TrackPointExtension>
        </extensions>
      </trkpt>
      <trkpt lat="44.55513241700828075408935546875" lon="-0.25109709240496158599853515625">
        <ele>16</ele>
        <time>2025-09-01T14:17:27.000Z</time>
        <extensions>
          <ns3:TrackPointExtension>
            <ns3:atemp>25.0</ns3:atemp>
          </ns3:TrackPointExtension>
        </extensions>
      </trkpt>
      <trkpt lat="44.5551142282783985137939453125" lon="-0.25106121785938739776611328125">
        <ele>16</ele>
        <time>2025-09-01T14:17:28.000Z</time>
        <extensions>
          <ns3:TrackPointExtension>
            <ns3:atemp>25.0</ns3:atemp>
          </ns3:TrackPointExtension>
        </extensions>
      </trkpt>
      <trkpt lat="44.5550957880914211273193359375" lon="-0.25102249346673488616943359375">
        <ele>16</ele>
        <time>2025-09-01T14:17:29.000Z</time>
        <extensions>
          <ns3:TrackPointExtension>
            <ns3:atemp>25.0</ns3:atemp>
          </ns3:TrackPointExtension>
        </extensions>
      </trkpt>
      <trkpt lat="44.55507852137088775634765625" lon="-0.25098569691181182861328125">
        <ele>16.200000762939453125</ele>
        <time>2025-09-01T14:17:30.000Z</time>
        <extensions>
          <ns3:TrackPointExtension>
            <ns3:atemp>25.0</ns3:atemp>
          </ns3:TrackPointExtension>
        </extensions>
      </trkpt>
      <trkpt lat="44.55506469123065471649169921875" lon="-0.250948481261730194091796875">
        <ele>16.200000762939453125</ele>
        <time>2025-09-01T14:17:31.000Z</time>
        <extensions>
          <ns3:TrackPointExtension>
            <ns3:atemp>25.0</ns3:atemp>
          </ns3:TrackPointExtension>
        </extensions>
      </trkpt>
      <trkpt lat="44.555050022900104522705078125" lon="-0.2509152889251708984375">
        <ele>16.200000762939453125</ele>
        <time>2025-09-01T14:17:32.000Z</time>
        <extensions>
          <ns3:TrackPointExtension>
            <ns3:atemp>25.0</ns3:atemp>
          </ns3:TrackPointExtension>
        </extensions>
      </trkpt>
      <trkpt lat="44.55503468401730060577392578125" lon="-0.2508836053311824798583984375">
        <ele>16.3999996185302734375</ele>
        <time>2025-09-01T14:17:33.000Z</time>
        <extensions>
          <ns3:TrackPointExtension>
            <ns3:atemp>25.0</ns3:atemp>
          </ns3:TrackPointExtension>
        </extensions>
      </trkpt>
      <trkpt lat="44.55501557327806949615478515625" lon="-0.25085317902266979217529296875">
        <ele>16.3999996185302734375</ele>
        <time>2025-09-01T14:17:34.000Z</time>
        <extensions>
          <ns3:TrackPointExtension>
            <ns3:atemp>25.0</ns3:atemp>
          </ns3:TrackPointExtension>
        </extensions>
      </trkpt>
      <trkpt lat="44.55499512143433094024658203125" lon="-0.25082183070480823516845703125">
        <ele>16.3999996185302734375</ele>
        <time>2025-09-01T14:17:35.000Z</time>
        <extensions>
          <ns3:TrackPointExtension>
            <ns3:atemp>25.0</ns3:atemp>
          </ns3:TrackPointExtension>
        </extensions>
      </trkpt>
      <trkpt lat="44.55497399903833866119384765625" lon="-0.25079215876758098602294921875">
        <ele>16.3999996185302734375</ele>
        <time>2025-09-01T14:17:36.000Z</time>
        <extensions>
          <ns3:TrackPointExtension>
            <ns3:atemp>25.0</ns3:atemp>
          </ns3:TrackPointExtension>
        </extensions>
      </trkpt>
      <trkpt lat="44.55495472066104412078857421875" lon="-0.25075946934521198272705078125">
        <ele>16.3999996185302734375</ele>
        <time>2025-09-01T14:17:37.000Z</time>
        <extensions>
          <ns3:TrackPointExtension>
            <ns3:atemp>25.0</ns3:atemp>
          </ns3:TrackPointExtension>
        </extensions>
      </trkpt>
      <trkpt lat="44.55493745394051074981689453125" lon="-0.25072962976992130279541015625">
        <ele>16.6000003814697265625</ele>
        <time>2025-09-01T14:17:38.000Z</time>
        <extensions>
          <ns3:TrackPointExtension>
            <ns3:atemp>25.0</ns3:atemp>
          </ns3:TrackPointExtension>
        </extensions>
      </trkpt>
      <trkpt lat="44.55491960048675537109375" lon="-0.25069660507142543792724609375">
        <ele>16.6000003814697265625</ele>
        <time>2025-09-01T14:17:39.000Z</time>
        <extensions>
          <ns3:TrackPointExtension>
            <ns3:atemp>25.0</ns3:atemp>
          </ns3:TrackPointExtension>
        </extensions>
      </trkpt>
      <trkpt lat="44.5549019984900951385498046875" lon="-0.25066324509680271148681640625">
        <ele>16.6000003814697265625</ele>
        <time>2025-09-01T14:17:40.000Z</time>
        <extensions>
          <ns3:TrackPointExtension>
            <ns3:atemp>25.0</ns3:atemp>
          </ns3:TrackPointExtension>
        </extensions>
      </trkpt>
      <trkpt lat="44.55488540232181549072265625" lon="-0.25063105858862400054931640625">
        <ele>16.6000003814697265625</ele>
        <time>2025-09-01T14:17:41.000Z</time>
        <extensions>
          <ns3:TrackPointExtension>
            <ns3:atemp>25.0</ns3:atemp>
          </ns3:TrackPointExtension>
        </extensions>
      </trkpt>
      <trkpt lat="44.5548681356012821197509765625" lon="-0.250604152679443359375">
        <ele>16.6000003814697265625</ele>
        <time>2025-09-01T14:17:42.000Z</time>
        <extensions>
          <ns3:TrackPointExtension>
            <ns3:atemp>25.0</ns3:atemp>
          </ns3:TrackPointExtension>
        </extensions>
      </trkpt>
      <trkpt lat="44.5548507012426853179931640625" lon="-0.2505744807422161102294921875">
        <ele>16.6000003814697265625</ele>
        <time>2025-09-01T14:17:43.000Z</time>
        <extensions>
          <ns3:TrackPointExtension>
            <ns3:atemp>25.0</ns3:atemp>
          </ns3:TrackPointExtension>
        </extensions>
      </trkpt>
      <trkpt lat="44.5548325963318347930908203125" lon="-0.2505439706146717071533203125">
        <ele>16.3999996185302734375</ele>
        <time>2025-09-01T14:17:44.000Z</time>
        <extensions>
          <ns3:TrackPointExtension>
            <ns3:atemp>25.0</ns3:atemp>
          </ns3:TrackPointExtension>
        </extensions>
      </trkpt>
      <trkpt lat="44.55481139011681079864501953125" lon="-0.25051102973520755767822265625">
        <ele>16.6000003814697265625</ele>
        <time>2025-09-01T14:17:45.000Z</time>
        <extensions>
          <ns3:TrackPointExtension>
            <ns3:atemp>25.0</ns3:atemp>
          </ns3:TrackPointExtension>
        </extensions>
      </trkpt>
      <trkpt lat="44.554793536663055419921875" lon="-0.2504789270460605621337890625">
        <ele>16.6000003814697265625</ele>
        <time>2025-09-01T14:17:46.000Z</time>
        <extensions>
          <ns3:TrackPointExtension>
            <ns3:atemp>25.0</ns3:atemp>
          </ns3:TrackPointExtension>
        </extensions>
      </trkpt>
      <trkpt lat="44.55477501265704631805419921875" lon="-0.25044648908078670501708984375">
        <ele>16.799999237060546875</ele>
        <time>2025-09-01T14:17:47.000Z</time>
        <extensions>
          <ns3:TrackPointExtension>
            <ns3:atemp>25.0</ns3:atemp>
          </ns3:TrackPointExtension>
        </extensions>
      </trkpt>
      <trkpt lat="44.5547538064420223236083984375" lon="-0.25041648186743259429931640625">
        <ele>17</ele>
        <time>2025-09-01T14:17:48.000Z</time>
        <extensions>
          <ns3:TrackPointExtension>
            <ns3:atemp>25.0</ns3:atemp>
          </ns3:TrackPointExtension>
        </extensions>
      </trkpt>
      <trkpt lat="44.55473595298826694488525390625" lon="-0.25038546882569789886474609375">
        <ele>17.200000762939453125</ele>
        <time>2025-09-01T14:17:49.000Z</time>
        <extensions>
          <ns3:TrackPointExtension>
            <ns3:atemp>25.0</ns3:atemp>
          </ns3:TrackPointExtension>
        </extensions>
      </trkpt>
      <trkpt lat="44.55471508204936981201171875" lon="-0.25035202503204345703125">
        <ele>17.3999996185302734375</ele>
        <time>2025-09-01T14:17:50.000Z</time>
        <extensions>
          <ns3:TrackPointExtension>
            <ns3:atemp>25.0</ns3:atemp>
          </ns3:TrackPointExtension>
        </extensions>
      </trkpt>
      <trkpt lat="44.5546937920153141021728515625" lon="-0.25031975470483303070068359375">
        <ele>17.6000003814697265625</ele>
        <time>2025-09-01T14:17:51.000Z</time>
        <extensions>
          <ns3:TrackPointExtension>
            <ns3:atemp>25.0</ns3:atemp>
          </ns3:TrackPointExtension>
        </extensions>
      </trkpt>
      <trkpt lat="44.55467124469578266143798828125" lon="-0.25028404779732227325439453125">
        <ele>17.6000003814697265625</ele>
        <time>2025-09-01T14:17:52.000Z</time>
        <extensions>
          <ns3:TrackPointExtension>
            <ns3:atemp>25.0</ns3:atemp>
          </ns3:TrackPointExtension>
        </extensions>
      </trkpt>
      <trkpt lat="44.55464844591915607452392578125" lon="-0.2502512745559215545654296875">
        <ele>17.799999237060546875</ele>
        <time>2025-09-01T14:17:53.000Z</time>
        <extensions>
          <ns3:TrackPointExtension>
            <ns3:atemp>25.0</ns3:atemp>
          </ns3:TrackPointExtension>
        </extensions>
      </trkpt>
      <trkpt lat="44.55462992191314697265625" lon="-0.25021699257194995880126953125">
        <ele>18</ele>
        <time>2025-09-01T14:17:54.000Z</time>
        <extensions>
          <ns3:TrackPointExtension>
            <ns3:atemp>25.0</ns3:atemp>
          </ns3:TrackPointExtension>
        </extensions>
      </trkpt>
      <trkpt lat="44.55460905097424983978271484375" lon="-0.25018346495926380157470703125">
        <ele>18</ele>
        <time>2025-09-01T14:17:55.000Z</time>
        <extensions>
          <ns3:TrackPointExtension>
            <ns3:atemp>25.0</ns3:atemp>
          </ns3:TrackPointExtension>
        </extensions>
      </trkpt>
      <trkpt lat="44.55458591692149639129638671875" lon="-0.2501496858894824981689453125">
        <ele>18</ele>
        <time>2025-09-01T14:17:56.000Z</time>
        <extensions>
          <ns3:TrackPointExtension>
            <ns3:atemp>25.0</ns3:atemp>
          </ns3:TrackPointExtension>
        </extensions>
      </trkpt>
      <trkpt lat="44.5545643754303455352783203125" lon="-0.25011976249516010284423828125">
        <ele>18</ele>
        <time>2025-09-01T14:17:57.000Z</time>
        <extensions>
          <ns3:TrackPointExtension>
            <ns3:atemp>25.0</ns3:atemp>
          </ns3:TrackPointExtension>
        </extensions>
      </trkpt>
      <trkpt lat="44.55454501323401927947998046875" lon="-0.2500903420150279998779296875">
        <ele>18</ele>
        <time>2025-09-01T14:17:58.000Z</time>
        <extensions>
          <ns3:TrackPointExtension>
            <ns3:atemp>25.0</ns3:atemp>
          </ns3:TrackPointExtension>
        </extensions>
      </trkpt>
      <trkpt lat="44.5545258186757564544677734375" lon="-0.2500625140964984893798828125">
        <ele>18</ele>
        <time>2025-09-01T14:17:59.000Z</time>
        <extensions>
          <ns3:TrackPointExtension>
            <ns3:atemp>25.0</ns3:atemp>
          </ns3:TrackPointExtension>
        </extensions>
      </trkpt>
      <trkpt lat="44.55450310371816158294677734375" lon="-0.25003510527312755584716796875">
        <ele>18.200000762939453125</ele>
        <time>2025-09-01T14:18:00.000Z</time>
        <extensions>
          <ns3:TrackPointExtension>
            <ns3:atemp>25.0</ns3:atemp>
          </ns3:TrackPointExtension>
        </extensions>
      </trkpt>
      <trkpt lat="44.55448030494153499603271484375" lon="-0.2500065229833126068115234375">
        <ele>18.200000762939453125</ele>
        <time>2025-09-01T14:18:01.000Z</time>
        <extensions>
          <ns3:TrackPointExtension>
            <ns3:atemp>25.0</ns3:atemp>
          </ns3:TrackPointExtension>
        </extensions>
      </trkpt>
      <trkpt lat="44.5544574223458766937255859375" lon="-0.24997760541737079620361328125">
        <ele>18</ele>
        <time>2025-09-01T14:18:02.000Z</time>
        <extensions>
          <ns3:TrackPointExtension>
            <ns3:atemp>25.0</ns3:atemp>
          </ns3:TrackPointExtension>
        </extensions>
      </trkpt>
      <trkpt lat="44.55443537794053554534912109375" lon="-0.24994994513690471649169921875">
        <ele>18</ele>
        <time>2025-09-01T14:18:03.000Z</time>
        <extensions>
          <ns3:TrackPointExtension>
            <ns3:atemp>25.0</ns3:atemp>
          </ns3:TrackPointExtension>
        </extensions>
      </trkpt>
      <trkpt lat="44.55441073514521121978759765625" lon="-0.2499287389218807220458984375">
        <ele>18</ele>
        <time>2025-09-01T14:18:04.000Z</time>
        <extensions>
          <ns3:TrackPointExtension>
            <ns3:atemp>25.0</ns3:atemp>
          </ns3:TrackPointExtension>
        </extensions>
      </trkpt>
      <trkpt lat="44.55438458360731601715087890625" lon="-0.249905772507190704345703125">
        <ele>18</ele>
        <time>2025-09-01T14:18:05.000Z</time>
        <extensions>
          <ns3:TrackPointExtension>
            <ns3:atemp>25.0</ns3:atemp>
          </ns3:TrackPointExtension>
        </extensions>
      </trkpt>
      <trkpt lat="44.55435910262167453765869140625" lon="-0.249881632626056671142578125">
        <ele>18</ele>
        <time>2025-09-01T14:18:06.000Z</time>
        <extensions>
          <ns3:TrackPointExtension>
            <ns3:atemp>25.0</ns3:atemp>
          </ns3:TrackPointExtension>
        </extensions>
      </trkpt>
      <trkpt lat="44.55433479510247707366943359375" lon="-0.24985472671687602996826171875">
        <ele>18.200000762939453125</ele>
        <time>2025-09-01T14:18:07.000Z</time>
        <extensions>
          <ns3:TrackPointExtension>
            <ns3:atemp>25.0</ns3:atemp>
          </ns3:TrackPointExtension>
        </extensions>
      </trkpt>
      <trkpt lat="44.55430780537426471710205078125" lon="-0.24983075447380542755126953125">
        <ele>18.200000762939453125</ele>
        <time>2025-09-01T14:18:08.000Z</time>
        <extensions>
          <ns3:TrackPointExtension>
            <ns3:atemp>25.0</ns3:atemp>
          </ns3:TrackPointExtension>
        </extensions>
      </trkpt>
      <trkpt lat="44.55428064800798892974853515625" lon="-0.2498090453445911407470703125">
        <ele>18.200000762939453125</ele>
        <time>2025-09-01T14:18:09.000Z</time>
        <extensions>
          <ns3:TrackPointExtension>
            <ns3:atemp>25.0</ns3:atemp>
          </ns3:TrackPointExtension>
        </extensions>
      </trkpt>
      <trkpt lat="44.55425499938428401947021484375" lon="-0.2497879229485988616943359375">
        <ele>18.200000762939453125</ele>
        <time>2025-09-01T14:18:10.000Z</time>
        <extensions>
          <ns3:TrackPointExtension>
            <ns3:atemp>25.0</ns3:atemp>
          </ns3:TrackPointExtension>
        </extensions>
      </trkpt>
      <trkpt lat="44.5542277581989765167236328125" lon="-0.2497657947242259979248046875">
        <ele>18.200000762939453125</ele>
        <time>2025-09-01T14:18:11.000Z</time>
        <extensions>
          <ns3:TrackPointExtension>
            <ns3:atemp>25.0</ns3:atemp>
          </ns3:TrackPointExtension>
        </extensions>
      </trkpt>
      <trkpt lat="44.5542022772133350372314453125" lon="-0.24974475614726543426513671875">
        <ele>18.200000762939453125</ele>
        <time>2025-09-01T14:18:12.000Z</time>
        <extensions>
          <ns3:TrackPointExtension>
            <ns3:atemp>25.0</ns3:atemp>
          </ns3:TrackPointExtension>
        </extensions>
      </trkpt>
      <trkpt lat="44.55417721532285213470458984375" lon="-0.249726735055446624755859375">
        <ele>18.3999996185302734375</ele>
        <time>2025-09-01T14:18:13.000Z</time>
        <extensions>
          <ns3:TrackPointExtension>
            <ns3:atemp>25.0</ns3:atemp>
          </ns3:TrackPointExtension>
        </extensions>
      </trkpt>
      <trkpt lat="44.55415022559463977813720703125" lon="-0.2497014217078685760498046875">
        <ele>18.3999996185302734375</ele>
        <time>2025-09-01T14:18:14.000Z</time>
        <extensions>
          <ns3:TrackPointExtension>
            <ns3:atemp>25.0</ns3:atemp>
          </ns3:TrackPointExtension>
        </extensions>
      </trkpt>
      <trkpt lat="44.55412507988512516021728515625" lon="-0.249674431979656219482421875">
        <ele>18.6000003814697265625</ele>
        <time>2025-09-01T14:18:15.000Z</time>
        <extensions>
          <ns3:TrackPointExtension>
            <ns3:atemp>25.0</ns3:atemp>
          </ns3:TrackPointExtension>
        </extensions>
      </trkpt>
      <trkpt lat="44.5540983416140079498291015625" lon="-0.2496447600424289703369140625">
        <ele>18.6000003814697265625</ele>
        <time>2025-09-01T14:18:16.000Z</time>
        <extensions>
          <ns3:TrackPointExtension>
            <ns3:atemp>25.0</ns3:atemp>
          </ns3:TrackPointExtension>
        </extensions>
      </trkpt>
      <trkpt lat="44.5540706813335418701171875" lon="-0.249614752829074859619140625">
        <ele>18.6000003814697265625</ele>
        <time>2025-09-01T14:18:17.000Z</time>
        <extensions>
          <ns3:TrackPointExtension>
            <ns3:atemp>25.0</ns3:atemp>
          </ns3:TrackPointExtension>
        </extensions>
      </trkpt>
      <trkpt lat="44.5540436916053295135498046875" lon="-0.2495835721492767333984375">
        <ele>18.6000003814697265625</ele>
        <time>2025-09-01T14:18:18.000Z</time>
        <extensions>
          <ns3:TrackPointExtension>
            <ns3:atemp>25.0</ns3:atemp>
          </ns3:TrackPointExtension>
        </extensions>
      </trkpt>
      <trkpt lat="44.55401678569614887237548828125" lon="-0.2495549060404300689697265625">
        <ele>18.6000003814697265625</ele>
        <time>2025-09-01T14:18:19.000Z</time>
        <extensions>
          <ns3:TrackPointExtension>
            <ns3:atemp>25.0</ns3:atemp>
          </ns3:TrackPointExtension>
        </extensions>
      </trkpt>
      <trkpt lat="44.5539903827011585235595703125" lon="-0.24952255189418792724609375">
        <ele>18.6000003814697265625</ele>
        <time>2025-09-01T14:18:20.000Z</time>
        <extensions>
          <ns3:TrackPointExtension>
            <ns3:atemp>25.0</ns3:atemp>
          </ns3:TrackPointExtension>
        </extensions>
      </trkpt>
      <trkpt lat="44.553965739905834197998046875" lon="-0.24948826991021633148193359375">
        <ele>18.799999237060546875</ele>
        <time>2025-09-01T14:18:21.000Z</time>
        <extensions>
          <ns3:TrackPointExtension>
            <ns3:atemp>25.0</ns3:atemp>
          </ns3:TrackPointExtension>
        </extensions>
      </trkpt>
      <trkpt lat="44.55394151620566844940185546875" lon="-0.24945490993559360504150390625">
        <ele>19</ele>
        <time>2025-09-01T14:18:22.000Z</time>
        <extensions>
          <ns3:TrackPointExtension>
            <ns3:atemp>25.0</ns3:atemp>
          </ns3:TrackPointExtension>
        </extensions>
      </trkpt>
      <trkpt lat="44.5539159514009952545166015625" lon="-0.2494214661419391632080078125">
        <ele>19</ele>
        <time>2025-09-01T14:18:23.000Z</time>
        <extensions>
          <ns3:TrackPointExtension>
            <ns3:atemp>25.0</ns3:atemp>
          </ns3:TrackPointExtension>
        </extensions>
      </trkpt>
      <trkpt lat="44.55389323644340038299560546875" lon="-0.249385423958301544189453125">
        <ele>19</ele>
        <time>2025-09-01T14:18:24.000Z</time>
        <extensions>
          <ns3:TrackPointExtension>
            <ns3:atemp>25.0</ns3:atemp>
          </ns3:TrackPointExtension>
        </extensions>
      </trkpt>
      <trkpt lat="44.55387094058096408843994140625" lon="-0.24934963323175907135009765625">
        <ele>18.799999237060546875</ele>
        <time>2025-09-01T14:18:25.000Z</time>
        <extensions>
          <ns3:TrackPointExtension>
            <ns3:atemp>25.0</ns3:atemp>
          </ns3:TrackPointExtension>
        </extensions>
      </trkpt>
      <trkpt lat="44.5538499020040035247802734375" lon="-0.249314345419406890869140625">
        <ele>18.799999237060546875</ele>
        <time>2025-09-01T14:18:26.000Z</time>
        <extensions>
          <ns3:TrackPointExtension>
            <ns3:atemp>25.0</ns3:atemp>
          </ns3:TrackPointExtension>
        </extensions>
      </trkpt>
      <trkpt lat="44.5538348145782947540283203125" lon="-0.24929095990955829620361328125">
        <ele>18.6000003814697265625</ele>
        <time>2025-09-01T14:18:27.000Z</time>
        <extensions>
          <ns3:TrackPointExtension>
            <ns3:atemp>25.0</ns3:atemp>
          </ns3:TrackPointExtension>
        </extensions>
      </trkpt>
      <trkpt lat="44.5538203977048397064208984375" lon="-0.24926950223743915557861328125">
        <ele>18.3999996185302734375</ele>
        <time>2025-09-01T14:18:28.000Z</time>
        <extensions>
          <ns3:TrackPointExtension>
            <ns3:atemp>25.0</ns3:atemp>
          </ns3:TrackPointExtension>
        </extensions>
      </trkpt>
      <trkpt lat="44.55380891449749469757080078125" lon="-0.2492538280785083770751953125">
        <ele>18.3999996185302734375</ele>
        <time>2025-09-01T14:18:29.000Z</time>
        <extensions>
          <ns3:TrackPointExtension>
            <ns3:atemp>25.0</ns3:atemp>
          </ns3:TrackPointExtension>
        </extensions>
      </trkpt>
      <trkpt lat="44.5538039691746234893798828125" lon="-0.24924226105213165283203125">
        <ele>18.3999996185302734375</ele>
        <time>2025-09-01T14:18:30.000Z</time>
        <extensions>
          <ns3:TrackPointExtension>
            <ns3:atemp>25.0</ns3:atemp>
          </ns3:TrackPointExtension>
        </extensions>
      </trkpt>
      <trkpt lat="44.5538026280701160430908203125" lon="-0.2492370642721652984619140625">
        <ele>18.6000003814697265625</ele>
        <time>2025-09-01T14:18:31.000Z</time>
        <extensions>
          <ns3:TrackPointExtension>
            <ns3:atemp>25.0</ns3:atemp>
          </ns3:TrackPointExtension>
        </extensions>
      </trkpt>
      <trkpt lat="44.5538026280701160430908203125" lon="-0.2492370642721652984619140625">
        <ele>18.6000003814697265625</ele>
        <time>2025-09-01T14:18:32.000Z</time>
        <extensions>
          <ns3:TrackPointExtension>
            <ns3:atemp>25.0</ns3:atemp>
          </ns3:TrackPointExtension>
        </extensions>
      </trkpt>
      <trkpt lat="44.5538026280701160430908203125" lon="-0.2492370642721652984619140625">
        <ele>18.6000003814697265625</ele>
        <time>2025-09-01T14:18:33.000Z</time>
        <extensions>
          <ns3:TrackPointExtension>
            <ns3:atemp>25.0</ns3:atemp>
          </ns3:TrackPointExtension>
        </extensions>
      </trkpt>
      <trkpt lat="44.5538026280701160430908203125" lon="-0.2492370642721652984619140625">
        <ele>18.6000003814697265625</ele>
        <time>2025-09-01T14:18:34.000Z</time>
        <extensions>
          <ns3:TrackPointExtension>
            <ns3:atemp>25.0</ns3:atemp>
          </ns3:TrackPointExtension>
        </extensions>
      </trkpt>
      <trkpt lat="44.5538026280701160430908203125" lon="-0.2492370642721652984619140625">
        <ele>18.6000003814697265625</ele>
        <time>2025-09-01T14:18:35.000Z</time>
        <extensions>
          <ns3:TrackPointExtension>
            <ns3:atemp>25.0</ns3:atemp>
          </ns3:TrackPointExtension>
        </extensions>
      </trkpt>
      <trkpt lat="44.5538026280701160430908203125" lon="-0.2492370642721652984619140625">
        <ele>18.6000003814697265625</ele>
        <time>2025-09-01T14:18:36.000Z</time>
        <extensions>
          <ns3:TrackPointExtension>
            <ns3:atemp>25.0</ns3:atemp>
          </ns3:TrackPointExtension>
        </extensions>
      </trkpt>
      <trkpt lat="44.5538026280701160430908203125" lon="-0.2492370642721652984619140625">
        <ele>18.6000003814697265625</ele>
        <time>2025-09-01T14:18:37.000Z</time>
        <extensions>
          <ns3:TrackPointExtension>
            <ns3:atemp>25.0</ns3:atemp>
          </ns3:TrackPointExtension>
        </extensions>
      </trkpt>
      <trkpt lat="44.5538026280701160430908203125" lon="-0.2492370642721652984619140625">
        <ele>18.799999237060546875</ele>
        <time>2025-09-01T14:18:38.000Z</time>
        <extensions>
          <ns3:TrackPointExtension>
            <ns3:atemp>25.0</ns3:atemp>
          </ns3:TrackPointExtension>
        </extensions>
      </trkpt>
      <trkpt lat="44.55380254425108432769775390625" lon="-0.24923614226281642913818359375">
        <ele>18.799999237060546875</ele>
        <time>2025-09-01T14:18:39.000Z</time>
        <extensions>
          <ns3:TrackPointExtension>
            <ns3:atemp>25.0</ns3:atemp>
          </ns3:TrackPointExtension>
        </extensions>
      </trkpt>
      <trkpt lat="44.55379131250083446502685546875" lon="-0.24921217001974582672119140625">
        <ele>18.799999237060546875</ele>
        <time>2025-09-01T14:18:40.000Z</time>
        <extensions>
          <ns3:TrackPointExtension>
            <ns3:atemp>25.0</ns3:atemp>
          </ns3:TrackPointExtension>
        </extensions>
      </trkpt>
      <trkpt lat="44.55378008075058460235595703125" lon="-0.24919456802308559417724609375">
        <ele>18.799999237060546875</ele>
        <time>2025-09-01T14:18:41.000Z</time>
        <extensions>
          <ns3:TrackPointExtension>
            <ns3:atemp>25.0</ns3:atemp>
          </ns3:TrackPointExtension>
        </extensions>
      </trkpt>
      <trkpt lat="44.5537664182484149932861328125" lon="-0.24917445145547389984130859375">
        <ele>18.799999237060546875</ele>
        <time>2025-09-01T14:18:42.000Z</time>
        <extensions>
          <ns3:TrackPointExtension>
            <ns3:atemp>25.0</ns3:atemp>
          </ns3:TrackPointExtension>
        </extensions>
      </trkpt>
      <trkpt lat="44.55374973826110363006591796875" lon="-0.2491529099643230438232421875">
        <ele>18.799999237060546875</ele>
        <time>2025-09-01T14:18:43.000Z</time>
        <extensions>
          <ns3:TrackPointExtension>
            <ns3:atemp>25.0</ns3:atemp>
          </ns3:TrackPointExtension>
        </extensions>
      </trkpt>
      <trkpt lat="44.55373247154057025909423828125" lon="-0.2491222321987152099609375">
        <ele>18.6000003814697265625</ele>
        <time>2025-09-01T14:18:44.000Z</time>
        <extensions>
          <ns3:TrackPointExtension>
            <ns3:atemp>25.0</ns3:atemp>
          </ns3:TrackPointExtension>
        </extensions>
      </trkpt>
      <trkpt lat="44.55371604301035404205322265625" lon="-0.24909147061407566070556640625">
        <ele>18.6000003814697265625</ele>
        <time>2025-09-01T14:18:45.000Z</time>
        <extensions>
          <ns3:TrackPointExtension>
            <ns3:atemp>25.0</ns3:atemp>
          </ns3:TrackPointExtension>
        </extensions>
      </trkpt>
      <trkpt lat="44.55369793809950351715087890625" lon="-0.2490576915442943572998046875">
        <ele>18.3999996185302734375</ele>
        <time>2025-09-01T14:18:46.000Z</time>
        <extensions>
          <ns3:TrackPointExtension>
            <ns3:atemp>25.0</ns3:atemp>
          </ns3:TrackPointExtension>
        </extensions>
      </trkpt>
      <trkpt lat="44.55368511378765106201171875" lon="-0.249023996293544769287109375">
        <ele>18.200000762939453125</ele>
        <time>2025-09-01T14:18:47.000Z</time>
        <extensions>
          <ns3:TrackPointExtension>
            <ns3:atemp>25.0</ns3:atemp>
          </ns3:TrackPointExtension>
        </extensions>
      </trkpt>
      <trkpt lat="44.55367078073322772979736328125" lon="-0.24898745119571685791015625">
        <ele>18.200000762939453125</ele>
        <time>2025-09-01T14:18:48.000Z</time>
        <extensions>
          <ns3:TrackPointExtension>
            <ns3:atemp>25.0</ns3:atemp>
          </ns3:TrackPointExtension>
        </extensions>
      </trkpt>
      <trkpt lat="44.55365720205008983612060546875" lon="-0.24894914589822292327880859375">
        <ele>18.200000762939453125</ele>
        <time>2025-09-01T14:18:49.000Z</time>
        <extensions>
          <ns3:TrackPointExtension>
            <ns3:atemp>25.0</ns3:atemp>
          </ns3:TrackPointExtension>
        </extensions>
      </trkpt>
      <trkpt lat="44.553645551204681396484375" lon="-0.24890606291592121124267578125">
        <ele>18</ele>
        <time>2025-09-01T14:18:50.000Z</time>
        <extensions>
          <ns3:TrackPointExtension>
            <ns3:atemp>25.0</ns3:atemp>
          </ns3:TrackPointExtension>
        </extensions>
      </trkpt>
      <trkpt lat="44.55363172106444835662841796875" lon="-0.2488625608384609222412109375">
        <ele>18.200000762939453125</ele>
        <time>2025-09-01T14:18:51.000Z</time>
        <extensions>
          <ns3:TrackPointExtension>
            <ns3:atemp>25.0</ns3:atemp>
          </ns3:TrackPointExtension>
        </extensions>
      </trkpt>
      <trkpt lat="44.55362032167613506317138671875" lon="-0.2488196454942226409912109375">
        <ele>18.200000762939453125</ele>
        <time>2025-09-01T14:18:52.000Z</time>
        <extensions>
          <ns3:TrackPointExtension>
            <ns3:atemp>25.0</ns3:atemp>
          </ns3:TrackPointExtension>
        </extensions>
      </trkpt>
      <trkpt lat="44.5536108501255512237548828125" lon="-0.24878201074898242950439453125">
        <ele>18.200000762939453125</ele>
        <time>2025-09-01T14:18:53.000Z</time>
        <extensions>
          <ns3:TrackPointExtension>
            <ns3:atemp>25.0</ns3:atemp>
          </ns3:TrackPointExtension>
        </extensions>
      </trkpt>
      <trkpt lat="44.55360070802271366119384765625" lon="-0.248743034899234771728515625">
        <ele>18</ele>
        <time>2025-09-01T14:18:54.000Z</time>
        <extensions>
          <ns3:TrackPointExtension>
            <ns3:atemp>25.0</ns3:atemp>
          </ns3:TrackPointExtension>
        </extensions>
      </trkpt>
      <trkpt lat="44.5535890571773052215576171875" lon="-0.24869852699339389801025390625">
        <ele>18</ele>
        <time>2025-09-01T14:18:55.000Z</time>
        <extensions>
          <ns3:TrackPointExtension>
            <ns3:atemp>25.0</ns3:atemp>
          </ns3:TrackPointExtension>
        </extensions>
      </trkpt>
      <trkpt lat="44.55357640050351619720458984375" lon="-0.24865192361176013946533203125">
        <ele>18</ele>
        <time>2025-09-01T14:18:56.000Z</time>
        <extensions>
          <ns3:TrackPointExtension>
            <ns3:atemp>25.0</ns3:atemp>
          </ns3:TrackPointExtension>
        </extensions>
      </trkpt>
      <trkpt lat="44.5535632409155368804931640625" lon="-0.2486040629446506500244140625">
        <ele>17.799999237060546875</ele>
        <time>2025-09-01T14:18:57.000Z</time>
        <extensions>
          <ns3:TrackPointExtension>
            <ns3:atemp>25.0</ns3:atemp>
          </ns3:TrackPointExtension>
        </extensions>
      </trkpt>
      <trkpt lat="44.55354966223239898681640625" lon="-0.2485571242868900299072265625">
        <ele>17.799999237060546875</ele>
        <time>2025-09-01T14:18:58.000Z</time>
        <extensions>
          <ns3:TrackPointExtension>
            <ns3:atemp>25.0</ns3:atemp>
          </ns3:TrackPointExtension>
        </extensions>
      </trkpt>
      <trkpt lat="44.553535915911197662353515625" lon="-0.24851270020008087158203125">
        <ele>17.799999237060546875</ele>
        <time>2025-09-01T14:18:59.000Z</time>
        <extensions>
          <ns3:TrackPointExtension>
            <ns3:atemp>25.0</ns3:atemp>
          </ns3:TrackPointExtension>
        </extensions>
      </trkpt>
      <trkpt lat="44.55352812074124813079833984375" lon="-0.24847892113029956817626953125">
        <ele>17.6000003814697265625</ele>
        <time>2025-09-01T14:19:00.000Z</time>
        <extensions>
          <ns3:TrackPointExtension>
            <ns3:atemp>25.0</ns3:atemp>
          </ns3:TrackPointExtension>
        </extensions>
      </trkpt>
      <trkpt lat="44.55352284014225006103515625" lon="-0.2484595589339733123779296875">
        <ele>17.3999996185302734375</ele>
        <time>2025-09-01T14:19:01.000Z</time>
        <extensions>
          <ns3:TrackPointExtension>
            <ns3:atemp>25.0</ns3:atemp>
          </ns3:TrackPointExtension>
        </extensions>
      </trkpt>
      <trkpt lat="44.5535235106945037841796875" lon="-0.2484572120010852813720703125">
        <ele>17.3999996185302734375</ele>
        <time>2025-09-01T14:19:02.000Z</time>
        <extensions>
          <ns3:TrackPointExtension>
            <ns3:atemp>25.0</ns3:atemp>
          </ns3:TrackPointExtension>
        </extensions>
      </trkpt>
      <trkpt lat="44.553520493209362030029296875" lon="-0.248455703258514404296875">
        <ele>17.200000762939453125</ele>
        <time>2025-09-01T14:19:03.000Z</time>
        <extensions>
          <ns3:TrackPointExtension>
            <ns3:atemp>25.0</ns3:atemp>
          </ns3:TrackPointExtension>
        </extensions>
      </trkpt>
      <trkpt lat="44.553520493209362030029296875" lon="-0.248455703258514404296875">
        <ele>17</ele>
        <time>2025-09-01T14:19:04.000Z</time>
        <extensions>
          <ns3:TrackPointExtension>
            <ns3:atemp>25.0</ns3:atemp>
          </ns3:TrackPointExtension>
        </extensions>
      </trkpt>
      <trkpt lat="44.553520493209362030029296875" lon="-0.248455703258514404296875">
        <ele>17</ele>
        <time>2025-09-01T14:19:05.000Z</time>
        <extensions>
          <ns3:TrackPointExtension>
            <ns3:atemp>25.0</ns3:atemp>
          </ns3:TrackPointExtension>
        </extensions>
      </trkpt>
      <trkpt lat="44.553520493209362030029296875" lon="-0.248455703258514404296875">
        <ele>17</ele>
        <time>2025-09-01T14:19:06.000Z</time>
        <extensions>
          <ns3:TrackPointExtension>
            <ns3:atemp>25.0</ns3:atemp>
          </ns3:TrackPointExtension>
        </extensions>
      </trkpt>
      <trkpt lat="44.553520493209362030029296875" lon="-0.248455703258514404296875">
        <ele>17</ele>
        <time>2025-09-01T14:19:07.000Z</time>
        <extensions>
          <ns3:TrackPointExtension>
            <ns3:atemp>25.0</ns3:atemp>
          </ns3:TrackPointExtension>
        </extensions>
      </trkpt>
      <trkpt lat="44.553520493209362030029296875" lon="-0.248455703258514404296875">
        <ele>17</ele>
        <time>2025-09-01T14:19:08.000Z</time>
        <extensions>
          <ns3:TrackPointExtension>
            <ns3:atemp>25.0</ns3:atemp>
          </ns3:TrackPointExtension>
        </extensions>
      </trkpt>
      <trkpt lat="44.553520493209362030029296875" lon="-0.248455703258514404296875">
        <ele>17</ele>
        <time>2025-09-01T14:19:09.000Z</time>
        <extensions>
          <ns3:TrackPointExtension>
            <ns3:atemp>25.0</ns3:atemp>
          </ns3:TrackPointExtension>
        </extensions>
      </trkpt>
      <trkpt lat="44.553520493209362030029296875" lon="-0.248455703258514404296875">
        <ele>17</ele>
        <time>2025-09-01T14:19:10.000Z</time>
        <extensions>
          <ns3:TrackPointExtension>
            <ns3:atemp>25.0</ns3:atemp>
          </ns3:TrackPointExtension>
        </extensions>
      </trkpt>
      <trkpt lat="44.553520493209362030029296875" lon="-0.248455703258514404296875">
        <ele>17</ele>
        <time>2025-09-01T14:19:11.000Z</time>
        <extensions>
          <ns3:TrackPointExtension>
            <ns3:atemp>25.0</ns3:atemp>
          </ns3:TrackPointExtension>
        </extensions>
      </trkpt>
      <trkpt lat="44.553520493209362030029296875" lon="-0.248455703258514404296875">
        <ele>17</ele>
        <time>2025-09-01T14:19:12.000Z</time>
        <extensions>
          <ns3:TrackPointExtension>
            <ns3:atemp>25.0</ns3:atemp>
          </ns3:TrackPointExtension>
        </extensions>
      </trkpt>
      <trkpt lat="44.553520493209362030029296875" lon="-0.248455703258514404296875">
        <ele>17</ele>
        <time>2025-09-01T14:19:13.000Z</time>
        <extensions>
          <ns3:TrackPointExtension>
            <ns3:atemp>25.0</ns3:atemp>
          </ns3:TrackPointExtension>
        </extensions>
      </trkpt>
      <trkpt lat="44.553520493209362030029296875" lon="-0.248455703258514404296875">
        <ele>17</ele>
        <time>2025-09-01T14:19:14.000Z</time>
        <extensions>
          <ns3:TrackPointExtension>
            <ns3:atemp>25.0</ns3:atemp>
          </ns3:TrackPointExtension>
        </extensions>
      </trkpt>
      <trkpt lat="44.553520493209362030029296875" lon="-0.248455703258514404296875">
        <ele>17</ele>
        <time>2025-09-01T14:19:15.000Z</time>
        <extensions>
          <ns3:TrackPointExtension>
            <ns3:atemp>25.0</ns3:atemp>
          </ns3:TrackPointExtension>
        </extensions>
      </trkpt>
      <trkpt lat="44.553520493209362030029296875" lon="-0.248455703258514404296875">
        <ele>17</ele>
        <time>2025-09-01T14:19:16.000Z</time>
        <extensions>
          <ns3:TrackPointExtension>
            <ns3:atemp>25.0</ns3:atemp>
          </ns3:TrackPointExtension>
        </extensions>
      </trkpt>
      <trkpt lat="44.553520493209362030029296875" lon="-0.248455703258514404296875">
        <ele>17</ele>
        <time>2025-09-01T14:19:17.000Z</time>
        <extensions>
          <ns3:TrackPointExtension>
            <ns3:atemp>25.0</ns3:atemp>
          </ns3:TrackPointExtension>
        </extensions>
      </trkpt>
      <trkpt lat="44.553520493209362030029296875" lon="-0.248455703258514404296875">
        <ele>16.799999237060546875</ele>
        <time>2025-09-01T14:19:18.000Z</time>
        <extensions>
          <ns3:TrackPointExtension>
            <ns3:atemp>25.0</ns3:atemp>
          </ns3:TrackPointExtension>
        </extensions>
      </trkpt>
      <trkpt lat="44.553520493209362030029296875" lon="-0.248455703258514404296875">
        <ele>16.799999237060546875</ele>
        <time>2025-09-01T14:19:19.000Z</time>
        <extensions>
          <ns3:TrackPointExtension>
            <ns3:atemp>25.0</ns3:atemp>
          </ns3:TrackPointExtension>
        </extensions>
      </trkpt>
      <trkpt lat="44.553520493209362030029296875" lon="-0.248455703258514404296875">
        <ele>16.799999237060546875</ele>
        <time>2025-09-01T14:19:20.000Z</time>
        <extensions>
          <ns3:TrackPointExtension>
            <ns3:atemp>25.0</ns3:atemp>
          </ns3:TrackPointExtension>
        </extensions>
      </trkpt>
      <trkpt lat="44.553520493209362030029296875" lon="-0.248455703258514404296875">
        <ele>16.799999237060546875</ele>
        <time>2025-09-01T14:19:21.000Z</time>
        <extensions>
          <ns3:TrackPointExtension>
            <ns3:atemp>25.0</ns3:atemp>
          </ns3:TrackPointExtension>
        </extensions>
      </trkpt>
      <trkpt lat="44.553520493209362030029296875" lon="-0.248455703258514404296875">
        <ele>16.799999237060546875</ele>
        <time>2025-09-01T14:19:22.000Z</time>
        <extensions>
          <ns3:TrackPointExtension>
            <ns3:atemp>25.0</ns3:atemp>
          </ns3:TrackPointExtension>
        </extensions>
      </trkpt>
      <trkpt lat="44.553520493209362030029296875" lon="-0.248455703258514404296875">
        <ele>16.799999237060546875</ele>
        <time>2025-09-01T14:19:23.000Z</time>
        <extensions>
          <ns3:TrackPointExtension>
            <ns3:atemp>25.0</ns3:atemp>
          </ns3:TrackPointExtension>
        </extensions>
      </trkpt>
      <trkpt lat="44.553521834313869476318359375" lon="-0.2484521828591823577880859375">
        <ele>16.799999237060546875</ele>
        <time>2025-09-01T14:19:24.000Z</time>
        <extensions>
          <ns3:TrackPointExtension>
            <ns3:atemp>25.0</ns3:atemp>
          </ns3:TrackPointExtension>
        </extensions>
      </trkpt>
      <trkpt lat="44.55350901000201702117919921875" lon="-0.24842150509357452392578125">
        <ele>16.799999237060546875</ele>
        <time>2025-09-01T14:19:25.000Z</time>
        <extensions>
          <ns3:TrackPointExtension>
            <ns3:atemp>25.0</ns3:atemp>
          </ns3:TrackPointExtension>
        </extensions>
      </trkpt>
      <trkpt lat="44.55350129865109920501708984375" lon="-0.24839376099407672882080078125">
        <ele>16.6000003814697265625</ele>
        <time>2025-09-01T14:19:26.000Z</time>
        <extensions>
          <ns3:TrackPointExtension>
            <ns3:atemp>25.0</ns3:atemp>
          </ns3:TrackPointExtension>
        </extensions>
      </trkpt>
      <trkpt lat="44.55349174328148365020751953125" lon="-0.2483619935810565948486328125">
        <ele>16.6000003814697265625</ele>
        <time>2025-09-01T14:19:27.000Z</time>
        <extensions>
          <ns3:TrackPointExtension>
            <ns3:atemp>25.0</ns3:atemp>
          </ns3:TrackPointExtension>
        </extensions>
      </trkpt>
      <trkpt lat="44.55348051153123378753662109375" lon="-0.24832896888256072998046875">
        <ele>16.6000003814697265625</ele>
        <time>2025-09-01T14:19:28.000Z</time>
        <extensions>
          <ns3:TrackPointExtension>
            <ns3:atemp>25.0</ns3:atemp>
          </ns3:TrackPointExtension>
        </extensions>
      </trkpt>
      <trkpt lat="44.55347280018031597137451171875" lon="-0.248291082680225372314453125">
        <ele>16.3999996185302734375</ele>
        <time>2025-09-01T14:19:29.000Z</time>
        <extensions>
          <ns3:TrackPointExtension>
            <ns3:atemp>25.0</ns3:atemp>
          </ns3:TrackPointExtension>
        </extensions>
      </trkpt>
      <trkpt lat="44.55345955677330493927001953125" lon="-0.248246826231479644775390625">
        <ele>16.3999996185302734375</ele>
        <time>2025-09-01T14:19:30.000Z</time>
        <extensions>
          <ns3:TrackPointExtension>
            <ns3:atemp>25.0</ns3:atemp>
          </ns3:TrackPointExtension>
        </extensions>
      </trkpt>
      <trkpt lat="44.5534472353756427764892578125" lon="-0.24820583872497081756591796875">
        <ele>16.6000003814697265625</ele>
        <time>2025-09-01T14:19:31.000Z</time>
        <extensions>
          <ns3:TrackPointExtension>
            <ns3:atemp>25.0</ns3:atemp>
          </ns3:TrackPointExtension>
        </extensions>
      </trkpt>
      <trkpt lat="44.553433991968631744384765625" lon="-0.248165689408779144287109375">
        <ele>16.6000003814697265625</ele>
        <time>2025-09-01T14:19:32.000Z</time>
        <extensions>
          <ns3:TrackPointExtension>
            <ns3:atemp>25.0</ns3:atemp>
          </ns3:TrackPointExtension>
        </extensions>
      </trkpt>
      <trkpt lat="44.55341781489551067352294921875" lon="-0.24812352843582630157470703125">
        <ele>16.6000003814697265625</ele>
        <time>2025-09-01T14:19:33.000Z</time>
        <extensions>
          <ns3:TrackPointExtension>
            <ns3:atemp>25.0</ns3:atemp>
          </ns3:TrackPointExtension>
        </extensions>
      </trkpt>
      <trkpt lat="44.55340373329818248748779296875" lon="-0.24807541631162166595458984375">
        <ele>16.799999237060546875</ele>
        <time>2025-09-01T14:19:34.000Z</time>
        <extensions>
          <ns3:TrackPointExtension>
            <ns3:atemp>25.0</ns3:atemp>
          </ns3:TrackPointExtension>
        </extensions>
      </trkpt>
      <trkpt lat="44.55339300446212291717529296875" lon="-0.24802613072097301483154296875">
        <ele>17</ele>
        <time>2025-09-01T14:19:35.000Z</time>
        <extensions>
          <ns3:TrackPointExtension>
            <ns3:atemp>25.0</ns3:atemp>
          </ns3:TrackPointExtension>
        </extensions>
      </trkpt>
      <trkpt lat="44.5533788390457630157470703125" lon="-0.24796846322715282440185546875">
        <ele>17</ele>
        <time>2025-09-01T14:19:36.000Z</time>
        <extensions>
          <ns3:TrackPointExtension>
            <ns3:atemp>25.0</ns3:atemp>
          </ns3:TrackPointExtension>
        </extensions>
      </trkpt>
      <trkpt lat="44.553364254534244537353515625" lon="-0.24791364558041095733642578125">
        <ele>17</ele>
        <time>2025-09-01T14:19:37.000Z</time>
        <extensions>
          <ns3:TrackPointExtension>
            <ns3:atemp>25.0</ns3:atemp>
          </ns3:TrackPointExtension>
        </extensions>
      </trkpt>
      <trkpt lat="44.55335059203207492828369140625" lon="-0.2478590793907642364501953125">
        <ele>17</ele>
        <time>2025-09-01T14:19:38.000Z</time>
        <extensions>
          <ns3:TrackPointExtension>
            <ns3:atemp>25.0</ns3:atemp>
          </ns3:TrackPointExtension>
        </extensions>
      </trkpt>
      <trkpt lat="44.55333684571087360382080078125" lon="-0.24780384264886379241943359375">
        <ele>17</ele>
        <time>2025-09-01T14:19:39.000Z</time>
        <extensions>
          <ns3:TrackPointExtension>
            <ns3:atemp>25.0</ns3:atemp>
          </ns3:TrackPointExtension>
        </extensions>
      </trkpt>
      <trkpt lat="44.553322680294513702392578125" lon="-0.24774558842182159423828125">
        <ele>17</ele>
        <time>2025-09-01T14:19:40.000Z</time>
        <extensions>
          <ns3:TrackPointExtension>
            <ns3:atemp>25.0</ns3:atemp>
          </ns3:TrackPointExtension>
        </extensions>
      </trkpt>
      <trkpt lat="44.5533107779920101165771484375" lon="-0.24768783710896968841552734375">
        <ele>17</ele>
        <time>2025-09-01T14:19:41.000Z</time>
        <extensions>
          <ns3:TrackPointExtension>
            <ns3:atemp>25.0</ns3:atemp>
          </ns3:TrackPointExtension>
        </extensions>
      </trkpt>
      <trkpt lat="44.55329795368015766143798828125" lon="-0.24763084016740322113037109375">
        <ele>17</ele>
        <time>2025-09-01T14:19:42.000Z</time>
        <extensions>
          <ns3:TrackPointExtension>
            <ns3:atemp>25.0</ns3:atemp>
          </ns3:TrackPointExtension>
        </extensions>
      </trkpt>
      <trkpt lat="44.55328353680670261383056640625" lon="-0.24757451377809047698974609375">
        <ele>17</ele>
        <time>2025-09-01T14:19:43.000Z</time>
        <extensions>
          <ns3:TrackPointExtension>
            <ns3:atemp>25.0</ns3:atemp>
          </ns3:TrackPointExtension>
        </extensions>
      </trkpt>
      <trkpt lat="44.55326928757131099700927734375" lon="-0.2475209534168243408203125">
        <ele>17</ele>
        <time>2025-09-01T14:19:44.000Z</time>
        <extensions>
          <ns3:TrackPointExtension>
            <ns3:atemp>25.0</ns3:atemp>
          </ns3:TrackPointExtension>
        </extensions>
      </trkpt>
      <trkpt lat="44.55325202085077762603759765625" lon="-0.247468315064907073974609375">
        <ele>17</ele>
        <time>2025-09-01T14:19:45.000Z</time>
        <extensions>
          <ns3:TrackPointExtension>
            <ns3:atemp>25.0</ns3:atemp>
          </ns3:TrackPointExtension>
        </extensions>
      </trkpt>
      <trkpt lat="44.55323207192122936248779296875" lon="-0.24740821681916713714599609375">
        <ele>17</ele>
        <time>2025-09-01T14:19:46.000Z</time>
        <extensions>
          <ns3:TrackPointExtension>
            <ns3:atemp>25.0</ns3:atemp>
          </ns3:TrackPointExtension>
        </extensions>
      </trkpt>
      <trkpt lat="44.55321296118199825286865234375" lon="-0.24734853766858577728271484375">
        <ele>17</ele>
        <time>2025-09-01T14:19:47.000Z</time>
        <extensions>
          <ns3:TrackPointExtension>
            <ns3:atemp>25.0</ns3:atemp>
          </ns3:TrackPointExtension>
        </extensions>
      </trkpt>
      <trkpt lat="44.5531962811946868896484375" lon="-0.2472934685647487640380859375">
        <ele>17</ele>
        <time>2025-09-01T14:19:48.000Z</time>
        <extensions>
          <ns3:TrackPointExtension>
            <ns3:atemp>25.0</ns3:atemp>
          </ns3:TrackPointExtension>
        </extensions>
      </trkpt>
      <trkpt lat="44.553183875977993011474609375" lon="-0.24723990820348262786865234375">
        <ele>17.200000762939453125</ele>
        <time>2025-09-01T14:19:49.000Z</time>
        <extensions>
          <ns3:TrackPointExtension>
            <ns3:atemp>25.0</ns3:atemp>
          </ns3:TrackPointExtension>
        </extensions>
      </trkpt>
      <trkpt lat="44.55317281186580657958984375" lon="-0.247189700603485107421875">
        <ele>17.200000762939453125</ele>
        <time>2025-09-01T14:19:50.000Z</time>
        <extensions>
          <ns3:TrackPointExtension>
            <ns3:atemp>25.0</ns3:atemp>
          </ns3:TrackPointExtension>
        </extensions>
      </trkpt>
      <trkpt lat="44.5531595684587955474853515625" lon="-0.24713940918445587158203125">
        <ele>17.200000762939453125</ele>
        <time>2025-09-01T14:19:51.000Z</time>
        <extensions>
          <ns3:TrackPointExtension>
            <ns3:atemp>25.0</ns3:atemp>
          </ns3:TrackPointExtension>
        </extensions>
      </trkpt>
      <trkpt lat="44.55314272083342075347900390625" lon="-0.24709540419280529022216796875">
        <ele>17.200000762939453125</ele>
        <time>2025-09-01T14:19:52.000Z</time>
        <extensions>
          <ns3:TrackPointExtension>
            <ns3:atemp>25.0</ns3:atemp>
          </ns3:TrackPointExtension>
        </extensions>
      </trkpt>
      <trkpt lat="44.55312780104577541351318359375" lon="-0.24704460985958576202392578125">
        <ele>17.200000762939453125</ele>
        <time>2025-09-01T14:19:53.000Z</time>
        <extensions>
          <ns3:TrackPointExtension>
            <ns3:atemp>25.0</ns3:atemp>
          </ns3:TrackPointExtension>
        </extensions>
      </trkpt>
      <trkpt lat="44.55311648547649383544921875" lon="-0.246989540755748748779296875">
        <ele>17.200000762939453125</ele>
        <time>2025-09-01T14:19:54.000Z</time>
        <extensions>
          <ns3:TrackPointExtension>
            <ns3:atemp>25.0</ns3:atemp>
          </ns3:TrackPointExtension>
        </extensions>
      </trkpt>
      <trkpt lat="44.55310617573559284210205078125" lon="-0.24693698622286319732666015625">
        <ele>17</ele>
        <time>2025-09-01T14:19:55.000Z</time>
        <extensions>
          <ns3:TrackPointExtension>
            <ns3:atemp>25.0</ns3:atemp>
          </ns3:TrackPointExtension>
        </extensions>
      </trkpt>
      <trkpt lat="44.55309410579502582550048828125" lon="-0.24688133038580417633056640625">
        <ele>16.799999237060546875</ele>
        <time>2025-09-01T14:19:56.000Z</time>
        <extensions>
          <ns3:TrackPointExtension>
            <ns3:atemp>25.0</ns3:atemp>
          </ns3:TrackPointExtension>
        </extensions>
      </trkpt>
      <trkpt lat="44.55308186821639537811279296875" lon="-0.246824584901332855224609375">
        <ele>16.799999237060546875</ele>
        <time>2025-09-01T14:19:57.000Z</time>
        <extensions>
          <ns3:TrackPointExtension>
            <ns3:atemp>25.0</ns3:atemp>
          </ns3:TrackPointExtension>
        </extensions>
      </trkpt>
      <trkpt lat="44.5530690439045429229736328125" lon="-0.2467632293701171875">
        <ele>16.6000003814697265625</ele>
        <time>2025-09-01T14:19:58.000Z</time>
        <extensions>
          <ns3:TrackPointExtension>
            <ns3:atemp>25.0</ns3:atemp>
          </ns3:TrackPointExtension>
        </extensions>
      </trkpt>
      <trkpt lat="44.55305722542107105255126953125" lon="-0.2467040531337261199951171875">
        <ele>16.6000003814697265625</ele>
        <time>2025-09-01T14:19:59.000Z</time>
        <extensions>
          <ns3:TrackPointExtension>
            <ns3:atemp>25.0</ns3:atemp>
          </ns3:TrackPointExtension>
        </extensions>
      </trkpt>
      <trkpt lat="44.55304549075663089752197265625" lon="-0.24664848111569881439208984375">
        <ele>16.6000003814697265625</ele>
        <time>2025-09-01T14:20:00.000Z</time>
        <extensions>
          <ns3:TrackPointExtension>
            <ns3:atemp>25.0</ns3:atemp>
          </ns3:TrackPointExtension>
        </extensions>
      </trkpt>
      <trkpt lat="44.55303207971155643463134765625" lon="-0.246599614620208740234375">
        <ele>16.6000003814697265625</ele>
        <time>2025-09-01T14:20:01.000Z</time>
        <extensions>
          <ns3:TrackPointExtension>
            <ns3:atemp>25.0</ns3:atemp>
          </ns3:TrackPointExtension>
        </extensions>
      </trkpt>
      <trkpt lat="44.55301095731556415557861328125" lon="-0.2465580403804779052734375">
        <ele>16.3999996185302734375</ele>
        <time>2025-09-01T14:20:02.000Z</time>
        <extensions>
          <ns3:TrackPointExtension>
            <ns3:atemp>25.0</ns3:atemp>
          </ns3:TrackPointExtension>
        </extensions>
      </trkpt>
      <trkpt lat="44.55299519933760166168212890625" lon="-0.246526859700679779052734375">
        <ele>16.3999996185302734375</ele>
        <time>2025-09-01T14:20:03.000Z</time>
        <extensions>
          <ns3:TrackPointExtension>
            <ns3:atemp>25.0</ns3:atemp>
          </ns3:TrackPointExtension>
        </extensions>
      </trkpt>
      <trkpt lat="44.55298312939703464508056640625" lon="-0.24649165570735931396484375">
        <ele>16.3999996185302734375</ele>
        <time>2025-09-01T14:20:04.000Z</time>
        <extensions>
          <ns3:TrackPointExtension>
            <ns3:atemp>25.0</ns3:atemp>
          </ns3:TrackPointExtension>
        </extensions>
      </trkpt>
      <trkpt lat="44.55296737141907215118408203125" lon="-0.24645586498081684112548828125">
        <ele>16.3999996185302734375</ele>
        <time>2025-09-01T14:20:05.000Z</time>
        <extensions>
          <ns3:TrackPointExtension>
            <ns3:atemp>25.0</ns3:atemp>
          </ns3:TrackPointExtension>
        </extensions>
      </trkpt>
      <trkpt lat="44.55296301282942295074462890625" lon="-0.246417559683322906494140625">
        <ele>16.3999996185302734375</ele>
        <time>2025-09-01T14:20:06.000Z</time>
        <extensions>
          <ns3:TrackPointExtension>
            <ns3:atemp>25.0</ns3:atemp>
          </ns3:TrackPointExtension>
        </extensions>
      </trkpt>
      <trkpt lat="44.55295412801206111907958984375" lon="-0.246393419802188873291015625">
        <ele>16.3999996185302734375</ele>
        <time>2025-09-01T14:20:07.000Z</time>
        <extensions>
          <ns3:TrackPointExtension>
            <ns3:atemp>25.0</ns3:atemp>
          </ns3:TrackPointExtension>
        </extensions>
      </trkpt>
      <trkpt lat="44.5529522001743316650390625" lon="-0.24638461880385875701904296875">
        <ele>16.6000003814697265625</ele>
        <time>2025-09-01T14:20:08.000Z</time>
        <extensions>
          <ns3:TrackPointExtension>
            <ns3:atemp>25.0</ns3:atemp>
          </ns3:TrackPointExtension>
        </extensions>
      </trkpt>
      <trkpt lat="44.55295194871723651885986328125" lon="-0.24638445116579532623291015625">
        <ele>16.799999237060546875</ele>
        <time>2025-09-01T14:20:09.000Z</time>
        <extensions>
          <ns3:TrackPointExtension>
            <ns3:atemp>25.0</ns3:atemp>
          </ns3:TrackPointExtension>
        </extensions>
      </trkpt>
      <trkpt lat="44.55295194871723651885986328125" lon="-0.24638445116579532623291015625">
        <ele>16.799999237060546875</ele>
        <time>2025-09-01T14:20:10.000Z</time>
        <extensions>
          <ns3:TrackPointExtension>
            <ns3:atemp>25.0</ns3:atemp>
          </ns3:TrackPointExtension>
        </extensions>
      </trkpt>
      <trkpt lat="44.55295152962207794189453125" lon="-0.2463841997087001800537109375">
        <ele>16.799999237060546875</ele>
        <time>2025-09-01T14:20:11.000Z</time>
        <extensions>
          <ns3:TrackPointExtension>
            <ns3:atemp>25.0</ns3:atemp>
          </ns3:TrackPointExtension>
        </extensions>
      </trkpt>
      <trkpt lat="44.55294474028050899505615234375" lon="-0.2463717944920063018798828125">
        <ele>16.799999237060546875</ele>
        <time>2025-09-01T14:20:12.000Z</time>
        <extensions>
          <ns3:TrackPointExtension>
            <ns3:atemp>25.0</ns3:atemp>
          </ns3:TrackPointExtension>
        </extensions>
      </trkpt>
      <trkpt lat="44.55293769948184490203857421875" lon="-0.2463701181113719940185546875">
        <ele>16.799999237060546875</ele>
        <time>2025-09-01T14:20:13.000Z</time>
        <extensions>
          <ns3:TrackPointExtension>
            <ns3:atemp>25.0</ns3:atemp>
          </ns3:TrackPointExtension>
        </extensions>
      </trkpt>
      <trkpt lat="44.5529345981776714324951171875" lon="-0.24636450223624706268310546875">
        <ele>16.799999237060546875</ele>
        <time>2025-09-01T14:20:14.000Z</time>
        <extensions>
          <ns3:TrackPointExtension>
            <ns3:atemp>25.0</ns3:atemp>
          </ns3:TrackPointExtension>
        </extensions>
      </trkpt>
      <trkpt lat="44.5529334247112274169921875" lon="-0.24635125882923603057861328125">
        <ele>16.799999237060546875</ele>
        <time>2025-09-01T14:20:15.000Z</time>
        <extensions>
          <ns3:TrackPointExtension>
            <ns3:atemp>25.0</ns3:atemp>
          </ns3:TrackPointExtension>
        </extensions>
      </trkpt>
      <trkpt lat="44.552931748330593109130859375" lon="-0.24633717723190784454345703125">
        <ele>16.799999237060546875</ele>
        <time>2025-09-01T14:20:16.000Z</time>
        <extensions>
          <ns3:TrackPointExtension>
            <ns3:atemp>25.0</ns3:atemp>
          </ns3:TrackPointExtension>
        </extensions>
      </trkpt>
      <trkpt lat="44.55292931757867336273193359375" lon="-0.24632309563457965850830078125">
        <ele>16.6000003814697265625</ele>
        <time>2025-09-01T14:20:17.000Z</time>
        <extensions>
          <ns3:TrackPointExtension>
            <ns3:atemp>25.0</ns3:atemp>
          </ns3:TrackPointExtension>
        </extensions>
      </trkpt>
      <trkpt lat="44.5529231987893581390380859375" lon="-0.24630867876112461090087890625">
        <ele>16.6000003814697265625</ele>
        <time>2025-09-01T14:20:18.000Z</time>
        <extensions>
          <ns3:TrackPointExtension>
            <ns3:atemp>25.0</ns3:atemp>
          </ns3:TrackPointExtension>
        </extensions>
      </trkpt>
      <trkpt lat="44.55291825346648693084716796875" lon="-0.246294178068637847900390625">
        <ele>16.6000003814697265625</ele>
        <time>2025-09-01T14:20:19.000Z</time>
        <extensions>
          <ns3:TrackPointExtension>
            <ns3:atemp>25.0</ns3:atemp>
          </ns3:TrackPointExtension>
        </extensions>
      </trkpt>
      <trkpt lat="44.5529117994010448455810546875" lon="-0.24628269486129283905029296875">
        <ele>16.6000003814697265625</ele>
        <time>2025-09-01T14:20:20.000Z</time>
        <extensions>
          <ns3:TrackPointExtension>
            <ns3:atemp>25.0</ns3:atemp>
          </ns3:TrackPointExtension>
        </extensions>
      </trkpt>
      <trkpt lat="44.5529064349830150604248046875" lon="-0.24627246893942356109619140625">
        <ele>16.6000003814697265625</ele>
        <time>2025-09-01T14:20:21.000Z</time>
        <extensions>
          <ns3:TrackPointExtension>
            <ns3:atemp>25.0</ns3:atemp>
          </ns3:TrackPointExtension>
        </extensions>
      </trkpt>
      <trkpt lat="44.55290232785046100616455078125" lon="-0.24625989608466625213623046875">
        <ele>16.799999237060546875</ele>
        <time>2025-09-01T14:20:22.000Z</time>
        <extensions>
          <ns3:TrackPointExtension>
            <ns3:atemp>25.0</ns3:atemp>
          </ns3:TrackPointExtension>
        </extensions>
      </trkpt>
      <trkpt lat="44.552897550165653228759765625" lon="-0.246243216097354888916015625">
        <ele>16.799999237060546875</ele>
        <time>2025-09-01T14:20:23.000Z</time>
        <extensions>
          <ns3:TrackPointExtension>
            <ns3:atemp>25.0</ns3:atemp>
          </ns3:TrackPointExtension>
        </extensions>
      </trkpt>
      <trkpt lat="44.55289210192859172821044921875" lon="-0.2462256141006946563720703125">
        <ele>16.799999237060546875</ele>
        <time>2025-09-01T14:20:24.000Z</time>
        <extensions>
          <ns3:TrackPointExtension>
            <ns3:atemp>25.0</ns3:atemp>
          </ns3:TrackPointExtension>
        </extensions>
      </trkpt>
      <trkpt lat="44.55289092846214771270751953125" lon="-0.2462108619511127471923828125">
        <ele>16.799999237060546875</ele>
        <time>2025-09-01T14:20:25.000Z</time>
        <extensions>
          <ns3:TrackPointExtension>
            <ns3:atemp>25.0</ns3:atemp>
          </ns3:TrackPointExtension>
        </extensions>
      </trkpt>
      <trkpt lat="44.55288983881473541259765625" lon="-0.24619820527732372283935546875">
        <ele>16.6000003814697265625</ele>
        <time>2025-09-01T14:20:26.000Z</time>
        <extensions>
          <ns3:TrackPointExtension>
            <ns3:atemp>25.0</ns3:atemp>
          </ns3:TrackPointExtension>
        </extensions>
      </trkpt>
      <trkpt lat="44.552886486053466796875" lon="-0.246181525290012359619140625">
        <ele>16.6000003814697265625</ele>
        <time>2025-09-01T14:20:27.000Z</time>
        <extensions>
          <ns3:TrackPointExtension>
            <ns3:atemp>25.0</ns3:atemp>
          </ns3:TrackPointExtension>
        </extensions>
      </trkpt>
      <trkpt lat="44.55288304947316646575927734375" lon="-0.246166102588176727294921875">
        <ele>16.6000003814697265625</ele>
        <time>2025-09-01T14:20:28.000Z</time>
        <extensions>
          <ns3:TrackPointExtension>
            <ns3:atemp>25.0</ns3:atemp>
          </ns3:TrackPointExtension>
        </extensions>
      </trkpt>
      <trkpt lat="44.55288045108318328857421875" lon="-0.246152691543102264404296875">
        <ele>16.6000003814697265625</ele>
        <time>2025-09-01T14:20:29.000Z</time>
        <extensions>
          <ns3:TrackPointExtension>
            <ns3:atemp>25.0</ns3:atemp>
          </ns3:TrackPointExtension>
        </extensions>
      </trkpt>
      <trkpt lat="44.55287617631256580352783203125" lon="-0.24613634683191776275634765625">
        <ele>16.799999237060546875</ele>
        <time>2025-09-01T14:20:30.000Z</time>
        <extensions>
          <ns3:TrackPointExtension>
            <ns3:atemp>25.0</ns3:atemp>
          </ns3:TrackPointExtension>
        </extensions>
      </trkpt>
      <trkpt lat="44.5528712309896945953369140625" lon="-0.246120505034923553466796875">
        <ele>16.799999237060546875</ele>
        <time>2025-09-01T14:20:31.000Z</time>
        <extensions>
          <ns3:TrackPointExtension>
            <ns3:atemp>25.0</ns3:atemp>
          </ns3:TrackPointExtension>
        </extensions>
      </trkpt>
      <trkpt lat="44.55286611802875995635986328125" lon="-0.2461039088666439056396484375">
        <ele>16.799999237060546875</ele>
        <time>2025-09-01T14:20:32.000Z</time>
        <extensions>
          <ns3:TrackPointExtension>
            <ns3:atemp>25.0</ns3:atemp>
          </ns3:TrackPointExtension>
        </extensions>
      </trkpt>
      <trkpt lat="44.55286041833460330963134765625" lon="-0.2460911683738231658935546875">
        <ele>16.799999237060546875</ele>
        <time>2025-09-01T14:20:33.000Z</time>
        <extensions>
          <ns3:TrackPointExtension>
            <ns3:atemp>25.0</ns3:atemp>
          </ns3:TrackPointExtension>
        </extensions>
      </trkpt>
      <trkpt lat="44.5528554730117321014404296875" lon="-0.24607281200587749481201171875">
        <ele>16.799999237060546875</ele>
        <time>2025-09-01T14:20:34.000Z</time>
        <extensions>
          <ns3:TrackPointExtension>
            <ns3:atemp>25.0</ns3:atemp>
          </ns3:TrackPointExtension>
        </extensions>
      </trkpt>
      <trkpt lat="44.55285036005079746246337890625" lon="-0.246063508093357086181640625">
        <ele>16.799999237060546875</ele>
        <time>2025-09-01T14:20:35.000Z</time>
        <extensions>
          <ns3:TrackPointExtension>
            <ns3:atemp>25.0</ns3:atemp>
          </ns3:TrackPointExtension>
        </extensions>
      </trkpt>
      <trkpt lat="44.55284818075597286224365234375" lon="-0.246048755943775177001953125">
        <ele>16.799999237060546875</ele>
        <time>2025-09-01T14:20:36.000Z</time>
        <extensions>
          <ns3:TrackPointExtension>
            <ns3:atemp>25.0</ns3:atemp>
          </ns3:TrackPointExtension>
        </extensions>
      </trkpt>
      <trkpt lat="44.55284683965146541595458984375" lon="-0.2460331656038761138916015625">
        <ele>16.799999237060546875</ele>
        <time>2025-09-01T14:20:37.000Z</time>
        <extensions>
          <ns3:TrackPointExtension>
            <ns3:atemp>25.0</ns3:atemp>
          </ns3:TrackPointExtension>
        </extensions>
      </trkpt>
      <trkpt lat="44.55284558236598968505859375" lon="-0.246016569435596466064453125">
        <ele>16.799999237060546875</ele>
        <time>2025-09-01T14:20:38.000Z</time>
        <extensions>
          <ns3:TrackPointExtension>
            <ns3:atemp>25.0</ns3:atemp>
          </ns3:TrackPointExtension>
        </extensions>
      </trkpt>
      <trkpt lat="44.55284600146114826202392578125" lon="-0.24600659497082233428955078125">
        <ele>16.799999237060546875</ele>
        <time>2025-09-01T14:20:39.000Z</time>
        <extensions>
          <ns3:TrackPointExtension>
            <ns3:atemp>25.0</ns3:atemp>
          </ns3:TrackPointExtension>
        </extensions>
      </trkpt>
      <trkpt lat="44.55284331925213336944580078125" lon="-0.24600693024694919586181640625">
        <ele>16.799999237060546875</ele>
        <time>2025-09-01T14:20:40.000Z</time>
        <extensions>
          <ns3:TrackPointExtension>
            <ns3:atemp>25.0</ns3:atemp>
          </ns3:TrackPointExtension>
        </extensions>
      </trkpt>
      <trkpt lat="44.5528434030711650848388671875" lon="-0.24600693024694919586181640625">
        <ele>16.6000003814697265625</ele>
        <time>2025-09-01T14:20:41.000Z</time>
        <extensions>
          <ns3:TrackPointExtension>
            <ns3:atemp>25.0</ns3:atemp>
          </ns3:TrackPointExtension>
        </extensions>
      </trkpt>
      <trkpt lat="44.5528434030711650848388671875" lon="-0.24600693024694919586181640625">
        <ele>16.6000003814697265625</ele>
        <time>2025-09-01T14:20:42.000Z</time>
        <extensions>
          <ns3:TrackPointExtension>
            <ns3:atemp>25.0</ns3:atemp>
          </ns3:TrackPointExtension>
        </extensions>
      </trkpt>
      <trkpt lat="44.5528434030711650848388671875" lon="-0.24600693024694919586181640625">
        <ele>16.6000003814697265625</ele>
        <time>2025-09-01T14:20:43.000Z</time>
        <extensions>
          <ns3:TrackPointExtension>
            <ns3:atemp>25.0</ns3:atemp>
          </ns3:TrackPointExtension>
        </extensions>
      </trkpt>
      <trkpt lat="44.5528434030711650848388671875" lon="-0.24600693024694919586181640625">
        <ele>16.6000003814697265625</ele>
        <time>2025-09-01T14:20:44.000Z</time>
        <extensions>
          <ns3:TrackPointExtension>
            <ns3:atemp>25.0</ns3:atemp>
          </ns3:TrackPointExtension>
        </extensions>
      </trkpt>
      <trkpt lat="44.5528434030711650848388671875" lon="-0.24600693024694919586181640625">
        <ele>16.3999996185302734375</ele>
        <time>2025-09-01T14:20:45.000Z</time>
        <extensions>
          <ns3:TrackPointExtension>
            <ns3:atemp>25.0</ns3:atemp>
          </ns3:TrackPointExtension>
        </extensions>
      </trkpt>
      <trkpt lat="44.5528434030711650848388671875" lon="-0.24600693024694919586181640625">
        <ele>16.3999996185302734375</ele>
        <time>2025-09-01T14:20:46.000Z</time>
        <extensions>
          <ns3:TrackPointExtension>
            <ns3:atemp>25.0</ns3:atemp>
          </ns3:TrackPointExtension>
        </extensions>
      </trkpt>
      <trkpt lat="44.5528434030711650848388671875" lon="-0.24600693024694919586181640625">
        <ele>16.3999996185302734375</ele>
        <time>2025-09-01T14:20:47.000Z</time>
        <extensions>
          <ns3:TrackPointExtension>
            <ns3:atemp>25.0</ns3:atemp>
          </ns3:TrackPointExtension>
        </extensions>
      </trkpt>
      <trkpt lat="44.5528434030711650848388671875" lon="-0.24600693024694919586181640625">
        <ele>16.3999996185302734375</ele>
        <time>2025-09-01T14:20:48.000Z</time>
        <extensions>
          <ns3:TrackPointExtension>
            <ns3:atemp>25.0</ns3:atemp>
          </ns3:TrackPointExtension>
        </extensions>
      </trkpt>
      <trkpt lat="44.5528434030711650848388671875" lon="-0.24600693024694919586181640625">
        <ele>16.3999996185302734375</ele>
        <time>2025-09-01T14:20:49.000Z</time>
        <extensions>
          <ns3:TrackPointExtension>
            <ns3:atemp>25.0</ns3:atemp>
          </ns3:TrackPointExtension>
        </extensions>
      </trkpt>
      <trkpt lat="44.5528434030711650848388671875" lon="-0.24600693024694919586181640625">
        <ele>16.3999996185302734375</ele>
        <time>2025-09-01T14:20:50.000Z</time>
        <extensions>
          <ns3:TrackPointExtension>
            <ns3:atemp>25.0</ns3:atemp>
          </ns3:TrackPointExtension>
        </extensions>
      </trkpt>
      <trkpt lat="44.5528434030711650848388671875" lon="-0.24600693024694919586181640625">
        <ele>16.3999996185302734375</ele>
        <time>2025-09-01T14:20:51.000Z</time>
        <extensions>
          <ns3:TrackPointExtension>
            <ns3:atemp>25.0</ns3:atemp>
          </ns3:TrackPointExtension>
        </extensions>
      </trkpt>
      <trkpt lat="44.552842564880847930908203125" lon="-0.2460026554763317108154296875">
        <ele>16.3999996185302734375</ele>
        <time>2025-09-01T14:20:52.000Z</time>
        <extensions>
          <ns3:TrackPointExtension>
            <ns3:atemp>25.0</ns3:atemp>
          </ns3:TrackPointExtension>
        </extensions>
      </trkpt>
      <trkpt lat="44.552839882671833038330078125" lon="-0.2459704689681529998779296875">
        <ele>16.3999996185302734375</ele>
        <time>2025-09-01T14:20:53.000Z</time>
        <extensions>
          <ns3:TrackPointExtension>
            <ns3:atemp>25.0</ns3:atemp>
          </ns3:TrackPointExtension>
        </extensions>
      </trkpt>
      <trkpt lat="44.55284181050956249237060546875" lon="-0.24596460163593292236328125">
        <ele>16.3999996185302734375</ele>
        <time>2025-09-01T14:20:54.000Z</time>
        <extensions>
          <ns3:TrackPointExtension>
            <ns3:atemp>25.0</ns3:atemp>
          </ns3:TrackPointExtension>
        </extensions>
      </trkpt>
      <trkpt lat="44.5528484322130680084228515625" lon="-0.24595311842858791351318359375">
        <ele>16.3999996185302734375</ele>
        <time>2025-09-01T14:20:55.000Z</time>
        <extensions>
          <ns3:TrackPointExtension>
            <ns3:atemp>25.0</ns3:atemp>
          </ns3:TrackPointExtension>
        </extensions>
      </trkpt>
      <trkpt lat="44.5528571493923664093017578125" lon="-0.2459491789340972900390625">
        <ele>16.3999996185302734375</ele>
        <time>2025-09-01T14:20:56.000Z</time>
        <extensions>
          <ns3:TrackPointExtension>
            <ns3:atemp>25.0</ns3:atemp>
          </ns3:TrackPointExtension>
        </extensions>
      </trkpt>
      <trkpt lat="44.55286695621907711029052734375" lon="-0.2459384500980377197265625">
        <ele>16.200000762939453125</ele>
        <time>2025-09-01T14:20:57.000Z</time>
        <extensions>
          <ns3:TrackPointExtension>
            <ns3:atemp>25.0</ns3:atemp>
          </ns3:TrackPointExtension>
        </extensions>
      </trkpt>
      <trkpt lat="44.5528772659599781036376953125" lon="-0.24593216367065906524658203125">
        <ele>16</ele>
        <time>2025-09-01T14:20:58.000Z</time>
        <extensions>
          <ns3:TrackPointExtension>
            <ns3:atemp>25.0</ns3:atemp>
          </ns3:TrackPointExtension>
        </extensions>
      </trkpt>
      <trkpt lat="44.5528849773108959197998046875" lon="-0.24593518115580081939697265625">
        <ele>16</ele>
        <time>2025-09-01T14:20:59.000Z</time>
        <extensions>
          <ns3:TrackPointExtension>
            <ns3:atemp>25.0</ns3:atemp>
          </ns3:TrackPointExtension>
        </extensions>
      </trkpt>
      <trkpt lat="44.55289612524211406707763671875" lon="-0.24593417532742023468017578125">
        <ele>15.80000019073486328125</ele>
        <time>2025-09-01T14:21:00.000Z</time>
        <extensions>
          <ns3:TrackPointExtension>
            <ns3:atemp>25.0</ns3:atemp>
          </ns3:TrackPointExtension>
        </extensions>
      </trkpt>
      <trkpt lat="44.5529111288487911224365234375" lon="-0.24592797271907329559326171875">
        <ele>15.6000003814697265625</ele>
        <time>2025-09-01T14:21:01.000Z</time>
        <extensions>
          <ns3:TrackPointExtension>
            <ns3:atemp>25.0</ns3:atemp>
          </ns3:TrackPointExtension>
        </extensions>
      </trkpt>
      <trkpt lat="44.5529248751699924468994140625" lon="-0.24591674096882343292236328125">
        <ele>15.3999996185302734375</ele>
        <time>2025-09-01T14:21:02.000Z</time>
        <extensions>
          <ns3:TrackPointExtension>
            <ns3:atemp>25.0</ns3:atemp>
          </ns3:TrackPointExtension>
        </extensions>
      </trkpt>
      <trkpt lat="44.55294239334762096405029296875" lon="-0.2459062635898590087890625">
        <ele>15.19999980926513671875</ele>
        <time>2025-09-01T14:21:03.000Z</time>
        <extensions>
          <ns3:TrackPointExtension>
            <ns3:atemp>25.0</ns3:atemp>
          </ns3:TrackPointExtension>
        </extensions>
      </trkpt>
      <trkpt lat="44.55295748077332973480224609375" lon="-0.2458977140486240386962890625">
        <ele>15</ele>
        <time>2025-09-01T14:21:04.000Z</time>
        <extensions>
          <ns3:TrackPointExtension>
            <ns3:atemp>25.0</ns3:atemp>
          </ns3:TrackPointExtension>
        </extensions>
      </trkpt>
      <trkpt lat="44.5529708079993724822998046875" lon="-0.24589109234511852264404296875">
        <ele>14.80000019073486328125</ele>
        <time>2025-09-01T14:21:05.000Z</time>
        <extensions>
          <ns3:TrackPointExtension>
            <ns3:atemp>25.0</ns3:atemp>
          </ns3:TrackPointExtension>
        </extensions>
      </trkpt>
      <trkpt lat="44.5529835484921932220458984375" lon="-0.2458849735558032989501953125">
        <ele>14.80000019073486328125</ele>
        <time>2025-09-01T14:21:06.000Z</time>
        <extensions>
          <ns3:TrackPointExtension>
            <ns3:atemp>25.0</ns3:atemp>
          </ns3:TrackPointExtension>
        </extensions>
      </trkpt>
      <trkpt lat="44.55299519933760166168212890625" lon="-0.24587617255747318267822265625">
        <ele>14.80000019073486328125</ele>
        <time>2025-09-01T14:21:07.000Z</time>
        <extensions>
          <ns3:TrackPointExtension>
            <ns3:atemp>25.0</ns3:atemp>
          </ns3:TrackPointExtension>
        </extensions>
      </trkpt>
      <trkpt lat="44.55300508998334407806396484375" lon="-0.24586644954979419708251953125">
        <ele>14.80000019073486328125</ele>
        <time>2025-09-01T14:21:08.000Z</time>
        <extensions>
          <ns3:TrackPointExtension>
            <ns3:atemp>25.0</ns3:atemp>
          </ns3:TrackPointExtension>
        </extensions>
      </trkpt>
      <trkpt lat="44.55301196314394474029541015625" lon="-0.2458581514656543731689453125">
        <ele>14.80000019073486328125</ele>
        <time>2025-09-01T14:21:09.000Z</time>
        <extensions>
          <ns3:TrackPointExtension>
            <ns3:atemp>25.0</ns3:atemp>
          </ns3:TrackPointExtension>
        </extensions>
      </trkpt>
      <trkpt lat="44.553016237914562225341796875" lon="-0.24584122002124786376953125">
        <ele>14.80000019073486328125</ele>
        <time>2025-09-01T14:21:10.000Z</time>
        <extensions>
          <ns3:TrackPointExtension>
            <ns3:atemp>25.0</ns3:atemp>
          </ns3:TrackPointExtension>
        </extensions>
      </trkpt>
      <trkpt lat="44.55301724374294281005859375" lon="-0.24582537822425365447998046875">
        <ele>14.6000003814697265625</ele>
        <time>2025-09-01T14:21:11.000Z</time>
        <extensions>
          <ns3:TrackPointExtension>
            <ns3:atemp>25.0</ns3:atemp>
          </ns3:TrackPointExtension>
        </extensions>
      </trkpt>
      <trkpt lat="44.5530219376087188720703125" lon="-0.245805680751800537109375">
        <ele>14.6000003814697265625</ele>
        <time>2025-09-01T14:21:12.000Z</time>
        <extensions>
          <ns3:TrackPointExtension>
            <ns3:atemp>25.0</ns3:atemp>
          </ns3:TrackPointExtension>
        </extensions>
      </trkpt>
      <trkpt lat="44.5530271343886852264404296875" lon="-0.245787240564823150634765625">
        <ele>14.3999996185302734375</ele>
        <time>2025-09-01T14:21:13.000Z</time>
        <extensions>
          <ns3:TrackPointExtension>
            <ns3:atemp>25.0</ns3:atemp>
          </ns3:TrackPointExtension>
        </extensions>
      </trkpt>
      <trkpt lat="44.55302939750254154205322265625" lon="-0.24577424861490726470947265625">
        <ele>14.19999980926513671875</ele>
        <time>2025-09-01T14:21:14.000Z</time>
        <extensions>
          <ns3:TrackPointExtension>
            <ns3:atemp>25.0</ns3:atemp>
          </ns3:TrackPointExtension>
        </extensions>
      </trkpt>
      <trkpt lat="44.55303065478801727294921875" lon="-0.2457614243030548095703125">
        <ele>14.19999980926513671875</ele>
        <time>2025-09-01T14:21:15.000Z</time>
        <extensions>
          <ns3:TrackPointExtension>
            <ns3:atemp>25.0</ns3:atemp>
          </ns3:TrackPointExtension>
        </extensions>
      </trkpt>
      <trkpt lat="44.55303358845412731170654296875" lon="-0.24574340321123600006103515625">
        <ele>14</ele>
        <time>2025-09-01T14:21:16.000Z</time>
        <extensions>
          <ns3:TrackPointExtension>
            <ns3:atemp>25.0</ns3:atemp>
          </ns3:TrackPointExtension>
        </extensions>
      </trkpt>
      <trkpt lat="44.5530341751873493194580078125" lon="-0.24572747759521007537841796875">
        <ele>14</ele>
        <time>2025-09-01T14:21:17.000Z</time>
        <extensions>
          <ns3:TrackPointExtension>
            <ns3:atemp>25.0</ns3:atemp>
          </ns3:TrackPointExtension>
        </extensions>
      </trkpt>
      <trkpt lat="44.5530331693589687347412109375" lon="-0.24571373127400875091552734375">
        <ele>14</ele>
        <time>2025-09-01T14:21:18.000Z</time>
        <extensions>
          <ns3:TrackPointExtension>
            <ns3:atemp>25.0</ns3:atemp>
          </ns3:TrackPointExtension>
        </extensions>
      </trkpt>
      <trkpt lat="44.553033001720905303955078125" lon="-0.24569897912442684173583984375">
        <ele>13.80000019073486328125</ele>
        <time>2025-09-01T14:21:19.000Z</time>
        <extensions>
          <ns3:TrackPointExtension>
            <ns3:atemp>25.0</ns3:atemp>
          </ns3:TrackPointExtension>
        </extensions>
      </trkpt>
      <trkpt lat="44.55303526483476161956787109375" lon="-0.245685987174510955810546875">
        <ele>13.80000019073486328125</ele>
        <time>2025-09-01T14:21:20.000Z</time>
        <extensions>
          <ns3:TrackPointExtension>
            <ns3:atemp>25.0</ns3:atemp>
          </ns3:TrackPointExtension>
        </extensions>
      </trkpt>
      <trkpt lat="44.553039707243442535400390625" lon="-0.24566628970205783843994140625">
        <ele>13.80000019073486328125</ele>
        <time>2025-09-01T14:21:21.000Z</time>
        <extensions>
          <ns3:TrackPointExtension>
            <ns3:atemp>25.0</ns3:atemp>
          </ns3:TrackPointExtension>
        </extensions>
      </trkpt>
      <trkpt lat="44.5530438981950283050537109375" lon="-0.24565271101891994476318359375">
        <ele>14</ele>
        <time>2025-09-01T14:21:22.000Z</time>
        <extensions>
          <ns3:TrackPointExtension>
            <ns3:atemp>25.0</ns3:atemp>
          </ns3:TrackPointExtension>
        </extensions>
      </trkpt>
      <trkpt lat="44.553044401109218597412109375" lon="-0.24563963524997234344482421875">
        <ele>14</ele>
        <time>2025-09-01T14:21:23.000Z</time>
        <extensions>
          <ns3:TrackPointExtension>
            <ns3:atemp>25.0</ns3:atemp>
          </ns3:TrackPointExtension>
        </extensions>
      </trkpt>
      <trkpt lat="44.5530460774898529052734375" lon="-0.24562521837651729583740234375">
        <ele>14.19999980926513671875</ele>
        <time>2025-09-01T14:21:24.000Z</time>
        <extensions>
          <ns3:TrackPointExtension>
            <ns3:atemp>25.0</ns3:atemp>
          </ns3:TrackPointExtension>
        </extensions>
      </trkpt>
      <trkpt lat="44.55305135808885097503662109375" lon="-0.24560342542827129364013671875">
        <ele>14.3999996185302734375</ele>
        <time>2025-09-01T14:21:25.000Z</time>
        <extensions>
          <ns3:TrackPointExtension>
            <ns3:atemp>25.0</ns3:atemp>
          </ns3:TrackPointExtension>
        </extensions>
      </trkpt>
      <trkpt lat="44.553057812154293060302734375" lon="-0.2455845661461353302001953125">
        <ele>14.3999996185302734375</ele>
        <time>2025-09-01T14:21:26.000Z</time>
        <extensions>
          <ns3:TrackPointExtension>
            <ns3:atemp>25.0</ns3:atemp>
          </ns3:TrackPointExtension>
        </extensions>
      </trkpt>
      <trkpt lat="44.55306560732424259185791015625" lon="-0.24557165801525115966796875">
        <ele>14.6000003814697265625</ele>
        <time>2025-09-01T14:21:27.000Z</time>
        <extensions>
          <ns3:TrackPointExtension>
            <ns3:atemp>25.0</ns3:atemp>
          </ns3:TrackPointExtension>
        </extensions>
      </trkpt>
      <trkpt lat="44.55306963063776493072509765625" lon="-0.245553217828273773193359375">
        <ele>14.6000003814697265625</ele>
        <time>2025-09-01T14:21:28.000Z</time>
        <extensions>
          <ns3:TrackPointExtension>
            <ns3:atemp>25.0</ns3:atemp>
          </ns3:TrackPointExtension>
        </extensions>
      </trkpt>
      <trkpt lat="44.55307365395128726959228515625" lon="-0.24553620256483554840087890625">
        <ele>14.6000003814697265625</ele>
        <time>2025-09-01T14:21:29.000Z</time>
        <extensions>
          <ns3:TrackPointExtension>
            <ns3:atemp>25.0</ns3:atemp>
          </ns3:TrackPointExtension>
        </extensions>
      </trkpt>
      <trkpt lat="44.553077258169651031494140625" lon="-0.24551742710173130035400390625">
        <ele>14.6000003814697265625</ele>
        <time>2025-09-01T14:21:30.000Z</time>
        <extensions>
          <ns3:TrackPointExtension>
            <ns3:atemp>25.0</ns3:atemp>
          </ns3:TrackPointExtension>
        </extensions>
      </trkpt>
      <trkpt lat="44.5530807785689830780029296875" lon="-0.24550351314246654510498046875">
        <ele>14.6000003814697265625</ele>
        <time>2025-09-01T14:21:31.000Z</time>
        <extensions>
          <ns3:TrackPointExtension>
            <ns3:atemp>25.0</ns3:atemp>
          </ns3:TrackPointExtension>
        </extensions>
      </trkpt>
      <trkpt lat="44.5530774258077144622802734375" lon="-0.2455020882189273834228515625">
        <ele>14.6000003814697265625</ele>
        <time>2025-09-01T14:21:32.000Z</time>
        <extensions>
          <ns3:TrackPointExtension>
            <ns3:atemp>25.0</ns3:atemp>
          </ns3:TrackPointExtension>
        </extensions>
      </trkpt>
      <trkpt lat="44.5530774258077144622802734375" lon="-0.24550217203795909881591796875">
        <ele>14.6000003814697265625</ele>
        <time>2025-09-01T14:21:33.000Z</time>
        <extensions>
          <ns3:TrackPointExtension>
            <ns3:atemp>25.0</ns3:atemp>
          </ns3:TrackPointExtension>
        </extensions>
      </trkpt>
      <trkpt lat="44.5530774258077144622802734375" lon="-0.24550217203795909881591796875">
        <ele>14.6000003814697265625</ele>
        <time>2025-09-01T14:21:34.000Z</time>
        <extensions>
          <ns3:TrackPointExtension>
            <ns3:atemp>25.0</ns3:atemp>
          </ns3:TrackPointExtension>
        </extensions>
      </trkpt>
      <trkpt lat="44.55307734198868274688720703125" lon="-0.2455024234950542449951171875">
        <ele>14.80000019073486328125</ele>
        <time>2025-09-01T14:21:35.000Z</time>
        <extensions>
          <ns3:TrackPointExtension>
            <ns3:atemp>25.0</ns3:atemp>
          </ns3:TrackPointExtension>
        </extensions>
      </trkpt>
      <trkpt lat="44.55306946299970149993896484375" lon="-0.24549412541091442108154296875">
        <ele>14.80000019073486328125</ele>
        <time>2025-09-01T14:21:36.000Z</time>
        <extensions>
          <ns3:TrackPointExtension>
            <ns3:atemp>25.0</ns3:atemp>
          </ns3:TrackPointExtension>
        </extensions>
      </trkpt>
      <trkpt lat="44.55305940471589565277099609375" lon="-0.2454735897481441497802734375">
        <ele>14.80000019073486328125</ele>
        <time>2025-09-01T14:21:37.000Z</time>
        <extensions>
          <ns3:TrackPointExtension>
            <ns3:atemp>25.0</ns3:atemp>
          </ns3:TrackPointExtension>
        </extensions>
      </trkpt>
      <trkpt lat="44.55305454321205615997314453125" lon="-0.2454578317701816558837890625">
        <ele>14.80000019073486328125</ele>
        <time>2025-09-01T14:21:38.000Z</time>
        <extensions>
          <ns3:TrackPointExtension>
            <ns3:atemp>25.0</ns3:atemp>
          </ns3:TrackPointExtension>
        </extensions>
      </trkpt>
      <trkpt lat="44.553049765527248382568359375" lon="-0.24544400162994861602783203125">
        <ele>14.80000019073486328125</ele>
        <time>2025-09-01T14:21:39.000Z</time>
        <extensions>
          <ns3:TrackPointExtension>
            <ns3:atemp>25.0</ns3:atemp>
          </ns3:TrackPointExtension>
        </extensions>
      </trkpt>
      <trkpt lat="44.55304138362407684326171875" lon="-0.24542824365198612213134765625">
        <ele>14.6000003814697265625</ele>
        <time>2025-09-01T14:21:40.000Z</time>
        <extensions>
          <ns3:TrackPointExtension>
            <ns3:atemp>25.0</ns3:atemp>
          </ns3:TrackPointExtension>
        </extensions>
      </trkpt>
      <trkpt lat="44.5530341751873493194580078125" lon="-0.2454127371311187744140625">
        <ele>14.6000003814697265625</ele>
        <time>2025-09-01T14:21:41.000Z</time>
        <extensions>
          <ns3:TrackPointExtension>
            <ns3:atemp>25.0</ns3:atemp>
          </ns3:TrackPointExtension>
        </extensions>
      </trkpt>
      <trkpt lat="44.5530301518738269805908203125" lon="-0.24540142156183719635009765625">
        <ele>14.6000003814697265625</ele>
        <time>2025-09-01T14:21:42.000Z</time>
        <extensions>
          <ns3:TrackPointExtension>
            <ns3:atemp>25.0</ns3:atemp>
          </ns3:TrackPointExtension>
        </extensions>
      </trkpt>
      <trkpt lat="44.55302889458835124969482421875" lon="-0.24538801051676273345947265625">
        <ele>14.6000003814697265625</ele>
        <time>2025-09-01T14:21:43.000Z</time>
        <extensions>
          <ns3:TrackPointExtension>
            <ns3:atemp>25.0</ns3:atemp>
          </ns3:TrackPointExtension>
        </extensions>
      </trkpt>
      <trkpt lat="44.55302126705646514892578125" lon="-0.24537744931876659393310546875">
        <ele>14.3999996185302734375</ele>
        <time>2025-09-01T14:21:44.000Z</time>
        <extensions>
          <ns3:TrackPointExtension>
            <ns3:atemp>25.0</ns3:atemp>
          </ns3:TrackPointExtension>
        </extensions>
      </trkpt>
      <trkpt lat="44.5530157350003719329833984375" lon="-0.24536806158721446990966796875">
        <ele>14.3999996185302734375</ele>
        <time>2025-09-01T14:21:45.000Z</time>
        <extensions>
          <ns3:TrackPointExtension>
            <ns3:atemp>25.0</ns3:atemp>
          </ns3:TrackPointExtension>
        </extensions>
      </trkpt>
      <trkpt lat="44.553009532392024993896484375" lon="-0.24535666219890117645263671875">
        <ele>14.3999996185302734375</ele>
        <time>2025-09-01T14:21:46.000Z</time>
        <extensions>
          <ns3:TrackPointExtension>
            <ns3:atemp>25.0</ns3:atemp>
          </ns3:TrackPointExtension>
        </extensions>
      </trkpt>
      <trkpt lat="44.55299737863242626190185546875" lon="-0.24534274823963642120361328125">
        <ele>14.19999980926513671875</ele>
        <time>2025-09-01T14:21:47.000Z</time>
        <extensions>
          <ns3:TrackPointExtension>
            <ns3:atemp>25.0</ns3:atemp>
          </ns3:TrackPointExtension>
        </extensions>
      </trkpt>
      <trkpt lat="44.55298312939703464508056640625" lon="-0.2453284151852130889892578125">
        <ele>14.19999980926513671875</ele>
        <time>2025-09-01T14:21:48.000Z</time>
        <extensions>
          <ns3:TrackPointExtension>
            <ns3:atemp>25.0</ns3:atemp>
          </ns3:TrackPointExtension>
        </extensions>
      </trkpt>
      <trkpt lat="44.552971981465816497802734375" lon="-0.2453148365020751953125">
        <ele>14.19999980926513671875</ele>
        <time>2025-09-01T14:21:49.000Z</time>
        <extensions>
          <ns3:TrackPointExtension>
            <ns3:atemp>25.0</ns3:atemp>
          </ns3:TrackPointExtension>
        </extensions>
      </trkpt>
      <trkpt lat="44.5529661141335964202880859375" lon="-0.2453076280653476715087890625">
        <ele>14.3999996185302734375</ele>
        <time>2025-09-01T14:21:50.000Z</time>
        <extensions>
          <ns3:TrackPointExtension>
            <ns3:atemp>25.0</ns3:atemp>
          </ns3:TrackPointExtension>
        </extensions>
      </trkpt>
      <trkpt lat="44.55296016298234462738037109375" lon="-0.24529597721993923187255859375">
        <ele>14.3999996185302734375</ele>
        <time>2025-09-01T14:21:51.000Z</time>
        <extensions>
          <ns3:TrackPointExtension>
            <ns3:atemp>25.0</ns3:atemp>
          </ns3:TrackPointExtension>
        </extensions>
      </trkpt>
      <trkpt lat="44.55295898951590061187744140625" lon="-0.24528457783162593841552734375">
        <ele>14.6000003814697265625</ele>
        <time>2025-09-01T14:21:52.000Z</time>
        <extensions>
          <ns3:TrackPointExtension>
            <ns3:atemp>25.0</ns3:atemp>
          </ns3:TrackPointExtension>
        </extensions>
      </trkpt>
      <trkpt lat="44.55295295454561710357666015625" lon="-0.24527166970074176788330078125">
        <ele>14.6000003814697265625</ele>
        <time>2025-09-01T14:21:53.000Z</time>
        <extensions>
          <ns3:TrackPointExtension>
            <ns3:atemp>25.0</ns3:atemp>
          </ns3:TrackPointExtension>
        </extensions>
      </trkpt>
      <trkpt lat="44.5529459975659847259521484375" lon="-0.245258174836635589599609375">
        <ele>14.6000003814697265625</ele>
        <time>2025-09-01T14:21:54.000Z</time>
        <extensions>
          <ns3:TrackPointExtension>
            <ns3:atemp>25.0</ns3:atemp>
          </ns3:TrackPointExtension>
        </extensions>
      </trkpt>
      <trkpt lat="44.5529406331479549407958984375" lon="-0.245247781276702880859375">
        <ele>14.6000003814697265625</ele>
        <time>2025-09-01T14:21:55.000Z</time>
        <extensions>
          <ns3:TrackPointExtension>
            <ns3:atemp>25.0</ns3:atemp>
          </ns3:TrackPointExtension>
        </extensions>
      </trkpt>
      <trkpt lat="44.55293786711990833282470703125" lon="-0.24523495696485042572021484375">
        <ele>14.3999996185302734375</ele>
        <time>2025-09-01T14:21:56.000Z</time>
        <extensions>
          <ns3:TrackPointExtension>
            <ns3:atemp>25.0</ns3:atemp>
          </ns3:TrackPointExtension>
        </extensions>
      </trkpt>
      <trkpt lat="44.552941806614398956298828125" lon="-0.24522028863430023193359375">
        <ele>14.3999996185302734375</ele>
        <time>2025-09-01T14:21:57.000Z</time>
        <extensions>
          <ns3:TrackPointExtension>
            <ns3:atemp>25.0</ns3:atemp>
          </ns3:TrackPointExtension>
        </extensions>
      </trkpt>
      <trkpt lat="44.552949182689189910888671875" lon="-0.2452033571898937225341796875">
        <ele>14.19999980926513671875</ele>
        <time>2025-09-01T14:21:58.000Z</time>
        <extensions>
          <ns3:TrackPointExtension>
            <ns3:atemp>25.0</ns3:atemp>
          </ns3:TrackPointExtension>
        </extensions>
      </trkpt>
      <trkpt lat="44.55295622348785400390625" lon="-0.245188772678375244140625">
        <ele>14</ele>
        <time>2025-09-01T14:21:59.000Z</time>
        <extensions>
          <ns3:TrackPointExtension>
            <ns3:atemp>25.0</ns3:atemp>
          </ns3:TrackPointExtension>
        </extensions>
      </trkpt>
      <trkpt lat="44.552961923182010650634765625" lon="-0.24517175741493701934814453125">
        <ele>13.80000019073486328125</ele>
        <time>2025-09-01T14:22:00.000Z</time>
        <extensions>
          <ns3:TrackPointExtension>
            <ns3:atemp>25.0</ns3:atemp>
          </ns3:TrackPointExtension>
        </extensions>
      </trkpt>
      <trkpt lat="44.55296787433326244354248046875" lon="-0.245158262550830841064453125">
        <ele>13.3999996185302734375</ele>
        <time>2025-09-01T14:22:01.000Z</time>
        <extensions>
          <ns3:TrackPointExtension>
            <ns3:atemp>25.0</ns3:atemp>
          </ns3:TrackPointExtension>
        </extensions>
      </trkpt>
      <trkpt lat="44.55297541804611682891845703125" lon="-0.24514258839190006256103515625">
        <ele>13.3999996185302734375</ele>
        <time>2025-09-01T14:22:02.000Z</time>
        <extensions>
          <ns3:TrackPointExtension>
            <ns3:atemp>25.0</ns3:atemp>
          </ns3:TrackPointExtension>
        </extensions>
      </trkpt>
      <trkpt lat="44.55298111774027347564697265625" lon="-0.2451292611658573150634765625">
        <ele>13.19999980926513671875</ele>
        <time>2025-09-01T14:22:03.000Z</time>
        <extensions>
          <ns3:TrackPointExtension>
            <ns3:atemp>25.0</ns3:atemp>
          </ns3:TrackPointExtension>
        </extensions>
      </trkpt>
      <trkpt lat="44.5529879070818424224853515625" lon="-0.24511693976819515228271484375">
        <ele>13.19999980926513671875</ele>
        <time>2025-09-01T14:22:04.000Z</time>
        <extensions>
          <ns3:TrackPointExtension>
            <ns3:atemp>25.0</ns3:atemp>
          </ns3:TrackPointExtension>
        </extensions>
      </trkpt>
      <trkpt lat="44.55299444496631622314453125" lon="-0.245108306407928466796875">
        <ele>13.19999980926513671875</ele>
        <time>2025-09-01T14:22:05.000Z</time>
        <extensions>
          <ns3:TrackPointExtension>
            <ns3:atemp>25.0</ns3:atemp>
          </ns3:TrackPointExtension>
        </extensions>
      </trkpt>
      <trkpt lat="44.55300358124077320098876953125" lon="-0.24509615264832973480224609375">
        <ele>13.19999980926513671875</ele>
        <time>2025-09-01T14:22:06.000Z</time>
        <extensions>
          <ns3:TrackPointExtension>
            <ns3:atemp>25.0</ns3:atemp>
          </ns3:TrackPointExtension>
        </extensions>
      </trkpt>
      <trkpt lat="44.55301011912524700164794921875" lon="-0.2450876869261264801025390625">
        <ele>13</ele>
        <time>2025-09-01T14:22:07.000Z</time>
        <extensions>
          <ns3:TrackPointExtension>
            <ns3:atemp>25.0</ns3:atemp>
          </ns3:TrackPointExtension>
        </extensions>
      </trkpt>
      <trkpt lat="44.5530137233436107635498046875" lon="-0.245077125728130340576171875">
        <ele>13.19999980926513671875</ele>
        <time>2025-09-01T14:22:08.000Z</time>
        <extensions>
          <ns3:TrackPointExtension>
            <ns3:atemp>25.0</ns3:atemp>
          </ns3:TrackPointExtension>
        </extensions>
      </trkpt>
      <trkpt lat="44.5530219376087188720703125" lon="-0.24506069719791412353515625">
        <ele>13.19999980926513671875</ele>
        <time>2025-09-01T14:22:09.000Z</time>
        <extensions>
          <ns3:TrackPointExtension>
            <ns3:atemp>25.0</ns3:atemp>
          </ns3:TrackPointExtension>
        </extensions>
      </trkpt>
      <trkpt lat="44.553028978407382965087890625" lon="-0.24504904635250568389892578125">
        <ele>13</ele>
        <time>2025-09-01T14:22:10.000Z</time>
        <extensions>
          <ns3:TrackPointExtension>
            <ns3:atemp>25.0</ns3:atemp>
          </ns3:TrackPointExtension>
        </extensions>
      </trkpt>
      <trkpt lat="44.5530365221202373504638671875" lon="-0.2450353838503360748291015625">
        <ele>13</ele>
        <time>2025-09-01T14:22:11.000Z</time>
        <extensions>
          <ns3:TrackPointExtension>
            <ns3:atemp>25.0</ns3:atemp>
          </ns3:TrackPointExtension>
        </extensions>
      </trkpt>
      <trkpt lat="44.5530402101576328277587890625" lon="-0.24502289481461048126220703125">
        <ele>13</ele>
        <time>2025-09-01T14:22:12.000Z</time>
        <extensions>
          <ns3:TrackPointExtension>
            <ns3:atemp>25.0</ns3:atemp>
          </ns3:TrackPointExtension>
        </extensions>
      </trkpt>
      <trkpt lat="44.5530482567846775054931640625" lon="-0.2450157701969146728515625">
        <ele>13</ele>
        <time>2025-09-01T14:22:13.000Z</time>
        <extensions>
          <ns3:TrackPointExtension>
            <ns3:atemp>25.0</ns3:atemp>
          </ns3:TrackPointExtension>
        </extensions>
      </trkpt>
      <trkpt lat="44.55305613577365875244140625" lon="-0.24500361643731594085693359375">
        <ele>13</ele>
        <time>2025-09-01T14:22:14.000Z</time>
        <extensions>
          <ns3:TrackPointExtension>
            <ns3:atemp>25.0</ns3:atemp>
          </ns3:TrackPointExtension>
        </extensions>
      </trkpt>
      <trkpt lat="44.55306644551455974578857421875" lon="-0.24499271996319293975830078125">
        <ele>13</ele>
        <time>2025-09-01T14:22:15.000Z</time>
        <extensions>
          <ns3:TrackPointExtension>
            <ns3:atemp>25.0</ns3:atemp>
          </ns3:TrackPointExtension>
        </extensions>
      </trkpt>
      <trkpt lat="44.55307197757065296173095703125" lon="-0.24497595615684986114501953125">
        <ele>13.19999980926513671875</ele>
        <time>2025-09-01T14:22:16.000Z</time>
        <extensions>
          <ns3:TrackPointExtension>
            <ns3:atemp>25.0</ns3:atemp>
          </ns3:TrackPointExtension>
        </extensions>
      </trkpt>
      <trkpt lat="44.5530750788748264312744140625" lon="-0.24495919235050678253173828125">
        <ele>13.19999980926513671875</ele>
        <time>2025-09-01T14:22:17.000Z</time>
        <extensions>
          <ns3:TrackPointExtension>
            <ns3:atemp>25.0</ns3:atemp>
          </ns3:TrackPointExtension>
        </extensions>
      </trkpt>
      <trkpt lat="44.5530782639980316162109375" lon="-0.24494527839124202728271484375">
        <ele>13.19999980926513671875</ele>
        <time>2025-09-01T14:22:18.000Z</time>
        <extensions>
          <ns3:TrackPointExtension>
            <ns3:atemp>25.0</ns3:atemp>
          </ns3:TrackPointExtension>
        </extensions>
      </trkpt>
      <trkpt lat="44.55308572389185428619384765625" lon="-0.24492834694683551788330078125">
        <ele>13</ele>
        <time>2025-09-01T14:22:19.000Z</time>
        <extensions>
          <ns3:TrackPointExtension>
            <ns3:atemp>25.0</ns3:atemp>
          </ns3:TrackPointExtension>
        </extensions>
      </trkpt>
      <trkpt lat="44.55309393815696239471435546875" lon="-0.2449166961014270782470703125">
        <ele>12.80000019073486328125</ele>
        <time>2025-09-01T14:22:20.000Z</time>
        <extensions>
          <ns3:TrackPointExtension>
            <ns3:atemp>25.0</ns3:atemp>
          </ns3:TrackPointExtension>
        </extensions>
      </trkpt>
      <trkpt lat="44.55310047604143619537353515625" lon="-0.2449022792279720306396484375">
        <ele>12.80000019073486328125</ele>
        <time>2025-09-01T14:22:21.000Z</time>
        <extensions>
          <ns3:TrackPointExtension>
            <ns3:atemp>25.0</ns3:atemp>
          </ns3:TrackPointExtension>
        </extensions>
      </trkpt>
      <trkpt lat="44.5531086064875125885009765625" lon="-0.24489230476319789886474609375">
        <ele>12.80000019073486328125</ele>
        <time>2025-09-01T14:22:22.000Z</time>
        <extensions>
          <ns3:TrackPointExtension>
            <ns3:atemp>25.0</ns3:atemp>
          </ns3:TrackPointExtension>
        </extensions>
      </trkpt>
      <trkpt lat="44.5531176589429378509521484375" lon="-0.24488761089742183685302734375">
        <ele>12.80000019073486328125</ele>
        <time>2025-09-01T14:22:23.000Z</time>
        <extensions>
          <ns3:TrackPointExtension>
            <ns3:atemp>25.0</ns3:atemp>
          </ns3:TrackPointExtension>
        </extensions>
      </trkpt>
      <trkpt lat="44.55313081853091716766357421875" lon="-0.24489113129675388336181640625">
        <ele>13</ele>
        <time>2025-09-01T14:22:24.000Z</time>
        <extensions>
          <ns3:TrackPointExtension>
            <ns3:atemp>25.0</ns3:atemp>
          </ns3:TrackPointExtension>
        </extensions>
      </trkpt>
      <trkpt lat="44.5531384460628032684326171875" lon="-0.24488559924066066741943359375">
        <ele>13.19999980926513671875</ele>
        <time>2025-09-01T14:22:25.000Z</time>
        <extensions>
          <ns3:TrackPointExtension>
            <ns3:atemp>25.0</ns3:atemp>
          </ns3:TrackPointExtension>
        </extensions>
      </trkpt>
      <trkpt lat="44.55314557068049907684326171875" lon="-0.24487822316586971282958984375">
        <ele>13.19999980926513671875</ele>
        <time>2025-09-01T14:22:26.000Z</time>
        <extensions>
          <ns3:TrackPointExtension>
            <ns3:atemp>25.0</ns3:atemp>
          </ns3:TrackPointExtension>
        </extensions>
      </trkpt>
      <trkpt lat="44.5531495101749897003173828125" lon="-0.24487285874783992767333984375">
        <ele>13.19999980926513671875</ele>
        <time>2025-09-01T14:22:27.000Z</time>
        <extensions>
          <ns3:TrackPointExtension>
            <ns3:atemp>25.0</ns3:atemp>
          </ns3:TrackPointExtension>
        </extensions>
      </trkpt>
      <trkpt lat="44.55315412022173404693603515625" lon="-0.24486715905368328094482421875">
        <ele>13.19999980926513671875</ele>
        <time>2025-09-01T14:22:28.000Z</time>
        <extensions>
          <ns3:TrackPointExtension>
            <ns3:atemp>25.0</ns3:atemp>
          </ns3:TrackPointExtension>
        </extensions>
      </trkpt>
      <trkpt lat="44.55316501669585704803466796875" lon="-0.244854502379894256591796875">
        <ele>13.19999980926513671875</ele>
        <time>2025-09-01T14:22:29.000Z</time>
        <extensions>
          <ns3:TrackPointExtension>
            <ns3:atemp>25.0</ns3:atemp>
          </ns3:TrackPointExtension>
        </extensions>
      </trkpt>
      <trkpt lat="44.5531723089516162872314453125" lon="-0.244846455752849578857421875">
        <ele>13.19999980926513671875</ele>
        <time>2025-09-01T14:22:30.000Z</time>
        <extensions>
          <ns3:TrackPointExtension>
            <ns3:atemp>25.0</ns3:atemp>
          </ns3:TrackPointExtension>
        </extensions>
      </trkpt>
      <trkpt lat="44.553178511559963226318359375" lon="-0.24483866058290004730224609375">
        <ele>13.3999996185302734375</ele>
        <time>2025-09-01T14:22:31.000Z</time>
        <extensions>
          <ns3:TrackPointExtension>
            <ns3:atemp>25.0</ns3:atemp>
          </ns3:TrackPointExtension>
        </extensions>
      </trkpt>
      <trkpt lat="44.55318622291088104248046875" lon="-0.244829356670379638671875">
        <ele>13.3999996185302734375</ele>
        <time>2025-09-01T14:22:32.000Z</time>
        <extensions>
          <ns3:TrackPointExtension>
            <ns3:atemp>25.0</ns3:atemp>
          </ns3:TrackPointExtension>
        </extensions>
      </trkpt>
      <trkpt lat="44.5531967841088771820068359375" lon="-0.2448119223117828369140625">
        <ele>13.3999996185302734375</ele>
        <time>2025-09-01T14:22:33.000Z</time>
        <extensions>
          <ns3:TrackPointExtension>
            <ns3:atemp>25.0</ns3:atemp>
          </ns3:TrackPointExtension>
        </extensions>
      </trkpt>
      <trkpt lat="44.55320759676396846771240234375" lon="-0.24479926563799381256103515625">
        <ele>13.6000003814697265625</ele>
        <time>2025-09-01T14:22:34.000Z</time>
        <extensions>
          <ns3:TrackPointExtension>
            <ns3:atemp>25.0</ns3:atemp>
          </ns3:TrackPointExtension>
        </extensions>
      </trkpt>
      <trkpt lat="44.55321438610553741455078125" lon="-0.2447986789047718048095703125">
        <ele>13.6000003814697265625</ele>
        <time>2025-09-01T14:22:35.000Z</time>
        <extensions>
          <ns3:TrackPointExtension>
            <ns3:atemp>25.0</ns3:atemp>
          </ns3:TrackPointExtension>
        </extensions>
      </trkpt>
      <trkpt lat="44.5532202534377574920654296875" lon="-0.2447956614196300506591796875">
        <ele>13.6000003814697265625</ele>
        <time>2025-09-01T14:22:36.000Z</time>
        <extensions>
          <ns3:TrackPointExtension>
            <ns3:atemp>25.0</ns3:atemp>
          </ns3:TrackPointExtension>
        </extensions>
      </trkpt>
      <trkpt lat="44.5532242767512798309326171875" lon="-0.24479784071445465087890625">
        <ele>13.6000003814697265625</ele>
        <time>2025-09-01T14:22:37.000Z</time>
        <extensions>
          <ns3:TrackPointExtension>
            <ns3:atemp>25.0</ns3:atemp>
          </ns3:TrackPointExtension>
        </extensions>
      </trkpt>
      <trkpt lat="44.5532366819679737091064453125" lon="-0.244786441326141357421875">
        <ele>13.6000003814697265625</ele>
        <time>2025-09-01T14:22:38.000Z</time>
        <extensions>
          <ns3:TrackPointExtension>
            <ns3:atemp>25.0</ns3:atemp>
          </ns3:TrackPointExtension>
        </extensions>
      </trkpt>
      <trkpt lat="44.55324430949985980987548828125" lon="-0.24477646686136722564697265625">
        <ele>13.6000003814697265625</ele>
        <time>2025-09-01T14:22:39.000Z</time>
        <extensions>
          <ns3:TrackPointExtension>
            <ns3:atemp>25.0</ns3:atemp>
          </ns3:TrackPointExtension>
        </extensions>
      </trkpt>
      <trkpt lat="44.5532510988414287567138671875" lon="-0.24476758204400539398193359375">
        <ele>13.80000019073486328125</ele>
        <time>2025-09-01T14:22:40.000Z</time>
        <extensions>
          <ns3:TrackPointExtension>
            <ns3:atemp>25.0</ns3:atemp>
          </ns3:TrackPointExtension>
        </extensions>
      </trkpt>
      <trkpt lat="44.55325688235461711883544921875" lon="-0.24476003833115100860595703125">
        <ele>13.80000019073486328125</ele>
        <time>2025-09-01T14:22:41.000Z</time>
        <extensions>
          <ns3:TrackPointExtension>
            <ns3:atemp>25.0</ns3:atemp>
          </ns3:TrackPointExtension>
        </extensions>
      </trkpt>
      <trkpt lat="44.5532645098865032196044921875" lon="-0.24474729783833026885986328125">
        <ele>13.80000019073486328125</ele>
        <time>2025-09-01T14:22:42.000Z</time>
        <extensions>
          <ns3:TrackPointExtension>
            <ns3:atemp>25.0</ns3:atemp>
          </ns3:TrackPointExtension>
        </extensions>
      </trkpt>
      <trkpt lat="44.553270377218723297119140625" lon="-0.2447359822690486907958984375">
        <ele>13.80000019073486328125</ele>
        <time>2025-09-01T14:22:43.000Z</time>
        <extensions>
          <ns3:TrackPointExtension>
            <ns3:atemp>25.0</ns3:atemp>
          </ns3:TrackPointExtension>
        </extensions>
      </trkpt>
      <trkpt lat="44.55327699892222881317138671875" lon="-0.24472449906170368194580078125">
        <ele>13.80000019073486328125</ele>
        <time>2025-09-01T14:22:44.000Z</time>
        <extensions>
          <ns3:TrackPointExtension>
            <ns3:atemp>25.0</ns3:atemp>
          </ns3:TrackPointExtension>
        </extensions>
      </trkpt>
      <trkpt lat="44.55327649600803852081298828125" lon="-0.244722403585910797119140625">
        <ele>13.80000019073486328125</ele>
        <time>2025-09-01T14:22:45.000Z</time>
        <extensions>
          <ns3:TrackPointExtension>
            <ns3:atemp>25.0</ns3:atemp>
          </ns3:TrackPointExtension>
        </extensions>
      </trkpt>
      <trkpt lat="44.55327113159000873565673828125" lon="-0.24472047574818134307861328125">
        <ele>13.6000003814697265625</ele>
        <time>2025-09-01T14:22:46.000Z</time>
        <extensions>
          <ns3:TrackPointExtension>
            <ns3:atemp>25.0</ns3:atemp>
          </ns3:TrackPointExtension>
        </extensions>
      </trkpt>
      <trkpt lat="44.5532668568193912506103515625" lon="-0.2447168715298175811767578125">
        <ele>13.6000003814697265625</ele>
        <time>2025-09-01T14:22:47.000Z</time>
        <extensions>
          <ns3:TrackPointExtension>
            <ns3:atemp>25.0</ns3:atemp>
          </ns3:TrackPointExtension>
        </extensions>
      </trkpt>
      <trkpt lat="44.5532658509910106658935546875" lon="-0.24470320902764797210693359375">
        <ele>13.6000003814697265625</ele>
        <time>2025-09-01T14:22:48.000Z</time>
        <extensions>
          <ns3:TrackPointExtension>
            <ns3:atemp>25.0</ns3:atemp>
          </ns3:TrackPointExtension>
        </extensions>
      </trkpt>
      <trkpt lat="44.5532671920955181121826171875" lon="-0.2446927316486835479736328125">
        <ele>13.80000019073486328125</ele>
        <time>2025-09-01T14:22:49.000Z</time>
        <extensions>
          <ns3:TrackPointExtension>
            <ns3:atemp>25.0</ns3:atemp>
          </ns3:TrackPointExtension>
        </extensions>
      </trkpt>
      <trkpt lat="44.55327180214226245880126953125" lon="-0.24468158371746540069580078125">
        <ele>13.80000019073486328125</ele>
        <time>2025-09-01T14:22:50.000Z</time>
        <extensions>
          <ns3:TrackPointExtension>
            <ns3:atemp>25.0</ns3:atemp>
          </ns3:TrackPointExtension>
        </extensions>
      </trkpt>
      <trkpt lat="44.5532794296741485595703125" lon="-0.24466834031045436859130859375">
        <ele>13.80000019073486328125</ele>
        <time>2025-09-01T14:22:51.000Z</time>
        <extensions>
          <ns3:TrackPointExtension>
            <ns3:atemp>25.0</ns3:atemp>
          </ns3:TrackPointExtension>
        </extensions>
      </trkpt>
      <trkpt lat="44.5532852970063686370849609375" lon="-0.24465710856020450592041015625">
        <ele>13.6000003814697265625</ele>
        <time>2025-09-01T14:22:52.000Z</time>
        <extensions>
          <ns3:TrackPointExtension>
            <ns3:atemp>25.0</ns3:atemp>
          </ns3:TrackPointExtension>
        </extensions>
      </trkpt>
      <trkpt lat="44.553291499614715576171875" lon="-0.24465166032314300537109375">
        <ele>13.3999996185302734375</ele>
        <time>2025-09-01T14:22:53.000Z</time>
        <extensions>
          <ns3:TrackPointExtension>
            <ns3:atemp>25.0</ns3:atemp>
          </ns3:TrackPointExtension>
        </extensions>
      </trkpt>
      <trkpt lat="44.55329711548984050750732421875" lon="-0.2446424402296543121337890625">
        <ele>13.19999980926513671875</ele>
        <time>2025-09-01T14:22:54.000Z</time>
        <extensions>
          <ns3:TrackPointExtension>
            <ns3:atemp>25.0</ns3:atemp>
          </ns3:TrackPointExtension>
        </extensions>
      </trkpt>
      <trkpt lat="44.55330013297498226165771484375" lon="-0.2446347288787364959716796875">
        <ele>13</ele>
        <time>2025-09-01T14:22:55.000Z</time>
        <extensions>
          <ns3:TrackPointExtension>
            <ns3:atemp>25.0</ns3:atemp>
          </ns3:TrackPointExtension>
        </extensions>
      </trkpt>
      <trkpt lat="44.5533030666410923004150390625" lon="-0.244625844061374664306640625">
        <ele>12.80000019073486328125</ele>
        <time>2025-09-01T14:22:56.000Z</time>
        <extensions>
          <ns3:TrackPointExtension>
            <ns3:atemp>25.0</ns3:atemp>
          </ns3:TrackPointExtension>
        </extensions>
      </trkpt>
      <trkpt lat="44.5533104427158832550048828125" lon="-0.24461989291012287139892578125">
        <ele>12.6000003814697265625</ele>
        <time>2025-09-01T14:22:57.000Z</time>
        <extensions>
          <ns3:TrackPointExtension>
            <ns3:atemp>25.0</ns3:atemp>
          </ns3:TrackPointExtension>
        </extensions>
      </trkpt>
      <trkpt lat="44.55332041718065738677978515625" lon="-0.24459692649543285369873046875">
        <ele>12.6000003814697265625</ele>
        <time>2025-09-01T14:22:58.000Z</time>
        <extensions>
          <ns3:TrackPointExtension>
            <ns3:atemp>25.0</ns3:atemp>
          </ns3:TrackPointExtension>
        </extensions>
      </trkpt>
      <trkpt lat="44.55332041718065738677978515625" lon="-0.24459692649543285369873046875">
        <ele>12.6000003814697265625</ele>
        <time>2025-09-01T14:22:59.000Z</time>
        <extensions>
          <ns3:TrackPointExtension>
            <ns3:atemp>25.0</ns3:atemp>
          </ns3:TrackPointExtension>
        </extensions>
      </trkpt>
      <trkpt lat="44.55332460813224315643310546875" lon="-0.24459407664835453033447265625">
        <ele>12.6000003814697265625</ele>
        <time>2025-09-01T14:23:00.000Z</time>
        <extensions>
          <ns3:TrackPointExtension>
            <ns3:atemp>25.0</ns3:atemp>
          </ns3:TrackPointExtension>
        </extensions>
      </trkpt>
      <trkpt lat="44.5533205009996891021728515625" lon="-0.2445968426764011383056640625">
        <ele>12.6000003814697265625</ele>
        <time>2025-09-01T14:23:01.000Z</time>
        <extensions>
          <ns3:TrackPointExtension>
            <ns3:atemp>25.0</ns3:atemp>
          </ns3:TrackPointExtension>
        </extensions>
      </trkpt>
      <trkpt lat="44.55332041718065738677978515625" lon="-0.24459692649543285369873046875">
        <ele>12.6000003814697265625</ele>
        <time>2025-09-01T14:23:02.000Z</time>
        <extensions>
          <ns3:TrackPointExtension>
            <ns3:atemp>25.0</ns3:atemp>
          </ns3:TrackPointExtension>
        </extensions>
      </trkpt>
      <trkpt lat="44.55332041718065738677978515625" lon="-0.24459692649543285369873046875">
        <ele>12.80000019073486328125</ele>
        <time>2025-09-01T14:23:03.000Z</time>
        <extensions>
          <ns3:TrackPointExtension>
            <ns3:atemp>25.0</ns3:atemp>
          </ns3:TrackPointExtension>
        </extensions>
      </trkpt>
      <trkpt lat="44.55332041718065738677978515625" lon="-0.24459692649543285369873046875">
        <ele>12.80000019073486328125</ele>
        <time>2025-09-01T14:23:04.000Z</time>
        <extensions>
          <ns3:TrackPointExtension>
            <ns3:atemp>25.0</ns3:atemp>
          </ns3:TrackPointExtension>
        </extensions>
      </trkpt>
      <trkpt lat="44.55332041718065738677978515625" lon="-0.24459692649543285369873046875">
        <ele>12.80000019073486328125</ele>
        <time>2025-09-01T14:23:05.000Z</time>
        <extensions>
          <ns3:TrackPointExtension>
            <ns3:atemp>25.0</ns3:atemp>
          </ns3:TrackPointExtension>
        </extensions>
      </trkpt>
      <trkpt lat="44.55332041718065738677978515625" lon="-0.24459692649543285369873046875">
        <ele>12.80000019073486328125</ele>
        <time>2025-09-01T14:23:06.000Z</time>
        <extensions>
          <ns3:TrackPointExtension>
            <ns3:atemp>25.0</ns3:atemp>
          </ns3:TrackPointExtension>
        </extensions>
      </trkpt>
      <trkpt lat="44.55332041718065738677978515625" lon="-0.24459692649543285369873046875">
        <ele>13</ele>
        <time>2025-09-01T14:23:07.000Z</time>
        <extensions>
          <ns3:TrackPointExtension>
            <ns3:atemp>25.0</ns3:atemp>
          </ns3:TrackPointExtension>
        </extensions>
      </trkpt>
      <trkpt lat="44.55332041718065738677978515625" lon="-0.24459692649543285369873046875">
        <ele>13.19999980926513671875</ele>
        <time>2025-09-01T14:23:08.000Z</time>
        <extensions>
          <ns3:TrackPointExtension>
            <ns3:atemp>25.0</ns3:atemp>
          </ns3:TrackPointExtension>
        </extensions>
      </trkpt>
      <trkpt lat="44.55332041718065738677978515625" lon="-0.24459692649543285369873046875">
        <ele>13.19999980926513671875</ele>
        <time>2025-09-01T14:23:09.000Z</time>
        <extensions>
          <ns3:TrackPointExtension>
            <ns3:atemp>25.0</ns3:atemp>
          </ns3:TrackPointExtension>
        </extensions>
      </trkpt>
      <trkpt lat="44.55332041718065738677978515625" lon="-0.24459692649543285369873046875">
        <ele>13.3999996185302734375</ele>
        <time>2025-09-01T14:23:10.000Z</time>
        <extensions>
          <ns3:TrackPointExtension>
            <ns3:atemp>25.0</ns3:atemp>
          </ns3:TrackPointExtension>
        </extensions>
      </trkpt>
      <trkpt lat="44.55332041718065738677978515625" lon="-0.24459692649543285369873046875">
        <ele>13.3999996185302734375</ele>
        <time>2025-09-01T14:23:11.000Z</time>
        <extensions>
          <ns3:TrackPointExtension>
            <ns3:atemp>25.0</ns3:atemp>
          </ns3:TrackPointExtension>
        </extensions>
      </trkpt>
    </trkseg>
  </trk>
</gpx>
