<?xml version="1.0" encoding="UTF-8"?>
<gpx creator="Garmin Connect" version="1.1"
  xsi:schemaLocation="http://www.topografix.com/GPX/1/1 http://www.topografix.com/GPX/11.xsd"
  xmlns:ns3="http://www.garmin.com/xmlschemas/TrackPointExtension/v1"
  xmlns="http://www.topografix.com/GPX/1/1"
  xmlns:xsi="http://www.w3.org/2001/XMLSchema-instance" xmlns:ns2="http://www.garmin.com/xmlschemas/GpxExtensions/v3">
  <metadata>
    <link href="connect.garmin.com">
      <text>Garmin Connect</text>
    </link>
    <time>2026-05-24T11:32:17.000Z</time>
  </metadata>
  <trk>
    <name>Shropshire Hiking</name>
    <desc>A very warm day but beautiful. Some steep sections to climb up.</desc>
    <type>hiking</type>
    <trkseg>
      <trkpt lat="52.54257283173501491546630859375" lon="-2.8064717352390289306640625">
        <ele>199.399993896484375</ele>
        <time>2026-05-24T11:32:27.000Z</time>
        <extensions>
          <ns3:TrackPointExtension>
            <ns3:hr>89</ns3:hr>
            <ns3:cad>0</ns3:cad>
          </ns3:TrackPointExtension>
        </extensions>
      </trkpt>
      <trkpt lat="52.5425891764461994171142578125" lon="-2.8065470047295093536376953125">
        <ele>199.1999969482421875</ele>
        <time>2026-05-24T11:32:32.000Z</time>
        <extensions>
          <ns3:TrackPointExtension>
            <ns3:hr>89</ns3:hr>
            <ns3:cad>0</ns3:cad>
          </ns3:TrackPointExtension>
        </extensions>
      </trkpt>
      <trkpt lat="52.542604096233844757080078125" lon="-2.8066219389438629150390625">
        <ele>200</ele>
        <time>2026-05-24T11:32:37.000Z</time>
        <extensions>
          <ns3:TrackPointExtension>
            <ns3:hr>86</ns3:hr>
            <ns3:cad>61</ns3:cad>
          </ns3:TrackPointExtension>
        </extensions>
      </trkpt>
      <trkpt lat="52.54263100214302539825439453125" lon="-2.8067587316036224365234375">
        <ele>200.399993896484375</ele>
        <time>2026-05-24T11:32:44.000Z</time>
        <extensions>
          <ns3:TrackPointExtension>
            <ns3:hr>87</ns3:hr>
            <ns3:cad>58</ns3:cad>
          </ns3:TrackPointExtension>
        </extensions>
      </trkpt>
      <trkpt lat="52.54263519309461116790771484375" lon="-2.80677859671413898468017578125">
        <ele>200.600006103515625</ele>
        <time>2026-05-24T11:32:45.000Z</time>
        <extensions>
          <ns3:TrackPointExtension>
            <ns3:hr>90</ns3:hr>
            <ns3:cad>58</ns3:cad>
          </ns3:TrackPointExtension>
        </extensions>
      </trkpt>
      <trkpt lat="52.54263921640813350677490234375" lon="-2.80680525116622447967529296875">
        <ele>200.600006103515625</ele>
        <time>2026-05-24T11:32:46.000Z</time>
        <extensions>
          <ns3:TrackPointExtension>
            <ns3:hr>94</ns3:hr>
            <ns3:cad>57</ns3:cad>
          </ns3:TrackPointExtension>
        </extensions>
      </trkpt>
      <trkpt lat="52.5426424853503704071044921875" lon="-2.80686208046972751617431640625">
        <ele>200.8000030517578125</ele>
        <time>2026-05-24T11:32:49.000Z</time>
        <extensions>
          <ns3:TrackPointExtension>
            <ns3:hr>97</ns3:hr>
            <ns3:cad>57</ns3:cad>
          </ns3:TrackPointExtension>
        </extensions>
      </trkpt>
      <trkpt lat="52.5426411442458629608154296875" lon="-2.806880436837673187255859375">
        <ele>200.8000030517578125</ele>
        <time>2026-05-24T11:32:50.000Z</time>
        <extensions>
          <ns3:TrackPointExtension>
            <ns3:hr>98</ns3:hr>
            <ns3:cad>60</ns3:cad>
          </ns3:TrackPointExtension>
        </extensions>
      </trkpt>
      <trkpt lat="52.54263703711330890655517578125" lon="-2.80690348707139492034912109375">
        <ele>200.8000030517578125</ele>
        <time>2026-05-24T11:32:51.000Z</time>
        <extensions>
          <ns3:TrackPointExtension>
            <ns3:hr>98</ns3:hr>
            <ns3:cad>60</ns3:cad>
          </ns3:TrackPointExtension>
        </extensions>
      </trkpt>
      <trkpt lat="52.54261775873601436614990234375" lon="-2.8070147149264812469482421875">
        <ele>201</ele>
        <time>2026-05-24T11:32:56.000Z</time>
        <extensions>
          <ns3:TrackPointExtension>
            <ns3:hr>101</ns3:hr>
            <ns3:cad>57</ns3:cad>
          </ns3:TrackPointExtension>
        </extensions>
      </trkpt>
      <trkpt lat="52.5425828061997890472412109375" lon="-2.8070841170847415924072265625">
        <ele>201.399993896484375</ele>
        <time>2026-05-24T11:33:00.000Z</time>
        <extensions>
          <ns3:TrackPointExtension>
            <ns3:hr>103</ns3:hr>
            <ns3:cad>61</ns3:cad>
          </ns3:TrackPointExtension>
        </extensions>
      </trkpt>
      <trkpt lat="52.54254466854035854339599609375" lon="-2.80711890198290348052978515625">
        <ele>201.600006103515625</ele>
        <time>2026-05-24T11:33:03.000Z</time>
        <extensions>
          <ns3:TrackPointExtension>
            <ns3:hr>104</ns3:hr>
            <ns3:cad>61</ns3:cad>
          </ns3:TrackPointExtension>
        </extensions>
      </trkpt>
      <trkpt lat="52.54249823279678821563720703125" lon="-2.8071518428623676300048828125">
        <ele>201.8000030517578125</ele>
        <time>2026-05-24T11:33:07.000Z</time>
        <extensions>
          <ns3:TrackPointExtension>
            <ns3:hr>106</ns3:hr>
            <ns3:cad>59</ns3:cad>
          </ns3:TrackPointExtension>
        </extensions>
      </trkpt>
      <trkpt lat="52.54246453754603862762451171875" lon="-2.80721009708940982818603515625">
        <ele>201.399993896484375</ele>
        <time>2026-05-24T11:33:11.000Z</time>
        <extensions>
          <ns3:TrackPointExtension>
            <ns3:hr>105</ns3:hr>
            <ns3:cad>59</ns3:cad>
          </ns3:TrackPointExtension>
        </extensions>
      </trkpt>
      <trkpt lat="52.5424212031066417694091796875" lon="-2.80732124112546443939208984375">
        <ele>201.399993896484375</ele>
        <time>2026-05-24T11:33:17.000Z</time>
        <extensions>
          <ns3:TrackPointExtension>
            <ns3:hr>103</ns3:hr>
            <ns3:cad>61</ns3:cad>
          </ns3:TrackPointExtension>
        </extensions>
      </trkpt>
      <trkpt lat="52.54239312373101711273193359375" lon="-2.807441018521785736083984375">
        <ele>201.8000030517578125</ele>
        <time>2026-05-24T11:33:23.000Z</time>
        <extensions>
          <ns3:TrackPointExtension>
            <ns3:hr>102</ns3:hr>
            <ns3:cad>59</ns3:cad>
          </ns3:TrackPointExtension>
        </extensions>
      </trkpt>
      <trkpt lat="52.54239446483552455902099609375" lon="-2.80753129161894321441650390625">
        <ele>201.8000030517578125</ele>
        <time>2026-05-24T11:33:28.000Z</time>
        <extensions>
          <ns3:TrackPointExtension>
            <ns3:hr>101</ns3:hr>
            <ns3:cad>57</ns3:cad>
          </ns3:TrackPointExtension>
        </extensions>
      </trkpt>
      <trkpt lat="52.5424057804048061370849609375" lon="-2.8076299466192722320556640625">
        <ele>201.8000030517578125</ele>
        <time>2026-05-24T11:33:34.000Z</time>
        <extensions>
          <ns3:TrackPointExtension>
            <ns3:hr>100</ns3:hr>
            <ns3:cad>55</ns3:cad>
          </ns3:TrackPointExtension>
        </extensions>
      </trkpt>
      <trkpt lat="52.5424168445169925689697265625" lon="-2.8077509813010692596435546875">
        <ele>202.399993896484375</ele>
        <time>2026-05-24T11:33:40.000Z</time>
        <extensions>
          <ns3:TrackPointExtension>
            <ns3:hr>100</ns3:hr>
            <ns3:cad>57</ns3:cad>
          </ns3:TrackPointExtension>
        </extensions>
      </trkpt>
      <trkpt lat="52.5424279086291790008544921875" lon="-2.80782180838286876678466796875">
        <ele>202.600006103515625</ele>
        <time>2026-05-24T11:33:44.000Z</time>
        <extensions>
          <ns3:TrackPointExtension>
            <ns3:hr>101</ns3:hr>
            <ns3:cad>57</ns3:cad>
          </ns3:TrackPointExtension>
        </extensions>
      </trkpt>
      <trkpt lat="52.54243939183652400970458984375" lon="-2.80790864489972591400146484375">
        <ele>202.8000030517578125</ele>
        <time>2026-05-24T11:33:48.000Z</time>
        <extensions>
          <ns3:TrackPointExtension>
            <ns3:hr>102</ns3:hr>
            <ns3:cad>57</ns3:cad>
          </ns3:TrackPointExtension>
        </extensions>
      </trkpt>
      <trkpt lat="52.54246294498443603515625" lon="-2.808098830282688140869140625">
        <ele>202.8000030517578125</ele>
        <time>2026-05-24T11:33:57.000Z</time>
        <extensions>
          <ns3:TrackPointExtension>
            <ns3:hr>101</ns3:hr>
            <ns3:cad>59</ns3:cad>
          </ns3:TrackPointExtension>
        </extensions>
      </trkpt>
      <trkpt lat="52.54247459582984447479248046875" lon="-2.80820385552942752838134765625">
        <ele>203.1999969482421875</ele>
        <time>2026-05-24T11:34:02.000Z</time>
        <extensions>
          <ns3:TrackPointExtension>
            <ns3:hr>98</ns3:hr>
            <ns3:cad>58</ns3:cad>
          </ns3:TrackPointExtension>
        </extensions>
      </trkpt>
      <trkpt lat="52.54247845150530338287353515625" lon="-2.8082317672669887542724609375">
        <ele>203.1999969482421875</ele>
        <time>2026-05-24T11:34:03.000Z</time>
        <extensions>
          <ns3:TrackPointExtension>
            <ns3:hr>97</ns3:hr>
            <ns3:cad>59</ns3:cad>
          </ns3:TrackPointExtension>
        </extensions>
      </trkpt>
      <trkpt lat="52.5425016693770885467529296875" lon="-2.808435447514057159423828125">
        <ele>203.600006103515625</ele>
        <time>2026-05-24T11:34:12.000Z</time>
        <extensions>
          <ns3:TrackPointExtension>
            <ns3:hr>99</ns3:hr>
            <ns3:cad>61</ns3:cad>
          </ns3:TrackPointExtension>
        </extensions>
      </trkpt>
      <trkpt lat="52.54250778816640377044677734375" lon="-2.8084949590265750885009765625">
        <ele>203.600006103515625</ele>
        <time>2026-05-24T11:34:15.000Z</time>
        <extensions>
          <ns3:TrackPointExtension>
            <ns3:hr>101</ns3:hr>
            <ns3:cad>60</ns3:cad>
          </ns3:TrackPointExtension>
        </extensions>
      </trkpt>
      <trkpt lat="52.542509548366069793701171875" lon="-2.808555476367473602294921875">
        <ele>203.8000030517578125</ele>
        <time>2026-05-24T11:34:18.000Z</time>
        <extensions>
          <ns3:TrackPointExtension>
            <ns3:hr>104</ns3:hr>
            <ns3:cad>60</ns3:cad>
          </ns3:TrackPointExtension>
        </extensions>
      </trkpt>
      <trkpt lat="52.542510889470577239990234375" lon="-2.808576263487339019775390625">
        <ele>203.8000030517578125</ele>
        <time>2026-05-24T11:34:19.000Z</time>
        <extensions>
          <ns3:TrackPointExtension>
            <ns3:hr>105</ns3:hr>
            <ns3:cad>60</ns3:cad>
          </ns3:TrackPointExtension>
        </extensions>
      </trkpt>
      <trkpt lat="52.54252404905855655670166015625" lon="-2.8087316639721393585205078125">
        <ele>204.1999969482421875</ele>
        <time>2026-05-24T11:34:26.000Z</time>
        <extensions>
          <ns3:TrackPointExtension>
            <ns3:hr>105</ns3:hr>
            <ns3:cad>58</ns3:cad>
          </ns3:TrackPointExtension>
        </extensions>
      </trkpt>
      <trkpt lat="52.5425596721470355987548828125" lon="-2.808873988687992095947265625">
        <ele>204.600006103515625</ele>
        <time>2026-05-24T11:34:32.000Z</time>
        <extensions>
          <ns3:TrackPointExtension>
            <ns3:hr>106</ns3:hr>
            <ns3:cad>59</ns3:cad>
          </ns3:TrackPointExtension>
        </extensions>
      </trkpt>
      <trkpt lat="52.54256553947925567626953125" lon="-2.80889578163623809814453125">
        <ele>204.600006103515625</ele>
        <time>2026-05-24T11:34:33.000Z</time>
        <extensions>
          <ns3:TrackPointExtension>
            <ns3:hr>106</ns3:hr>
            <ns3:cad>59</ns3:cad>
          </ns3:TrackPointExtension>
        </extensions>
      </trkpt>
      <trkpt lat="52.5426035933196544647216796875" lon="-2.80904070474207401275634765625">
        <ele>205</ele>
        <time>2026-05-24T11:34:40.000Z</time>
        <extensions>
          <ns3:TrackPointExtension>
            <ns3:hr>106</ns3:hr>
            <ns3:cad>63</ns3:cad>
          </ns3:TrackPointExtension>
        </extensions>
      </trkpt>
      <trkpt lat="52.54260719753801822662353515625" lon="-2.8091973625123500823974609375">
        <ele>205.399993896484375</ele>
        <time>2026-05-24T11:34:47.000Z</time>
        <extensions>
          <ns3:TrackPointExtension>
            <ns3:hr>107</ns3:hr>
            <ns3:cad>61</ns3:cad>
          </ns3:TrackPointExtension>
        </extensions>
      </trkpt>
      <trkpt lat="52.542610131204128265380859375" lon="-2.80924505554139614105224609375">
        <ele>205.600006103515625</ele>
        <time>2026-05-24T11:34:49.000Z</time>
        <extensions>
          <ns3:TrackPointExtension>
            <ns3:hr>107</ns3:hr>
            <ns3:cad>61</ns3:cad>
          </ns3:TrackPointExtension>
        </extensions>
      </trkpt>
      <trkpt lat="52.54262664355337619781494140625" lon="-2.80936676077544689178466796875">
        <ele>206</ele>
        <time>2026-05-24T11:34:54.000Z</time>
        <extensions>
          <ns3:TrackPointExtension>
            <ns3:hr>108</ns3:hr>
            <ns3:cad>62</ns3:cad>
          </ns3:TrackPointExtension>
        </extensions>
      </trkpt>
      <trkpt lat="52.5426508672535419464111328125" lon="-2.809455692768096923828125">
        <ele>206.8000030517578125</ele>
        <time>2026-05-24T11:34:58.000Z</time>
        <extensions>
          <ns3:TrackPointExtension>
            <ns3:hr>108</ns3:hr>
            <ns3:cad>61</ns3:cad>
          </ns3:TrackPointExtension>
        </extensions>
      </trkpt>
      <trkpt lat="52.5426672957837581634521484375" lon="-2.80953138135373592376708984375">
        <ele>207.399993896484375</ele>
        <time>2026-05-24T11:35:02.000Z</time>
        <extensions>
          <ns3:TrackPointExtension>
            <ns3:hr>108</ns3:hr>
            <ns3:cad>60</ns3:cad>
          </ns3:TrackPointExtension>
        </extensions>
      </trkpt>
      <trkpt lat="52.5426884181797504425048828125" lon="-2.8096613846719264984130859375">
        <ele>207.8000030517578125</ele>
        <time>2026-05-24T11:35:08.000Z</time>
        <extensions>
          <ns3:TrackPointExtension>
            <ns3:hr>108</ns3:hr>
            <ns3:cad>60</ns3:cad>
          </ns3:TrackPointExtension>
        </extensions>
      </trkpt>
      <trkpt lat="52.5426911003887653350830078125" lon="-2.809686027467250823974609375">
        <ele>207.8000030517578125</ele>
        <time>2026-05-24T11:35:09.000Z</time>
        <extensions>
          <ns3:TrackPointExtension>
            <ns3:hr>108</ns3:hr>
            <ns3:cad>59</ns3:cad>
          </ns3:TrackPointExtension>
        </extensions>
      </trkpt>
      <trkpt lat="52.54271767102181911468505859375" lon="-2.80988794751465320587158203125">
        <ele>208.8000030517578125</ele>
        <time>2026-05-24T11:35:18.000Z</time>
        <extensions>
          <ns3:TrackPointExtension>
            <ns3:hr>110</ns3:hr>
            <ns3:cad>62</ns3:cad>
          </ns3:TrackPointExtension>
        </extensions>
      </trkpt>
      <trkpt lat="52.54272110760211944580078125" lon="-2.80991091392934322357177734375">
        <ele>208.8000030517578125</ele>
        <time>2026-05-24T11:35:19.000Z</time>
        <extensions>
          <ns3:TrackPointExtension>
            <ns3:hr>110</ns3:hr>
            <ns3:cad>62</ns3:cad>
          </ns3:TrackPointExtension>
        </extensions>
      </trkpt>
      <trkpt lat="52.54276226274669170379638671875" lon="-2.81014141626656055450439453125">
        <ele>209.8000030517578125</ele>
        <time>2026-05-24T11:35:29.000Z</time>
        <extensions>
          <ns3:TrackPointExtension>
            <ns3:hr>111</ns3:hr>
            <ns3:cad>60</ns3:cad>
          </ns3:TrackPointExtension>
        </extensions>
      </trkpt>
      <trkpt lat="52.542767040431499481201171875" lon="-2.81016102991998195648193359375">
        <ele>209.8000030517578125</ele>
        <time>2026-05-24T11:35:30.000Z</time>
        <extensions>
          <ns3:TrackPointExtension>
            <ns3:hr>111</ns3:hr>
            <ns3:cad>60</ns3:cad>
          </ns3:TrackPointExtension>
        </extensions>
      </trkpt>
      <trkpt lat="52.54278841428458690643310546875" lon="-2.81029723584651947021484375">
        <ele>210.1999969482421875</ele>
        <time>2026-05-24T11:35:36.000Z</time>
        <extensions>
          <ns3:TrackPointExtension>
            <ns3:hr>112</ns3:hr>
            <ns3:cad>60</ns3:cad>
          </ns3:TrackPointExtension>
        </extensions>
      </trkpt>
      <trkpt lat="52.542831413447856903076171875" lon="-2.8104288317263126373291015625">
        <ele>210.1999969482421875</ele>
        <time>2026-05-24T11:35:43.000Z</time>
        <extensions>
          <ns3:TrackPointExtension>
            <ns3:hr>115</ns3:hr>
            <ns3:cad>61</ns3:cad>
          </ns3:TrackPointExtension>
        </extensions>
      </trkpt>
      <trkpt lat="52.54283912479877471923828125" lon="-2.81044785864651203155517578125">
        <ele>210.1999969482421875</ele>
        <time>2026-05-24T11:35:44.000Z</time>
        <extensions>
          <ns3:TrackPointExtension>
            <ns3:hr>116</ns3:hr>
            <ns3:cad>61</ns3:cad>
          </ns3:TrackPointExtension>
        </extensions>
      </trkpt>
      <trkpt lat="52.5428875721991062164306640625" lon="-2.81060610897839069366455078125">
        <ele>210.600006103515625</ele>
        <time>2026-05-24T11:35:52.000Z</time>
        <extensions>
          <ns3:TrackPointExtension>
            <ns3:hr>116</ns3:hr>
            <ns3:cad>61</ns3:cad>
          </ns3:TrackPointExtension>
        </extensions>
      </trkpt>
      <trkpt lat="52.54291422665119171142578125" lon="-2.81068104319274425506591796875">
        <ele>210.8000030517578125</ele>
        <time>2026-05-24T11:35:56.000Z</time>
        <extensions>
          <ns3:TrackPointExtension>
            <ns3:hr>116</ns3:hr>
            <ns3:cad>59</ns3:cad>
          </ns3:TrackPointExtension>
        </extensions>
      </trkpt>
      <trkpt lat="52.54292705096304416656494140625" lon="-2.81075052917003631591796875">
        <ele>211</ele>
        <time>2026-05-24T11:35:59.000Z</time>
        <extensions>
          <ns3:TrackPointExtension>
            <ns3:hr>115</ns3:hr>
            <ns3:cad>57</ns3:cad>
          </ns3:TrackPointExtension>
        </extensions>
      </trkpt>
      <trkpt lat="52.54295638762414455413818359375" lon="-2.8109542094171047210693359375">
        <ele>211.8000030517578125</ele>
        <time>2026-05-24T11:36:08.000Z</time>
        <extensions>
          <ns3:TrackPointExtension>
            <ns3:hr>115</ns3:hr>
            <ns3:cad>60</ns3:cad>
          </ns3:TrackPointExtension>
        </extensions>
      </trkpt>
      <trkpt lat="52.5429666973650455474853515625" lon="-2.81099938787519931793212890625">
        <ele>211.8000030517578125</ele>
        <time>2026-05-24T11:36:10.000Z</time>
        <extensions>
          <ns3:TrackPointExtension>
            <ns3:hr>115</ns3:hr>
            <ns3:cad>60</ns3:cad>
          </ns3:TrackPointExtension>
        </extensions>
      </trkpt>
      <trkpt lat="52.54298471845686435699462890625" lon="-2.8110631741583347320556640625">
        <ele>212</ele>
        <time>2026-05-24T11:36:13.000Z</time>
        <extensions>
          <ns3:TrackPointExtension>
            <ns3:hr>115</ns3:hr>
            <ns3:cad>61</ns3:cad>
          </ns3:TrackPointExtension>
        </extensions>
      </trkpt>
      <trkpt lat="52.5430166535079479217529296875" lon="-2.811233997344970703125">
        <ele>212.600006103515625</ele>
        <time>2026-05-24T11:36:21.000Z</time>
        <extensions>
          <ns3:TrackPointExtension>
            <ns3:hr>116</ns3:hr>
            <ns3:cad>60</ns3:cad>
          </ns3:TrackPointExtension>
        </extensions>
      </trkpt>
      <trkpt lat="52.5430488400161266326904296875" lon="-2.81134807504713535308837890625">
        <ele>213</ele>
        <time>2026-05-24T11:36:27.000Z</time>
        <extensions>
          <ns3:TrackPointExtension>
            <ns3:hr>116</ns3:hr>
            <ns3:cad>60</ns3:cad>
          </ns3:TrackPointExtension>
        </extensions>
      </trkpt>
      <trkpt lat="52.5430543720722198486328125" lon="-2.8113686107099056243896484375">
        <ele>213</ele>
        <time>2026-05-24T11:36:28.000Z</time>
        <extensions>
          <ns3:TrackPointExtension>
            <ns3:hr>116</ns3:hr>
            <ns3:cad>60</ns3:cad>
          </ns3:TrackPointExtension>
        </extensions>
      </trkpt>
      <trkpt lat="52.54308211617171764373779296875" lon="-2.8114973567426204681396484375">
        <ele>213.1999969482421875</ele>
        <time>2026-05-24T11:36:34.000Z</time>
        <extensions>
          <ns3:TrackPointExtension>
            <ns3:hr>116</ns3:hr>
            <ns3:cad>61</ns3:cad>
          </ns3:TrackPointExtension>
        </extensions>
      </trkpt>
      <trkpt lat="52.54312033765017986297607421875" lon="-2.81167496927082538604736328125">
        <ele>213.600006103515625</ele>
        <time>2026-05-24T11:36:42.000Z</time>
        <extensions>
          <ns3:TrackPointExtension>
            <ns3:hr>116</ns3:hr>
            <ns3:cad>61</ns3:cad>
          </ns3:TrackPointExtension>
        </extensions>
      </trkpt>
      <trkpt lat="52.543154619634151458740234375" lon="-2.8118227422237396240234375">
        <ele>213.8000030517578125</ele>
        <time>2026-05-24T11:36:49.000Z</time>
        <extensions>
          <ns3:TrackPointExtension>
            <ns3:hr>116</ns3:hr>
            <ns3:cad>60</ns3:cad>
          </ns3:TrackPointExtension>
        </extensions>
      </trkpt>
      <trkpt lat="52.5431702099740505218505859375" lon="-2.81192676164209842681884765625">
        <ele>214</ele>
        <time>2026-05-24T11:36:54.000Z</time>
        <extensions>
          <ns3:TrackPointExtension>
            <ns3:hr>115</ns3:hr>
            <ns3:cad>60</ns3:cad>
          </ns3:TrackPointExtension>
        </extensions>
      </trkpt>
      <trkpt lat="52.5431816093623638153076171875" lon="-2.81198929063975811004638671875">
        <ele>214</ele>
        <time>2026-05-24T11:36:57.000Z</time>
        <extensions>
          <ns3:TrackPointExtension>
            <ns3:hr>115</ns3:hr>
            <ns3:cad>59</ns3:cad>
          </ns3:TrackPointExtension>
        </extensions>
      </trkpt>
      <trkpt lat="52.5432194955646991729736328125" lon="-2.81221099197864532470703125">
        <ele>214</ele>
        <time>2026-05-24T11:37:07.000Z</time>
        <extensions>
          <ns3:TrackPointExtension>
            <ns3:hr>113</ns3:hr>
            <ns3:cad>61</ns3:cad>
          </ns3:TrackPointExtension>
        </extensions>
      </trkpt>
      <trkpt lat="52.54322829656302928924560546875" lon="-2.8122963197529315948486328125">
        <ele>214</ele>
        <time>2026-05-24T11:37:11.000Z</time>
        <extensions>
          <ns3:TrackPointExtension>
            <ns3:hr>110</ns3:hr>
            <ns3:cad>61</ns3:cad>
          </ns3:TrackPointExtension>
        </extensions>
      </trkpt>
      <trkpt lat="52.5432421267032623291015625" lon="-2.8124047815799713134765625">
        <ele>214.1999969482421875</ele>
        <time>2026-05-24T11:37:16.000Z</time>
        <extensions>
          <ns3:TrackPointExtension>
            <ns3:hr>109</ns3:hr>
            <ns3:cad>61</ns3:cad>
          </ns3:TrackPointExtension>
        </extensions>
      </trkpt>
      <trkpt lat="52.54326299764215946197509765625" lon="-2.81252422370016574859619140625">
        <ele>213.8000030517578125</ele>
        <time>2026-05-24T11:37:22.000Z</time>
        <extensions>
          <ns3:TrackPointExtension>
            <ns3:hr>109</ns3:hr>
            <ns3:cad>55</ns3:cad>
          </ns3:TrackPointExtension>
        </extensions>
      </trkpt>
      <trkpt lat="52.5432734750211238861083984375" lon="-2.81259312294423580169677734375">
        <ele>213.600006103515625</ele>
        <time>2026-05-24T11:37:25.000Z</time>
        <extensions>
          <ns3:TrackPointExtension>
            <ns3:hr>109</ns3:hr>
            <ns3:cad>57</ns3:cad>
          </ns3:TrackPointExtension>
        </extensions>
      </trkpt>
      <trkpt lat="52.5432842038571834564208984375" lon="-2.81266026198863983154296875">
        <ele>213.399993896484375</ele>
        <time>2026-05-24T11:37:28.000Z</time>
        <extensions>
          <ns3:TrackPointExtension>
            <ns3:hr>109</ns3:hr>
            <ns3:cad>0</ns3:cad>
          </ns3:TrackPointExtension>
        </extensions>
      </trkpt>
      <trkpt lat="52.54330490715801715850830078125" lon="-2.8128039278090000152587890625">
        <ele>214.600006103515625</ele>
        <time>2026-05-24T11:37:35.000Z</time>
        <extensions>
          <ns3:TrackPointExtension>
            <ns3:hr>108</ns3:hr>
            <ns3:cad>56</ns3:cad>
          </ns3:TrackPointExtension>
        </extensions>
      </trkpt>
      <trkpt lat="52.54333424381911754608154296875" lon="-2.8129561431705951690673828125">
        <ele>214.399993896484375</ele>
        <time>2026-05-24T11:37:42.000Z</time>
        <extensions>
          <ns3:TrackPointExtension>
            <ns3:hr>105</ns3:hr>
            <ns3:cad>60</ns3:cad>
          </ns3:TrackPointExtension>
        </extensions>
      </trkpt>
      <trkpt lat="52.54335721023380756378173828125" lon="-2.81309436075389385223388671875">
        <ele>214.399993896484375</ele>
        <time>2026-05-24T11:37:49.000Z</time>
        <extensions>
          <ns3:TrackPointExtension>
            <ns3:hr>108</ns3:hr>
            <ns3:cad>60</ns3:cad>
          </ns3:TrackPointExtension>
        </extensions>
      </trkpt>
      <trkpt lat="52.54336089827120304107666015625" lon="-2.81311430968344211578369140625">
        <ele>214.600006103515625</ele>
        <time>2026-05-24T11:37:50.000Z</time>
        <extensions>
          <ns3:TrackPointExtension>
            <ns3:hr>107</ns3:hr>
            <ns3:cad>60</ns3:cad>
          </ns3:TrackPointExtension>
        </extensions>
      </trkpt>
      <trkpt lat="52.54336391575634479522705078125" lon="-2.8131392039358615875244140625">
        <ele>214.600006103515625</ele>
        <time>2026-05-24T11:37:51.000Z</time>
        <extensions>
          <ns3:TrackPointExtension>
            <ns3:hr>108</ns3:hr>
            <ns3:cad>60</ns3:cad>
          </ns3:TrackPointExtension>
        </extensions>
      </trkpt>
      <trkpt lat="52.543377578258514404296875" lon="-2.81326518394052982330322265625">
        <ele>214.8000030517578125</ele>
        <time>2026-05-24T11:37:57.000Z</time>
        <extensions>
          <ns3:TrackPointExtension>
            <ns3:hr>111</ns3:hr>
            <ns3:cad>58</ns3:cad>
          </ns3:TrackPointExtension>
        </extensions>
      </trkpt>
      <trkpt lat="52.54339970648288726806640625" lon="-2.8133943490684032440185546875">
        <ele>214.8000030517578125</ele>
        <time>2026-05-24T11:38:03.000Z</time>
        <extensions>
          <ns3:TrackPointExtension>
            <ns3:hr>111</ns3:hr>
            <ns3:cad>59</ns3:cad>
          </ns3:TrackPointExtension>
        </extensions>
      </trkpt>
      <trkpt lat="52.54342007450759410858154296875" lon="-2.813543044030666351318359375">
        <ele>214.8000030517578125</ele>
        <time>2026-05-24T11:38:10.000Z</time>
        <extensions>
          <ns3:TrackPointExtension>
            <ns3:hr>109</ns3:hr>
            <ns3:cad>0</ns3:cad>
          </ns3:TrackPointExtension>
        </extensions>
      </trkpt>
      <trkpt lat="52.5434540212154388427734375" lon="-2.81368461437523365020751953125">
        <ele>215.399993896484375</ele>
        <time>2026-05-24T11:38:17.000Z</time>
        <extensions>
          <ns3:TrackPointExtension>
            <ns3:hr>109</ns3:hr>
            <ns3:cad>60</ns3:cad>
          </ns3:TrackPointExtension>
        </extensions>
      </trkpt>
      <trkpt lat="52.54349224269390106201171875" lon="-2.8138302080333232879638671875">
        <ele>215.1999969482421875</ele>
        <time>2026-05-24T11:38:25.000Z</time>
        <extensions>
          <ns3:TrackPointExtension>
            <ns3:hr>108</ns3:hr>
            <ns3:cad>0</ns3:cad>
          </ns3:TrackPointExtension>
        </extensions>
      </trkpt>
      <trkpt lat="52.54352870397269725799560546875" lon="-2.81398837454617023468017578125">
        <ele>215.600006103515625</ele>
        <time>2026-05-24T11:38:33.000Z</time>
        <extensions>
          <ns3:TrackPointExtension>
            <ns3:hr>105</ns3:hr>
            <ns3:cad>58</ns3:cad>
          </ns3:TrackPointExtension>
        </extensions>
      </trkpt>
      <trkpt lat="52.54353440366685390472412109375" lon="-2.81400740146636962890625">
        <ele>215.600006103515625</ele>
        <time>2026-05-24T11:38:34.000Z</time>
        <extensions>
          <ns3:TrackPointExtension>
            <ns3:hr>104</ns3:hr>
            <ns3:cad>58</ns3:cad>
          </ns3:TrackPointExtension>
        </extensions>
      </trkpt>
      <trkpt lat="52.54359324462711811065673828125" lon="-2.814178727567195892333984375">
        <ele>215.600006103515625</ele>
        <time>2026-05-24T11:38:46.000Z</time>
        <extensions>
          <ns3:TrackPointExtension>
            <ns3:hr>105</ns3:hr>
            <ns3:cad>55</ns3:cad>
          </ns3:TrackPointExtension>
        </extensions>
      </trkpt>
      <trkpt lat="52.54361771978437900543212890625" lon="-2.81424988992512226104736328125">
        <ele>215.8000030517578125</ele>
        <time>2026-05-24T11:38:53.000Z</time>
        <extensions>
          <ns3:TrackPointExtension>
            <ns3:hr>104</ns3:hr>
            <ns3:cad>0</ns3:cad>
          </ns3:TrackPointExtension>
        </extensions>
      </trkpt>
      <trkpt lat="52.5436271913349628448486328125" lon="-2.81427562236785888671875">
        <ele>216</ele>
        <time>2026-05-24T11:38:55.000Z</time>
        <extensions>
          <ns3:TrackPointExtension>
            <ns3:hr>104</ns3:hr>
            <ns3:cad>0</ns3:cad>
          </ns3:TrackPointExtension>
        </extensions>
      </trkpt>
      <trkpt lat="52.54365879110991954803466796875" lon="-2.8143710084259510040283203125">
        <ele>216.399993896484375</ele>
        <time>2026-05-24T11:39:04.000Z</time>
        <extensions>
          <ns3:TrackPointExtension>
            <ns3:hr>105</ns3:hr>
            <ns3:cad>49</ns3:cad>
          </ns3:TrackPointExtension>
        </extensions>
      </trkpt>
      <trkpt lat="52.5436748005449771881103515625" lon="-2.814409732818603515625">
        <ele>216.8000030517578125</ele>
        <time>2026-05-24T11:39:08.000Z</time>
        <extensions>
          <ns3:TrackPointExtension>
            <ns3:hr>108</ns3:hr>
            <ns3:cad>49</ns3:cad>
          </ns3:TrackPointExtension>
        </extensions>
      </trkpt>
      <trkpt lat="52.54368460737168788909912109375" lon="-2.81442574225366115570068359375">
        <ele>217</ele>
        <time>2026-05-24T11:39:10.000Z</time>
        <extensions>
          <ns3:TrackPointExtension>
            <ns3:hr>110</ns3:hr>
            <ns3:cad>48</ns3:cad>
          </ns3:TrackPointExtension>
        </extensions>
      </trkpt>
      <trkpt lat="52.543726600706577301025390625" lon="-2.8145277500152587890625">
        <ele>217.1999969482421875</ele>
        <time>2026-05-24T11:39:17.000Z</time>
        <extensions>
          <ns3:TrackPointExtension>
            <ns3:hr>111</ns3:hr>
            <ns3:cad>51</ns3:cad>
          </ns3:TrackPointExtension>
        </extensions>
      </trkpt>
      <trkpt lat="52.54376524128019809722900390625" lon="-2.81466563232243061065673828125">
        <ele>216.600006103515625</ele>
        <time>2026-05-24T11:39:25.000Z</time>
        <extensions>
          <ns3:TrackPointExtension>
            <ns3:hr>110</ns3:hr>
            <ns3:cad>53</ns3:cad>
          </ns3:TrackPointExtension>
        </extensions>
      </trkpt>
      <trkpt lat="52.54381570033729076385498046875" lon="-2.81481667421758174896240234375">
        <ele>217</ele>
        <time>2026-05-24T11:39:35.000Z</time>
        <extensions>
          <ns3:TrackPointExtension>
            <ns3:hr>108</ns3:hr>
            <ns3:cad>53</ns3:cad>
          </ns3:TrackPointExtension>
        </extensions>
      </trkpt>
      <trkpt lat="52.54382911138236522674560546875" lon="-2.81487082131206989288330078125">
        <ele>217.1999969482421875</ele>
        <time>2026-05-24T11:39:39.000Z</time>
        <extensions>
          <ns3:TrackPointExtension>
            <ns3:hr>105</ns3:hr>
            <ns3:cad>52</ns3:cad>
          </ns3:TrackPointExtension>
        </extensions>
      </trkpt>
      <trkpt lat="52.5438427738845348358154296875" lon="-2.81491474248468875885009765625">
        <ele>217.1999969482421875</ele>
        <time>2026-05-24T11:39:42.000Z</time>
        <extensions>
          <ns3:TrackPointExtension>
            <ns3:hr>102</ns3:hr>
            <ns3:cad>52</ns3:cad>
          </ns3:TrackPointExtension>
        </extensions>
      </trkpt>
      <trkpt lat="52.54386079497635364532470703125" lon="-2.81496017239987850189208984375">
        <ele>217.399993896484375</ele>
        <time>2026-05-24T11:39:45.000Z</time>
        <extensions>
          <ns3:TrackPointExtension>
            <ns3:hr>102</ns3:hr>
            <ns3:cad>55</ns3:cad>
          </ns3:TrackPointExtension>
        </extensions>
      </trkpt>
      <trkpt lat="52.54388510249555110931396484375" lon="-2.81503711827099323272705078125">
        <ele>217.399993896484375</ele>
        <time>2026-05-24T11:39:50.000Z</time>
        <extensions>
          <ns3:TrackPointExtension>
            <ns3:hr>105</ns3:hr>
            <ns3:cad>54</ns3:cad>
          </ns3:TrackPointExtension>
        </extensions>
      </trkpt>
      <trkpt lat="52.5439071469008922576904296875" lon="-2.815115153789520263671875">
        <ele>217.399993896484375</ele>
        <time>2026-05-24T11:39:55.000Z</time>
        <extensions>
          <ns3:TrackPointExtension>
            <ns3:hr>106</ns3:hr>
            <ns3:cad>54</ns3:cad>
          </ns3:TrackPointExtension>
        </extensions>
      </trkpt>
      <trkpt lat="52.54394729621708393096923828125" lon="-2.81523057259619235992431640625">
        <ele>217.600006103515625</ele>
        <time>2026-05-24T11:40:03.000Z</time>
        <extensions>
          <ns3:TrackPointExtension>
            <ns3:hr>107</ns3:hr>
            <ns3:cad>53</ns3:cad>
          </ns3:TrackPointExtension>
        </extensions>
      </trkpt>
      <trkpt lat="52.543974034488201141357421875" lon="-2.81532377935945987701416015625">
        <ele>217.600006103515625</ele>
        <time>2026-05-24T11:40:09.000Z</time>
        <extensions>
          <ns3:TrackPointExtension>
            <ns3:hr>104</ns3:hr>
            <ns3:cad>52</ns3:cad>
          </ns3:TrackPointExtension>
        </extensions>
      </trkpt>
      <trkpt lat="52.5439980067312717437744140625" lon="-2.81539217568933963775634765625">
        <ele>217.8000030517578125</ele>
        <time>2026-05-24T11:40:13.000Z</time>
        <extensions>
          <ns3:TrackPointExtension>
            <ns3:hr>102</ns3:hr>
            <ns3:cad>55</ns3:cad>
          </ns3:TrackPointExtension>
        </extensions>
      </trkpt>
      <trkpt lat="52.54400429315865039825439453125" lon="-2.8154093585908412933349609375">
        <ele>217.8000030517578125</ele>
        <time>2026-05-24T11:40:14.000Z</time>
        <extensions>
          <ns3:TrackPointExtension>
            <ns3:hr>102</ns3:hr>
            <ns3:cad>55</ns3:cad>
          </ns3:TrackPointExtension>
        </extensions>
      </trkpt>
      <trkpt lat="52.5440467894077301025390625" lon="-2.81552595086395740509033203125">
        <ele>218</ele>
        <time>2026-05-24T11:40:22.000Z</time>
        <extensions>
          <ns3:TrackPointExtension>
            <ns3:hr>105</ns3:hr>
            <ns3:cad>55</ns3:cad>
          </ns3:TrackPointExtension>
        </extensions>
      </trkpt>
      <trkpt lat="52.5440493039786815643310546875" lon="-2.81554103828966617584228515625">
        <ele>218.1999969482421875</ele>
        <time>2026-05-24T11:40:23.000Z</time>
        <extensions>
          <ns3:TrackPointExtension>
            <ns3:hr>105</ns3:hr>
            <ns3:cad>56</ns3:cad>
          </ns3:TrackPointExtension>
        </extensions>
      </trkpt>
      <trkpt lat="52.54406833089888095855712890625" lon="-2.8156303055584430694580078125">
        <ele>218.8000030517578125</ele>
        <time>2026-05-24T11:40:28.000Z</time>
        <extensions>
          <ns3:TrackPointExtension>
            <ns3:hr>106</ns3:hr>
            <ns3:cad>56</ns3:cad>
          </ns3:TrackPointExtension>
        </extensions>
      </trkpt>
      <trkpt lat="52.54406891763210296630859375" lon="-2.8156953491270542144775390625">
        <ele>219</ele>
        <time>2026-05-24T11:40:32.000Z</time>
        <extensions>
          <ns3:TrackPointExtension>
            <ns3:hr>106</ns3:hr>
            <ns3:cad>56</ns3:cad>
          </ns3:TrackPointExtension>
        </extensions>
      </trkpt>
      <trkpt lat="52.5440548360347747802734375" lon="-2.81574220396578311920166015625">
        <ele>219</ele>
        <time>2026-05-24T11:40:35.000Z</time>
        <extensions>
          <ns3:TrackPointExtension>
            <ns3:hr>104</ns3:hr>
            <ns3:cad>55</ns3:cad>
          </ns3:TrackPointExtension>
        </extensions>
      </trkpt>
      <trkpt lat="52.54401150159537792205810546875" lon="-2.81585745513439178466796875">
        <ele>218.600006103515625</ele>
        <time>2026-05-24T11:40:42.000Z</time>
        <extensions>
          <ns3:TrackPointExtension>
            <ns3:hr>105</ns3:hr>
            <ns3:cad>57</ns3:cad>
          </ns3:TrackPointExtension>
        </extensions>
      </trkpt>
      <trkpt lat="52.54401787184178829193115234375" lon="-2.81589039601385593414306640625">
        <ele>218.600006103515625</ele>
        <time>2026-05-24T11:40:44.000Z</time>
        <extensions>
          <ns3:TrackPointExtension>
            <ns3:hr>105</ns3:hr>
            <ns3:cad>57</ns3:cad>
          </ns3:TrackPointExtension>
        </extensions>
      </trkpt>
      <trkpt lat="52.5440332107245922088623046875" lon="-2.81593180261552333831787109375">
        <ele>218.8000030517578125</ele>
        <time>2026-05-24T11:40:47.000Z</time>
        <extensions>
          <ns3:TrackPointExtension>
            <ns3:hr>104</ns3:hr>
            <ns3:cad>53</ns3:cad>
          </ns3:TrackPointExtension>
        </extensions>
      </trkpt>
      <trkpt lat="52.5440387427806854248046875" lon="-2.81602635048329830169677734375">
        <ele>218.8000030517578125</ele>
        <time>2026-05-24T11:40:52.000Z</time>
        <extensions>
          <ns3:TrackPointExtension>
            <ns3:hr>106</ns3:hr>
            <ns3:cad>54</ns3:cad>
          </ns3:TrackPointExtension>
        </extensions>
      </trkpt>
      <trkpt lat="52.5440818257629871368408203125" lon="-2.816133387386798858642578125">
        <ele>218.8000030517578125</ele>
        <time>2026-05-24T11:40:58.000Z</time>
        <extensions>
          <ns3:TrackPointExtension>
            <ns3:hr>106</ns3:hr>
            <ns3:cad>56</ns3:cad>
          </ns3:TrackPointExtension>
        </extensions>
      </trkpt>
      <trkpt lat="52.54410001449286937713623046875" lon="-2.81615316867828369140625">
        <ele>218.8000030517578125</ele>
        <time>2026-05-24T11:41:00.000Z</time>
        <extensions>
          <ns3:TrackPointExtension>
            <ns3:hr>106</ns3:hr>
            <ns3:cad>56</ns3:cad>
          </ns3:TrackPointExtension>
        </extensions>
      </trkpt>
      <trkpt lat="52.54411292262375354766845703125" lon="-2.81617303378880023956298828125">
        <ele>219</ele>
        <time>2026-05-24T11:41:02.000Z</time>
        <extensions>
          <ns3:TrackPointExtension>
            <ns3:hr>107</ns3:hr>
            <ns3:cad>56</ns3:cad>
          </ns3:TrackPointExtension>
        </extensions>
      </trkpt>
      <trkpt lat="52.5441461987793445587158203125" lon="-2.816267497837543487548828125">
        <ele>219.399993896484375</ele>
        <time>2026-05-24T11:41:08.000Z</time>
        <extensions>
          <ns3:TrackPointExtension>
            <ns3:hr>106</ns3:hr>
            <ns3:cad>58</ns3:cad>
          </ns3:TrackPointExtension>
        </extensions>
      </trkpt>
      <trkpt lat="52.54420378245413303375244140625" lon="-2.8164093196392059326171875">
        <ele>219.8000030517578125</ele>
        <time>2026-05-24T11:41:16.000Z</time>
        <extensions>
          <ns3:TrackPointExtension>
            <ns3:hr>107</ns3:hr>
            <ns3:cad>57</ns3:cad>
          </ns3:TrackPointExtension>
        </extensions>
      </trkpt>
      <trkpt lat="52.544250302016735076904296875" lon="-2.81652490608394145965576171875">
        <ele>219.8000030517578125</ele>
        <time>2026-05-24T11:41:23.000Z</time>
        <extensions>
          <ns3:TrackPointExtension>
            <ns3:hr>109</ns3:hr>
            <ns3:cad>56</ns3:cad>
          </ns3:TrackPointExtension>
        </extensions>
      </trkpt>
      <trkpt lat="52.54428374581038951873779296875" lon="-2.81667024828493595123291015625">
        <ele>220</ele>
        <time>2026-05-24T11:41:31.000Z</time>
        <extensions>
          <ns3:TrackPointExtension>
            <ns3:hr>108</ns3:hr>
            <ns3:cad>55</ns3:cad>
          </ns3:TrackPointExtension>
        </extensions>
      </trkpt>
      <trkpt lat="52.54431224428117275238037109375" lon="-2.81673311255872249603271484375">
        <ele>220</ele>
        <time>2026-05-24T11:41:35.000Z</time>
        <extensions>
          <ns3:TrackPointExtension>
            <ns3:hr>109</ns3:hr>
            <ns3:cad>57</ns3:cad>
          </ns3:TrackPointExtension>
        </extensions>
      </trkpt>
      <trkpt lat="52.5443322770297527313232421875" lon="-2.81673897989094257354736328125">
        <ele>220.1999969482421875</ele>
        <time>2026-05-24T11:41:37.000Z</time>
        <extensions>
          <ns3:TrackPointExtension>
            <ns3:hr>108</ns3:hr>
            <ns3:cad>56</ns3:cad>
          </ns3:TrackPointExtension>
        </extensions>
      </trkpt>
      <trkpt lat="52.5443584285676479339599609375" lon="-2.8167481161653995513916015625">
        <ele>220.399993896484375</ele>
        <time>2026-05-24T11:41:40.000Z</time>
        <extensions>
          <ns3:TrackPointExtension>
            <ns3:hr>108</ns3:hr>
            <ns3:cad>53</ns3:cad>
          </ns3:TrackPointExtension>
        </extensions>
      </trkpt>
      <trkpt lat="52.54438516683876514434814453125" lon="-2.81678491272032260894775390625">
        <ele>220.399993896484375</ele>
        <time>2026-05-24T11:41:43.000Z</time>
        <extensions>
          <ns3:TrackPointExtension>
            <ns3:hr>108</ns3:hr>
            <ns3:cad>53</ns3:cad>
          </ns3:TrackPointExtension>
        </extensions>
      </trkpt>
      <trkpt lat="52.54443277604877948760986328125" lon="-2.81690351665019989013671875">
        <ele>221</ele>
        <time>2026-05-24T11:41:50.000Z</time>
        <extensions>
          <ns3:TrackPointExtension>
            <ns3:hr>109</ns3:hr>
            <ns3:cad>57</ns3:cad>
          </ns3:TrackPointExtension>
        </extensions>
      </trkpt>
      <trkpt lat="52.5444375537335872650146484375" lon="-2.816923968493938446044921875">
        <ele>221</ele>
        <time>2026-05-24T11:41:51.000Z</time>
        <extensions>
          <ns3:TrackPointExtension>
            <ns3:hr>108</ns3:hr>
            <ns3:cad>57</ns3:cad>
          </ns3:TrackPointExtension>
        </extensions>
      </trkpt>
      <trkpt lat="52.54446320235729217529296875" lon="-2.81704123131930828094482421875">
        <ele>221.399993896484375</ele>
        <time>2026-05-24T11:41:57.000Z</time>
        <extensions>
          <ns3:TrackPointExtension>
            <ns3:hr>109</ns3:hr>
            <ns3:cad>58</ns3:cad>
          </ns3:TrackPointExtension>
        </extensions>
      </trkpt>
      <trkpt lat="52.54449044354259967803955078125" lon="-2.817173413932323455810546875">
        <ele>221.600006103515625</ele>
        <time>2026-05-24T11:42:04.000Z</time>
        <extensions>
          <ns3:TrackPointExtension>
            <ns3:hr>107</ns3:hr>
            <ns3:cad>58</ns3:cad>
          </ns3:TrackPointExtension>
        </extensions>
      </trkpt>
      <trkpt lat="52.5445025973021984100341796875" lon="-2.81725279055535793304443359375">
        <ele>221.8000030517578125</ele>
        <time>2026-05-24T11:42:08.000Z</time>
        <extensions>
          <ns3:TrackPointExtension>
            <ns3:hr>110</ns3:hr>
            <ns3:cad>57</ns3:cad>
          </ns3:TrackPointExtension>
        </extensions>
      </trkpt>
      <trkpt lat="52.54451139830052852630615234375" lon="-2.81731196679174900054931640625">
        <ele>222</ele>
        <time>2026-05-24T11:42:11.000Z</time>
        <extensions>
          <ns3:TrackPointExtension>
            <ns3:hr>110</ns3:hr>
            <ns3:cad>57</ns3:cad>
          </ns3:TrackPointExtension>
        </extensions>
      </trkpt>
      <trkpt lat="52.54452145658433437347412109375" lon="-2.81735278666019439697265625">
        <ele>222.1999969482421875</ele>
        <time>2026-05-24T11:42:13.000Z</time>
        <extensions>
          <ns3:TrackPointExtension>
            <ns3:hr>110</ns3:hr>
            <ns3:cad>57</ns3:cad>
          </ns3:TrackPointExtension>
        </extensions>
      </trkpt>
      <trkpt lat="52.54455037415027618408203125" lon="-2.81747356988489627838134765625">
        <ele>222.399993896484375</ele>
        <time>2026-05-24T11:42:19.000Z</time>
        <extensions>
          <ns3:TrackPointExtension>
            <ns3:hr>110</ns3:hr>
            <ns3:cad>58</ns3:cad>
          </ns3:TrackPointExtension>
        </extensions>
      </trkpt>
      <trkpt lat="52.5445612706243991851806640625" lon="-2.81764003448188304901123046875">
        <ele>222.8000030517578125</ele>
        <time>2026-05-24T11:42:27.000Z</time>
        <extensions>
          <ns3:TrackPointExtension>
            <ns3:hr>112</ns3:hr>
            <ns3:cad>58</ns3:cad>
          </ns3:TrackPointExtension>
        </extensions>
      </trkpt>
      <trkpt lat="52.5445736758410930633544921875" lon="-2.81783298589289188385009765625">
        <ele>223</ele>
        <time>2026-05-24T11:42:36.000Z</time>
        <extensions>
          <ns3:TrackPointExtension>
            <ns3:hr>111</ns3:hr>
            <ns3:cad>58</ns3:cad>
          </ns3:TrackPointExtension>
        </extensions>
      </trkpt>
      <trkpt lat="52.54457610659301280975341796875" lon="-2.8178773261606693267822265625">
        <ele>223.1999969482421875</ele>
        <time>2026-05-24T11:42:38.000Z</time>
        <extensions>
          <ns3:TrackPointExtension>
            <ns3:hr>112</ns3:hr>
            <ns3:cad>58</ns3:cad>
          </ns3:TrackPointExtension>
        </extensions>
      </trkpt>
      <trkpt lat="52.544589601457118988037109375" lon="-2.81800188124179840087890625">
        <ele>223.399993896484375</ele>
        <time>2026-05-24T11:42:44.000Z</time>
        <extensions>
          <ns3:TrackPointExtension>
            <ns3:hr>112</ns3:hr>
            <ns3:cad>58</ns3:cad>
          </ns3:TrackPointExtension>
        </extensions>
      </trkpt>
      <trkpt lat="52.5445998273789882659912109375" lon="-2.81818619929254055023193359375">
        <ele>223.8000030517578125</ele>
        <time>2026-05-24T11:42:53.000Z</time>
        <extensions>
          <ns3:TrackPointExtension>
            <ns3:hr>113</ns3:hr>
            <ns3:cad>57</ns3:cad>
          </ns3:TrackPointExtension>
        </extensions>
      </trkpt>
      <trkpt lat="52.5446001626551151275634765625" lon="-2.81828929670155048370361328125">
        <ele>224.1999969482421875</ele>
        <time>2026-05-24T11:42:58.000Z</time>
        <extensions>
          <ns3:TrackPointExtension>
            <ns3:hr>114</ns3:hr>
            <ns3:cad>56</ns3:cad>
          </ns3:TrackPointExtension>
        </extensions>
      </trkpt>
      <trkpt lat="52.54460192285478115081787109375" lon="-2.8183597885072231292724609375">
        <ele>224.1999969482421875</ele>
        <time>2026-05-24T11:43:01.000Z</time>
        <extensions>
          <ns3:TrackPointExtension>
            <ns3:hr>115</ns3:hr>
            <ns3:cad>57</ns3:cad>
          </ns3:TrackPointExtension>
        </extensions>
      </trkpt>
      <trkpt lat="52.54460762254893779754638671875" lon="-2.8184848465025424957275390625">
        <ele>224.399993896484375</ele>
        <time>2026-05-24T11:43:07.000Z</time>
        <extensions>
          <ns3:TrackPointExtension>
            <ns3:hr>118</ns3:hr>
            <ns3:cad>58</ns3:cad>
          </ns3:TrackPointExtension>
        </extensions>
      </trkpt>
      <trkpt lat="52.5446112267673015594482421875" lon="-2.8185247443616390228271484375">
        <ele>224.399993896484375</ele>
        <time>2026-05-24T11:43:09.000Z</time>
        <extensions>
          <ns3:TrackPointExtension>
            <ns3:hr>119</ns3:hr>
            <ns3:cad>58</ns3:cad>
          </ns3:TrackPointExtension>
        </extensions>
      </trkpt>
      <trkpt lat="52.54462438635528087615966796875" lon="-2.8186957351863384246826171875">
        <ele>224.8000030517578125</ele>
        <time>2026-05-24T11:43:17.000Z</time>
        <extensions>
          <ns3:TrackPointExtension>
            <ns3:hr>116</ns3:hr>
            <ns3:cad>58</ns3:cad>
          </ns3:TrackPointExtension>
        </extensions>
      </trkpt>
      <trkpt lat="52.54463084042072296142578125" lon="-2.818758599460124969482421875">
        <ele>225.1999969482421875</ele>
        <time>2026-05-24T11:43:20.000Z</time>
        <extensions>
          <ns3:TrackPointExtension>
            <ns3:hr>114</ns3:hr>
            <ns3:cad>57</ns3:cad>
          </ns3:TrackPointExtension>
        </extensions>
      </trkpt>
      <trkpt lat="52.5446507893502712249755859375" lon="-2.81885222531855106353759765625">
        <ele>225.1999969482421875</ele>
        <time>2026-05-24T11:43:25.000Z</time>
        <extensions>
          <ns3:TrackPointExtension>
            <ns3:hr>114</ns3:hr>
            <ns3:cad>59</ns3:cad>
          </ns3:TrackPointExtension>
        </extensions>
      </trkpt>
      <trkpt lat="52.5446569919586181640625" lon="-2.81902740709483623504638671875">
        <ele>225.600006103515625</ele>
        <time>2026-05-24T11:43:33.000Z</time>
        <extensions>
          <ns3:TrackPointExtension>
            <ns3:hr>113</ns3:hr>
            <ns3:cad>57</ns3:cad>
          </ns3:TrackPointExtension>
        </extensions>
      </trkpt>
      <trkpt lat="52.54466797225177288055419921875" lon="-2.819200493395328521728515625">
        <ele>225.8000030517578125</ele>
        <time>2026-05-24T11:43:41.000Z</time>
        <extensions>
          <ns3:TrackPointExtension>
            <ns3:hr>113</ns3:hr>
            <ns3:cad>58</ns3:cad>
          </ns3:TrackPointExtension>
        </extensions>
      </trkpt>
      <trkpt lat="52.5446752645075321197509765625" lon="-2.81933200545608997344970703125">
        <ele>226.1999969482421875</ele>
        <time>2026-05-24T11:43:48.000Z</time>
        <extensions>
          <ns3:TrackPointExtension>
            <ns3:hr>114</ns3:hr>
            <ns3:cad>58</ns3:cad>
          </ns3:TrackPointExtension>
        </extensions>
      </trkpt>
      <trkpt lat="52.544677443802356719970703125" lon="-2.81935296021401882171630859375">
        <ele>226.1999969482421875</ele>
        <time>2026-05-24T11:43:49.000Z</time>
        <extensions>
          <ns3:TrackPointExtension>
            <ns3:hr>114</ns3:hr>
            <ns3:cad>60</ns3:cad>
          </ns3:TrackPointExtension>
        </extensions>
      </trkpt>
      <trkpt lat="52.5447010807693004608154296875" lon="-2.8195000626146793365478515625">
        <ele>226.600006103515625</ele>
        <time>2026-05-24T11:43:56.000Z</time>
        <extensions>
          <ns3:TrackPointExtension>
            <ns3:hr>114</ns3:hr>
            <ns3:cad>58</ns3:cad>
          </ns3:TrackPointExtension>
        </extensions>
      </trkpt>
      <trkpt lat="52.5447315908968448638916015625" lon="-2.8196727298200130462646484375">
        <ele>227.1999969482421875</ele>
        <time>2026-05-24T11:44:04.000Z</time>
        <extensions>
          <ns3:TrackPointExtension>
            <ns3:hr>115</ns3:hr>
            <ns3:cad>57</ns3:cad>
          </ns3:TrackPointExtension>
        </extensions>
      </trkpt>
      <trkpt lat="52.5447406433522701263427734375" lon="-2.8197146393358707427978515625">
        <ele>227.399993896484375</ele>
        <time>2026-05-24T11:44:06.000Z</time>
        <extensions>
          <ns3:TrackPointExtension>
            <ns3:hr>115</ns3:hr>
            <ns3:cad>58</ns3:cad>
          </ns3:TrackPointExtension>
        </extensions>
      </trkpt>
      <trkpt lat="52.54476436413824558258056640625" lon="-2.81981983222067356109619140625">
        <ele>227.399993896484375</ele>
        <time>2026-05-24T11:44:12.000Z</time>
        <extensions>
          <ns3:TrackPointExtension>
            <ns3:hr>114</ns3:hr>
            <ns3:cad>57</ns3:cad>
          </ns3:TrackPointExtension>
        </extensions>
      </trkpt>
      <trkpt lat="52.5447870790958404541015625" lon="-2.81993977725505828857421875">
        <ele>227.8000030517578125</ele>
        <time>2026-05-24T11:44:18.000Z</time>
        <extensions>
          <ns3:TrackPointExtension>
            <ns3:hr>114</ns3:hr>
            <ns3:cad>59</ns3:cad>
          </ns3:TrackPointExtension>
        </extensions>
      </trkpt>
      <trkpt lat="52.544827647507190704345703125" lon="-2.82011546194553375244140625">
        <ele>228.1999969482421875</ele>
        <time>2026-05-24T11:44:27.000Z</time>
        <extensions>
          <ns3:TrackPointExtension>
            <ns3:hr>113</ns3:hr>
            <ns3:cad>58</ns3:cad>
          </ns3:TrackPointExtension>
        </extensions>
      </trkpt>
      <trkpt lat="52.5448492728173732757568359375" lon="-2.82020456157624721527099609375">
        <ele>228.399993896484375</ele>
        <time>2026-05-24T11:44:32.000Z</time>
        <extensions>
          <ns3:TrackPointExtension>
            <ns3:hr>114</ns3:hr>
            <ns3:cad>57</ns3:cad>
          </ns3:TrackPointExtension>
        </extensions>
      </trkpt>
      <trkpt lat="52.5448543019592761993408203125" lon="-2.82024152576923370361328125">
        <ele>228.399993896484375</ele>
        <time>2026-05-24T11:44:34.000Z</time>
        <extensions>
          <ns3:TrackPointExtension>
            <ns3:hr>114</ns3:hr>
            <ns3:cad>57</ns3:cad>
          </ns3:TrackPointExtension>
        </extensions>
      </trkpt>
      <trkpt lat="52.54488321952521800994873046875" lon="-2.82039499841630458831787109375">
        <ele>228.8000030517578125</ele>
        <time>2026-05-24T11:44:42.000Z</time>
        <extensions>
          <ns3:TrackPointExtension>
            <ns3:hr>116</ns3:hr>
            <ns3:cad>58</ns3:cad>
          </ns3:TrackPointExtension>
        </extensions>
      </trkpt>
      <trkpt lat="52.54491557367146015167236328125" lon="-2.82054369337856769561767578125">
        <ele>229.1999969482421875</ele>
        <time>2026-05-24T11:44:49.000Z</time>
        <extensions>
          <ns3:TrackPointExtension>
            <ns3:hr>116</ns3:hr>
            <ns3:cad>57</ns3:cad>
          </ns3:TrackPointExtension>
        </extensions>
      </trkpt>
      <trkpt lat="52.54492990672588348388671875" lon="-2.82061032950878143310546875">
        <ele>229.399993896484375</ele>
        <time>2026-05-24T11:44:52.000Z</time>
        <extensions>
          <ns3:TrackPointExtension>
            <ns3:hr>115</ns3:hr>
            <ns3:cad>60</ns3:cad>
          </ns3:TrackPointExtension>
        </extensions>
      </trkpt>
      <trkpt lat="52.54496351815760135650634765625" lon="-2.82073530368506908416748046875">
        <ele>229.600006103515625</ele>
        <time>2026-05-24T11:44:58.000Z</time>
        <extensions>
          <ns3:TrackPointExtension>
            <ns3:hr>116</ns3:hr>
            <ns3:cad>60</ns3:cad>
          </ns3:TrackPointExtension>
        </extensions>
      </trkpt>
      <trkpt lat="52.54499838687479496002197265625" lon="-2.82085818238556385040283203125">
        <ele>230.399993896484375</ele>
        <time>2026-05-24T11:45:04.000Z</time>
        <extensions>
          <ns3:TrackPointExtension>
            <ns3:hr>117</ns3:hr>
            <ns3:cad>60</ns3:cad>
          </ns3:TrackPointExtension>
        </extensions>
      </trkpt>
      <trkpt lat="52.5450048409402370452880859375" lon="-2.8208770416676998138427734375">
        <ele>230.399993896484375</ele>
        <time>2026-05-24T11:45:05.000Z</time>
        <extensions>
          <ns3:TrackPointExtension>
            <ns3:hr>117</ns3:hr>
            <ns3:cad>60</ns3:cad>
          </ns3:TrackPointExtension>
        </extensions>
      </trkpt>
      <trkpt lat="52.54503853619098663330078125" lon="-2.820966057479381561279296875">
        <ele>230.399993896484375</ele>
        <time>2026-05-24T11:45:10.000Z</time>
        <extensions>
          <ns3:TrackPointExtension>
            <ns3:hr>119</ns3:hr>
            <ns3:cad>59</ns3:cad>
          </ns3:TrackPointExtension>
        </extensions>
      </trkpt>
      <trkpt lat="52.54509293474256992340087890625" lon="-2.821088097989559173583984375">
        <ele>231</ele>
        <time>2026-05-24T11:45:17.000Z</time>
        <extensions>
          <ns3:TrackPointExtension>
            <ns3:hr>119</ns3:hr>
            <ns3:cad>59</ns3:cad>
          </ns3:TrackPointExtension>
        </extensions>
      </trkpt>
      <trkpt lat="52.54515479318797588348388671875" lon="-2.8211831487715244293212890625">
        <ele>231.1999969482421875</ele>
        <time>2026-05-24T11:45:23.000Z</time>
        <extensions>
          <ns3:TrackPointExtension>
            <ns3:hr>119</ns3:hr>
            <ns3:cad>59</ns3:cad>
          </ns3:TrackPointExtension>
        </extensions>
      </trkpt>
      <trkpt lat="52.5451947748661041259765625" lon="-2.82125179655849933624267578125">
        <ele>231.399993896484375</ele>
        <time>2026-05-24T11:45:27.000Z</time>
        <extensions>
          <ns3:TrackPointExtension>
            <ns3:hr>117</ns3:hr>
            <ns3:cad>59</ns3:cad>
          </ns3:TrackPointExtension>
        </extensions>
      </trkpt>
      <trkpt lat="52.54521690309047698974609375" lon="-2.821298651397228240966796875">
        <ele>231.600006103515625</ele>
        <time>2026-05-24T11:45:30.000Z</time>
        <extensions>
          <ns3:TrackPointExtension>
            <ns3:hr>116</ns3:hr>
            <ns3:cad>59</ns3:cad>
          </ns3:TrackPointExtension>
        </extensions>
      </trkpt>
      <trkpt lat="52.545264177024364471435546875" lon="-2.82139076851308345794677734375">
        <ele>230.8000030517578125</ele>
        <time>2026-05-24T11:45:36.000Z</time>
        <extensions>
          <ns3:TrackPointExtension>
            <ns3:hr>116</ns3:hr>
            <ns3:cad>57</ns3:cad>
          </ns3:TrackPointExtension>
        </extensions>
      </trkpt>
      <trkpt lat="52.5453146360814571380615234375" lon="-2.82146603800356388092041015625">
        <ele>232</ele>
        <time>2026-05-24T11:45:41.000Z</time>
        <extensions>
          <ns3:TrackPointExtension>
            <ns3:hr>115</ns3:hr>
            <ns3:cad>59</ns3:cad>
          </ns3:TrackPointExtension>
        </extensions>
      </trkpt>
      <trkpt lat="52.54540792666375637054443359375" lon="-2.82160500995814800262451171875">
        <ele>231.600006103515625</ele>
        <time>2026-05-24T11:45:50.000Z</time>
        <extensions>
          <ns3:TrackPointExtension>
            <ns3:hr>116</ns3:hr>
            <ns3:cad>60</ns3:cad>
          </ns3:TrackPointExtension>
        </extensions>
      </trkpt>
      <trkpt lat="52.5454520992934703826904296875" lon="-2.82169184647500514984130859375">
        <ele>232.600006103515625</ele>
        <time>2026-05-24T11:45:55.000Z</time>
        <extensions>
          <ns3:TrackPointExtension>
            <ns3:hr>117</ns3:hr>
            <ns3:cad>58</ns3:cad>
          </ns3:TrackPointExtension>
        </extensions>
      </trkpt>
      <trkpt lat="52.54546559415757656097412109375" lon="-2.82173107378184795379638671875">
        <ele>233</ele>
        <time>2026-05-24T11:45:57.000Z</time>
        <extensions>
          <ns3:TrackPointExtension>
            <ns3:hr>118</ns3:hr>
            <ns3:cad>58</ns3:cad>
          </ns3:TrackPointExtension>
        </extensions>
      </trkpt>
      <trkpt lat="52.54552762024104595184326171875" lon="-2.82186266966164112091064453125">
        <ele>233.1999969482421875</ele>
        <time>2026-05-24T11:46:05.000Z</time>
        <extensions>
          <ns3:TrackPointExtension>
            <ns3:hr>118</ns3:hr>
            <ns3:cad>58</ns3:cad>
          </ns3:TrackPointExtension>
        </extensions>
      </trkpt>
      <trkpt lat="52.545586042106151580810546875" lon="-2.82194816507399082183837890625">
        <ele>232.8000030517578125</ele>
        <time>2026-05-24T11:46:11.000Z</time>
        <extensions>
          <ns3:TrackPointExtension>
            <ns3:hr>116</ns3:hr>
            <ns3:cad>57</ns3:cad>
          </ns3:TrackPointExtension>
        </extensions>
      </trkpt>
      <trkpt lat="52.54560104571282863616943359375" lon="-2.8219802677631378173828125">
        <ele>232.8000030517578125</ele>
        <time>2026-05-24T11:46:13.000Z</time>
        <extensions>
          <ns3:TrackPointExtension>
            <ns3:hr>113</ns3:hr>
            <ns3:cad>58</ns3:cad>
          </ns3:TrackPointExtension>
        </extensions>
      </trkpt>
      <trkpt lat="52.54562535323202610015869140625" lon="-2.82202846370637416839599609375">
        <ele>233.399993896484375</ele>
        <time>2026-05-24T11:46:16.000Z</time>
        <extensions>
          <ns3:TrackPointExtension>
            <ns3:hr>112</ns3:hr>
            <ns3:cad>59</ns3:cad>
          </ns3:TrackPointExtension>
        </extensions>
      </trkpt>
      <trkpt lat="52.54563474096357822418212890625" lon="-2.8220446407794952392578125">
        <ele>233.600006103515625</ele>
        <time>2026-05-24T11:46:17.000Z</time>
        <extensions>
          <ns3:TrackPointExtension>
            <ns3:hr>113</ns3:hr>
            <ns3:cad>59</ns3:cad>
          </ns3:TrackPointExtension>
        </extensions>
      </trkpt>
      <trkpt lat="52.54567824304103851318359375" lon="-2.82212041318416595458984375">
        <ele>234.1999969482421875</ele>
        <time>2026-05-24T11:46:22.000Z</time>
        <extensions>
          <ns3:TrackPointExtension>
            <ns3:hr>113</ns3:hr>
            <ns3:cad>57</ns3:cad>
          </ns3:TrackPointExtension>
        </extensions>
      </trkpt>
      <trkpt lat="52.54574202932417392730712890625" lon="-2.82222208566963672637939453125">
        <ele>234.399993896484375</ele>
        <time>2026-05-24T11:46:29.000Z</time>
        <extensions>
          <ns3:TrackPointExtension>
            <ns3:hr>114</ns3:hr>
            <ns3:cad>59</ns3:cad>
          </ns3:TrackPointExtension>
        </extensions>
      </trkpt>
      <trkpt lat="52.5457810051739215850830078125" lon="-2.82229609787464141845703125">
        <ele>234.600006103515625</ele>
        <time>2026-05-24T11:46:34.000Z</time>
        <extensions>
          <ns3:TrackPointExtension>
            <ns3:hr>113</ns3:hr>
            <ns3:cad>58</ns3:cad>
          </ns3:TrackPointExtension>
        </extensions>
      </trkpt>
      <trkpt lat="52.54578544758260250091552734375" lon="-2.82232535071671009063720703125">
        <ele>235</ele>
        <time>2026-05-24T11:46:36.000Z</time>
        <extensions>
          <ns3:TrackPointExtension>
            <ns3:hr>114</ns3:hr>
            <ns3:cad>58</ns3:cad>
          </ns3:TrackPointExtension>
        </extensions>
      </trkpt>
      <trkpt lat="52.5457846932113170623779296875" lon="-2.822337336838245391845703125">
        <ele>235</ele>
        <time>2026-05-24T11:46:37.000Z</time>
        <extensions>
          <ns3:TrackPointExtension>
            <ns3:hr>114</ns3:hr>
            <ns3:cad>58</ns3:cad>
          </ns3:TrackPointExtension>
        </extensions>
      </trkpt>
      <trkpt lat="52.54578142426908016204833984375" lon="-2.822344042360782623291015625">
        <ele>235</ele>
        <time>2026-05-24T11:46:38.000Z</time>
        <extensions>
          <ns3:TrackPointExtension>
            <ns3:hr>114</ns3:hr>
            <ns3:cad>58</ns3:cad>
          </ns3:TrackPointExtension>
        </extensions>
      </trkpt>
      <trkpt lat="52.545782513916492462158203125" lon="-2.82232048921287059783935546875">
        <ele>234.8000030517578125</ele>
        <time>2026-05-24T11:46:42.000Z</time>
        <extensions>
          <ns3:TrackPointExtension>
            <ns3:hr>114</ns3:hr>
            <ns3:cad>0</ns3:cad>
          </ns3:TrackPointExtension>
        </extensions>
      </trkpt>
      <trkpt lat="52.5458175502717494964599609375" lon="-2.822292745113372802734375">
        <ele>235.1999969482421875</ele>
        <time>2026-05-24T11:46:52.000Z</time>
        <extensions>
          <ns3:TrackPointExtension>
            <ns3:hr>116</ns3:hr>
            <ns3:cad>47</ns3:cad>
          </ns3:TrackPointExtension>
        </extensions>
      </trkpt>
      <trkpt lat="52.54581637680530548095703125" lon="-2.82233524136245250701904296875">
        <ele>234.8000030517578125</ele>
        <time>2026-05-24T11:47:03.000Z</time>
        <extensions>
          <ns3:TrackPointExtension>
            <ns3:hr>116</ns3:hr>
            <ns3:cad>0</ns3:cad>
          </ns3:TrackPointExtension>
        </extensions>
      </trkpt>
      <trkpt lat="52.5458410196006298065185546875" lon="-2.82230640761554241180419921875">
        <ele>235</ele>
        <time>2026-05-24T11:47:09.000Z</time>
        <extensions>
          <ns3:TrackPointExtension>
            <ns3:hr>119</ns3:hr>
            <ns3:cad>0</ns3:cad>
          </ns3:TrackPointExtension>
        </extensions>
      </trkpt>
      <trkpt lat="52.5457826815545558929443359375" lon="-2.8226293623447418212890625">
        <ele>235</ele>
        <time>2026-05-24T11:47:56.000Z</time>
        <extensions>
          <ns3:TrackPointExtension>
            <ns3:hr>104</ns3:hr>
            <ns3:cad>0</ns3:cad>
          </ns3:TrackPointExtension>
        </extensions>
      </trkpt>
      <trkpt lat="52.54575334489345550537109375" lon="-2.822608910501003265380859375">
        <ele>234.8000030517578125</ele>
        <time>2026-05-24T11:48:02.000Z</time>
        <extensions>
          <ns3:TrackPointExtension>
            <ns3:hr>102</ns3:hr>
            <ns3:cad>0</ns3:cad>
          </ns3:TrackPointExtension>
        </extensions>
      </trkpt>
      <trkpt lat="52.54576181061565876007080078125" lon="-2.8225913085043430328369140625">
        <ele>235</ele>
        <time>2026-05-24T11:48:06.000Z</time>
        <extensions>
          <ns3:TrackPointExtension>
            <ns3:hr>105</ns3:hr>
            <ns3:cad>0</ns3:cad>
          </ns3:TrackPointExtension>
        </extensions>
      </trkpt>
      <trkpt lat="52.545762397348880767822265625" lon="-2.82257814891636371612548828125">
        <ele>234.8000030517578125</ele>
        <time>2026-05-24T11:48:08.000Z</time>
        <extensions>
          <ns3:TrackPointExtension>
            <ns3:hr>108</ns3:hr>
            <ns3:cad>0</ns3:cad>
          </ns3:TrackPointExtension>
        </extensions>
      </trkpt>
      <trkpt lat="52.54577153362333774566650390625" lon="-2.82257043756544589996337890625">
        <ele>235</ele>
        <time>2026-05-24T11:48:11.000Z</time>
        <extensions>
          <ns3:TrackPointExtension>
            <ns3:hr>108</ns3:hr>
            <ns3:cad>0</ns3:cad>
          </ns3:TrackPointExtension>
        </extensions>
      </trkpt>
      <trkpt lat="52.54578293301165103912353515625" lon="-2.82255627214908599853515625">
        <ele>234.8000030517578125</ele>
        <time>2026-05-24T11:48:18.000Z</time>
        <extensions>
          <ns3:TrackPointExtension>
            <ns3:hr>108</ns3:hr>
            <ns3:cad>0</ns3:cad>
          </ns3:TrackPointExtension>
        </extensions>
      </trkpt>
      <trkpt lat="52.54578393884003162384033203125" lon="-2.82252249307930469512939453125">
        <ele>235</ele>
        <time>2026-05-24T11:48:26.000Z</time>
        <extensions>
          <ns3:TrackPointExtension>
            <ns3:hr>110</ns3:hr>
            <ns3:cad>0</ns3:cad>
          </ns3:TrackPointExtension>
        </extensions>
      </trkpt>
      <trkpt lat="52.5457887165248394012451171875" lon="-2.82241880893707275390625">
        <ele>235</ele>
        <time>2026-05-24T11:48:36.000Z</time>
        <extensions>
          <ns3:TrackPointExtension>
            <ns3:hr>110</ns3:hr>
            <ns3:cad>0</ns3:cad>
          </ns3:TrackPointExtension>
        </extensions>
      </trkpt>
      <trkpt lat="52.5458277761936187744140625" lon="-2.8223991952836513519287109375">
        <ele>235.1999969482421875</ele>
        <time>2026-05-24T11:48:39.000Z</time>
        <extensions>
          <ns3:TrackPointExtension>
            <ns3:hr>113</ns3:hr>
            <ns3:cad>0</ns3:cad>
          </ns3:TrackPointExtension>
        </extensions>
      </trkpt>
      <trkpt lat="52.54584495909512042999267578125" lon="-2.82239559106528759002685546875">
        <ele>235</ele>
        <time>2026-05-24T11:48:42.000Z</time>
        <extensions>
          <ns3:TrackPointExtension>
            <ns3:hr>115</ns3:hr>
            <ns3:cad>56</ns3:cad>
          </ns3:TrackPointExtension>
        </extensions>
      </trkpt>
      <trkpt lat="52.54586390219628810882568359375" lon="-2.822423167526721954345703125">
        <ele>234.399993896484375</ele>
        <time>2026-05-24T11:48:47.000Z</time>
        <extensions>
          <ns3:TrackPointExtension>
            <ns3:hr>115</ns3:hr>
            <ns3:cad>56</ns3:cad>
          </ns3:TrackPointExtension>
        </extensions>
      </trkpt>
      <trkpt lat="52.54597353748977184295654296875" lon="-2.8225453756749629974365234375">
        <ele>235.399993896484375</ele>
        <time>2026-05-24T11:48:58.000Z</time>
        <extensions>
          <ns3:TrackPointExtension>
            <ns3:hr>114</ns3:hr>
            <ns3:cad>57</ns3:cad>
          </ns3:TrackPointExtension>
        </extensions>
      </trkpt>
      <trkpt lat="52.5460099987685680389404296875" lon="-2.8225732035934925079345703125">
        <ele>235.8000030517578125</ele>
        <time>2026-05-24T11:49:02.000Z</time>
        <extensions>
          <ns3:TrackPointExtension>
            <ns3:hr>113</ns3:hr>
            <ns3:cad>58</ns3:cad>
          </ns3:TrackPointExtension>
        </extensions>
      </trkpt>
      <trkpt lat="52.54603288136422634124755859375" lon="-2.82261586748063564300537109375">
        <ele>236</ele>
        <time>2026-05-24T11:49:05.000Z</time>
        <extensions>
          <ns3:TrackPointExtension>
            <ns3:hr>113</ns3:hr>
            <ns3:cad>55</ns3:cad>
          </ns3:TrackPointExtension>
        </extensions>
      </trkpt>
      <trkpt lat="52.54606422968208789825439453125" lon="-2.82269306480884552001953125">
        <ele>235.600006103515625</ele>
        <time>2026-05-24T11:49:11.000Z</time>
        <extensions>
          <ns3:TrackPointExtension>
            <ns3:hr>113</ns3:hr>
            <ns3:cad>55</ns3:cad>
          </ns3:TrackPointExtension>
        </extensions>
      </trkpt>
      <trkpt lat="52.54611033014953136444091796875" lon="-2.82277663238346576690673828125">
        <ele>236.600006103515625</ele>
        <time>2026-05-24T11:49:17.000Z</time>
        <extensions>
          <ns3:TrackPointExtension>
            <ns3:hr>111</ns3:hr>
            <ns3:cad>56</ns3:cad>
          </ns3:TrackPointExtension>
        </extensions>
      </trkpt>
      <trkpt lat="52.54616732709109783172607421875" lon="-2.82290437258780002593994140625">
        <ele>236.399993896484375</ele>
        <time>2026-05-24T11:49:24.000Z</time>
        <extensions>
          <ns3:TrackPointExtension>
            <ns3:hr>109</ns3:hr>
            <ns3:cad>57</ns3:cad>
          </ns3:TrackPointExtension>
        </extensions>
      </trkpt>
      <trkpt lat="52.54619817249476909637451171875" lon="-2.822975702583789825439453125">
        <ele>236.8000030517578125</ele>
        <time>2026-05-24T11:49:28.000Z</time>
        <extensions>
          <ns3:TrackPointExtension>
            <ns3:hr>108</ns3:hr>
            <ns3:cad>58</ns3:cad>
          </ns3:TrackPointExtension>
        </extensions>
      </trkpt>
      <trkpt lat="52.5462249107658863067626953125" lon="-2.82302565872669219970703125">
        <ele>237.1999969482421875</ele>
        <time>2026-05-24T11:49:31.000Z</time>
        <extensions>
          <ns3:TrackPointExtension>
            <ns3:hr>107</ns3:hr>
            <ns3:cad>57</ns3:cad>
          </ns3:TrackPointExtension>
        </extensions>
      </trkpt>
      <trkpt lat="52.5462792254984378814697265625" lon="-2.82312850467860698699951171875">
        <ele>237.600006103515625</ele>
        <time>2026-05-24T11:49:38.000Z</time>
        <extensions>
          <ns3:TrackPointExtension>
            <ns3:hr>108</ns3:hr>
            <ns3:cad>57</ns3:cad>
          </ns3:TrackPointExtension>
        </extensions>
      </trkpt>
      <trkpt lat="52.54629959352314472198486328125" lon="-2.82315884716808795928955078125">
        <ele>237.8000030517578125</ele>
        <time>2026-05-24T11:49:40.000Z</time>
        <extensions>
          <ns3:TrackPointExtension>
            <ns3:hr>108</ns3:hr>
            <ns3:cad>57</ns3:cad>
          </ns3:TrackPointExtension>
        </extensions>
      </trkpt>
      <trkpt lat="52.546360529959201812744140625" lon="-2.8232263214886188507080078125">
        <ele>239</ele>
        <time>2026-05-24T11:49:45.000Z</time>
        <extensions>
          <ns3:TrackPointExtension>
            <ns3:hr>110</ns3:hr>
            <ns3:cad>56</ns3:cad>
          </ns3:TrackPointExtension>
        </extensions>
      </trkpt>
      <trkpt lat="52.5463891960680484771728515625" lon="-2.82325138337910175323486328125">
        <ele>239</ele>
        <time>2026-05-24T11:49:47.000Z</time>
        <extensions>
          <ns3:TrackPointExtension>
            <ns3:hr>111</ns3:hr>
            <ns3:cad>57</ns3:cad>
          </ns3:TrackPointExtension>
        </extensions>
      </trkpt>
      <trkpt lat="52.5464686565101146697998046875" lon="-2.823322378098964691162109375">
        <ele>238.8000030517578125</ele>
        <time>2026-05-24T11:49:54.000Z</time>
        <extensions>
          <ns3:TrackPointExtension>
            <ns3:hr>114</ns3:hr>
            <ns3:cad>57</ns3:cad>
          </ns3:TrackPointExtension>
        </extensions>
      </trkpt>
      <trkpt lat="52.5464753620326519012451171875" lon="-2.8233299218118190765380859375">
        <ele>239</ele>
        <time>2026-05-24T11:49:55.000Z</time>
        <extensions>
          <ns3:TrackPointExtension>
            <ns3:hr>114</ns3:hr>
            <ns3:cad>56</ns3:cad>
          </ns3:TrackPointExtension>
        </extensions>
      </trkpt>
      <trkpt lat="52.54655574448406696319580078125" lon="-2.82342891208827495574951171875">
        <ele>239.600006103515625</ele>
        <time>2026-05-24T11:50:03.000Z</time>
        <extensions>
          <ns3:TrackPointExtension>
            <ns3:hr>114</ns3:hr>
            <ns3:cad>57</ns3:cad>
          </ns3:TrackPointExtension>
        </extensions>
      </trkpt>
      <trkpt lat="52.54660016857087612152099609375" lon="-2.82349781133234500885009765625">
        <ele>240</ele>
        <time>2026-05-24T11:50:08.000Z</time>
        <extensions>
          <ns3:TrackPointExtension>
            <ns3:hr>115</ns3:hr>
            <ns3:cad>59</ns3:cad>
          </ns3:TrackPointExtension>
        </extensions>
      </trkpt>
      <trkpt lat="52.54661969840526580810546875" lon="-2.82353050075471401214599609375">
        <ele>240</ele>
        <time>2026-05-24T11:50:10.000Z</time>
        <extensions>
          <ns3:TrackPointExtension>
            <ns3:hr>115</ns3:hr>
            <ns3:cad>60</ns3:cad>
          </ns3:TrackPointExtension>
        </extensions>
      </trkpt>
      <trkpt lat="52.54668801091611385345458984375" lon="-2.8236298263072967529296875">
        <ele>240.399993896484375</ele>
        <time>2026-05-24T11:50:17.000Z</time>
        <extensions>
          <ns3:TrackPointExtension>
            <ns3:hr>116</ns3:hr>
            <ns3:cad>57</ns3:cad>
          </ns3:TrackPointExtension>
        </extensions>
      </trkpt>
      <trkpt lat="52.54673712886869907379150390625" lon="-2.8237232007086277008056640625">
        <ele>241</ele>
        <time>2026-05-24T11:50:23.000Z</time>
        <extensions>
          <ns3:TrackPointExtension>
            <ns3:hr>116</ns3:hr>
            <ns3:cad>58</ns3:cad>
          </ns3:TrackPointExtension>
        </extensions>
      </trkpt>
      <trkpt lat="52.54674534313380718231201171875" lon="-2.82373736612498760223388671875">
        <ele>241</ele>
        <time>2026-05-24T11:50:24.000Z</time>
        <extensions>
          <ns3:TrackPointExtension>
            <ns3:hr>116</ns3:hr>
            <ns3:cad>58</ns3:cad>
          </ns3:TrackPointExtension>
        </extensions>
      </trkpt>
      <trkpt lat="52.54680049605667591094970703125" lon="-2.82384398393332958221435546875">
        <ele>241.1999969482421875</ele>
        <time>2026-05-24T11:50:31.000Z</time>
        <extensions>
          <ns3:TrackPointExtension>
            <ns3:hr>116</ns3:hr>
            <ns3:cad>57</ns3:cad>
          </ns3:TrackPointExtension>
        </extensions>
      </trkpt>
      <trkpt lat="52.54685548134148120880126953125" lon="-2.82394356094300746917724609375">
        <ele>241.399993896484375</ele>
        <time>2026-05-24T11:50:37.000Z</time>
        <extensions>
          <ns3:TrackPointExtension>
            <ns3:hr>115</ns3:hr>
            <ns3:cad>57</ns3:cad>
          </ns3:TrackPointExtension>
        </extensions>
      </trkpt>
      <trkpt lat="52.54689387045800685882568359375" lon="-2.82402352429926395416259765625">
        <ele>242</ele>
        <time>2026-05-24T11:50:42.000Z</time>
        <extensions>
          <ns3:TrackPointExtension>
            <ns3:hr>114</ns3:hr>
            <ns3:cad>57</ns3:cad>
          </ns3:TrackPointExtension>
        </extensions>
      </trkpt>
      <trkpt lat="52.54690124653279781341552734375" lon="-2.824040539562702178955078125">
        <ele>242</ele>
        <time>2026-05-24T11:50:43.000Z</time>
        <extensions>
          <ns3:TrackPointExtension>
            <ns3:hr>115</ns3:hr>
            <ns3:cad>57</ns3:cad>
          </ns3:TrackPointExtension>
        </extensions>
      </trkpt>
      <trkpt lat="52.54695556126534938812255859375" lon="-2.82414682209491729736328125">
        <ele>242.399993896484375</ele>
        <time>2026-05-24T11:50:50.000Z</time>
        <extensions>
          <ns3:TrackPointExtension>
            <ns3:hr>117</ns3:hr>
            <ns3:cad>59</ns3:cad>
          </ns3:TrackPointExtension>
        </extensions>
      </trkpt>
      <trkpt lat="52.54701758734881877899169921875" lon="-2.82424832694232463836669921875">
        <ele>242.399993896484375</ele>
        <time>2026-05-24T11:50:57.000Z</time>
        <extensions>
          <ns3:TrackPointExtension>
            <ns3:hr>116</ns3:hr>
            <ns3:cad>57</ns3:cad>
          </ns3:TrackPointExtension>
        </extensions>
      </trkpt>
      <trkpt lat="52.5470758415758609771728515625" lon="-2.82431655563414096832275390625">
        <ele>242.1999969482421875</ele>
        <time>2026-05-24T11:51:03.000Z</time>
        <extensions>
          <ns3:TrackPointExtension>
            <ns3:hr>115</ns3:hr>
            <ns3:cad>0</ns3:cad>
          </ns3:TrackPointExtension>
        </extensions>
      </trkpt>
      <trkpt lat="52.54714348353445529937744140625" lon="-2.82438143156468868255615234375">
        <ele>243.1999969482421875</ele>
        <time>2026-05-24T11:51:09.000Z</time>
        <extensions>
          <ns3:TrackPointExtension>
            <ns3:hr>114</ns3:hr>
            <ns3:cad>57</ns3:cad>
          </ns3:TrackPointExtension>
        </extensions>
      </trkpt>
      <trkpt lat="52.54716644994914531707763671875" lon="-2.824399955570697784423828125">
        <ele>243.600006103515625</ele>
        <time>2026-05-24T11:51:11.000Z</time>
        <extensions>
          <ns3:TrackPointExtension>
            <ns3:hr>114</ns3:hr>
            <ns3:cad>56</ns3:cad>
          </ns3:TrackPointExtension>
        </extensions>
      </trkpt>
      <trkpt lat="52.5472240336239337921142578125" lon="-2.82446860335767269134521484375">
        <ele>244.1999969482421875</ele>
        <time>2026-05-24T11:51:17.000Z</time>
        <extensions>
          <ns3:TrackPointExtension>
            <ns3:hr>114</ns3:hr>
            <ns3:cad>56</ns3:cad>
          </ns3:TrackPointExtension>
        </extensions>
      </trkpt>
      <trkpt lat="52.54723987542092800140380859375" lon="-2.8244973532855510711669921875">
        <ele>244.399993896484375</ele>
        <time>2026-05-24T11:51:19.000Z</time>
        <extensions>
          <ns3:TrackPointExtension>
            <ns3:hr>115</ns3:hr>
            <ns3:cad>56</ns3:cad>
          </ns3:TrackPointExtension>
        </extensions>
      </trkpt>
      <trkpt lat="52.54727809689939022064208984375" lon="-2.824589051306247711181640625">
        <ele>244.600006103515625</ele>
        <time>2026-05-24T11:51:24.000Z</time>
        <extensions>
          <ns3:TrackPointExtension>
            <ns3:hr>118</ns3:hr>
            <ns3:cad>57</ns3:cad>
          </ns3:TrackPointExtension>
        </extensions>
      </trkpt>
      <trkpt lat="52.5472843833267688751220703125" lon="-2.8246061503887176513671875">
        <ele>244.399993896484375</ele>
        <time>2026-05-24T11:51:25.000Z</time>
        <extensions>
          <ns3:TrackPointExtension>
            <ns3:hr>118</ns3:hr>
            <ns3:cad>57</ns3:cad>
          </ns3:TrackPointExtension>
        </extensions>
      </trkpt>
      <trkpt lat="52.5473286397755146026611328125" lon="-2.8247719444334506988525390625">
        <ele>244.399993896484375</ele>
        <time>2026-05-24T11:51:34.000Z</time>
        <extensions>
          <ns3:TrackPointExtension>
            <ns3:hr>118</ns3:hr>
            <ns3:cad>58</ns3:cad>
          </ns3:TrackPointExtension>
        </extensions>
      </trkpt>
      <trkpt lat="52.54738152958452701568603515625" lon="-2.82494083978235721588134765625">
        <ele>244.600006103515625</ele>
        <time>2026-05-24T11:51:42.000Z</time>
        <extensions>
          <ns3:TrackPointExtension>
            <ns3:hr>118</ns3:hr>
            <ns3:cad>59</ns3:cad>
          </ns3:TrackPointExtension>
        </extensions>
      </trkpt>
      <trkpt lat="52.54742410965263843536376953125" lon="-2.82505567185580730438232421875">
        <ele>245.1999969482421875</ele>
        <time>2026-05-24T11:51:49.000Z</time>
        <extensions>
          <ns3:TrackPointExtension>
            <ns3:hr>120</ns3:hr>
            <ns3:cad>58</ns3:cad>
          </ns3:TrackPointExtension>
        </extensions>
      </trkpt>
      <trkpt lat="52.54744808189570903778076171875" lon="-2.8250847570598125457763671875">
        <ele>245.399993896484375</ele>
        <time>2026-05-24T11:51:51.000Z</time>
        <extensions>
          <ns3:TrackPointExtension>
            <ns3:hr>120</ns3:hr>
            <ns3:cad>58</ns3:cad>
          </ns3:TrackPointExtension>
        </extensions>
      </trkpt>
      <trkpt lat="52.5474858842790126800537109375" lon="-2.82511618919670581817626953125">
        <ele>245.600006103515625</ele>
        <time>2026-05-24T11:51:54.000Z</time>
        <extensions>
          <ns3:TrackPointExtension>
            <ns3:hr>123</ns3:hr>
            <ns3:cad>57</ns3:cad>
          </ns3:TrackPointExtension>
        </extensions>
      </trkpt>
      <trkpt lat="52.5475214235484600067138671875" lon="-2.8251387365162372589111328125">
        <ele>245.8000030517578125</ele>
        <time>2026-05-24T11:51:57.000Z</time>
        <extensions>
          <ns3:TrackPointExtension>
            <ns3:hr>127</ns3:hr>
            <ns3:cad>57</ns3:cad>
          </ns3:TrackPointExtension>
        </extensions>
      </trkpt>
      <trkpt lat="52.5475435517728328704833984375" lon="-2.82515105791389942169189453125">
        <ele>246</ele>
        <time>2026-05-24T11:51:59.000Z</time>
        <extensions>
          <ns3:TrackPointExtension>
            <ns3:hr>126</ns3:hr>
            <ns3:cad>56</ns3:cad>
          </ns3:TrackPointExtension>
        </extensions>
      </trkpt>
      <trkpt lat="52.5475884787738323211669921875" lon="-2.82516413368284702301025390625">
        <ele>246.399993896484375</ele>
        <time>2026-05-24T11:52:03.000Z</time>
        <extensions>
          <ns3:TrackPointExtension>
            <ns3:hr>127</ns3:hr>
            <ns3:cad>55</ns3:cad>
          </ns3:TrackPointExtension>
        </extensions>
      </trkpt>
      <trkpt lat="52.5476246885955333709716796875" lon="-2.82516212202608585357666015625">
        <ele>246.8000030517578125</ele>
        <time>2026-05-24T11:52:06.000Z</time>
        <extensions>
          <ns3:TrackPointExtension>
            <ns3:hr>127</ns3:hr>
            <ns3:cad>54</ns3:cad>
          </ns3:TrackPointExtension>
        </extensions>
      </trkpt>
      <trkpt lat="52.547635920345783233642578125" lon="-2.825134880840778350830078125">
        <ele>247.399993896484375</ele>
        <time>2026-05-24T11:52:10.000Z</time>
        <extensions>
          <ns3:TrackPointExtension>
            <ns3:hr>126</ns3:hr>
            <ns3:cad>52</ns3:cad>
          </ns3:TrackPointExtension>
        </extensions>
      </trkpt>
      <trkpt lat="52.5476323999464511871337890625" lon="-2.82512976787984371185302734375">
        <ele>247.399993896484375</ele>
        <time>2026-05-24T11:52:11.000Z</time>
        <extensions>
          <ns3:TrackPointExtension>
            <ns3:hr>126</ns3:hr>
            <ns3:cad>0</ns3:cad>
          </ns3:TrackPointExtension>
        </extensions>
      </trkpt>
      <trkpt lat="52.54755419678986072540283203125" lon="-2.825162373483180999755859375">
        <ele>247</ele>
        <time>2026-05-24T11:52:17.000Z</time>
        <extensions>
          <ns3:TrackPointExtension>
            <ns3:hr>126</ns3:hr>
            <ns3:cad>55</ns3:cad>
          </ns3:TrackPointExtension>
        </extensions>
      </trkpt>
      <trkpt lat="52.54754908382892608642578125" lon="-2.82518056221306324005126953125">
        <ele>247</ele>
        <time>2026-05-24T11:52:18.000Z</time>
        <extensions>
          <ns3:TrackPointExtension>
            <ns3:hr>126</ns3:hr>
            <ns3:cad>56</ns3:cad>
          </ns3:TrackPointExtension>
        </extensions>
      </trkpt>
      <trkpt lat="52.547553442418575286865234375" lon="-2.825319282710552215576171875">
        <ele>246.600006103515625</ele>
        <time>2026-05-24T11:52:25.000Z</time>
        <extensions>
          <ns3:TrackPointExtension>
            <ns3:hr>126</ns3:hr>
            <ns3:cad>57</ns3:cad>
          </ns3:TrackPointExtension>
        </extensions>
      </trkpt>
      <trkpt lat="52.54755989648401737213134765625" lon="-2.82547091133892536163330078125">
        <ele>247.600006103515625</ele>
        <time>2026-05-24T11:52:33.000Z</time>
        <extensions>
          <ns3:TrackPointExtension>
            <ns3:hr>126</ns3:hr>
            <ns3:cad>52</ns3:cad>
          </ns3:TrackPointExtension>
        </extensions>
      </trkpt>
      <trkpt lat="52.54757322371006011962890625" lon="-2.8255635313689708709716796875">
        <ele>248.399993896484375</ele>
        <time>2026-05-24T11:52:39.000Z</time>
        <extensions>
          <ns3:TrackPointExtension>
            <ns3:hr>126</ns3:hr>
            <ns3:cad>51</ns3:cad>
          </ns3:TrackPointExtension>
        </extensions>
      </trkpt>
      <trkpt lat="52.54758722148835659027099609375" lon="-2.82562446780502796173095703125">
        <ele>249.1999969482421875</ele>
        <time>2026-05-24T11:52:42.000Z</time>
        <extensions>
          <ns3:TrackPointExtension>
            <ns3:hr>126</ns3:hr>
            <ns3:cad>51</ns3:cad>
          </ns3:TrackPointExtension>
        </extensions>
      </trkpt>
      <trkpt lat="52.54759409464895725250244140625" lon="-2.82565615139901638031005859375">
        <ele>249.600006103515625</ele>
        <time>2026-05-24T11:52:44.000Z</time>
        <extensions>
          <ns3:TrackPointExtension>
            <ns3:hr>126</ns3:hr>
            <ns3:cad>50</ns3:cad>
          </ns3:TrackPointExtension>
        </extensions>
      </trkpt>
      <trkpt lat="52.54759996198117733001708984375" lon="-2.82575078308582305908203125">
        <ele>250.8000030517578125</ele>
        <time>2026-05-24T11:52:50.000Z</time>
        <extensions>
          <ns3:TrackPointExtension>
            <ns3:hr>127</ns3:hr>
            <ns3:cad>49</ns3:cad>
          </ns3:TrackPointExtension>
        </extensions>
      </trkpt>
      <trkpt lat="52.54760080017149448394775390625" lon="-2.8257660381495952606201171875">
        <ele>251</ele>
        <time>2026-05-24T11:52:51.000Z</time>
        <extensions>
          <ns3:TrackPointExtension>
            <ns3:hr>127</ns3:hr>
            <ns3:cad>48</ns3:cad>
          </ns3:TrackPointExtension>
        </extensions>
      </trkpt>
      <trkpt lat="52.54761605523526668548583984375" lon="-2.8258753381669521331787109375">
        <ele>251.8000030517578125</ele>
        <time>2026-05-24T11:52:58.000Z</time>
        <extensions>
          <ns3:TrackPointExtension>
            <ns3:hr>127</ns3:hr>
            <ns3:cad>48</ns3:cad>
          </ns3:TrackPointExtension>
        </extensions>
      </trkpt>
      <trkpt lat="52.54762041382491588592529296875" lon="-2.82588916830718517303466796875">
        <ele>251.8000030517578125</ele>
        <time>2026-05-24T11:52:59.000Z</time>
        <extensions>
          <ns3:TrackPointExtension>
            <ns3:hr>127</ns3:hr>
            <ns3:cad>49</ns3:cad>
          </ns3:TrackPointExtension>
        </extensions>
      </trkpt>
      <trkpt lat="52.54764287732541561126708984375" lon="-2.8259849734604358673095703125">
        <ele>251.8000030517578125</ele>
        <time>2026-05-24T11:53:05.000Z</time>
        <extensions>
          <ns3:TrackPointExtension>
            <ns3:hr>130</ns3:hr>
            <ns3:cad>54</ns3:cad>
          </ns3:TrackPointExtension>
        </extensions>
      </trkpt>
      <trkpt lat="52.5476474873721599578857421875" lon="-2.82600182108581066131591796875">
        <ele>251.8000030517578125</ele>
        <time>2026-05-24T11:53:06.000Z</time>
        <extensions>
          <ns3:TrackPointExtension>
            <ns3:hr>130</ns3:hr>
            <ns3:cad>54</ns3:cad>
          </ns3:TrackPointExtension>
        </extensions>
      </trkpt>
      <trkpt lat="52.547670789062976837158203125" lon="-2.82612252049148082733154296875">
        <ele>252.399993896484375</ele>
        <time>2026-05-24T11:53:14.000Z</time>
        <extensions>
          <ns3:TrackPointExtension>
            <ns3:hr>132</ns3:hr>
            <ns3:cad>55</ns3:cad>
          </ns3:TrackPointExtension>
        </extensions>
      </trkpt>
      <trkpt lat="52.54768914543092250823974609375" lon="-2.826229222118854522705078125">
        <ele>252.1999969482421875</ele>
        <time>2026-05-24T11:53:21.000Z</time>
        <extensions>
          <ns3:TrackPointExtension>
            <ns3:hr>131</ns3:hr>
            <ns3:cad>53</ns3:cad>
          </ns3:TrackPointExtension>
        </extensions>
      </trkpt>
      <trkpt lat="52.54770959727466106414794921875" lon="-2.826329804956912994384765625">
        <ele>252.8000030517578125</ele>
        <time>2026-05-24T11:53:27.000Z</time>
        <extensions>
          <ns3:TrackPointExtension>
            <ns3:hr>131</ns3:hr>
            <ns3:cad>55</ns3:cad>
          </ns3:TrackPointExtension>
        </extensions>
      </trkpt>
      <trkpt lat="52.547709010541439056396484375" lon="-2.82633340917527675628662109375">
        <ele>253</ele>
        <time>2026-05-24T11:53:28.000Z</time>
        <extensions>
          <ns3:TrackPointExtension>
            <ns3:hr>131</ns3:hr>
            <ns3:cad>55</ns3:cad>
          </ns3:TrackPointExtension>
        </extensions>
      </trkpt>
      <trkpt lat="52.5477125309407711029052734375" lon="-2.82638470642268657684326171875">
        <ele>253.399993896484375</ele>
        <time>2026-05-24T11:53:34.000Z</time>
        <extensions>
          <ns3:TrackPointExtension>
            <ns3:hr>130</ns3:hr>
            <ns3:cad>0</ns3:cad>
          </ns3:TrackPointExtension>
        </extensions>
      </trkpt>
      <trkpt lat="52.5477162189781665802001953125" lon="-2.82646131701767444610595703125">
        <ele>254</ele>
        <time>2026-05-24T11:53:39.000Z</time>
        <extensions>
          <ns3:TrackPointExtension>
            <ns3:hr>130</ns3:hr>
            <ns3:cad>0</ns3:cad>
          </ns3:TrackPointExtension>
        </extensions>
      </trkpt>
      <trkpt lat="52.5477232597768306732177734375" lon="-2.8264979459345340728759765625">
        <ele>254.399993896484375</ele>
        <time>2026-05-24T11:53:41.000Z</time>
        <extensions>
          <ns3:TrackPointExtension>
            <ns3:hr>131</ns3:hr>
            <ns3:cad>44</ns3:cad>
          </ns3:TrackPointExtension>
        </extensions>
      </trkpt>
      <trkpt lat="52.54776357673108577728271484375" lon="-2.82659257762134075164794921875">
        <ele>254.399993896484375</ele>
        <time>2026-05-24T11:53:48.000Z</time>
        <extensions>
          <ns3:TrackPointExtension>
            <ns3:hr>129</ns3:hr>
            <ns3:cad>0</ns3:cad>
          </ns3:TrackPointExtension>
        </extensions>
      </trkpt>
      <trkpt lat="52.5477950088679790496826171875" lon="-2.8265924938023090362548828125">
        <ele>254.1999969482421875</ele>
        <time>2026-05-24T11:53:52.000Z</time>
        <extensions>
          <ns3:TrackPointExtension>
            <ns3:hr>129</ns3:hr>
            <ns3:cad>57</ns3:cad>
          </ns3:TrackPointExtension>
        </extensions>
      </trkpt>
      <trkpt lat="52.54780347459018230438232421875" lon="-2.82660498283803462982177734375">
        <ele>254.1999969482421875</ele>
        <time>2026-05-24T11:53:54.000Z</time>
        <extensions>
          <ns3:TrackPointExtension>
            <ns3:hr>129</ns3:hr>
            <ns3:cad>60</ns3:cad>
          </ns3:TrackPointExtension>
        </extensions>
      </trkpt>
      <trkpt lat="52.5478141196072101593017578125" lon="-2.82669668085873126983642578125">
        <ele>254.600006103515625</ele>
        <time>2026-05-24T11:54:01.000Z</time>
        <extensions>
          <ns3:TrackPointExtension>
            <ns3:hr>128</ns3:hr>
            <ns3:cad>50</ns3:cad>
          </ns3:TrackPointExtension>
        </extensions>
      </trkpt>
      <trkpt lat="52.547844462096691131591796875" lon="-2.82680782489478588104248046875">
        <ele>255.1999969482421875</ele>
        <time>2026-05-24T11:54:08.000Z</time>
        <extensions>
          <ns3:TrackPointExtension>
            <ns3:hr>127</ns3:hr>
            <ns3:cad>51</ns3:cad>
          </ns3:TrackPointExtension>
        </extensions>
      </trkpt>
      <trkpt lat="52.5478580407798290252685546875" lon="-2.82683280296623706817626953125">
        <ele>255.600006103515625</ele>
        <time>2026-05-24T11:54:10.000Z</time>
        <extensions>
          <ns3:TrackPointExtension>
            <ns3:hr>127</ns3:hr>
            <ns3:cad>51</ns3:cad>
          </ns3:TrackPointExtension>
        </extensions>
      </trkpt>
      <trkpt lat="52.54787631332874298095703125" lon="-2.82686700113117694854736328125">
        <ele>256.20001220703125</ele>
        <time>2026-05-24T11:54:13.000Z</time>
        <extensions>
          <ns3:TrackPointExtension>
            <ns3:hr>126</ns3:hr>
            <ns3:cad>50</ns3:cad>
          </ns3:TrackPointExtension>
        </extensions>
      </trkpt>
      <trkpt lat="52.5478935800492763519287109375" lon="-2.82690287567675113677978515625">
        <ele>256.79998779296875</ele>
        <time>2026-05-24T11:54:16.000Z</time>
        <extensions>
          <ns3:TrackPointExtension>
            <ns3:hr>126</ns3:hr>
            <ns3:cad>50</ns3:cad>
          </ns3:TrackPointExtension>
        </extensions>
      </trkpt>
      <trkpt lat="52.54790388979017734527587890625" lon="-2.82695232890546321868896484375">
        <ele>257.20001220703125</ele>
        <time>2026-05-24T11:54:20.000Z</time>
        <extensions>
          <ns3:TrackPointExtension>
            <ns3:hr>125</ns3:hr>
            <ns3:cad>48</ns3:cad>
          </ns3:TrackPointExtension>
        </extensions>
      </trkpt>
      <trkpt lat="52.54790841601788997650146484375" lon="-2.82698485068976879119873046875">
        <ele>257.399993896484375</ele>
        <time>2026-05-24T11:54:22.000Z</time>
        <extensions>
          <ns3:TrackPointExtension>
            <ns3:hr>124</ns3:hr>
            <ns3:cad>48</ns3:cad>
          </ns3:TrackPointExtension>
        </extensions>
      </trkpt>
      <trkpt lat="52.54791998304426670074462890625" lon="-2.82709012739360332489013671875">
        <ele>258</ele>
        <time>2026-05-24T11:54:28.000Z</time>
        <extensions>
          <ns3:TrackPointExtension>
            <ns3:hr>127</ns3:hr>
            <ns3:cad>50</ns3:cad>
          </ns3:TrackPointExtension>
        </extensions>
      </trkpt>
      <trkpt lat="52.547920234501361846923828125" lon="-2.82710823230445384979248046875">
        <ele>258.20001220703125</ele>
        <time>2026-05-24T11:54:29.000Z</time>
        <extensions>
          <ns3:TrackPointExtension>
            <ns3:hr>127</ns3:hr>
            <ns3:cad>49</ns3:cad>
          </ns3:TrackPointExtension>
        </extensions>
      </trkpt>
      <trkpt lat="52.54792015068233013153076171875" lon="-2.8271195478737354278564453125">
        <ele>258.20001220703125</ele>
        <time>2026-05-24T11:54:30.000Z</time>
        <extensions>
          <ns3:TrackPointExtension>
            <ns3:hr>127</ns3:hr>
            <ns3:cad>49</ns3:cad>
          </ns3:TrackPointExtension>
        </extensions>
      </trkpt>
      <trkpt lat="52.5479214079678058624267578125" lon="-2.82722759060561656951904296875">
        <ele>259.600006103515625</ele>
        <time>2026-05-24T11:54:37.000Z</time>
        <extensions>
          <ns3:TrackPointExtension>
            <ns3:hr>129</ns3:hr>
            <ns3:cad>47</ns3:cad>
          </ns3:TrackPointExtension>
        </extensions>
      </trkpt>
      <trkpt lat="52.5479217432439327239990234375" lon="-2.82724016346037387847900390625">
        <ele>259.79998779296875</ele>
        <time>2026-05-24T11:54:38.000Z</time>
        <extensions>
          <ns3:TrackPointExtension>
            <ns3:hr>129</ns3:hr>
            <ns3:cad>48</ns3:cad>
          </ns3:TrackPointExtension>
        </extensions>
      </trkpt>
      <trkpt lat="52.54793054424226284027099609375" lon="-2.827336303889751434326171875">
        <ele>260.79998779296875</ele>
        <time>2026-05-24T11:54:44.000Z</time>
        <extensions>
          <ns3:TrackPointExtension>
            <ns3:hr>131</ns3:hr>
            <ns3:cad>48</ns3:cad>
          </ns3:TrackPointExtension>
        </extensions>
      </trkpt>
      <trkpt lat="52.54793758504092693328857421875" lon="-2.8273659758269786834716796875">
        <ele>261.20001220703125</ele>
        <time>2026-05-24T11:54:46.000Z</time>
        <extensions>
          <ns3:TrackPointExtension>
            <ns3:hr>132</ns3:hr>
            <ns3:cad>48</ns3:cad>
          </ns3:TrackPointExtension>
        </extensions>
      </trkpt>
      <trkpt lat="52.5479643233120441436767578125" lon="-2.82743948511779308319091796875">
        <ele>261.600006103515625</ele>
        <time>2026-05-24T11:54:51.000Z</time>
        <extensions>
          <ns3:TrackPointExtension>
            <ns3:hr>135</ns3:hr>
            <ns3:cad>52</ns3:cad>
          </ns3:TrackPointExtension>
        </extensions>
      </trkpt>
      <trkpt lat="52.5479653291404247283935546875" lon="-2.82745004631578922271728515625">
        <ele>261.79998779296875</ele>
        <time>2026-05-24T11:54:52.000Z</time>
        <extensions>
          <ns3:TrackPointExtension>
            <ns3:hr>136</ns3:hr>
            <ns3:cad>52</ns3:cad>
          </ns3:TrackPointExtension>
        </extensions>
      </trkpt>
      <trkpt lat="52.54796683788299560546875" lon="-2.827467732131481170654296875">
        <ele>261.79998779296875</ele>
        <time>2026-05-24T11:54:53.000Z</time>
        <extensions>
          <ns3:TrackPointExtension>
            <ns3:hr>136</ns3:hr>
            <ns3:cad>53</ns3:cad>
          </ns3:TrackPointExtension>
        </extensions>
      </trkpt>
      <trkpt lat="52.54796608351171016693115234375" lon="-2.82755456864833831787109375">
        <ele>262.600006103515625</ele>
        <time>2026-05-24T11:54:58.000Z</time>
        <extensions>
          <ns3:TrackPointExtension>
            <ns3:hr>136</ns3:hr>
            <ns3:cad>51</ns3:cad>
          </ns3:TrackPointExtension>
        </extensions>
      </trkpt>
      <trkpt lat="52.54795099608600139617919921875" lon="-2.827669568359851837158203125">
        <ele>262.79998779296875</ele>
        <time>2026-05-24T11:55:05.000Z</time>
        <extensions>
          <ns3:TrackPointExtension>
            <ns3:hr>136</ns3:hr>
            <ns3:cad>52</ns3:cad>
          </ns3:TrackPointExtension>
        </extensions>
      </trkpt>
      <trkpt lat="52.54794311709702014923095703125" lon="-2.82773871906101703643798828125">
        <ele>263</ele>
        <time>2026-05-24T11:55:08.000Z</time>
        <extensions>
          <ns3:TrackPointExtension>
            <ns3:hr>136</ns3:hr>
            <ns3:cad>53</ns3:cad>
          </ns3:TrackPointExtension>
        </extensions>
      </trkpt>
      <trkpt lat="52.54793708212673664093017578125" lon="-2.82778716646134853363037109375">
        <ele>263.20001220703125</ele>
        <time>2026-05-24T11:55:11.000Z</time>
        <extensions>
          <ns3:TrackPointExtension>
            <ns3:hr>136</ns3:hr>
            <ns3:cad>54</ns3:cad>
          </ns3:TrackPointExtension>
        </extensions>
      </trkpt>
      <trkpt lat="52.54791428335011005401611328125" lon="-2.82789009623229503631591796875">
        <ele>263.20001220703125</ele>
        <time>2026-05-24T11:55:18.000Z</time>
        <extensions>
          <ns3:TrackPointExtension>
            <ns3:hr>136</ns3:hr>
            <ns3:cad>54</ns3:cad>
          </ns3:TrackPointExtension>
        </extensions>
      </trkpt>
      <trkpt lat="52.54788008518517017364501953125" lon="-2.82801196910440921783447265625">
        <ele>263.600006103515625</ele>
        <time>2026-05-24T11:55:26.000Z</time>
        <extensions>
          <ns3:TrackPointExtension>
            <ns3:hr>136</ns3:hr>
            <ns3:cad>53</ns3:cad>
          </ns3:TrackPointExtension>
        </extensions>
      </trkpt>
      <trkpt lat="52.5478553585708141326904296875" lon="-2.82812277786433696746826171875">
        <ele>264</ele>
        <time>2026-05-24T11:55:32.000Z</time>
        <extensions>
          <ns3:TrackPointExtension>
            <ns3:hr>135</ns3:hr>
            <ns3:cad>53</ns3:cad>
          </ns3:TrackPointExtension>
        </extensions>
      </trkpt>
      <trkpt lat="52.54784806631505489349365234375" lon="-2.8281573951244354248046875">
        <ele>264.20001220703125</ele>
        <time>2026-05-24T11:55:34.000Z</time>
        <extensions>
          <ns3:TrackPointExtension>
            <ns3:hr>135</ns3:hr>
            <ns3:cad>54</ns3:cad>
          </ns3:TrackPointExtension>
        </extensions>
      </trkpt>
      <trkpt lat="52.5478251837193965911865234375" lon="-2.82823811285197734832763671875">
        <ele>264.20001220703125</ele>
        <time>2026-05-24T11:55:39.000Z</time>
        <extensions>
          <ns3:TrackPointExtension>
            <ns3:hr>132</ns3:hr>
            <ns3:cad>53</ns3:cad>
          </ns3:TrackPointExtension>
        </extensions>
      </trkpt>
      <trkpt lat="52.547819651663303375244140625" lon="-2.8282698802649974822998046875">
        <ele>264.600006103515625</ele>
        <time>2026-05-24T11:55:41.000Z</time>
        <extensions>
          <ns3:TrackPointExtension>
            <ns3:hr>132</ns3:hr>
            <ns3:cad>52</ns3:cad>
          </ns3:TrackPointExtension>
        </extensions>
      </trkpt>
      <trkpt lat="52.54781772382557392120361328125" lon="-2.82828119583427906036376953125">
        <ele>264.79998779296875</ele>
        <time>2026-05-24T11:55:42.000Z</time>
        <extensions>
          <ns3:TrackPointExtension>
            <ns3:hr>132</ns3:hr>
            <ns3:cad>52</ns3:cad>
          </ns3:TrackPointExtension>
        </extensions>
      </trkpt>
      <trkpt lat="52.5478117726743221282958984375" lon="-2.82831992022693157196044921875">
        <ele>265.20001220703125</ele>
        <time>2026-05-24T11:55:45.000Z</time>
        <extensions>
          <ns3:TrackPointExtension>
            <ns3:hr>132</ns3:hr>
            <ns3:cad>51</ns3:cad>
          </ns3:TrackPointExtension>
        </extensions>
      </trkpt>
      <trkpt lat="52.547799535095691680908203125" lon="-2.828392423689365386962890625">
        <ele>266.20001220703125</ele>
        <time>2026-05-24T11:55:49.000Z</time>
        <extensions>
          <ns3:TrackPointExtension>
            <ns3:hr>132</ns3:hr>
            <ns3:cad>51</ns3:cad>
          </ns3:TrackPointExtension>
        </extensions>
      </trkpt>
      <trkpt lat="52.5477919913828372955322265625" lon="-2.82845889218151569366455078125">
        <ele>266.600006103515625</ele>
        <time>2026-05-24T11:55:53.000Z</time>
        <extensions>
          <ns3:TrackPointExtension>
            <ns3:hr>132</ns3:hr>
            <ns3:cad>51</ns3:cad>
          </ns3:TrackPointExtension>
        </extensions>
      </trkpt>
      <trkpt lat="52.547778747975826263427734375" lon="-2.82854002900421619415283203125">
        <ele>266.79998779296875</ele>
        <time>2026-05-24T11:55:58.000Z</time>
        <extensions>
          <ns3:TrackPointExtension>
            <ns3:hr>132</ns3:hr>
            <ns3:cad>51</ns3:cad>
          </ns3:TrackPointExtension>
        </extensions>
      </trkpt>
      <trkpt lat="52.54776206798851490020751953125" lon="-2.8286396898329257965087890625">
        <ele>267.20001220703125</ele>
        <time>2026-05-24T11:56:04.000Z</time>
        <extensions>
          <ns3:TrackPointExtension>
            <ns3:hr>132</ns3:hr>
            <ns3:cad>51</ns3:cad>
          </ns3:TrackPointExtension>
        </extensions>
      </trkpt>
      <trkpt lat="52.54773759283125400543212890625" lon="-2.8287282027304172515869140625">
        <ele>268.20001220703125</ele>
        <time>2026-05-24T11:56:10.000Z</time>
        <extensions>
          <ns3:TrackPointExtension>
            <ns3:hr>132</ns3:hr>
            <ns3:cad>51</ns3:cad>
          </ns3:TrackPointExtension>
        </extensions>
      </trkpt>
      <trkpt lat="52.54772418178617954254150390625" lon="-2.82879718579351902008056640625">
        <ele>268.20001220703125</ele>
        <time>2026-05-24T11:56:14.000Z</time>
        <extensions>
          <ns3:TrackPointExtension>
            <ns3:hr>131</ns3:hr>
            <ns3:cad>50</ns3:cad>
          </ns3:TrackPointExtension>
        </extensions>
      </trkpt>
      <trkpt lat="52.5477192364633083343505859375" lon="-2.8288287855684757232666015625">
        <ele>268.20001220703125</ele>
        <time>2026-05-24T11:56:16.000Z</time>
        <extensions>
          <ns3:TrackPointExtension>
            <ns3:hr>132</ns3:hr>
            <ns3:cad>50</ns3:cad>
          </ns3:TrackPointExtension>
        </extensions>
      </trkpt>
      <trkpt lat="52.5476981140673160552978515625" lon="-2.82891436479985713958740234375">
        <ele>268.79998779296875</ele>
        <time>2026-05-24T11:56:23.000Z</time>
        <extensions>
          <ns3:TrackPointExtension>
            <ns3:hr>131</ns3:hr>
            <ns3:cad>49</ns3:cad>
          </ns3:TrackPointExtension>
        </extensions>
      </trkpt>
      <trkpt lat="52.54767489619553089141845703125" lon="-2.8290349803864955902099609375">
        <ele>269.399993896484375</ele>
        <time>2026-05-24T11:56:30.000Z</time>
        <extensions>
          <ns3:TrackPointExtension>
            <ns3:hr>133</ns3:hr>
            <ns3:cad>51</ns3:cad>
          </ns3:TrackPointExtension>
        </extensions>
      </trkpt>
      <trkpt lat="52.54766450263559818267822265625" lon="-2.8291382454335689544677734375">
        <ele>270.399993896484375</ele>
        <time>2026-05-24T11:56:35.000Z</time>
        <extensions>
          <ns3:TrackPointExtension>
            <ns3:hr>134</ns3:hr>
            <ns3:cad>51</ns3:cad>
          </ns3:TrackPointExtension>
        </extensions>
      </trkpt>
      <trkpt lat="52.54765980876982212066650390625" lon="-2.82916045747697353363037109375">
        <ele>270.399993896484375</ele>
        <time>2026-05-24T11:56:36.000Z</time>
        <extensions>
          <ns3:TrackPointExtension>
            <ns3:hr>135</ns3:hr>
            <ns3:cad>51</ns3:cad>
          </ns3:TrackPointExtension>
        </extensions>
      </trkpt>
      <trkpt lat="52.547632567584514617919921875" lon="-2.8292780555784702301025390625">
        <ele>271</ele>
        <time>2026-05-24T11:56:42.000Z</time>
        <extensions>
          <ns3:TrackPointExtension>
            <ns3:hr>136</ns3:hr>
            <ns3:cad>57</ns3:cad>
          </ns3:TrackPointExtension>
        </extensions>
      </trkpt>
      <trkpt lat="52.54762259311974048614501953125" lon="-2.829338572919368743896484375">
        <ele>271.600006103515625</ele>
        <time>2026-05-24T11:56:46.000Z</time>
        <extensions>
          <ns3:TrackPointExtension>
            <ns3:hr>137</ns3:hr>
            <ns3:cad>55</ns3:cad>
          </ns3:TrackPointExtension>
        </extensions>
      </trkpt>
      <trkpt lat="52.5476136244833469390869140625" lon="-2.8293766267597675323486328125">
        <ele>271.79998779296875</ele>
        <time>2026-05-24T11:56:48.000Z</time>
        <extensions>
          <ns3:TrackPointExtension>
            <ns3:hr>136</ns3:hr>
            <ns3:cad>55</ns3:cad>
          </ns3:TrackPointExtension>
        </extensions>
      </trkpt>
      <trkpt lat="52.5475873053073883056640625" lon="-2.82948718406260013580322265625">
        <ele>272.20001220703125</ele>
        <time>2026-05-24T11:56:54.000Z</time>
        <extensions>
          <ns3:TrackPointExtension>
            <ns3:hr>138</ns3:hr>
            <ns3:cad>53</ns3:cad>
          </ns3:TrackPointExtension>
        </extensions>
      </trkpt>
      <trkpt lat="52.547573558986186981201171875" lon="-2.82953261397778987884521484375">
        <ele>272.600006103515625</ele>
        <time>2026-05-24T11:56:57.000Z</time>
        <extensions>
          <ns3:TrackPointExtension>
            <ns3:hr>138</ns3:hr>
            <ns3:cad>52</ns3:cad>
          </ns3:TrackPointExtension>
        </extensions>
      </trkpt>
      <trkpt lat="52.54756115376949310302734375" lon="-2.82956714741885662078857421875">
        <ele>273.20001220703125</ele>
        <time>2026-05-24T11:56:59.000Z</time>
        <extensions>
          <ns3:TrackPointExtension>
            <ns3:hr>137</ns3:hr>
            <ns3:cad>52</ns3:cad>
          </ns3:TrackPointExtension>
        </extensions>
      </trkpt>
      <trkpt lat="52.5475227646529674530029296875" lon="-2.829676531255245208740234375">
        <ele>273.600006103515625</ele>
        <time>2026-05-24T11:57:06.000Z</time>
        <extensions>
          <ns3:TrackPointExtension>
            <ns3:hr>138</ns3:hr>
            <ns3:cad>53</ns3:cad>
          </ns3:TrackPointExtension>
        </extensions>
      </trkpt>
      <trkpt lat="52.54751580767333507537841796875" lon="-2.829688601195812225341796875">
        <ele>273.79998779296875</ele>
        <time>2026-05-24T11:57:07.000Z</time>
        <extensions>
          <ns3:TrackPointExtension>
            <ns3:hr>138</ns3:hr>
            <ns3:cad>52</ns3:cad>
          </ns3:TrackPointExtension>
        </extensions>
      </trkpt>
      <trkpt lat="52.54748336970806121826171875" lon="-2.82975641079246997833251953125">
        <ele>274.399993896484375</ele>
        <time>2026-05-24T11:57:12.000Z</time>
        <extensions>
          <ns3:TrackPointExtension>
            <ns3:hr>138</ns3:hr>
            <ns3:cad>53</ns3:cad>
          </ns3:TrackPointExtension>
        </extensions>
      </trkpt>
      <trkpt lat="52.54745210520923137664794921875" lon="-2.82986663281917572021484375">
        <ele>274.79998779296875</ele>
        <time>2026-05-24T11:57:19.000Z</time>
        <extensions>
          <ns3:TrackPointExtension>
            <ns3:hr>138</ns3:hr>
            <ns3:cad>52</ns3:cad>
          </ns3:TrackPointExtension>
        </extensions>
      </trkpt>
      <trkpt lat="52.547414638102054595947265625" lon="-2.829950787127017974853515625">
        <ele>275.600006103515625</ele>
        <time>2026-05-24T11:57:25.000Z</time>
        <extensions>
          <ns3:TrackPointExtension>
            <ns3:hr>138</ns3:hr>
            <ns3:cad>52</ns3:cad>
          </ns3:TrackPointExtension>
        </extensions>
      </trkpt>
      <trkpt lat="52.547402568161487579345703125" lon="-2.82998087815940380096435546875">
        <ele>276</ele>
        <time>2026-05-24T11:57:27.000Z</time>
        <extensions>
          <ns3:TrackPointExtension>
            <ns3:hr>138</ns3:hr>
            <ns3:cad>53</ns3:cad>
          </ns3:TrackPointExtension>
        </extensions>
      </trkpt>
      <trkpt lat="52.54737834446132183074951171875" lon="-2.83004206605255603790283203125">
        <ele>275.79998779296875</ele>
        <time>2026-05-24T11:57:32.000Z</time>
        <extensions>
          <ns3:TrackPointExtension>
            <ns3:hr>137</ns3:hr>
            <ns3:cad>50</ns3:cad>
          </ns3:TrackPointExtension>
        </extensions>
      </trkpt>
      <trkpt lat="52.54737482406198978424072265625" lon="-2.83006268553435802459716796875">
        <ele>275.79998779296875</ele>
        <time>2026-05-24T11:57:39.000Z</time>
        <extensions>
          <ns3:TrackPointExtension>
            <ns3:hr>136</ns3:hr>
            <ns3:cad>0</ns3:cad>
          </ns3:TrackPointExtension>
        </extensions>
      </trkpt>
      <trkpt lat="52.54735286347568035125732421875" lon="-2.83012420870363712310791015625">
        <ele>277</ele>
        <time>2026-05-24T11:57:44.000Z</time>
        <extensions>
          <ns3:TrackPointExtension>
            <ns3:hr>136</ns3:hr>
            <ns3:cad>57</ns3:cad>
          </ns3:TrackPointExtension>
        </extensions>
      </trkpt>
      <trkpt lat="52.54732486791908740997314453125" lon="-2.8302164934575557708740234375">
        <ele>277</ele>
        <time>2026-05-24T11:57:52.000Z</time>
        <extensions>
          <ns3:TrackPointExtension>
            <ns3:hr>138</ns3:hr>
            <ns3:cad>43</ns3:cad>
          </ns3:TrackPointExtension>
        </extensions>
      </trkpt>
      <trkpt lat="52.547281868755817413330078125" lon="-2.83032839186489582061767578125">
        <ele>277.79998779296875</ele>
        <time>2026-05-24T11:58:01.000Z</time>
        <extensions>
          <ns3:TrackPointExtension>
            <ns3:hr>135</ns3:hr>
            <ns3:cad>47</ns3:cad>
          </ns3:TrackPointExtension>
        </extensions>
      </trkpt>
      <trkpt lat="52.54727608524262905120849609375" lon="-2.83033333718776702880859375">
        <ele>278</ele>
        <time>2026-05-24T11:58:05.000Z</time>
        <extensions>
          <ns3:TrackPointExtension>
            <ns3:hr>136</ns3:hr>
            <ns3:cad>0</ns3:cad>
          </ns3:TrackPointExtension>
        </extensions>
      </trkpt>
      <trkpt lat="52.54727541469037532806396484375" lon="-2.83033409155905246734619140625">
        <ele>278</ele>
        <time>2026-05-24T11:58:08.000Z</time>
        <extensions>
          <ns3:TrackPointExtension>
            <ns3:hr>137</ns3:hr>
            <ns3:cad>0</ns3:cad>
          </ns3:TrackPointExtension>
        </extensions>
      </trkpt>
      <trkpt lat="52.54726217128336429595947265625" lon="-2.83038019202649593353271484375">
        <ele>278.79998779296875</ele>
        <time>2026-05-24T11:58:15.000Z</time>
        <extensions>
          <ns3:TrackPointExtension>
            <ns3:hr>136</ns3:hr>
            <ns3:cad>0</ns3:cad>
          </ns3:TrackPointExtension>
        </extensions>
      </trkpt>
      <trkpt lat="52.547253705561161041259765625" lon="-2.83041455782949924468994140625">
        <ele>279.399993896484375</ele>
        <time>2026-05-24T11:58:17.000Z</time>
        <extensions>
          <ns3:TrackPointExtension>
            <ns3:hr>136</ns3:hr>
            <ns3:cad>0</ns3:cad>
          </ns3:TrackPointExtension>
        </extensions>
      </trkpt>
      <trkpt lat="52.5472347624599933624267578125" lon="-2.8304880671203136444091796875">
        <ele>279.79998779296875</ele>
        <time>2026-05-24T11:58:21.000Z</time>
        <extensions>
          <ns3:TrackPointExtension>
            <ns3:hr>136</ns3:hr>
            <ns3:cad>50</ns3:cad>
          </ns3:TrackPointExtension>
        </extensions>
      </trkpt>
      <trkpt lat="52.54721380770206451416015625" lon="-2.83056937158107757568359375">
        <ele>280.399993896484375</ele>
        <time>2026-05-24T11:58:26.000Z</time>
        <extensions>
          <ns3:TrackPointExtension>
            <ns3:hr>135</ns3:hr>
            <ns3:cad>53</ns3:cad>
          </ns3:TrackPointExtension>
        </extensions>
      </trkpt>
      <trkpt lat="52.54721037112176418304443359375" lon="-2.83058186061680316925048828125">
        <ele>280.600006103515625</ele>
        <time>2026-05-24T11:58:27.000Z</time>
        <extensions>
          <ns3:TrackPointExtension>
            <ns3:hr>135</ns3:hr>
            <ns3:cad>51</ns3:cad>
          </ns3:TrackPointExtension>
        </extensions>
      </trkpt>
      <trkpt lat="52.54717768169939517974853515625" lon="-2.830670289695262908935546875">
        <ele>281</ele>
        <time>2026-05-24T11:58:33.000Z</time>
        <extensions>
          <ns3:TrackPointExtension>
            <ns3:hr>134</ns3:hr>
            <ns3:cad>51</ns3:cad>
          </ns3:TrackPointExtension>
        </extensions>
      </trkpt>
      <trkpt lat="52.5471603311598300933837890625" lon="-2.83072049729526042938232421875">
        <ele>281.399993896484375</ele>
        <time>2026-05-24T11:58:36.000Z</time>
        <extensions>
          <ns3:TrackPointExtension>
            <ns3:hr>134</ns3:hr>
            <ns3:cad>51</ns3:cad>
          </ns3:TrackPointExtension>
        </extensions>
      </trkpt>
      <trkpt lat="52.54714029841125011444091796875" lon="-2.83075687475502490997314453125">
        <ele>282</ele>
        <time>2026-05-24T11:58:39.000Z</time>
        <extensions>
          <ns3:TrackPointExtension>
            <ns3:hr>134</ns3:hr>
            <ns3:cad>53</ns3:cad>
          </ns3:TrackPointExtension>
        </extensions>
      </trkpt>
      <trkpt lat="52.5471063517034053802490234375" lon="-2.83081118948757648468017578125">
        <ele>282.600006103515625</ele>
        <time>2026-05-24T11:58:43.000Z</time>
        <extensions>
          <ns3:TrackPointExtension>
            <ns3:hr>134</ns3:hr>
            <ns3:cad>51</ns3:cad>
          </ns3:TrackPointExtension>
        </extensions>
      </trkpt>
      <trkpt lat="52.5470892526209354400634765625" lon="-2.83084102906286716461181640625">
        <ele>282.79998779296875</ele>
        <time>2026-05-24T11:58:45.000Z</time>
        <extensions>
          <ns3:TrackPointExtension>
            <ns3:hr>134</ns3:hr>
            <ns3:cad>52</ns3:cad>
          </ns3:TrackPointExtension>
        </extensions>
      </trkpt>
      <trkpt lat="52.54703435115516185760498046875" lon="-2.83092677593231201171875">
        <ele>283.399993896484375</ele>
        <time>2026-05-24T11:58:52.000Z</time>
        <extensions>
          <ns3:TrackPointExtension>
            <ns3:hr>134</ns3:hr>
            <ns3:cad>52</ns3:cad>
          </ns3:TrackPointExtension>
        </extensions>
      </trkpt>
      <trkpt lat="52.54700870253145694732666015625" lon="-2.8309792466461658477783203125">
        <ele>283.79998779296875</ele>
        <time>2026-05-24T11:58:56.000Z</time>
        <extensions>
          <ns3:TrackPointExtension>
            <ns3:hr>134</ns3:hr>
            <ns3:cad>52</ns3:cad>
          </ns3:TrackPointExtension>
        </extensions>
      </trkpt>
      <trkpt lat="52.5469950400292873382568359375" lon="-2.83100816421210765838623046875">
        <ele>284</ele>
        <time>2026-05-24T11:58:58.000Z</time>
        <extensions>
          <ns3:TrackPointExtension>
            <ns3:hr>133</ns3:hr>
            <ns3:cad>49</ns3:cad>
          </ns3:TrackPointExtension>
        </extensions>
      </trkpt>
      <trkpt lat="52.5469558127224445343017578125" lon="-2.831082679331302642822265625">
        <ele>284.600006103515625</ele>
        <time>2026-05-24T11:59:04.000Z</time>
        <extensions>
          <ns3:TrackPointExtension>
            <ns3:hr>134</ns3:hr>
            <ns3:cad>52</ns3:cad>
          </ns3:TrackPointExtension>
        </extensions>
      </trkpt>
      <trkpt lat="52.5469380430877208709716796875" lon="-2.831111848354339599609375">
        <ele>284.600006103515625</ele>
        <time>2026-05-24T11:59:06.000Z</time>
        <extensions>
          <ns3:TrackPointExtension>
            <ns3:hr>134</ns3:hr>
            <ns3:cad>52</ns3:cad>
          </ns3:TrackPointExtension>
        </extensions>
      </trkpt>
      <trkpt lat="52.54693083465099334716796875" lon="-2.83112249337136745452880859375">
        <ele>284.79998779296875</ele>
        <time>2026-05-24T11:59:07.000Z</time>
        <extensions>
          <ns3:TrackPointExtension>
            <ns3:hr>134</ns3:hr>
            <ns3:cad>52</ns3:cad>
          </ns3:TrackPointExtension>
        </extensions>
      </trkpt>
      <trkpt lat="52.5469179265201091766357421875" lon="-2.831145040690898895263671875">
        <ele>285</ele>
        <time>2026-05-24T11:59:09.000Z</time>
        <extensions>
          <ns3:TrackPointExtension>
            <ns3:hr>133</ns3:hr>
            <ns3:cad>53</ns3:cad>
          </ns3:TrackPointExtension>
        </extensions>
      </trkpt>
      <trkpt lat="52.5469028390944004058837890625" lon="-2.831176556646823883056640625">
        <ele>285.20001220703125</ele>
        <time>2026-05-24T11:59:11.000Z</time>
        <extensions>
          <ns3:TrackPointExtension>
            <ns3:hr>134</ns3:hr>
            <ns3:cad>52</ns3:cad>
          </ns3:TrackPointExtension>
        </extensions>
      </trkpt>
      <trkpt lat="52.54686243832111358642578125" lon="-2.8312561847269535064697265625">
        <ele>285.79998779296875</ele>
        <time>2026-05-24T11:59:17.000Z</time>
        <extensions>
          <ns3:TrackPointExtension>
            <ns3:hr>135</ns3:hr>
            <ns3:cad>52</ns3:cad>
          </ns3:TrackPointExtension>
        </extensions>
      </trkpt>
      <trkpt lat="52.54685497842729091644287109375" lon="-2.83127051778137683868408203125">
        <ele>285.79998779296875</ele>
        <time>2026-05-24T11:59:18.000Z</time>
        <extensions>
          <ns3:TrackPointExtension>
            <ns3:hr>135</ns3:hr>
            <ns3:cad>52</ns3:cad>
          </ns3:TrackPointExtension>
        </extensions>
      </trkpt>
      <trkpt lat="52.5468186847865581512451171875" lon="-2.83131879754364490509033203125">
        <ele>286.399993896484375</ele>
        <time>2026-05-24T11:59:23.000Z</time>
        <extensions>
          <ns3:TrackPointExtension>
            <ns3:hr>137</ns3:hr>
            <ns3:cad>51</ns3:cad>
          </ns3:TrackPointExtension>
        </extensions>
      </trkpt>
      <trkpt lat="52.54679831676185131072998046875" lon="-2.83134645782411098480224609375">
        <ele>287</ele>
        <time>2026-05-24T11:59:26.000Z</time>
        <extensions>
          <ns3:TrackPointExtension>
            <ns3:hr>137</ns3:hr>
            <ns3:cad>46</ns3:cad>
          </ns3:TrackPointExtension>
        </extensions>
      </trkpt>
      <trkpt lat="52.5467895157635211944580078125" lon="-2.83135836012661457061767578125">
        <ele>287</ele>
        <time>2026-05-24T11:59:27.000Z</time>
        <extensions>
          <ns3:TrackPointExtension>
            <ns3:hr>137</ns3:hr>
            <ns3:cad>46</ns3:cad>
          </ns3:TrackPointExtension>
        </extensions>
      </trkpt>
      <trkpt lat="52.54673595540225505828857421875" lon="-2.8314040414988994598388671875">
        <ele>288</ele>
        <time>2026-05-24T11:59:33.000Z</time>
        <extensions>
          <ns3:TrackPointExtension>
            <ns3:hr>138</ns3:hr>
            <ns3:cad>50</ns3:cad>
          </ns3:TrackPointExtension>
        </extensions>
      </trkpt>
      <trkpt lat="52.54668231122195720672607421875" lon="-2.83144620247185230255126953125">
        <ele>288.79998779296875</ele>
        <time>2026-05-24T11:59:39.000Z</time>
        <extensions>
          <ns3:TrackPointExtension>
            <ns3:hr>139</ns3:hr>
            <ns3:cad>50</ns3:cad>
          </ns3:TrackPointExtension>
        </extensions>
      </trkpt>
      <trkpt lat="52.546676695346832275390625" lon="-2.83144779503345489501953125">
        <ele>289.20001220703125</ele>
        <time>2026-05-24T11:59:40.000Z</time>
        <extensions>
          <ns3:TrackPointExtension>
            <ns3:hr>140</ns3:hr>
            <ns3:cad>50</ns3:cad>
          </ns3:TrackPointExtension>
        </extensions>
      </trkpt>
      <trkpt lat="52.54664492793381214141845703125" lon="-2.83146564848721027374267578125">
        <ele>290</ele>
        <time>2026-05-24T11:59:44.000Z</time>
        <extensions>
          <ns3:TrackPointExtension>
            <ns3:hr>140</ns3:hr>
            <ns3:cad>52</ns3:cad>
          </ns3:TrackPointExtension>
        </extensions>
      </trkpt>
      <trkpt lat="52.546641826629638671875" lon="-2.83146799542009830474853515625">
        <ele>290.20001220703125</ele>
        <time>2026-05-24T11:59:45.000Z</time>
        <extensions>
          <ns3:TrackPointExtension>
            <ns3:hr>141</ns3:hr>
            <ns3:cad>52</ns3:cad>
          </ns3:TrackPointExtension>
        </extensions>
      </trkpt>
      <trkpt lat="52.54663671366870403289794921875" lon="-2.83146715722978115081787109375">
        <ele>290.399993896484375</ele>
        <time>2026-05-24T11:59:46.000Z</time>
        <extensions>
          <ns3:TrackPointExtension>
            <ns3:hr>142</ns3:hr>
            <ns3:cad>52</ns3:cad>
          </ns3:TrackPointExtension>
        </extensions>
      </trkpt>
      <trkpt lat="52.54662313498556613922119140625" lon="-2.83146916888654232025146484375">
        <ele>290.79998779296875</ele>
        <time>2026-05-24T11:59:48.000Z</time>
        <extensions>
          <ns3:TrackPointExtension>
            <ns3:hr>142</ns3:hr>
            <ns3:cad>43</ns3:cad>
          </ns3:TrackPointExtension>
        </extensions>
      </trkpt>
      <trkpt lat="52.5466077961027622222900390625" lon="-2.83147201873362064361572265625">
        <ele>291.399993896484375</ele>
        <time>2026-05-24T11:59:50.000Z</time>
        <extensions>
          <ns3:TrackPointExtension>
            <ns3:hr>143</ns3:hr>
            <ns3:cad>0</ns3:cad>
          </ns3:TrackPointExtension>
        </extensions>
      </trkpt>
      <trkpt lat="52.54658994264900684356689453125" lon="-2.8314811550080776214599609375">
        <ele>292.20001220703125</ele>
        <time>2026-05-24T11:59:53.000Z</time>
        <extensions>
          <ns3:TrackPointExtension>
            <ns3:hr>144</ns3:hr>
            <ns3:cad>76</ns3:cad>
          </ns3:TrackPointExtension>
        </extensions>
      </trkpt>
      <trkpt lat="52.54658072255551815032958984375" lon="-2.83148710615932941436767578125">
        <ele>292.600006103515625</ele>
        <time>2026-05-24T11:59:55.000Z</time>
        <extensions>
          <ns3:TrackPointExtension>
            <ns3:hr>146</ns3:hr>
            <ns3:cad>40</ns3:cad>
          </ns3:TrackPointExtension>
        </extensions>
      </trkpt>
      <trkpt lat="52.5465598516166210174560546875" lon="-2.83149029128253459930419921875">
        <ele>293</ele>
        <time>2026-05-24T11:59:59.000Z</time>
        <extensions>
          <ns3:TrackPointExtension>
            <ns3:hr>147</ns3:hr>
            <ns3:cad>44</ns3:cad>
          </ns3:TrackPointExtension>
        </extensions>
      </trkpt>
      <trkpt lat="52.54654266871511936187744140625" lon="-2.83149515278637409210205078125">
        <ele>293.600006103515625</ele>
        <time>2026-05-24T12:00:02.000Z</time>
        <extensions>
          <ns3:TrackPointExtension>
            <ns3:hr>148</ns3:hr>
            <ns3:cad>77</ns3:cad>
          </ns3:TrackPointExtension>
        </extensions>
      </trkpt>
      <trkpt lat="52.5465316884219646453857421875" lon="-2.8315059654414653778076171875">
        <ele>294.20001220703125</ele>
        <time>2026-05-24T12:00:05.000Z</time>
        <extensions>
          <ns3:TrackPointExtension>
            <ns3:hr>149</ns3:hr>
            <ns3:cad>80</ns3:cad>
          </ns3:TrackPointExtension>
        </extensions>
      </trkpt>
      <trkpt lat="52.5465172715485095977783203125" lon="-2.83151761628687381744384765625">
        <ele>294.79998779296875</ele>
        <time>2026-05-24T12:00:08.000Z</time>
        <extensions>
          <ns3:TrackPointExtension>
            <ns3:hr>149</ns3:hr>
            <ns3:cad>41</ns3:cad>
          </ns3:TrackPointExtension>
        </extensions>
      </trkpt>
      <trkpt lat="52.54650746472179889678955078125" lon="-2.8315297700464725494384765625">
        <ele>295.20001220703125</ele>
        <time>2026-05-24T12:00:11.000Z</time>
        <extensions>
          <ns3:TrackPointExtension>
            <ns3:hr>151</ns3:hr>
            <ns3:cad>41</ns3:cad>
          </ns3:TrackPointExtension>
        </extensions>
      </trkpt>
      <trkpt lat="52.5464998371899127960205078125" lon="-2.83153722994029521942138671875">
        <ele>295.79998779296875</ele>
        <time>2026-05-24T12:00:13.000Z</time>
        <extensions>
          <ns3:TrackPointExtension>
            <ns3:hr>151</ns3:hr>
            <ns3:cad>43</ns3:cad>
          </ns3:TrackPointExtension>
        </extensions>
      </trkpt>
      <trkpt lat="52.54648718051612377166748046875" lon="-2.8315515629947185516357421875">
        <ele>296.399993896484375</ele>
        <time>2026-05-24T12:00:16.000Z</time>
        <extensions>
          <ns3:TrackPointExtension>
            <ns3:hr>151</ns3:hr>
            <ns3:cad>0</ns3:cad>
          </ns3:TrackPointExtension>
        </extensions>
      </trkpt>
      <trkpt lat="52.54646672867238521575927734375" lon="-2.831572853028774261474609375">
        <ele>296.79998779296875</ele>
        <time>2026-05-24T12:00:20.000Z</time>
        <extensions>
          <ns3:TrackPointExtension>
            <ns3:hr>153</ns3:hr>
            <ns3:cad>40</ns3:cad>
          </ns3:TrackPointExtension>
        </extensions>
      </trkpt>
      <trkpt lat="52.54645549692213535308837890625" lon="-2.83158048056066036224365234375">
        <ele>297.399993896484375</ele>
        <time>2026-05-24T12:00:22.000Z</time>
        <extensions>
          <ns3:TrackPointExtension>
            <ns3:hr>154</ns3:hr>
            <ns3:cad>41</ns3:cad>
          </ns3:TrackPointExtension>
        </extensions>
      </trkpt>
      <trkpt lat="52.5464471988379955291748046875" lon="-2.83158869482576847076416015625">
        <ele>297.79998779296875</ele>
        <time>2026-05-24T12:00:24.000Z</time>
        <extensions>
          <ns3:TrackPointExtension>
            <ns3:hr>155</ns3:hr>
            <ns3:cad>42</ns3:cad>
          </ns3:TrackPointExtension>
        </extensions>
      </trkpt>
      <trkpt lat="52.54643739201128482818603515625" lon="-2.8315974958240985870361328125">
        <ele>298.399993896484375</ele>
        <time>2026-05-24T12:00:27.000Z</time>
        <extensions>
          <ns3:TrackPointExtension>
            <ns3:hr>154</ns3:hr>
            <ns3:cad>41</ns3:cad>
          </ns3:TrackPointExtension>
        </extensions>
      </trkpt>
      <trkpt lat="52.54642632789909839630126953125" lon="-2.8316105715930461883544921875">
        <ele>298.600006103515625</ele>
        <time>2026-05-24T12:00:31.000Z</time>
        <extensions>
          <ns3:TrackPointExtension>
            <ns3:hr>155</ns3:hr>
            <ns3:cad>0</ns3:cad>
          </ns3:TrackPointExtension>
        </extensions>
      </trkpt>
      <trkpt lat="52.5464096479117870330810546875" lon="-2.83166262321174144744873046875">
        <ele>299</ele>
        <time>2026-05-24T12:00:37.000Z</time>
        <extensions>
          <ns3:TrackPointExtension>
            <ns3:hr>155</ns3:hr>
            <ns3:cad>43</ns3:cad>
          </ns3:TrackPointExtension>
        </extensions>
      </trkpt>
      <trkpt lat="52.5464071333408355712890625" lon="-2.83167217858135700225830078125">
        <ele>299.20001220703125</ele>
        <time>2026-05-24T12:00:38.000Z</time>
        <extensions>
          <ns3:TrackPointExtension>
            <ns3:hr>154</ns3:hr>
            <ns3:cad>43</ns3:cad>
          </ns3:TrackPointExtension>
        </extensions>
      </trkpt>
      <trkpt lat="52.54640218801796436309814453125" lon="-2.831706963479518890380859375">
        <ele>300</ele>
        <time>2026-05-24T12:00:41.000Z</time>
        <extensions>
          <ns3:TrackPointExtension>
            <ns3:hr>155</ns3:hr>
            <ns3:cad>43</ns3:cad>
          </ns3:TrackPointExtension>
        </extensions>
      </trkpt>
      <trkpt lat="52.54639883525669574737548828125" lon="-2.831755578517913818359375">
        <ele>301.20001220703125</ele>
        <time>2026-05-24T12:00:44.000Z</time>
        <extensions>
          <ns3:TrackPointExtension>
            <ns3:hr>156</ns3:hr>
            <ns3:cad>43</ns3:cad>
          </ns3:TrackPointExtension>
        </extensions>
      </trkpt>
      <trkpt lat="52.54639615304768085479736328125" lon="-2.83184601925313472747802734375">
        <ele>301.79998779296875</ele>
        <time>2026-05-24T12:00:51.000Z</time>
        <extensions>
          <ns3:TrackPointExtension>
            <ns3:hr>157</ns3:hr>
            <ns3:cad>53</ns3:cad>
          </ns3:TrackPointExtension>
        </extensions>
      </trkpt>
      <trkpt lat="52.5463784672319889068603515625" lon="-2.83193319104611873626708984375">
        <ele>302</ele>
        <time>2026-05-24T12:00:56.000Z</time>
        <extensions>
          <ns3:TrackPointExtension>
            <ns3:hr>156</ns3:hr>
            <ns3:cad>49</ns3:cad>
          </ns3:TrackPointExtension>
        </extensions>
      </trkpt>
      <trkpt lat="52.546368576586246490478515625" lon="-2.831995971500873565673828125">
        <ele>302.20001220703125</ele>
        <time>2026-05-24T12:01:00.000Z</time>
        <extensions>
          <ns3:TrackPointExtension>
            <ns3:hr>155</ns3:hr>
            <ns3:cad>50</ns3:cad>
          </ns3:TrackPointExtension>
        </extensions>
      </trkpt>
      <trkpt lat="52.5463640503585338592529296875" lon="-2.83202421851456165313720703125">
        <ele>302.399993896484375</ele>
        <time>2026-05-24T12:01:02.000Z</time>
        <extensions>
          <ns3:TrackPointExtension>
            <ns3:hr>156</ns3:hr>
            <ns3:cad>49</ns3:cad>
          </ns3:TrackPointExtension>
        </extensions>
      </trkpt>
      <trkpt lat="52.54636195488274097442626953125" lon="-2.8321111388504505157470703125">
        <ele>303</ele>
        <time>2026-05-24T12:01:07.000Z</time>
        <extensions>
          <ns3:TrackPointExtension>
            <ns3:hr>154</ns3:hr>
            <ns3:cad>48</ns3:cad>
          </ns3:TrackPointExtension>
        </extensions>
      </trkpt>
      <trkpt lat="52.5463720969855785369873046875" lon="-2.83218280412256717681884765625">
        <ele>303.399993896484375</ele>
        <time>2026-05-24T12:01:12.000Z</time>
        <extensions>
          <ns3:TrackPointExtension>
            <ns3:hr>153</ns3:hr>
            <ns3:cad>49</ns3:cad>
          </ns3:TrackPointExtension>
        </extensions>
      </trkpt>
      <trkpt lat="52.54641325213015079498291015625" lon="-2.83225606195628643035888671875">
        <ele>303.79998779296875</ele>
        <time>2026-05-24T12:01:18.000Z</time>
        <extensions>
          <ns3:TrackPointExtension>
            <ns3:hr>152</ns3:hr>
            <ns3:cad>47</ns3:cad>
          </ns3:TrackPointExtension>
        </extensions>
      </trkpt>
      <trkpt lat="52.54642632789909839630126953125" lon="-2.832264862954616546630859375">
        <ele>303.600006103515625</ele>
        <time>2026-05-24T12:01:20.000Z</time>
        <extensions>
          <ns3:TrackPointExtension>
            <ns3:hr>152</ns3:hr>
            <ns3:cad>47</ns3:cad>
          </ns3:TrackPointExtension>
        </extensions>
      </trkpt>
      <trkpt lat="52.54643672145903110504150390625" lon="-2.83227031119167804718017578125">
        <ele>303.399993896484375</ele>
        <time>2026-05-24T12:01:23.000Z</time>
        <extensions>
          <ns3:TrackPointExtension>
            <ns3:hr>152</ns3:hr>
            <ns3:cad>47</ns3:cad>
          </ns3:TrackPointExtension>
        </extensions>
      </trkpt>
      <trkpt lat="52.5464448519051074981689453125" lon="-2.832270227372646331787109375">
        <ele>303.399993896484375</ele>
        <time>2026-05-24T12:01:28.000Z</time>
        <extensions>
          <ns3:TrackPointExtension>
            <ns3:hr>149</ns3:hr>
            <ns3:cad>0</ns3:cad>
          </ns3:TrackPointExtension>
        </extensions>
      </trkpt>
      <trkpt lat="52.5464448519051074981689453125" lon="-2.83227014355361461639404296875">
        <ele>303.399993896484375</ele>
        <time>2026-05-24T12:01:30.000Z</time>
        <extensions>
          <ns3:TrackPointExtension>
            <ns3:hr>148</ns3:hr>
            <ns3:cad>0</ns3:cad>
          </ns3:TrackPointExtension>
        </extensions>
      </trkpt>
      <trkpt lat="52.54644024185836315155029296875" lon="-2.83226662315428256988525390625">
        <ele>303.79998779296875</ele>
        <time>2026-05-24T12:01:43.000Z</time>
        <extensions>
          <ns3:TrackPointExtension>
            <ns3:hr>147</ns3:hr>
            <ns3:cad>0</ns3:cad>
          </ns3:TrackPointExtension>
        </extensions>
      </trkpt>
      <trkpt lat="52.546438984572887420654296875" lon="-2.83226586878299713134765625">
        <ele>303.600006103515625</ele>
        <time>2026-05-24T12:01:49.000Z</time>
        <extensions>
          <ns3:TrackPointExtension>
            <ns3:hr>144</ns3:hr>
            <ns3:cad>0</ns3:cad>
          </ns3:TrackPointExtension>
        </extensions>
      </trkpt>
      <trkpt lat="52.54644510336220264434814453125" lon="-2.8322690539062023162841796875">
        <ele>303.600006103515625</ele>
        <time>2026-05-24T12:01:56.000Z</time>
        <extensions>
          <ns3:TrackPointExtension>
            <ns3:hr>144</ns3:hr>
            <ns3:cad>0</ns3:cad>
          </ns3:TrackPointExtension>
        </extensions>
      </trkpt>
      <trkpt lat="52.5464676506817340850830078125" lon="-2.83229160122573375701904296875">
        <ele>303.79998779296875</ele>
        <time>2026-05-24T12:02:01.000Z</time>
        <extensions>
          <ns3:TrackPointExtension>
            <ns3:hr>142</ns3:hr>
            <ns3:cad>41</ns3:cad>
          </ns3:TrackPointExtension>
        </extensions>
      </trkpt>
      <trkpt lat="52.54648751579225063323974609375" lon="-2.8323253802955150604248046875">
        <ele>304.20001220703125</ele>
        <time>2026-05-24T12:02:05.000Z</time>
        <extensions>
          <ns3:TrackPointExtension>
            <ns3:hr>136</ns3:hr>
            <ns3:cad>0</ns3:cad>
          </ns3:TrackPointExtension>
        </extensions>
      </trkpt>
      <trkpt lat="52.54649740643799304962158203125" lon="-2.8323290683329105377197265625">
        <ele>304.20001220703125</ele>
        <time>2026-05-24T12:02:08.000Z</time>
        <extensions>
          <ns3:TrackPointExtension>
            <ns3:hr>133</ns3:hr>
            <ns3:cad>44</ns3:cad>
          </ns3:TrackPointExtension>
        </extensions>
      </trkpt>
      <trkpt lat="52.54653763957321643829345703125" lon="-2.8323156572878360748291015625">
        <ele>304.399993896484375</ele>
        <time>2026-05-24T12:02:13.000Z</time>
        <extensions>
          <ns3:TrackPointExtension>
            <ns3:hr>133</ns3:hr>
            <ns3:cad>0</ns3:cad>
          </ns3:TrackPointExtension>
        </extensions>
      </trkpt>
      <trkpt lat="52.54655406810343265533447265625" lon="-2.83229746855795383453369140625">
        <ele>304.79998779296875</ele>
        <time>2026-05-24T12:02:15.000Z</time>
        <extensions>
          <ns3:TrackPointExtension>
            <ns3:hr>132</ns3:hr>
            <ns3:cad>0</ns3:cad>
          </ns3:TrackPointExtension>
        </extensions>
      </trkpt>
      <trkpt lat="52.546565048396587371826171875" lon="-2.83228104002773761749267578125">
        <ele>305.399993896484375</ele>
        <time>2026-05-24T12:02:18.000Z</time>
        <extensions>
          <ns3:TrackPointExtension>
            <ns3:hr>133</ns3:hr>
            <ns3:cad>44</ns3:cad>
          </ns3:TrackPointExtension>
        </extensions>
      </trkpt>
      <trkpt lat="52.54657183773815631866455078125" lon="-2.832278273999691009521484375">
        <ele>305.399993896484375</ele>
        <time>2026-05-24T12:02:20.000Z</time>
        <extensions>
          <ns3:TrackPointExtension>
            <ns3:hr>133</ns3:hr>
            <ns3:cad>44</ns3:cad>
          </ns3:TrackPointExtension>
        </extensions>
      </trkpt>
      <trkpt lat="52.5465766154229640960693359375" lon="-2.832272909581661224365234375">
        <ele>304.399993896484375</ele>
        <time>2026-05-24T12:02:25.000Z</time>
        <extensions>
          <ns3:TrackPointExtension>
            <ns3:hr>133</ns3:hr>
            <ns3:cad>0</ns3:cad>
          </ns3:TrackPointExtension>
        </extensions>
      </trkpt>
      <trkpt lat="52.54657636396586894989013671875" lon="-2.83227232284843921661376953125">
        <ele>304.20001220703125</ele>
        <time>2026-05-24T12:02:28.000Z</time>
        <extensions>
          <ns3:TrackPointExtension>
            <ns3:hr>134</ns3:hr>
            <ns3:cad>0</ns3:cad>
          </ns3:TrackPointExtension>
        </extensions>
      </trkpt>
      <trkpt lat="52.54657569341361522674560546875" lon="-2.83227131702005863189697265625">
        <ele>305.399993896484375</ele>
        <time>2026-05-24T12:02:32.000Z</time>
        <extensions>
          <ns3:TrackPointExtension>
            <ns3:hr>136</ns3:hr>
            <ns3:cad>0</ns3:cad>
          </ns3:TrackPointExtension>
        </extensions>
      </trkpt>
      <trkpt lat="52.5465732626616954803466796875" lon="-2.8322683833539485931396484375">
        <ele>305</ele>
        <time>2026-05-24T12:02:43.000Z</time>
        <extensions>
          <ns3:TrackPointExtension>
            <ns3:hr>137</ns3:hr>
            <ns3:cad>0</ns3:cad>
          </ns3:TrackPointExtension>
        </extensions>
      </trkpt>
      <trkpt lat="52.5465725921094417572021484375" lon="-2.83226779662072658538818359375">
        <ele>305.20001220703125</ele>
        <time>2026-05-24T12:02:56.000Z</time>
        <extensions>
          <ns3:TrackPointExtension>
            <ns3:hr>138</ns3:hr>
            <ns3:cad>0</ns3:cad>
          </ns3:TrackPointExtension>
        </extensions>
      </trkpt>
      <trkpt lat="52.54657250829041004180908203125" lon="-2.8322677128016948699951171875">
        <ele>305.20001220703125</ele>
        <time>2026-05-24T12:03:05.000Z</time>
        <extensions>
          <ns3:TrackPointExtension>
            <ns3:hr>135</ns3:hr>
            <ns3:cad>0</ns3:cad>
          </ns3:TrackPointExtension>
        </extensions>
      </trkpt>
      <trkpt lat="52.546572424471378326416015625" lon="-2.8322677128016948699951171875">
        <ele>305.20001220703125</ele>
        <time>2026-05-24T12:03:12.000Z</time>
        <extensions>
          <ns3:TrackPointExtension>
            <ns3:hr>132</ns3:hr>
            <ns3:cad>0</ns3:cad>
          </ns3:TrackPointExtension>
        </extensions>
      </trkpt>
      <trkpt lat="52.5465722568333148956298828125" lon="-2.83226720988750457763671875">
        <ele>304.79998779296875</ele>
        <time>2026-05-24T12:03:20.000Z</time>
        <extensions>
          <ns3:TrackPointExtension>
            <ns3:hr>132</ns3:hr>
            <ns3:cad>0</ns3:cad>
          </ns3:TrackPointExtension>
        </extensions>
      </trkpt>
      <trkpt lat="52.54657234065234661102294921875" lon="-2.83226679079234600067138671875">
        <ele>305</ele>
        <time>2026-05-24T12:03:27.000Z</time>
        <extensions>
          <ns3:TrackPointExtension>
            <ns3:hr>129</ns3:hr>
            <ns3:cad>0</ns3:cad>
          </ns3:TrackPointExtension>
        </extensions>
      </trkpt>
      <trkpt lat="52.54657250829041004180908203125" lon="-2.83226662315428256988525390625">
        <ele>304.79998779296875</ele>
        <time>2026-05-24T12:03:31.000Z</time>
        <extensions>
          <ns3:TrackPointExtension>
            <ns3:hr>126</ns3:hr>
            <ns3:cad>0</ns3:cad>
          </ns3:TrackPointExtension>
        </extensions>
      </trkpt>
      <trkpt lat="52.54657284356653690338134765625" lon="-2.8322660364210605621337890625">
        <ele>304.79998779296875</ele>
        <time>2026-05-24T12:03:40.000Z</time>
        <extensions>
          <ns3:TrackPointExtension>
            <ns3:hr>126</ns3:hr>
            <ns3:cad>0</ns3:cad>
          </ns3:TrackPointExtension>
        </extensions>
      </trkpt>
      <trkpt lat="52.5465732626616954803466796875" lon="-2.8322643600404262542724609375">
        <ele>305</ele>
        <time>2026-05-24T12:04:00.000Z</time>
        <extensions>
          <ns3:TrackPointExtension>
            <ns3:hr>126</ns3:hr>
            <ns3:cad>0</ns3:cad>
          </ns3:TrackPointExtension>
        </extensions>
      </trkpt>
      <trkpt lat="52.54657384939491748809814453125" lon="-2.83226427622139453887939453125">
        <ele>304.399993896484375</ele>
        <time>2026-05-24T12:04:21.000Z</time>
        <extensions>
          <ns3:TrackPointExtension>
            <ns3:hr>126</ns3:hr>
            <ns3:cad>0</ns3:cad>
          </ns3:TrackPointExtension>
        </extensions>
      </trkpt>
      <trkpt lat="52.546573765575885772705078125" lon="-2.83226427622139453887939453125">
        <ele>304.399993896484375</ele>
        <time>2026-05-24T12:04:22.000Z</time>
        <extensions>
          <ns3:TrackPointExtension>
            <ns3:hr>126</ns3:hr>
            <ns3:cad>0</ns3:cad>
          </ns3:TrackPointExtension>
        </extensions>
      </trkpt>
      <trkpt lat="52.54657301120460033416748046875" lon="-2.83226377330720424652099609375">
        <ele>304.399993896484375</ele>
        <time>2026-05-24T12:04:30.000Z</time>
        <extensions>
          <ns3:TrackPointExtension>
            <ns3:hr>123</ns3:hr>
            <ns3:cad>0</ns3:cad>
          </ns3:TrackPointExtension>
        </extensions>
      </trkpt>
      <trkpt lat="52.5465719215571880340576171875" lon="-2.8322630189359188079833984375">
        <ele>304.399993896484375</ele>
        <time>2026-05-24T12:04:39.000Z</time>
        <extensions>
          <ns3:TrackPointExtension>
            <ns3:hr>120</ns3:hr>
            <ns3:cad>0</ns3:cad>
          </ns3:TrackPointExtension>
        </extensions>
      </trkpt>
      <trkpt lat="52.546573765575885772705078125" lon="-2.8322211094200611114501953125">
        <ele>304.600006103515625</ele>
        <time>2026-05-24T12:04:51.000Z</time>
        <extensions>
          <ns3:TrackPointExtension>
            <ns3:hr>120</ns3:hr>
            <ns3:cad>0</ns3:cad>
          </ns3:TrackPointExtension>
        </extensions>
      </trkpt>
      <trkpt lat="52.546571753919124603271484375" lon="-2.83220593817532062530517578125">
        <ele>304.20001220703125</ele>
        <time>2026-05-24T12:04:56.000Z</time>
        <extensions>
          <ns3:TrackPointExtension>
            <ns3:hr>122</ns3:hr>
            <ns3:cad>0</ns3:cad>
          </ns3:TrackPointExtension>
        </extensions>
      </trkpt>
      <trkpt lat="52.5465833209455013275146484375" lon="-2.83227299340069293975830078125">
        <ele>304</ele>
        <time>2026-05-24T12:05:01.000Z</time>
        <extensions>
          <ns3:TrackPointExtension>
            <ns3:hr>118</ns3:hr>
            <ns3:cad>0</ns3:cad>
          </ns3:TrackPointExtension>
        </extensions>
      </trkpt>
      <trkpt lat="52.54658508114516735076904296875" lon="-2.832285650074481964111328125">
        <ele>304</ele>
        <time>2026-05-24T12:05:03.000Z</time>
        <extensions>
          <ns3:TrackPointExtension>
            <ns3:hr>115</ns3:hr>
            <ns3:cad>0</ns3:cad>
          </ns3:TrackPointExtension>
        </extensions>
      </trkpt>
      <trkpt lat="52.54658558405935764312744140625" lon="-2.83229143358767032623291015625">
        <ele>304.399993896484375</ele>
        <time>2026-05-24T12:05:13.000Z</time>
        <extensions>
          <ns3:TrackPointExtension>
            <ns3:hr>118</ns3:hr>
            <ns3:cad>0</ns3:cad>
          </ns3:TrackPointExtension>
        </extensions>
      </trkpt>
      <trkpt lat="52.546585500240325927734375" lon="-2.8322918526828289031982421875">
        <ele>304.399993896484375</ele>
        <time>2026-05-24T12:05:16.000Z</time>
        <extensions>
          <ns3:TrackPointExtension>
            <ns3:hr>121</ns3:hr>
            <ns3:cad>0</ns3:cad>
          </ns3:TrackPointExtension>
        </extensions>
      </trkpt>
      <trkpt lat="52.54658541642129421234130859375" lon="-2.8322908468544483184814453125">
        <ele>304.20001220703125</ele>
        <time>2026-05-24T12:05:19.000Z</time>
        <extensions>
          <ns3:TrackPointExtension>
            <ns3:hr>124</ns3:hr>
            <ns3:cad>0</ns3:cad>
          </ns3:TrackPointExtension>
        </extensions>
      </trkpt>
      <trkpt lat="52.54658323712646961212158203125" lon="-2.832284979522228240966796875">
        <ele>304.600006103515625</ele>
        <time>2026-05-24T12:05:24.000Z</time>
        <extensions>
          <ns3:TrackPointExtension>
            <ns3:hr>127</ns3:hr>
            <ns3:cad>0</ns3:cad>
          </ns3:TrackPointExtension>
        </extensions>
      </trkpt>
      <trkpt lat="52.54657569341361522674560546875" lon="-2.83228137530386447906494140625">
        <ele>305</ele>
        <time>2026-05-24T12:05:26.000Z</time>
        <extensions>
          <ns3:TrackPointExtension>
            <ns3:hr>129</ns3:hr>
            <ns3:cad>0</ns3:cad>
          </ns3:TrackPointExtension>
        </extensions>
      </trkpt>
      <trkpt lat="52.54657032899558544158935546875" lon="-2.83227047882974147796630859375">
        <ele>304.399993896484375</ele>
        <time>2026-05-24T12:05:32.000Z</time>
        <extensions>
          <ns3:TrackPointExtension>
            <ns3:hr>129</ns3:hr>
            <ns3:cad>0</ns3:cad>
          </ns3:TrackPointExtension>
        </extensions>
      </trkpt>
      <trkpt lat="52.54655792377889156341552734375" lon="-2.8322392143309116363525390625">
        <ele>304.600006103515625</ele>
        <time>2026-05-24T12:05:35.000Z</time>
        <extensions>
          <ns3:TrackPointExtension>
            <ns3:hr>126</ns3:hr>
            <ns3:cad>0</ns3:cad>
          </ns3:TrackPointExtension>
        </extensions>
      </trkpt>
      <trkpt lat="52.54654551856219768524169921875" lon="-2.83221851103007793426513671875">
        <ele>304.399993896484375</ele>
        <time>2026-05-24T12:05:37.000Z</time>
        <extensions>
          <ns3:TrackPointExtension>
            <ns3:hr>125</ns3:hr>
            <ns3:cad>58</ns3:cad>
          </ns3:TrackPointExtension>
        </extensions>
      </trkpt>
      <trkpt lat="52.5465239770710468292236328125" lon="-2.83220208249986171722412109375">
        <ele>303.600006103515625</ele>
        <time>2026-05-24T12:05:43.000Z</time>
        <extensions>
          <ns3:TrackPointExtension>
            <ns3:hr>123</ns3:hr>
            <ns3:cad>0</ns3:cad>
          </ns3:TrackPointExtension>
        </extensions>
      </trkpt>
      <trkpt lat="52.54651836119592189788818359375" lon="-2.832210548222064971923828125">
        <ele>303.399993896484375</ele>
        <time>2026-05-24T12:05:45.000Z</time>
        <extensions>
          <ns3:TrackPointExtension>
            <ns3:hr>120</ns3:hr>
            <ns3:cad>0</ns3:cad>
          </ns3:TrackPointExtension>
        </extensions>
      </trkpt>
      <trkpt lat="52.5465176068246364593505859375" lon="-2.832215242087841033935546875">
        <ele>303</ele>
        <time>2026-05-24T12:05:48.000Z</time>
        <extensions>
          <ns3:TrackPointExtension>
            <ns3:hr>120</ns3:hr>
            <ns3:cad>0</ns3:cad>
          </ns3:TrackPointExtension>
        </extensions>
      </trkpt>
      <trkpt lat="52.5465186126530170440673828125" lon="-2.83222639001905918121337890625">
        <ele>303.600006103515625</ele>
        <time>2026-05-24T12:05:56.000Z</time>
        <extensions>
          <ns3:TrackPointExtension>
            <ns3:hr>118</ns3:hr>
            <ns3:cad>0</ns3:cad>
          </ns3:TrackPointExtension>
        </extensions>
      </trkpt>
      <trkpt lat="52.5465226359665393829345703125" lon="-2.83222965896129608154296875">
        <ele>303.399993896484375</ele>
        <time>2026-05-24T12:06:03.000Z</time>
        <extensions>
          <ns3:TrackPointExtension>
            <ns3:hr>121</ns3:hr>
            <ns3:cad>0</ns3:cad>
          </ns3:TrackPointExtension>
        </extensions>
      </trkpt>
      <trkpt lat="52.54652288742363452911376953125" lon="-2.83222957514226436614990234375">
        <ele>303.20001220703125</ele>
        <time>2026-05-24T12:06:04.000Z</time>
        <extensions>
          <ns3:TrackPointExtension>
            <ns3:hr>121</ns3:hr>
            <ns3:cad>0</ns3:cad>
          </ns3:TrackPointExtension>
        </extensions>
      </trkpt>
      <trkpt lat="52.54652339033782482147216796875" lon="-2.83222890459001064300537109375">
        <ele>303.399993896484375</ele>
        <time>2026-05-24T12:06:15.000Z</time>
        <extensions>
          <ns3:TrackPointExtension>
            <ns3:hr>118</ns3:hr>
            <ns3:cad>0</ns3:cad>
          </ns3:TrackPointExtension>
        </extensions>
      </trkpt>
      <trkpt lat="52.54652355797588825225830078125" lon="-2.83222856931388378143310546875">
        <ele>303.399993896484375</ele>
        <time>2026-05-24T12:06:20.000Z</time>
        <extensions>
          <ns3:TrackPointExtension>
            <ns3:hr>120</ns3:hr>
            <ns3:cad>0</ns3:cad>
          </ns3:TrackPointExtension>
        </extensions>
      </trkpt>
      <trkpt lat="52.54652355797588825225830078125" lon="-2.8322284854948520660400390625">
        <ele>303.399993896484375</ele>
        <time>2026-05-24T12:06:24.000Z</time>
        <extensions>
          <ns3:TrackPointExtension>
            <ns3:hr>117</ns3:hr>
            <ns3:cad>0</ns3:cad>
          </ns3:TrackPointExtension>
        </extensions>
      </trkpt>
      <trkpt lat="52.54652355797588825225830078125" lon="-2.83222840167582035064697265625">
        <ele>303.20001220703125</ele>
        <time>2026-05-24T12:06:26.000Z</time>
        <extensions>
          <ns3:TrackPointExtension>
            <ns3:hr>114</ns3:hr>
            <ns3:cad>0</ns3:cad>
          </ns3:TrackPointExtension>
        </extensions>
      </trkpt>
      <trkpt lat="52.5465236417949199676513671875" lon="-2.83222823403775691986083984375">
        <ele>302.79998779296875</ele>
        <time>2026-05-24T12:06:31.000Z</time>
        <extensions>
          <ns3:TrackPointExtension>
            <ns3:hr>114</ns3:hr>
            <ns3:cad>0</ns3:cad>
          </ns3:TrackPointExtension>
        </extensions>
      </trkpt>
      <trkpt lat="52.5465236417949199676513671875" lon="-2.83222840167582035064697265625">
        <ele>302.399993896484375</ele>
        <time>2026-05-24T12:06:37.000Z</time>
        <extensions>
          <ns3:TrackPointExtension>
            <ns3:hr>110</ns3:hr>
            <ns3:cad>0</ns3:cad>
          </ns3:TrackPointExtension>
        </extensions>
      </trkpt>
      <trkpt lat="52.5465236417949199676513671875" lon="-2.83222856931388378143310546875">
        <ele>302.399993896484375</ele>
        <time>2026-05-24T12:06:45.000Z</time>
        <extensions>
          <ns3:TrackPointExtension>
            <ns3:hr>114</ns3:hr>
            <ns3:cad>0</ns3:cad>
          </ns3:TrackPointExtension>
        </extensions>
      </trkpt>
      <trkpt lat="52.5465238094329833984375" lon="-2.832227647304534912109375">
        <ele>302.399993896484375</ele>
        <time>2026-05-24T12:06:57.000Z</time>
        <extensions>
          <ns3:TrackPointExtension>
            <ns3:hr>114</ns3:hr>
            <ns3:cad>0</ns3:cad>
          </ns3:TrackPointExtension>
        </extensions>
      </trkpt>
      <trkpt lat="52.54654996097087860107421875" lon="-2.83225941471755504608154296875">
        <ele>303.20001220703125</ele>
        <time>2026-05-24T12:07:07.000Z</time>
        <extensions>
          <ns3:TrackPointExtension>
            <ns3:hr>116</ns3:hr>
            <ns3:cad>0</ns3:cad>
          </ns3:TrackPointExtension>
        </extensions>
      </trkpt>
      <trkpt lat="52.54657066427171230316162109375" lon="-2.8322636894881725311279296875">
        <ele>303.399993896484375</ele>
        <time>2026-05-24T12:07:09.000Z</time>
        <extensions>
          <ns3:TrackPointExtension>
            <ns3:hr>116</ns3:hr>
            <ns3:cad>0</ns3:cad>
          </ns3:TrackPointExtension>
        </extensions>
      </trkpt>
      <trkpt lat="52.54660427570343017578125" lon="-2.832247428596019744873046875">
        <ele>304</ele>
        <time>2026-05-24T12:07:12.000Z</time>
        <extensions>
          <ns3:TrackPointExtension>
            <ns3:hr>116</ns3:hr>
            <ns3:cad>48</ns3:cad>
          </ns3:TrackPointExtension>
        </extensions>
      </trkpt>
      <trkpt lat="52.54662279970943927764892578125" lon="-2.83224441111087799072265625">
        <ele>304.20001220703125</ele>
        <time>2026-05-24T12:07:14.000Z</time>
        <extensions>
          <ns3:TrackPointExtension>
            <ns3:hr>116</ns3:hr>
            <ns3:cad>48</ns3:cad>
          </ns3:TrackPointExtension>
        </extensions>
      </trkpt>
      <trkpt lat="52.5466480292379856109619140625" lon="-2.832242734730243682861328125">
        <ele>304.20001220703125</ele>
        <time>2026-05-24T12:07:17.000Z</time>
        <extensions>
          <ns3:TrackPointExtension>
            <ns3:hr>117</ns3:hr>
            <ns3:cad>50</ns3:cad>
          </ns3:TrackPointExtension>
        </extensions>
      </trkpt>
      <trkpt lat="52.54665565676987171173095703125" lon="-2.83223628066480159759521484375">
        <ele>304.399993896484375</ele>
        <time>2026-05-24T12:07:21.000Z</time>
        <extensions>
          <ns3:TrackPointExtension>
            <ns3:hr>116</ns3:hr>
            <ns3:cad>50</ns3:cad>
          </ns3:TrackPointExtension>
        </extensions>
      </trkpt>
      <trkpt lat="52.5466547347605228424072265625" lon="-2.83224147744476795196533203125">
        <ele>304.399993896484375</ele>
        <time>2026-05-24T12:07:22.000Z</time>
        <extensions>
          <ns3:TrackPointExtension>
            <ns3:hr>117</ns3:hr>
            <ns3:cad>0</ns3:cad>
          </ns3:TrackPointExtension>
        </extensions>
      </trkpt>
      <trkpt lat="52.54668415524065494537353515625" lon="-2.832256145775318145751953125">
        <ele>304.20001220703125</ele>
        <time>2026-05-24T12:07:26.000Z</time>
        <extensions>
          <ns3:TrackPointExtension>
            <ns3:hr>117</ns3:hr>
            <ns3:cad>0</ns3:cad>
          </ns3:TrackPointExtension>
        </extensions>
      </trkpt>
      <trkpt lat="52.54672556184232234954833984375" lon="-2.83228397369384765625">
        <ele>304.20001220703125</ele>
        <time>2026-05-24T12:07:31.000Z</time>
        <extensions>
          <ns3:TrackPointExtension>
            <ns3:hr>120</ns3:hr>
            <ns3:cad>50</ns3:cad>
          </ns3:TrackPointExtension>
        </extensions>
      </trkpt>
      <trkpt lat="52.54672757349908351898193359375" lon="-2.8322888351976871490478515625">
        <ele>304.399993896484375</ele>
        <time>2026-05-24T12:07:32.000Z</time>
        <extensions>
          <ns3:TrackPointExtension>
            <ns3:hr>120</ns3:hr>
            <ns3:cad>0</ns3:cad>
          </ns3:TrackPointExtension>
        </extensions>
      </trkpt>
      <trkpt lat="52.54672807641327381134033203125" lon="-2.83229042775928974151611328125">
        <ele>304.399993896484375</ele>
        <time>2026-05-24T12:07:33.000Z</time>
        <extensions>
          <ns3:TrackPointExtension>
            <ns3:hr>120</ns3:hr>
            <ns3:cad>0</ns3:cad>
          </ns3:TrackPointExtension>
        </extensions>
      </trkpt>
      <trkpt lat="52.546761520206928253173828125" lon="-2.83226762898266315460205078125">
        <ele>304.79998779296875</ele>
        <time>2026-05-24T12:07:44.000Z</time>
        <extensions>
          <ns3:TrackPointExtension>
            <ns3:hr>123</ns3:hr>
            <ns3:cad>0</ns3:cad>
          </ns3:TrackPointExtension>
        </extensions>
      </trkpt>
      <trkpt lat="52.54679831676185131072998046875" lon="-2.83224667422473430633544921875">
        <ele>304.79998779296875</ele>
        <time>2026-05-24T12:07:48.000Z</time>
        <extensions>
          <ns3:TrackPointExtension>
            <ns3:hr>126</ns3:hr>
            <ns3:cad>0</ns3:cad>
          </ns3:TrackPointExtension>
        </extensions>
      </trkpt>
      <trkpt lat="52.54681893624365329742431640625" lon="-2.83222840167582035064697265625">
        <ele>305</ele>
        <time>2026-05-24T12:07:50.000Z</time>
        <extensions>
          <ns3:TrackPointExtension>
            <ns3:hr>126</ns3:hr>
            <ns3:cad>41</ns3:cad>
          </ns3:TrackPointExtension>
        </extensions>
      </trkpt>
      <trkpt lat="52.54687744192779064178466796875" lon="-2.832179367542266845703125">
        <ele>305.20001220703125</ele>
        <time>2026-05-24T12:07:56.000Z</time>
        <extensions>
          <ns3:TrackPointExtension>
            <ns3:hr>126</ns3:hr>
            <ns3:cad>54</ns3:cad>
          </ns3:TrackPointExtension>
        </extensions>
      </trkpt>
      <trkpt lat="52.54694751463830471038818359375" lon="-2.83207518048584461212158203125">
        <ele>305</ele>
        <time>2026-05-24T12:08:04.000Z</time>
        <extensions>
          <ns3:TrackPointExtension>
            <ns3:hr>128</ns3:hr>
            <ns3:cad>54</ns3:cad>
          </ns3:TrackPointExtension>
        </extensions>
      </trkpt>
      <trkpt lat="52.54697232507169246673583984375" lon="-2.8320142440497875213623046875">
        <ele>304.600006103515625</ele>
        <time>2026-05-24T12:08:08.000Z</time>
        <extensions>
          <ns3:TrackPointExtension>
            <ns3:hr>127</ns3:hr>
            <ns3:cad>57</ns3:cad>
          </ns3:TrackPointExtension>
        </extensions>
      </trkpt>
      <trkpt lat="52.546987496316432952880859375" lon="-2.83198767341673374176025390625">
        <ele>304.600006103515625</ele>
        <time>2026-05-24T12:08:10.000Z</time>
        <extensions>
          <ns3:TrackPointExtension>
            <ns3:hr>126</ns3:hr>
            <ns3:cad>59</ns3:cad>
          </ns3:TrackPointExtension>
        </extensions>
      </trkpt>
      <trkpt lat="52.54701289348304271697998046875" lon="-2.8319518826901912689208984375">
        <ele>304.399993896484375</ele>
        <time>2026-05-24T12:08:15.000Z</time>
        <extensions>
          <ns3:TrackPointExtension>
            <ns3:hr>126</ns3:hr>
            <ns3:cad>60</ns3:cad>
          </ns3:TrackPointExtension>
        </extensions>
      </trkpt>
      <trkpt lat="52.54701524041593074798583984375" lon="-2.83195205032825469970703125">
        <ele>304.399993896484375</ele>
        <time>2026-05-24T12:08:16.000Z</time>
        <extensions>
          <ns3:TrackPointExtension>
            <ns3:hr>126</ns3:hr>
            <ns3:cad>60</ns3:cad>
          </ns3:TrackPointExtension>
        </extensions>
      </trkpt>
      <trkpt lat="52.5470084510743618011474609375" lon="-2.83194945193827152252197265625">
        <ele>303.79998779296875</ele>
        <time>2026-05-24T12:08:24.000Z</time>
        <extensions>
          <ns3:TrackPointExtension>
            <ns3:hr>124</ns3:hr>
            <ns3:cad>0</ns3:cad>
          </ns3:TrackPointExtension>
        </extensions>
      </trkpt>
      <trkpt lat="52.54701104946434497833251953125" lon="-2.83194676972925662994384765625">
        <ele>303.79998779296875</ele>
        <time>2026-05-24T12:08:35.000Z</time>
        <extensions>
          <ns3:TrackPointExtension>
            <ns3:hr>123</ns3:hr>
            <ns3:cad>0</ns3:cad>
          </ns3:TrackPointExtension>
        </extensions>
      </trkpt>
      <trkpt lat="52.547010295093059539794921875" lon="-2.83194936811923980712890625">
        <ele>303.79998779296875</ele>
        <time>2026-05-24T12:08:43.000Z</time>
        <extensions>
          <ns3:TrackPointExtension>
            <ns3:hr>122</ns3:hr>
            <ns3:cad>0</ns3:cad>
          </ns3:TrackPointExtension>
        </extensions>
      </trkpt>
      <trkpt lat="52.54700861871242523193359375" lon="-2.831947691738605499267578125">
        <ele>303.79998779296875</ele>
        <time>2026-05-24T12:08:50.000Z</time>
        <extensions>
          <ns3:TrackPointExtension>
            <ns3:hr>121</ns3:hr>
            <ns3:cad>0</ns3:cad>
          </ns3:TrackPointExtension>
        </extensions>
      </trkpt>
      <trkpt lat="52.5470255501568317413330078125" lon="-2.83192615024745464324951171875">
        <ele>304</ele>
        <time>2026-05-24T12:08:57.000Z</time>
        <extensions>
          <ns3:TrackPointExtension>
            <ns3:hr>120</ns3:hr>
            <ns3:cad>0</ns3:cad>
          </ns3:TrackPointExtension>
        </extensions>
      </trkpt>
      <trkpt lat="52.54708380438387393951416015625" lon="-2.831829003989696502685546875">
        <ele>304.20001220703125</ele>
        <time>2026-05-24T12:09:04.000Z</time>
        <extensions>
          <ns3:TrackPointExtension>
            <ns3:hr>122</ns3:hr>
            <ns3:cad>61</ns3:cad>
          </ns3:TrackPointExtension>
        </extensions>
      </trkpt>
      <trkpt lat="52.54711817018687725067138671875" lon="-2.83178533427417278289794921875">
        <ele>303.79998779296875</ele>
        <time>2026-05-24T12:09:07.000Z</time>
        <extensions>
          <ns3:TrackPointExtension>
            <ns3:hr>123</ns3:hr>
            <ns3:cad>62</ns3:cad>
          </ns3:TrackPointExtension>
        </extensions>
      </trkpt>
      <trkpt lat="52.5471447408199310302734375" lon="-2.83174761570990085601806640625">
        <ele>303.79998779296875</ele>
        <time>2026-05-24T12:09:10.000Z</time>
        <extensions>
          <ns3:TrackPointExtension>
            <ns3:hr>123</ns3:hr>
            <ns3:cad>60</ns3:cad>
          </ns3:TrackPointExtension>
        </extensions>
      </trkpt>
      <trkpt lat="52.5471596606075763702392578125" lon="-2.83172247000038623809814453125">
        <ele>303.399993896484375</ele>
        <time>2026-05-24T12:09:16.000Z</time>
        <extensions>
          <ns3:TrackPointExtension>
            <ns3:hr>123</ns3:hr>
            <ns3:cad>0</ns3:cad>
          </ns3:TrackPointExtension>
        </extensions>
      </trkpt>
      <trkpt lat="52.54716812632977962493896484375" lon="-2.83171123825013637542724609375">
        <ele>302.79998779296875</ele>
        <time>2026-05-24T12:09:21.000Z</time>
        <extensions>
          <ns3:TrackPointExtension>
            <ns3:hr>127</ns3:hr>
            <ns3:cad>0</ns3:cad>
          </ns3:TrackPointExtension>
        </extensions>
      </trkpt>
      <trkpt lat="52.54717231728136539459228515625" lon="-2.8317061252892017364501953125">
        <ele>303</ele>
        <time>2026-05-24T12:09:22.000Z</time>
        <extensions>
          <ns3:TrackPointExtension>
            <ns3:hr>130</ns3:hr>
            <ns3:cad>0</ns3:cad>
          </ns3:TrackPointExtension>
        </extensions>
      </trkpt>
      <trkpt lat="52.54718673415482044219970703125" lon="-2.83168785274028778076171875">
        <ele>303</ele>
        <time>2026-05-24T12:09:24.000Z</time>
        <extensions>
          <ns3:TrackPointExtension>
            <ns3:hr>131</ns3:hr>
            <ns3:cad>0</ns3:cad>
          </ns3:TrackPointExtension>
        </extensions>
      </trkpt>
      <trkpt lat="52.54726468585431575775146484375" lon="-2.83157913945615291595458984375">
        <ele>303.600006103515625</ele>
        <time>2026-05-24T12:09:34.000Z</time>
        <extensions>
          <ns3:TrackPointExtension>
            <ns3:hr>129</ns3:hr>
            <ns3:cad>49</ns3:cad>
          </ns3:TrackPointExtension>
        </extensions>
      </trkpt>
      <trkpt lat="52.54732520319521427154541015625" lon="-2.8314928896725177764892578125">
        <ele>303.600006103515625</ele>
        <time>2026-05-24T12:09:40.000Z</time>
        <extensions>
          <ns3:TrackPointExtension>
            <ns3:hr>130</ns3:hr>
            <ns3:cad>64</ns3:cad>
          </ns3:TrackPointExtension>
        </extensions>
      </trkpt>
      <trkpt lat="52.54735453985631465911865234375" lon="-2.83145491965115070343017578125">
        <ele>303.600006103515625</ele>
        <time>2026-05-24T12:09:43.000Z</time>
        <extensions>
          <ns3:TrackPointExtension>
            <ns3:hr>127</ns3:hr>
            <ns3:cad>63</ns3:cad>
          </ns3:TrackPointExtension>
        </extensions>
      </trkpt>
      <trkpt lat="52.5473916716873645782470703125" lon="-2.831398509442806243896484375">
        <ele>304.399993896484375</ele>
        <time>2026-05-24T12:09:47.000Z</time>
        <extensions>
          <ns3:TrackPointExtension>
            <ns3:hr>123</ns3:hr>
            <ns3:cad>61</ns3:cad>
          </ns3:TrackPointExtension>
        </extensions>
      </trkpt>
      <trkpt lat="52.54739980213344097137451171875" lon="-2.83138501457870006561279296875">
        <ele>304.600006103515625</ele>
        <time>2026-05-24T12:09:48.000Z</time>
        <extensions>
          <ns3:TrackPointExtension>
            <ns3:hr>122</ns3:hr>
            <ns3:cad>55</ns3:cad>
          </ns3:TrackPointExtension>
        </extensions>
      </trkpt>
      <trkpt lat="52.54741958342492580413818359375" lon="-2.83134377561509609222412109375">
        <ele>304.79998779296875</ele>
        <time>2026-05-24T12:09:51.000Z</time>
        <extensions>
          <ns3:TrackPointExtension>
            <ns3:hr>119</ns3:hr>
            <ns3:cad>0</ns3:cad>
          </ns3:TrackPointExtension>
        </extensions>
      </trkpt>
      <trkpt lat="52.54743886180222034454345703125" lon="-2.831295244395732879638671875">
        <ele>305</ele>
        <time>2026-05-24T12:09:54.000Z</time>
        <extensions>
          <ns3:TrackPointExtension>
            <ns3:hr>121</ns3:hr>
            <ns3:cad>0</ns3:cad>
          </ns3:TrackPointExtension>
        </extensions>
      </trkpt>
      <trkpt lat="52.54749502055346965789794921875" lon="-2.83118837513029575347900390625">
        <ele>304.79998779296875</ele>
        <time>2026-05-24T12:10:01.000Z</time>
        <extensions>
          <ns3:TrackPointExtension>
            <ns3:hr>122</ns3:hr>
            <ns3:cad>60</ns3:cad>
          </ns3:TrackPointExtension>
        </extensions>
      </trkpt>
      <trkpt lat="52.5475438870489597320556640625" lon="-2.83109399490058422088623046875">
        <ele>304.600006103515625</ele>
        <time>2026-05-24T12:10:08.000Z</time>
        <extensions>
          <ns3:TrackPointExtension>
            <ns3:hr>122</ns3:hr>
            <ns3:cad>62</ns3:cad>
          </ns3:TrackPointExtension>
        </extensions>
      </trkpt>
      <trkpt lat="52.5475489161908626556396484375" lon="-2.83108980394899845123291015625">
        <ele>304.79998779296875</ele>
        <time>2026-05-24T12:10:09.000Z</time>
        <extensions>
          <ns3:TrackPointExtension>
            <ns3:hr>121</ns3:hr>
            <ns3:cad>61</ns3:cad>
          </ns3:TrackPointExtension>
        </extensions>
      </trkpt>
      <trkpt lat="52.54754866473376750946044921875" lon="-2.83108360134065151214599609375">
        <ele>304.399993896484375</ele>
        <time>2026-05-24T12:10:13.000Z</time>
        <extensions>
          <ns3:TrackPointExtension>
            <ns3:hr>121</ns3:hr>
            <ns3:cad>0</ns3:cad>
          </ns3:TrackPointExtension>
        </extensions>
      </trkpt>
      <trkpt lat="52.5475495867431163787841796875" lon="-2.83108142204582691192626953125">
        <ele>304.20001220703125</ele>
        <time>2026-05-24T12:10:15.000Z</time>
        <extensions>
          <ns3:TrackPointExtension>
            <ns3:hr>120</ns3:hr>
            <ns3:cad>0</ns3:cad>
          </ns3:TrackPointExtension>
        </extensions>
      </trkpt>
      <trkpt lat="52.54755042493343353271484375" lon="-2.83107957802712917327880859375">
        <ele>304.399993896484375</ele>
        <time>2026-05-24T12:10:18.000Z</time>
        <extensions>
          <ns3:TrackPointExtension>
            <ns3:hr>120</ns3:hr>
            <ns3:cad>0</ns3:cad>
          </ns3:TrackPointExtension>
        </extensions>
      </trkpt>
      <trkpt lat="52.5475509278476238250732421875" lon="-2.83108033239841461181640625">
        <ele>304.20001220703125</ele>
        <time>2026-05-24T12:10:28.000Z</time>
        <extensions>
          <ns3:TrackPointExtension>
            <ns3:hr>119</ns3:hr>
            <ns3:cad>0</ns3:cad>
          </ns3:TrackPointExtension>
        </extensions>
      </trkpt>
      <trkpt lat="52.54755117930471897125244140625" lon="-2.83108192496001720428466796875">
        <ele>303.79998779296875</ele>
        <time>2026-05-24T12:10:35.000Z</time>
        <extensions>
          <ns3:TrackPointExtension>
            <ns3:hr>117</ns3:hr>
            <ns3:cad>0</ns3:cad>
          </ns3:TrackPointExtension>
        </extensions>
      </trkpt>
      <trkpt lat="52.54754782654345035552978515625" lon="-2.83108309842646121978759765625">
        <ele>304</ele>
        <time>2026-05-24T12:10:46.000Z</time>
        <extensions>
          <ns3:TrackPointExtension>
            <ns3:hr>117</ns3:hr>
            <ns3:cad>0</ns3:cad>
          </ns3:TrackPointExtension>
        </extensions>
      </trkpt>
      <trkpt lat="52.5475455634295940399169921875" lon="-2.831079997122287750244140625">
        <ele>303.600006103515625</ele>
        <time>2026-05-24T12:10:56.000Z</time>
        <extensions>
          <ns3:TrackPointExtension>
            <ns3:hr>115</ns3:hr>
            <ns3:cad>0</ns3:cad>
          </ns3:TrackPointExtension>
        </extensions>
      </trkpt>
      <trkpt lat="52.54755578935146331787109375" lon="-2.83106817863881587982177734375">
        <ele>304.399993896484375</ele>
        <time>2026-05-24T12:10:59.000Z</time>
        <extensions>
          <ns3:TrackPointExtension>
            <ns3:hr>114</ns3:hr>
            <ns3:cad>0</ns3:cad>
          </ns3:TrackPointExtension>
        </extensions>
      </trkpt>
      <trkpt lat="52.5475904904305934906005859375" lon="-2.83100732602179050445556640625">
        <ele>304.600006103515625</ele>
        <time>2026-05-24T12:11:04.000Z</time>
        <extensions>
          <ns3:TrackPointExtension>
            <ns3:hr>114</ns3:hr>
            <ns3:cad>0</ns3:cad>
          </ns3:TrackPointExtension>
        </extensions>
      </trkpt>
      <trkpt lat="52.54761035554111003875732421875" lon="-2.8309254348278045654296875">
        <ele>303.600006103515625</ele>
        <time>2026-05-24T12:11:10.000Z</time>
        <extensions>
          <ns3:TrackPointExtension>
            <ns3:hr>114</ns3:hr>
            <ns3:cad>0</ns3:cad>
          </ns3:TrackPointExtension>
        </extensions>
      </trkpt>
      <trkpt lat="52.54761354066431522369384765625" lon="-2.83090389333665370941162109375">
        <ele>303.20001220703125</ele>
        <time>2026-05-24T12:11:11.000Z</time>
        <extensions>
          <ns3:TrackPointExtension>
            <ns3:hr>114</ns3:hr>
            <ns3:cad>62</ns3:cad>
          </ns3:TrackPointExtension>
        </extensions>
      </trkpt>
      <trkpt lat="52.54764053039252758026123046875" lon="-2.8308156318962574005126953125">
        <ele>302.20001220703125</ele>
        <time>2026-05-24T12:11:14.000Z</time>
        <extensions>
          <ns3:TrackPointExtension>
            <ns3:hr>114</ns3:hr>
            <ns3:cad>62</ns3:cad>
          </ns3:TrackPointExtension>
        </extensions>
      </trkpt>
      <trkpt lat="52.54765276797115802764892578125" lon="-2.83078822307288646697998046875">
        <ele>301.79998779296875</ele>
        <time>2026-05-24T12:11:15.000Z</time>
        <extensions>
          <ns3:TrackPointExtension>
            <ns3:hr>115</ns3:hr>
            <ns3:cad>62</ns3:cad>
          </ns3:TrackPointExtension>
        </extensions>
      </trkpt>
      <trkpt lat="52.54767640493810176849365234375" lon="-2.83075167797505855560302734375">
        <ele>301.20001220703125</ele>
        <time>2026-05-24T12:11:18.000Z</time>
        <extensions>
          <ns3:TrackPointExtension>
            <ns3:hr>116</ns3:hr>
            <ns3:cad>83</ns3:cad>
          </ns3:TrackPointExtension>
        </extensions>
      </trkpt>
      <trkpt lat="52.54768059588968753814697265625" lon="-2.83075469546020030975341796875">
        <ele>301</ele>
        <time>2026-05-24T12:11:25.000Z</time>
        <extensions>
          <ns3:TrackPointExtension>
            <ns3:hr>121</ns3:hr>
            <ns3:cad>0</ns3:cad>
          </ns3:TrackPointExtension>
        </extensions>
      </trkpt>
      <trkpt lat="52.5476806797087192535400390625" lon="-2.830754779279232025146484375">
        <ele>301</ele>
        <time>2026-05-24T12:11:26.000Z</time>
        <extensions>
          <ns3:TrackPointExtension>
            <ns3:hr>132</ns3:hr>
            <ns3:cad>0</ns3:cad>
          </ns3:TrackPointExtension>
        </extensions>
      </trkpt>
      <trkpt lat="52.5476806797087192535400390625" lon="-2.8307549469172954559326171875">
        <ele>301</ele>
        <time>2026-05-24T12:11:27.000Z</time>
        <extensions>
          <ns3:TrackPointExtension>
            <ns3:hr>135</ns3:hr>
            <ns3:cad>0</ns3:cad>
          </ns3:TrackPointExtension>
        </extensions>
      </trkpt>
      <trkpt lat="52.5476806797087192535400390625" lon="-2.83075503073632717132568359375">
        <ele>301</ele>
        <time>2026-05-24T12:11:28.000Z</time>
        <extensions>
          <ns3:TrackPointExtension>
            <ns3:hr>135</ns3:hr>
            <ns3:cad>0</ns3:cad>
          </ns3:TrackPointExtension>
        </extensions>
      </trkpt>
      <trkpt lat="52.5476786680519580841064453125" lon="-2.83076106570661067962646484375">
        <ele>301.20001220703125</ele>
        <time>2026-05-24T12:11:39.000Z</time>
        <extensions>
          <ns3:TrackPointExtension>
            <ns3:hr>136</ns3:hr>
            <ns3:cad>0</ns3:cad>
          </ns3:TrackPointExtension>
        </extensions>
      </trkpt>
      <trkpt lat="52.54767841659486293792724609375" lon="-2.83076022751629352569580078125">
        <ele>300.79998779296875</ele>
        <time>2026-05-24T12:11:43.000Z</time>
        <extensions>
          <ns3:TrackPointExtension>
            <ns3:hr>136</ns3:hr>
            <ns3:cad>0</ns3:cad>
          </ns3:TrackPointExtension>
        </extensions>
      </trkpt>
      <trkpt lat="52.54767824895679950714111328125" lon="-2.83075922168791294097900390625">
        <ele>300.600006103515625</ele>
        <time>2026-05-24T12:11:50.000Z</time>
        <extensions>
          <ns3:TrackPointExtension>
            <ns3:hr>136</ns3:hr>
            <ns3:cad>0</ns3:cad>
          </ns3:TrackPointExtension>
        </extensions>
      </trkpt>
      <trkpt lat="52.547678835690021514892578125" lon="-2.83075888641178607940673828125">
        <ele>301.20001220703125</ele>
        <time>2026-05-24T12:12:06.000Z</time>
        <extensions>
          <ns3:TrackPointExtension>
            <ns3:hr>133</ns3:hr>
            <ns3:cad>0</ns3:cad>
          </ns3:TrackPointExtension>
        </extensions>
      </trkpt>
      <trkpt lat="52.54767891950905323028564453125" lon="-2.83075888641178607940673828125">
        <ele>301.20001220703125</ele>
        <time>2026-05-24T12:12:07.000Z</time>
        <extensions>
          <ns3:TrackPointExtension>
            <ns3:hr>133</ns3:hr>
            <ns3:cad>0</ns3:cad>
          </ns3:TrackPointExtension>
        </extensions>
      </trkpt>
      <trkpt lat="52.5476790033280849456787109375" lon="-2.83075704239308834075927734375">
        <ele>301</ele>
        <time>2026-05-24T12:12:17.000Z</time>
        <extensions>
          <ns3:TrackPointExtension>
            <ns3:hr>130</ns3:hr>
            <ns3:cad>0</ns3:cad>
          </ns3:TrackPointExtension>
        </extensions>
      </trkpt>
      <trkpt lat="52.54767841659486293792724609375" lon="-2.830753438174724578857421875">
        <ele>301.20001220703125</ele>
        <time>2026-05-24T12:12:30.000Z</time>
        <extensions>
          <ns3:TrackPointExtension>
            <ns3:hr>127</ns3:hr>
            <ns3:cad>0</ns3:cad>
          </ns3:TrackPointExtension>
        </extensions>
      </trkpt>
      <trkpt lat="52.547678165137767791748046875" lon="-2.8307522647082805633544921875">
        <ele>301.20001220703125</ele>
        <time>2026-05-24T12:12:34.000Z</time>
        <extensions>
          <ns3:TrackPointExtension>
            <ns3:hr>124</ns3:hr>
            <ns3:cad>0</ns3:cad>
          </ns3:TrackPointExtension>
        </extensions>
      </trkpt>
      <trkpt lat="52.5476779974997043609619140625" lon="-2.83075151033699512481689453125">
        <ele>301.20001220703125</ele>
        <time>2026-05-24T12:12:37.000Z</time>
        <extensions>
          <ns3:TrackPointExtension>
            <ns3:hr>125</ns3:hr>
            <ns3:cad>0</ns3:cad>
          </ns3:TrackPointExtension>
        </extensions>
      </trkpt>
      <trkpt lat="52.5477105192840099334716796875" lon="-2.8307086788117885589599609375">
        <ele>301.20001220703125</ele>
        <time>2026-05-24T12:12:49.000Z</time>
        <extensions>
          <ns3:TrackPointExtension>
            <ns3:hr>123</ns3:hr>
            <ns3:cad>0</ns3:cad>
          </ns3:TrackPointExtension>
        </extensions>
      </trkpt>
      <trkpt lat="52.547738850116729736328125" lon="-2.830670289695262908935546875">
        <ele>301.79998779296875</ele>
        <time>2026-05-24T12:12:52.000Z</time>
        <extensions>
          <ns3:TrackPointExtension>
            <ns3:hr>126</ns3:hr>
            <ns3:cad>47</ns3:cad>
          </ns3:TrackPointExtension>
        </extensions>
      </trkpt>
      <trkpt lat="52.54776977933943271636962890625" lon="-2.8306342475116252899169921875">
        <ele>302.399993896484375</ele>
        <time>2026-05-24T12:12:55.000Z</time>
        <extensions>
          <ns3:TrackPointExtension>
            <ns3:hr>126</ns3:hr>
            <ns3:cad>57</ns3:cad>
          </ns3:TrackPointExtension>
        </extensions>
      </trkpt>
      <trkpt lat="52.547829039394855499267578125" lon="-2.830572389066219329833984375">
        <ele>302.79998779296875</ele>
        <time>2026-05-24T12:13:01.000Z</time>
        <extensions>
          <ns3:TrackPointExtension>
            <ns3:hr>125</ns3:hr>
            <ns3:cad>56</ns3:cad>
          </ns3:TrackPointExtension>
        </extensions>
      </trkpt>
      <trkpt lat="52.54783809185028076171875" lon="-2.830560319125652313232421875">
        <ele>303</ele>
        <time>2026-05-24T12:13:02.000Z</time>
        <extensions>
          <ns3:TrackPointExtension>
            <ns3:hr>125</ns3:hr>
            <ns3:cad>56</ns3:cad>
          </ns3:TrackPointExtension>
        </extensions>
      </trkpt>
      <trkpt lat="52.547869272530078887939453125" lon="-2.83049535937607288360595703125">
        <ele>304.20001220703125</ele>
        <time>2026-05-24T12:13:06.000Z</time>
        <extensions>
          <ns3:TrackPointExtension>
            <ns3:hr>126</ns3:hr>
            <ns3:cad>55</ns3:cad>
          </ns3:TrackPointExtension>
        </extensions>
      </trkpt>
      <trkpt lat="52.547880671918392181396484375" lon="-2.83046132884919643402099609375">
        <ele>304.399993896484375</ele>
        <time>2026-05-24T12:13:08.000Z</time>
        <extensions>
          <ns3:TrackPointExtension>
            <ns3:hr>125</ns3:hr>
            <ns3:cad>54</ns3:cad>
          </ns3:TrackPointExtension>
        </extensions>
      </trkpt>
      <trkpt lat="52.54790171049535274505615234375" lon="-2.830411456525325775146484375">
        <ele>304.600006103515625</ele>
        <time>2026-05-24T12:13:11.000Z</time>
        <extensions>
          <ns3:TrackPointExtension>
            <ns3:hr>126</ns3:hr>
            <ns3:cad>53</ns3:cad>
          </ns3:TrackPointExtension>
        </extensions>
      </trkpt>
      <trkpt lat="52.54792132414877414703369140625" lon="-2.83036418259143829345703125">
        <ele>304.399993896484375</ele>
        <time>2026-05-24T12:13:14.000Z</time>
        <extensions>
          <ns3:TrackPointExtension>
            <ns3:hr>127</ns3:hr>
            <ns3:cad>60</ns3:cad>
          </ns3:TrackPointExtension>
        </extensions>
      </trkpt>
      <trkpt lat="52.54795434884727001190185546875" lon="-2.830280028283596038818359375">
        <ele>304.79998779296875</ele>
        <time>2026-05-24T12:13:19.000Z</time>
        <extensions>
          <ns3:TrackPointExtension>
            <ns3:hr>130</ns3:hr>
            <ns3:cad>57</ns3:cad>
          </ns3:TrackPointExtension>
        </extensions>
      </trkpt>
      <trkpt lat="52.5479614734649658203125" lon="-2.8302620910108089447021484375">
        <ele>304.79998779296875</ele>
        <time>2026-05-24T12:13:20.000Z</time>
        <extensions>
          <ns3:TrackPointExtension>
            <ns3:hr>130</ns3:hr>
            <ns3:cad>57</ns3:cad>
          </ns3:TrackPointExtension>
        </extensions>
      </trkpt>
      <trkpt lat="52.54801218397915363311767578125" lon="-2.83015605993568897247314453125">
        <ele>304.600006103515625</ele>
        <time>2026-05-24T12:13:26.000Z</time>
        <extensions>
          <ns3:TrackPointExtension>
            <ns3:hr>130</ns3:hr>
            <ns3:cad>67</ns3:cad>
          </ns3:TrackPointExtension>
        </extensions>
      </trkpt>
      <trkpt lat="52.54803850315511226654052734375" lon="-2.8300823830068111419677734375">
        <ele>305.20001220703125</ele>
        <time>2026-05-24T12:13:30.000Z</time>
        <extensions>
          <ns3:TrackPointExtension>
            <ns3:hr>128</ns3:hr>
            <ns3:cad>62</ns3:cad>
          </ns3:TrackPointExtension>
        </extensions>
      </trkpt>
      <trkpt lat="52.54805895499885082244873046875" lon="-2.83002966083586215972900390625">
        <ele>305.399993896484375</ele>
        <time>2026-05-24T12:13:33.000Z</time>
        <extensions>
          <ns3:TrackPointExtension>
            <ns3:hr>129</ns3:hr>
            <ns3:cad>57</ns3:cad>
          </ns3:TrackPointExtension>
        </extensions>
      </trkpt>
      <trkpt lat="52.548067755997180938720703125" lon="-2.8299948759377002716064453125">
        <ele>305.20001220703125</ele>
        <time>2026-05-24T12:13:35.000Z</time>
        <extensions>
          <ns3:TrackPointExtension>
            <ns3:hr>132</ns3:hr>
            <ns3:cad>58</ns3:cad>
          </ns3:TrackPointExtension>
        </extensions>
      </trkpt>
      <trkpt lat="52.54808426834642887115478515625" lon="-2.82992002554237842559814453125">
        <ele>305</ele>
        <time>2026-05-24T12:13:39.000Z</time>
        <extensions>
          <ns3:TrackPointExtension>
            <ns3:hr>133</ns3:hr>
            <ns3:cad>61</ns3:cad>
          </ns3:TrackPointExtension>
        </extensions>
      </trkpt>
      <trkpt lat="52.5481121800839900970458984375" lon="-2.82983000390231609344482421875">
        <ele>305.399993896484375</ele>
        <time>2026-05-24T12:13:44.000Z</time>
        <extensions>
          <ns3:TrackPointExtension>
            <ns3:hr>135</ns3:hr>
            <ns3:cad>115</ns3:cad>
          </ns3:TrackPointExtension>
        </extensions>
      </trkpt>
      <trkpt lat="52.54814445041120052337646484375" lon="-2.82971198670566082000732421875">
        <ele>305.399993896484375</ele>
        <time>2026-05-24T12:13:51.000Z</time>
        <extensions>
          <ns3:TrackPointExtension>
            <ns3:hr>135</ns3:hr>
            <ns3:cad>57</ns3:cad>
          </ns3:TrackPointExtension>
        </extensions>
      </trkpt>
      <trkpt lat="52.54815660417079925537109375" lon="-2.82958039082586765289306640625">
        <ele>305.600006103515625</ele>
        <time>2026-05-24T12:13:57.000Z</time>
        <extensions>
          <ns3:TrackPointExtension>
            <ns3:hr>135</ns3:hr>
            <ns3:cad>0</ns3:cad>
          </ns3:TrackPointExtension>
        </extensions>
      </trkpt>
      <trkpt lat="52.54815903492271900177001953125" lon="-2.829506881535053253173828125">
        <ele>305</ele>
        <time>2026-05-24T12:14:03.000Z</time>
        <extensions>
          <ns3:TrackPointExtension>
            <ns3:hr>137</ns3:hr>
            <ns3:cad>0</ns3:cad>
          </ns3:TrackPointExtension>
        </extensions>
      </trkpt>
      <trkpt lat="52.54817881621420383453369140625" lon="-2.82947109080851078033447265625">
        <ele>304.79998779296875</ele>
        <time>2026-05-24T12:14:13.000Z</time>
        <extensions>
          <ns3:TrackPointExtension>
            <ns3:hr>137</ns3:hr>
            <ns3:cad>0</ns3:cad>
          </ns3:TrackPointExtension>
        </extensions>
      </trkpt>
      <trkpt lat="52.54821217618882656097412109375" lon="-2.82935625873506069183349609375">
        <ele>305.600006103515625</ele>
        <time>2026-05-24T12:14:19.000Z</time>
        <extensions>
          <ns3:TrackPointExtension>
            <ns3:hr>137</ns3:hr>
            <ns3:cad>55</ns3:cad>
          </ns3:TrackPointExtension>
        </extensions>
      </trkpt>
      <trkpt lat="52.54824670962989330291748046875" lon="-2.82923765480518341064453125">
        <ele>304.600006103515625</ele>
        <time>2026-05-24T12:14:25.000Z</time>
        <extensions>
          <ns3:TrackPointExtension>
            <ns3:hr>136</ns3:hr>
            <ns3:cad>61</ns3:cad>
          </ns3:TrackPointExtension>
        </extensions>
      </trkpt>
      <trkpt lat="52.54826514981687068939208984375" lon="-2.82914537005126476287841796875">
        <ele>304.79998779296875</ele>
        <time>2026-05-24T12:14:30.000Z</time>
        <extensions>
          <ns3:TrackPointExtension>
            <ns3:hr>135</ns3:hr>
            <ns3:cad>62</ns3:cad>
          </ns3:TrackPointExtension>
        </extensions>
      </trkpt>
      <trkpt lat="52.548289708793163299560546875" lon="-2.8290363214910030364990234375">
        <ele>305.399993896484375</ele>
        <time>2026-05-24T12:14:36.000Z</time>
        <extensions>
          <ns3:TrackPointExtension>
            <ns3:hr>134</ns3:hr>
            <ns3:cad>54</ns3:cad>
          </ns3:TrackPointExtension>
        </extensions>
      </trkpt>
      <trkpt lat="52.5483126752078533172607421875" lon="-2.82890967093408107757568359375">
        <ele>304.79998779296875</ele>
        <time>2026-05-24T12:14:42.000Z</time>
        <extensions>
          <ns3:TrackPointExtension>
            <ns3:hr>133</ns3:hr>
            <ns3:cad>61</ns3:cad>
          </ns3:TrackPointExtension>
        </extensions>
      </trkpt>
      <trkpt lat="52.5483374856412410736083984375" lon="-2.82882786355912685394287109375">
        <ele>305.600006103515625</ele>
        <time>2026-05-24T12:14:47.000Z</time>
        <extensions>
          <ns3:TrackPointExtension>
            <ns3:hr>132</ns3:hr>
            <ns3:cad>61</ns3:cad>
          </ns3:TrackPointExtension>
        </extensions>
      </trkpt>
      <trkpt lat="52.54834393970668315887451171875" lon="-2.828812189400196075439453125">
        <ele>305.600006103515625</ele>
        <time>2026-05-24T12:14:48.000Z</time>
        <extensions>
          <ns3:TrackPointExtension>
            <ns3:hr>132</ns3:hr>
            <ns3:cad>53</ns3:cad>
          </ns3:TrackPointExtension>
        </extensions>
      </trkpt>
      <trkpt lat="52.54835902713239192962646484375" lon="-2.8287570364773273468017578125">
        <ele>305.600006103515625</ele>
        <time>2026-05-24T12:14:51.000Z</time>
        <extensions>
          <ns3:TrackPointExtension>
            <ns3:hr>131</ns3:hr>
            <ns3:cad>55</ns3:cad>
          </ns3:TrackPointExtension>
        </extensions>
      </trkpt>
      <trkpt lat="52.548376210033893585205078125" lon="-2.8286906518042087554931640625">
        <ele>305.399993896484375</ele>
        <time>2026-05-24T12:14:54.000Z</time>
        <extensions>
          <ns3:TrackPointExtension>
            <ns3:hr>131</ns3:hr>
            <ns3:cad>57</ns3:cad>
          </ns3:TrackPointExtension>
        </extensions>
      </trkpt>
      <trkpt lat="52.5484226457774639129638671875" lon="-2.82854832708835601806640625">
        <ele>305</ele>
        <time>2026-05-24T12:15:02.000Z</time>
        <extensions>
          <ns3:TrackPointExtension>
            <ns3:hr>131</ns3:hr>
            <ns3:cad>62</ns3:cad>
          </ns3:TrackPointExtension>
        </extensions>
      </trkpt>
      <trkpt lat="52.54844485782086849212646484375" lon="-2.82842754386365413665771484375">
        <ele>305.20001220703125</ele>
        <time>2026-05-24T12:15:08.000Z</time>
        <extensions>
          <ns3:TrackPointExtension>
            <ns3:hr>130</ns3:hr>
            <ns3:cad>55</ns3:cad>
          </ns3:TrackPointExtension>
        </extensions>
      </trkpt>
      <trkpt lat="52.54845910705626010894775390625" lon="-2.82837524078786373138427734375">
        <ele>304.79998779296875</ele>
        <time>2026-05-24T12:15:11.000Z</time>
        <extensions>
          <ns3:TrackPointExtension>
            <ns3:hr>124</ns3:hr>
            <ns3:cad>62</ns3:cad>
          </ns3:TrackPointExtension>
        </extensions>
      </trkpt>
      <trkpt lat="52.54846832714974880218505859375" lon="-2.8283183276653289794921875">
        <ele>304.79998779296875</ele>
        <time>2026-05-24T12:15:14.000Z</time>
        <extensions>
          <ns3:TrackPointExtension>
            <ns3:hr>122</ns3:hr>
            <ns3:cad>60</ns3:cad>
          </ns3:TrackPointExtension>
        </extensions>
      </trkpt>
      <trkpt lat="52.5484736077487468719482421875" lon="-2.82821916975080966949462890625">
        <ele>305.20001220703125</ele>
        <time>2026-05-24T12:15:20.000Z</time>
        <extensions>
          <ns3:TrackPointExtension>
            <ns3:hr>122</ns3:hr>
            <ns3:cad>62</ns3:cad>
          </ns3:TrackPointExtension>
        </extensions>
      </trkpt>
      <trkpt lat="52.54848517477512359619140625" lon="-2.8281565569341182708740234375">
        <ele>306.20001220703125</ele>
        <time>2026-05-24T12:15:26.000Z</time>
        <extensions>
          <ns3:TrackPointExtension>
            <ns3:hr>122</ns3:hr>
            <ns3:cad>0</ns3:cad>
          </ns3:TrackPointExtension>
        </extensions>
      </trkpt>
      <trkpt lat="52.5484910421073436737060546875" lon="-2.828141637146472930908203125">
        <ele>307.20001220703125</ele>
        <time>2026-05-24T12:15:28.000Z</time>
        <extensions>
          <ns3:TrackPointExtension>
            <ns3:hr>123</ns3:hr>
            <ns3:cad>53</ns3:cad>
          </ns3:TrackPointExtension>
        </extensions>
      </trkpt>
      <trkpt lat="52.548492886126041412353515625" lon="-2.82813535071909427642822265625">
        <ele>307.399993896484375</ele>
        <time>2026-05-24T12:15:29.000Z</time>
        <extensions>
          <ns3:TrackPointExtension>
            <ns3:hr>124</ns3:hr>
            <ns3:cad>53</ns3:cad>
          </ns3:TrackPointExtension>
        </extensions>
      </trkpt>
      <trkpt lat="52.54849665798246860504150390625" lon="-2.8281159885227680206298828125">
        <ele>308</ele>
        <time>2026-05-24T12:15:31.000Z</time>
        <extensions>
          <ns3:TrackPointExtension>
            <ns3:hr>126</ns3:hr>
            <ns3:cad>53</ns3:cad>
          </ns3:TrackPointExtension>
        </extensions>
      </trkpt>
      <trkpt lat="52.5484997592866420745849609375" lon="-2.8281066007912158966064453125">
        <ele>308.20001220703125</ele>
        <time>2026-05-24T12:15:33.000Z</time>
        <extensions>
          <ns3:TrackPointExtension>
            <ns3:hr>130</ns3:hr>
            <ns3:cad>45</ns3:cad>
          </ns3:TrackPointExtension>
        </extensions>
      </trkpt>
      <trkpt lat="52.54850436933338642120361328125" lon="-2.82811104319989681243896484375">
        <ele>308.399993896484375</ele>
        <time>2026-05-24T12:15:35.000Z</time>
        <extensions>
          <ns3:TrackPointExtension>
            <ns3:hr>133</ns3:hr>
            <ns3:cad>45</ns3:cad>
          </ns3:TrackPointExtension>
        </extensions>
      </trkpt>
      <trkpt lat="52.5485057942569255828857421875" lon="-2.82811188139021396636962890625">
        <ele>308.399993896484375</ele>
        <time>2026-05-24T12:15:36.000Z</time>
        <extensions>
          <ns3:TrackPointExtension>
            <ns3:hr>134</ns3:hr>
            <ns3:cad>45</ns3:cad>
          </ns3:TrackPointExtension>
        </extensions>
      </trkpt>
      <trkpt lat="52.54854954779148101806640625" lon="-2.82816234044730663299560546875">
        <ele>307.20001220703125</ele>
        <time>2026-05-24T12:15:43.000Z</time>
        <extensions>
          <ns3:TrackPointExtension>
            <ns3:hr>132</ns3:hr>
            <ns3:cad>0</ns3:cad>
          </ns3:TrackPointExtension>
        </extensions>
      </trkpt>
      <trkpt lat="52.54857645370066165924072265625" lon="-2.8282351791858673095703125">
        <ele>306</ele>
        <time>2026-05-24T12:15:46.000Z</time>
        <extensions>
          <ns3:TrackPointExtension>
            <ns3:hr>134</ns3:hr>
            <ns3:cad>0</ns3:cad>
          </ns3:TrackPointExtension>
        </extensions>
      </trkpt>
      <trkpt lat="52.54858265630900859832763671875" lon="-2.82825403846800327301025390625">
        <ele>305</ele>
        <time>2026-05-24T12:15:47.000Z</time>
        <extensions>
          <ns3:TrackPointExtension>
            <ns3:hr>134</ns3:hr>
            <ns3:cad>0</ns3:cad>
          </ns3:TrackPointExtension>
        </extensions>
      </trkpt>
      <trkpt lat="52.5485835783183574676513671875" lon="-2.82826174981892108917236328125">
        <ele>304.600006103515625</ele>
        <time>2026-05-24T12:15:48.000Z</time>
        <extensions>
          <ns3:TrackPointExtension>
            <ns3:hr>134</ns3:hr>
            <ns3:cad>0</ns3:cad>
          </ns3:TrackPointExtension>
        </extensions>
      </trkpt>
      <trkpt lat="52.54858718253672122955322265625" lon="-2.8282780945301055908203125">
        <ele>305</ele>
        <time>2026-05-24T12:15:55.000Z</time>
        <extensions>
          <ns3:TrackPointExtension>
            <ns3:hr>137</ns3:hr>
            <ns3:cad>0</ns3:cad>
          </ns3:TrackPointExtension>
        </extensions>
      </trkpt>
      <trkpt lat="52.54858709871768951416015625" lon="-2.82828320749104022979736328125">
        <ele>305</ele>
        <time>2026-05-24T12:15:56.000Z</time>
        <extensions>
          <ns3:TrackPointExtension>
            <ns3:hr>138</ns3:hr>
            <ns3:cad>0</ns3:cad>
          </ns3:TrackPointExtension>
        </extensions>
      </trkpt>
      <trkpt lat="52.5486083887517452239990234375" lon="-2.82838295213878154754638671875">
        <ele>306</ele>
        <time>2026-05-24T12:16:01.000Z</time>
        <extensions>
          <ns3:TrackPointExtension>
            <ns3:hr>139</ns3:hr>
            <ns3:cad>50</ns3:cad>
          </ns3:TrackPointExtension>
        </extensions>
      </trkpt>
      <trkpt lat="52.54862087778747081756591796875" lon="-2.8284542821347713470458984375">
        <ele>306.20001220703125</ele>
        <time>2026-05-24T12:16:04.000Z</time>
        <extensions>
          <ns3:TrackPointExtension>
            <ns3:hr>142</ns3:hr>
            <ns3:cad>57</ns3:cad>
          </ns3:TrackPointExtension>
        </extensions>
      </trkpt>
      <trkpt lat="52.54864937625825405120849609375" lon="-2.82855712808668613433837890625">
        <ele>305.20001220703125</ele>
        <time>2026-05-24T12:16:09.000Z</time>
        <extensions>
          <ns3:TrackPointExtension>
            <ns3:hr>142</ns3:hr>
            <ns3:cad>61</ns3:cad>
          </ns3:TrackPointExtension>
        </extensions>
      </trkpt>
      <trkpt lat="52.54866597242653369903564453125" lon="-2.82869140617549419403076171875">
        <ele>305.79998779296875</ele>
        <time>2026-05-24T12:16:16.000Z</time>
        <extensions>
          <ns3:TrackPointExtension>
            <ns3:hr>140</ns3:hr>
            <ns3:cad>61</ns3:cad>
          </ns3:TrackPointExtension>
        </extensions>
      </trkpt>
      <trkpt lat="52.54867468960583209991455078125" lon="-2.828751169145107269287109375">
        <ele>305.79998779296875</ele>
        <time>2026-05-24T12:16:19.000Z</time>
        <extensions>
          <ns3:TrackPointExtension>
            <ns3:hr>137</ns3:hr>
            <ns3:cad>53</ns3:cad>
          </ns3:TrackPointExtension>
        </extensions>
      </trkpt>
      <trkpt lat="52.54868357442319393157958984375" lon="-2.8288093395531177520751953125">
        <ele>305.79998779296875</ele>
        <time>2026-05-24T12:16:22.000Z</time>
        <extensions>
          <ns3:TrackPointExtension>
            <ns3:hr>136</ns3:hr>
            <ns3:cad>58</ns3:cad>
          </ns3:TrackPointExtension>
        </extensions>
      </trkpt>
      <trkpt lat="52.548723556101322174072265625" lon="-2.828918136656284332275390625">
        <ele>306</ele>
        <time>2026-05-24T12:16:28.000Z</time>
        <extensions>
          <ns3:TrackPointExtension>
            <ns3:hr>136</ns3:hr>
            <ns3:cad>57</ns3:cad>
          </ns3:TrackPointExtension>
        </extensions>
      </trkpt>
      <trkpt lat="52.548791281878948211669921875" lon="-2.82905635423958301544189453125">
        <ele>306.79998779296875</ele>
        <time>2026-05-24T12:16:37.000Z</time>
        <extensions>
          <ns3:TrackPointExtension>
            <ns3:hr>137</ns3:hr>
            <ns3:cad>58</ns3:cad>
          </ns3:TrackPointExtension>
        </extensions>
      </trkpt>
      <trkpt lat="52.5488062016665935516357421875" lon="-2.82913950271904468536376953125">
        <ele>306.79998779296875</ele>
        <time>2026-05-24T12:16:42.000Z</time>
        <extensions>
          <ns3:TrackPointExtension>
            <ns3:hr>136</ns3:hr>
            <ns3:cad>55</ns3:cad>
          </ns3:TrackPointExtension>
        </extensions>
      </trkpt>
      <trkpt lat="52.5488256476819515228271484375" lon="-2.8293095715343952178955078125">
        <ele>306.600006103515625</ele>
        <time>2026-05-24T12:16:50.000Z</time>
        <extensions>
          <ns3:TrackPointExtension>
            <ns3:hr>136</ns3:hr>
            <ns3:cad>57</ns3:cad>
          </ns3:TrackPointExtension>
        </extensions>
      </trkpt>
      <trkpt lat="52.54884568043053150177001953125" lon="-2.82945784740149974822998046875">
        <ele>307</ele>
        <time>2026-05-24T12:16:58.000Z</time>
        <extensions>
          <ns3:TrackPointExtension>
            <ns3:hr>135</ns3:hr>
            <ns3:cad>56</ns3:cad>
          </ns3:TrackPointExtension>
        </extensions>
      </trkpt>
      <trkpt lat="52.54884987138211727142333984375" lon="-2.8294745273888111114501953125">
        <ele>307</ele>
        <time>2026-05-24T12:16:59.000Z</time>
        <extensions>
          <ns3:TrackPointExtension>
            <ns3:hr>134</ns3:hr>
            <ns3:cad>56</ns3:cad>
          </ns3:TrackPointExtension>
        </extensions>
      </trkpt>
      <trkpt lat="52.54888256080448627471923828125" lon="-2.829603441059589385986328125">
        <ele>306.79998779296875</ele>
        <time>2026-05-24T12:17:06.000Z</time>
        <extensions>
          <ns3:TrackPointExtension>
            <ns3:hr>133</ns3:hr>
            <ns3:cad>57</ns3:cad>
          </ns3:TrackPointExtension>
        </extensions>
      </trkpt>
      <trkpt lat="52.5489188544452190399169921875" lon="-2.8297377191483974456787109375">
        <ele>306.79998779296875</ele>
        <time>2026-05-24T12:17:13.000Z</time>
        <extensions>
          <ns3:TrackPointExtension>
            <ns3:hr>132</ns3:hr>
            <ns3:cad>59</ns3:cad>
          </ns3:TrackPointExtension>
        </extensions>
      </trkpt>
      <trkpt lat="52.5489471852779388427734375" lon="-2.82984458841383457183837890625">
        <ele>307</ele>
        <time>2026-05-24T12:17:19.000Z</time>
        <extensions>
          <ns3:TrackPointExtension>
            <ns3:hr>131</ns3:hr>
            <ns3:cad>55</ns3:cad>
          </ns3:TrackPointExtension>
        </extensions>
      </trkpt>
      <trkpt lat="52.5489681400358676910400390625" lon="-2.8299278207123279571533203125">
        <ele>307.20001220703125</ele>
        <time>2026-05-24T12:17:26.000Z</time>
        <extensions>
          <ns3:TrackPointExtension>
            <ns3:hr>129</ns3:hr>
            <ns3:cad>56</ns3:cad>
          </ns3:TrackPointExtension>
        </extensions>
      </trkpt>
      <trkpt lat="52.54896587692201137542724609375" lon="-2.82992899417877197265625">
        <ele>306.600006103515625</ele>
        <time>2026-05-24T12:17:39.000Z</time>
        <extensions>
          <ns3:TrackPointExtension>
            <ns3:hr>131</ns3:hr>
            <ns3:cad>0</ns3:cad>
          </ns3:TrackPointExtension>
        </extensions>
      </trkpt>
      <trkpt lat="52.54897492937743663787841796875" lon="-2.829984314739704132080078125">
        <ele>306.79998779296875</ele>
        <time>2026-05-24T12:17:43.000Z</time>
        <extensions>
          <ns3:TrackPointExtension>
            <ns3:hr>131</ns3:hr>
            <ns3:cad>0</ns3:cad>
          </ns3:TrackPointExtension>
        </extensions>
      </trkpt>
      <trkpt lat="52.5489892624318599700927734375" lon="-2.83008992671966552734375">
        <ele>307.20001220703125</ele>
        <time>2026-05-24T12:17:48.000Z</time>
        <extensions>
          <ns3:TrackPointExtension>
            <ns3:hr>131</ns3:hr>
            <ns3:cad>0</ns3:cad>
          </ns3:TrackPointExtension>
        </extensions>
      </trkpt>
      <trkpt lat="52.54901315085589885711669921875" lon="-2.83021423034369945526123046875">
        <ele>307.20001220703125</ele>
        <time>2026-05-24T12:17:55.000Z</time>
        <extensions>
          <ns3:TrackPointExtension>
            <ns3:hr>130</ns3:hr>
            <ns3:cad>57</ns3:cad>
          </ns3:TrackPointExtension>
        </extensions>
      </trkpt>
      <trkpt lat="52.54901784472167491912841796875" lon="-2.8303234465420246124267578125">
        <ele>306.600006103515625</ele>
        <time>2026-05-24T12:18:02.000Z</time>
        <extensions>
          <ns3:TrackPointExtension>
            <ns3:hr>127</ns3:hr>
            <ns3:cad>0</ns3:cad>
          </ns3:TrackPointExtension>
        </extensions>
      </trkpt>
      <trkpt lat="52.54903125576674938201904296875" lon="-2.8304391168057918548583984375">
        <ele>307</ele>
        <time>2026-05-24T12:18:12.000Z</time>
        <extensions>
          <ns3:TrackPointExtension>
            <ns3:hr>126</ns3:hr>
            <ns3:cad>0</ns3:cad>
          </ns3:TrackPointExtension>
        </extensions>
      </trkpt>
      <trkpt lat="52.54903008230030536651611328125" lon="-2.83049963414669036865234375">
        <ele>307.600006103515625</ele>
        <time>2026-05-24T12:18:16.000Z</time>
        <extensions>
          <ns3:TrackPointExtension>
            <ns3:hr>125</ns3:hr>
            <ns3:cad>0</ns3:cad>
          </ns3:TrackPointExtension>
        </extensions>
      </trkpt>
      <trkpt lat="52.54904734902083873748779296875" lon="-2.83060231246054172515869140625">
        <ele>307.399993896484375</ele>
        <time>2026-05-24T12:18:22.000Z</time>
        <extensions>
          <ns3:TrackPointExtension>
            <ns3:hr>125</ns3:hr>
            <ns3:cad>55</ns3:cad>
          </ns3:TrackPointExtension>
        </extensions>
      </trkpt>
      <trkpt lat="52.5490533001720905303955078125" lon="-2.83067121170461177825927734375">
        <ele>307.399993896484375</ele>
        <time>2026-05-24T12:18:25.000Z</time>
        <extensions>
          <ns3:TrackPointExtension>
            <ns3:hr>124</ns3:hr>
            <ns3:cad>57</ns3:cad>
          </ns3:TrackPointExtension>
        </extensions>
      </trkpt>
      <trkpt lat="52.54906025715172290802001953125" lon="-2.83074178732931613922119140625">
        <ele>307.79998779296875</ele>
        <time>2026-05-24T12:18:28.000Z</time>
        <extensions>
          <ns3:TrackPointExtension>
            <ns3:hr>124</ns3:hr>
            <ns3:cad>57</ns3:cad>
          </ns3:TrackPointExtension>
        </extensions>
      </trkpt>
      <trkpt lat="52.5490720756351947784423828125" lon="-2.8308887220919132232666015625">
        <ele>307.79998779296875</ele>
        <time>2026-05-24T12:18:35.000Z</time>
        <extensions>
          <ns3:TrackPointExtension>
            <ns3:hr>124</ns3:hr>
            <ns3:cad>57</ns3:cad>
          </ns3:TrackPointExtension>
        </extensions>
      </trkpt>
      <trkpt lat="52.549101747572422027587890625" lon="-2.83099140040576457977294921875">
        <ele>307.79998779296875</ele>
        <time>2026-05-24T12:18:41.000Z</time>
        <extensions>
          <ns3:TrackPointExtension>
            <ns3:hr>124</ns3:hr>
            <ns3:cad>56</ns3:cad>
          </ns3:TrackPointExtension>
        </extensions>
      </trkpt>
      <trkpt lat="52.54914994351565837860107421875" lon="-2.8311455436050891876220703125">
        <ele>307.79998779296875</ele>
        <time>2026-05-24T12:18:49.000Z</time>
        <extensions>
          <ns3:TrackPointExtension>
            <ns3:hr>124</ns3:hr>
            <ns3:cad>58</ns3:cad>
          </ns3:TrackPointExtension>
        </extensions>
      </trkpt>
      <trkpt lat="52.5491636060178279876708984375" lon="-2.83118317835032939910888671875">
        <ele>307.79998779296875</ele>
        <time>2026-05-24T12:18:51.000Z</time>
        <extensions>
          <ns3:TrackPointExtension>
            <ns3:hr>124</ns3:hr>
            <ns3:cad>58</ns3:cad>
          </ns3:TrackPointExtension>
        </extensions>
      </trkpt>
      <trkpt lat="52.54918095655739307403564453125" lon="-2.8312347270548343658447265625">
        <ele>307.600006103515625</ele>
        <time>2026-05-24T12:18:54.000Z</time>
        <extensions>
          <ns3:TrackPointExtension>
            <ns3:hr>124</ns3:hr>
            <ns3:cad>58</ns3:cad>
          </ns3:TrackPointExtension>
        </extensions>
      </trkpt>
      <trkpt lat="52.5492314994335174560546875" lon="-2.83134394325315952301025390625">
        <ele>307.79998779296875</ele>
        <time>2026-05-24T12:19:01.000Z</time>
        <extensions>
          <ns3:TrackPointExtension>
            <ns3:hr>123</ns3:hr>
            <ns3:cad>56</ns3:cad>
          </ns3:TrackPointExtension>
        </extensions>
      </trkpt>
      <trkpt lat="52.5492853112518787384033203125" lon="-2.831434719264507293701171875">
        <ele>307.399993896484375</ele>
        <time>2026-05-24T12:19:07.000Z</time>
        <extensions>
          <ns3:TrackPointExtension>
            <ns3:hr>123</ns3:hr>
            <ns3:cad>0</ns3:cad>
          </ns3:TrackPointExtension>
        </extensions>
      </trkpt>
      <trkpt lat="52.549327053129673004150390625" lon="-2.8315378166735172271728515625">
        <ele>306.79998779296875</ele>
        <time>2026-05-24T12:19:13.000Z</time>
        <extensions>
          <ns3:TrackPointExtension>
            <ns3:hr>122</ns3:hr>
            <ns3:cad>62</ns3:cad>
          </ns3:TrackPointExtension>
        </extensions>
      </trkpt>
      <trkpt lat="52.5493677891790866851806640625" lon="-2.831612415611743927001953125">
        <ele>307.20001220703125</ele>
        <time>2026-05-24T12:19:18.000Z</time>
        <extensions>
          <ns3:TrackPointExtension>
            <ns3:hr>120</ns3:hr>
            <ns3:cad>62</ns3:cad>
          </ns3:TrackPointExtension>
        </extensions>
      </trkpt>
      <trkpt lat="52.54940978251397609710693359375" lon="-2.8316769562661647796630859375">
        <ele>307.600006103515625</ele>
        <time>2026-05-24T12:19:23.000Z</time>
        <extensions>
          <ns3:TrackPointExtension>
            <ns3:hr>119</ns3:hr>
            <ns3:cad>55</ns3:cad>
          </ns3:TrackPointExtension>
        </extensions>
      </trkpt>
      <trkpt lat="52.54943870007991790771484375" lon="-2.831706292927265167236328125">
        <ele>308</ele>
        <time>2026-05-24T12:19:26.000Z</time>
        <extensions>
          <ns3:TrackPointExtension>
            <ns3:hr>119</ns3:hr>
            <ns3:cad>55</ns3:cad>
          </ns3:TrackPointExtension>
        </extensions>
      </trkpt>
      <trkpt lat="52.549467869102954864501953125" lon="-2.8317435085773468017578125">
        <ele>308.399993896484375</ele>
        <time>2026-05-24T12:19:29.000Z</time>
        <extensions>
          <ns3:TrackPointExtension>
            <ns3:hr>121</ns3:hr>
            <ns3:cad>55</ns3:cad>
          </ns3:TrackPointExtension>
        </extensions>
      </trkpt>
      <trkpt lat="52.54954598844051361083984375" lon="-2.831822969019412994384765625">
        <ele>308.600006103515625</ele>
        <time>2026-05-24T12:19:36.000Z</time>
        <extensions>
          <ns3:TrackPointExtension>
            <ns3:hr>123</ns3:hr>
            <ns3:cad>58</ns3:cad>
          </ns3:TrackPointExtension>
        </extensions>
      </trkpt>
      <trkpt lat="52.54957892931997776031494140625" lon="-2.831852473318576812744140625">
        <ele>308.79998779296875</ele>
        <time>2026-05-24T12:19:39.000Z</time>
        <extensions>
          <ns3:TrackPointExtension>
            <ns3:hr>120</ns3:hr>
            <ns3:cad>59</ns3:cad>
          </ns3:TrackPointExtension>
        </extensions>
      </trkpt>
      <trkpt lat="52.5496028177440166473388671875" lon="-2.83187619410455226898193359375">
        <ele>308.79998779296875</ele>
        <time>2026-05-24T12:19:41.000Z</time>
        <extensions>
          <ns3:TrackPointExtension>
            <ns3:hr>117</ns3:hr>
            <ns3:cad>58</ns3:cad>
          </ns3:TrackPointExtension>
        </extensions>
      </trkpt>
      <trkpt lat="52.5496356748044490814208984375" lon="-2.83190921880304813385009765625">
        <ele>308.79998779296875</ele>
        <time>2026-05-24T12:19:44.000Z</time>
        <extensions>
          <ns3:TrackPointExtension>
            <ns3:hr>118</ns3:hr>
            <ns3:cad>56</ns3:cad>
          </ns3:TrackPointExtension>
        </extensions>
      </trkpt>
      <trkpt lat="52.54966710694134235382080078125" lon="-2.83194023184478282928466796875">
        <ele>308.79998779296875</ele>
        <time>2026-05-24T12:19:47.000Z</time>
        <extensions>
          <ns3:TrackPointExtension>
            <ns3:hr>124</ns3:hr>
            <ns3:cad>57</ns3:cad>
          </ns3:TrackPointExtension>
        </extensions>
      </trkpt>
      <trkpt lat="52.54969141446053981781005859375" lon="-2.8319693170487880706787109375">
        <ele>308.79998779296875</ele>
        <time>2026-05-24T12:19:50.000Z</time>
        <extensions>
          <ns3:TrackPointExtension>
            <ns3:hr>127</ns3:hr>
            <ns3:cad>57</ns3:cad>
          </ns3:TrackPointExtension>
        </extensions>
      </trkpt>
      <trkpt lat="52.54969862289726734161376953125" lon="-2.8319787047803401947021484375">
        <ele>308.79998779296875</ele>
        <time>2026-05-24T12:19:51.000Z</time>
        <extensions>
          <ns3:TrackPointExtension>
            <ns3:hr>127</ns3:hr>
            <ns3:cad>56</ns3:cad>
          </ns3:TrackPointExtension>
        </extensions>
      </trkpt>
      <trkpt lat="52.54976148717105388641357421875" lon="-2.83205590210855007171630859375">
        <ele>308.79998779296875</ele>
        <time>2026-05-24T12:19:59.000Z</time>
        <extensions>
          <ns3:TrackPointExtension>
            <ns3:hr>129</ns3:hr>
            <ns3:cad>0</ns3:cad>
          </ns3:TrackPointExtension>
        </extensions>
      </trkpt>
      <trkpt lat="52.54977799952030181884765625" lon="-2.83207450993359088897705078125">
        <ele>309.20001220703125</ele>
        <time>2026-05-24T12:20:01.000Z</time>
        <extensions>
          <ns3:TrackPointExtension>
            <ns3:hr>129</ns3:hr>
            <ns3:cad>53</ns3:cad>
          </ns3:TrackPointExtension>
        </extensions>
      </trkpt>
      <trkpt lat="52.54982418380677700042724609375" lon="-2.8321315906941890716552734375">
        <ele>308.600006103515625</ele>
        <time>2026-05-24T12:20:06.000Z</time>
        <extensions>
          <ns3:TrackPointExtension>
            <ns3:hr>129</ns3:hr>
            <ns3:cad>56</ns3:cad>
          </ns3:TrackPointExtension>
        </extensions>
      </trkpt>
      <trkpt lat="52.54988302476704120635986328125" lon="-2.8322127275168895721435546875">
        <ele>309.20001220703125</ele>
        <time>2026-05-24T12:20:13.000Z</time>
        <extensions>
          <ns3:TrackPointExtension>
            <ns3:hr>128</ns3:hr>
            <ns3:cad>54</ns3:cad>
          </ns3:TrackPointExtension>
        </extensions>
      </trkpt>
      <trkpt lat="52.5499501638114452362060546875" lon="-2.83227860927581787109375">
        <ele>309</ele>
        <time>2026-05-24T12:20:20.000Z</time>
        <extensions>
          <ns3:TrackPointExtension>
            <ns3:hr>128</ns3:hr>
            <ns3:cad>58</ns3:cad>
          </ns3:TrackPointExtension>
        </extensions>
      </trkpt>
      <trkpt lat="52.54996114410459995269775390625" lon="-2.83228908665478229522705078125">
        <ele>308.600006103515625</ele>
        <time>2026-05-24T12:20:23.000Z</time>
        <extensions>
          <ns3:TrackPointExtension>
            <ns3:hr>128</ns3:hr>
            <ns3:cad>57</ns3:cad>
          </ns3:TrackPointExtension>
        </extensions>
      </trkpt>
      <trkpt lat="52.54999282769858837127685546875" lon="-2.8323255479335784912109375">
        <ele>308.79998779296875</ele>
        <time>2026-05-24T12:20:32.000Z</time>
        <extensions>
          <ns3:TrackPointExtension>
            <ns3:hr>126</ns3:hr>
            <ns3:cad>0</ns3:cad>
          </ns3:TrackPointExtension>
        </extensions>
      </trkpt>
      <trkpt lat="52.5500500760972499847412109375" lon="-2.83239771611988544464111328125">
        <ele>309.399993896484375</ele>
        <time>2026-05-24T12:20:38.000Z</time>
        <extensions>
          <ns3:TrackPointExtension>
            <ns3:hr>126</ns3:hr>
            <ns3:cad>52</ns3:cad>
          </ns3:TrackPointExtension>
        </extensions>
      </trkpt>
      <trkpt lat="52.55012056790292263031005859375" lon="-2.8324811160564422607421875">
        <ele>309.399993896484375</ele>
        <time>2026-05-24T12:20:45.000Z</time>
        <extensions>
          <ns3:TrackPointExtension>
            <ns3:hr>125</ns3:hr>
            <ns3:cad>57</ns3:cad>
          </ns3:TrackPointExtension>
        </extensions>
      </trkpt>
      <trkpt lat="52.5501461327075958251953125" lon="-2.83251933753490447998046875">
        <ele>309.399993896484375</ele>
        <time>2026-05-24T12:20:48.000Z</time>
        <extensions>
          <ns3:TrackPointExtension>
            <ns3:hr>122</ns3:hr>
            <ns3:cad>57</ns3:cad>
          </ns3:TrackPointExtension>
        </extensions>
      </trkpt>
      <trkpt lat="52.55017228424549102783203125" lon="-2.8325587324798107147216796875">
        <ele>309.20001220703125</ele>
        <time>2026-05-24T12:20:51.000Z</time>
        <extensions>
          <ns3:TrackPointExtension>
            <ns3:hr>122</ns3:hr>
            <ns3:cad>56</ns3:cad>
          </ns3:TrackPointExtension>
        </extensions>
      </trkpt>
      <trkpt lat="52.55026289261877536773681640625" lon="-2.8326653502881526947021484375">
        <ele>309</ele>
        <time>2026-05-24T12:20:59.000Z</time>
        <extensions>
          <ns3:TrackPointExtension>
            <ns3:hr>122</ns3:hr>
            <ns3:cad>56</ns3:cad>
          </ns3:TrackPointExtension>
        </extensions>
      </trkpt>
      <trkpt lat="52.5503266789019107818603515625" lon="-2.83274891786277294158935546875">
        <ele>309</ele>
        <time>2026-05-24T12:21:06.000Z</time>
        <extensions>
          <ns3:TrackPointExtension>
            <ns3:hr>123</ns3:hr>
            <ns3:cad>59</ns3:cad>
          </ns3:TrackPointExtension>
        </extensions>
      </trkpt>
      <trkpt lat="52.55038074217736721038818359375" lon="-2.83283181488513946533203125">
        <ele>309.399993896484375</ele>
        <time>2026-05-24T12:21:12.000Z</time>
        <extensions>
          <ns3:TrackPointExtension>
            <ns3:hr>122</ns3:hr>
            <ns3:cad>56</ns3:cad>
          </ns3:TrackPointExtension>
        </extensions>
      </trkpt>
      <trkpt lat="52.550433464348316192626953125" lon="-2.83291186206042766571044921875">
        <ele>309.399993896484375</ele>
        <time>2026-05-24T12:21:18.000Z</time>
        <extensions>
          <ns3:TrackPointExtension>
            <ns3:hr>121</ns3:hr>
            <ns3:cad>58</ns3:cad>
          </ns3:TrackPointExtension>
        </extensions>
      </trkpt>
      <trkpt lat="52.55048484541475772857666015625" lon="-2.8330267779529094696044921875">
        <ele>309.600006103515625</ele>
        <time>2026-05-24T12:21:25.000Z</time>
        <extensions>
          <ns3:TrackPointExtension>
            <ns3:hr>121</ns3:hr>
            <ns3:cad>57</ns3:cad>
          </ns3:TrackPointExtension>
        </extensions>
      </trkpt>
      <trkpt lat="52.55053195171058177947998046875" lon="-2.83311420120298862457275390625">
        <ele>310</ele>
        <time>2026-05-24T12:21:31.000Z</time>
        <extensions>
          <ns3:TrackPointExtension>
            <ns3:hr>119</ns3:hr>
            <ns3:cad>56</ns3:cad>
          </ns3:TrackPointExtension>
        </extensions>
      </trkpt>
      <trkpt lat="52.55057302303612232208251953125" lon="-2.8331883810460567474365234375">
        <ele>310.20001220703125</ele>
        <time>2026-05-24T12:21:36.000Z</time>
        <extensions>
          <ns3:TrackPointExtension>
            <ns3:hr>119</ns3:hr>
            <ns3:cad>54</ns3:cad>
          </ns3:TrackPointExtension>
        </extensions>
      </trkpt>
      <trkpt lat="52.55058073438704013824462890625" lon="-2.8332041390240192413330078125">
        <ele>310.20001220703125</ele>
        <time>2026-05-24T12:21:37.000Z</time>
        <extensions>
          <ns3:TrackPointExtension>
            <ns3:hr>120</ns3:hr>
            <ns3:cad>54</ns3:cad>
          </ns3:TrackPointExtension>
        </extensions>
      </trkpt>
      <trkpt lat="52.55060872994363307952880859375" lon="-2.83325099386274814605712890625">
        <ele>311</ele>
        <time>2026-05-24T12:21:41.000Z</time>
        <extensions>
          <ns3:TrackPointExtension>
            <ns3:hr>123</ns3:hr>
            <ns3:cad>54</ns3:cad>
          </ns3:TrackPointExtension>
        </extensions>
      </trkpt>
      <trkpt lat="52.55062331445515155792236328125" lon="-2.8332722000777721405029296875">
        <ele>311.20001220703125</ele>
        <time>2026-05-24T12:21:43.000Z</time>
        <extensions>
          <ns3:TrackPointExtension>
            <ns3:hr>124</ns3:hr>
            <ns3:cad>52</ns3:cad>
          </ns3:TrackPointExtension>
        </extensions>
      </trkpt>
      <trkpt lat="52.550630606710910797119140625" lon="-2.83328351564705371856689453125">
        <ele>311.20001220703125</ele>
        <time>2026-05-24T12:21:44.000Z</time>
        <extensions>
          <ns3:TrackPointExtension>
            <ns3:hr>124</ns3:hr>
            <ns3:cad>52</ns3:cad>
          </ns3:TrackPointExtension>
        </extensions>
      </trkpt>
      <trkpt lat="52.550646364688873291015625" lon="-2.83330664969980716705322265625">
        <ele>310.79998779296875</ele>
        <time>2026-05-24T12:21:46.000Z</time>
        <extensions>
          <ns3:TrackPointExtension>
            <ns3:hr>124</ns3:hr>
            <ns3:cad>52</ns3:cad>
          </ns3:TrackPointExtension>
        </extensions>
      </trkpt>
      <trkpt lat="52.550664804875850677490234375" lon="-2.83332928083837032318115234375">
        <ele>310.20001220703125</ele>
        <time>2026-05-24T12:21:48.000Z</time>
        <extensions>
          <ns3:TrackPointExtension>
            <ns3:hr>124</ns3:hr>
            <ns3:cad>53</ns3:cad>
          </ns3:TrackPointExtension>
        </extensions>
      </trkpt>
      <trkpt lat="52.55071098916232585906982421875" lon="-2.8334153629839420318603515625">
        <ele>311.399993896484375</ele>
        <time>2026-05-24T12:21:54.000Z</time>
        <extensions>
          <ns3:TrackPointExtension>
            <ns3:hr>126</ns3:hr>
            <ns3:cad>51</ns3:cad>
          </ns3:TrackPointExtension>
        </extensions>
      </trkpt>
      <trkpt lat="52.5507576763629913330078125" lon="-2.833498008549213409423828125">
        <ele>311.399993896484375</ele>
        <time>2026-05-24T12:22:00.000Z</time>
        <extensions>
          <ns3:TrackPointExtension>
            <ns3:hr>128</ns3:hr>
            <ns3:cad>55</ns3:cad>
          </ns3:TrackPointExtension>
        </extensions>
      </trkpt>
      <trkpt lat="52.5507980771362781524658203125" lon="-2.8335726074874401092529296875">
        <ele>311.20001220703125</ele>
        <time>2026-05-24T12:22:05.000Z</time>
        <extensions>
          <ns3:TrackPointExtension>
            <ns3:hr>129</ns3:hr>
            <ns3:cad>55</ns3:cad>
          </ns3:TrackPointExtension>
        </extensions>
      </trkpt>
      <trkpt lat="52.55082196556031703948974609375" lon="-2.8336544148623943328857421875">
        <ele>311.399993896484375</ele>
        <time>2026-05-24T12:22:11.000Z</time>
        <extensions>
          <ns3:TrackPointExtension>
            <ns3:hr>128</ns3:hr>
            <ns3:cad>57</ns3:cad>
          </ns3:TrackPointExtension>
        </extensions>
      </trkpt>
      <trkpt lat="52.550831772387027740478515625" lon="-2.83369858749210834503173828125">
        <ele>311.600006103515625</ele>
        <time>2026-05-24T12:22:17.000Z</time>
        <extensions>
          <ns3:TrackPointExtension>
            <ns3:hr>129</ns3:hr>
            <ns3:cad>0</ns3:cad>
          </ns3:TrackPointExtension>
        </extensions>
      </trkpt>
      <trkpt lat="52.5508381426334381103515625" lon="-2.8337100706994533538818359375">
        <ele>311.600006103515625</ele>
        <time>2026-05-24T12:22:18.000Z</time>
        <extensions>
          <ns3:TrackPointExtension>
            <ns3:hr>129</ns3:hr>
            <ns3:cad>0</ns3:cad>
          </ns3:TrackPointExtension>
        </extensions>
      </trkpt>
      <trkpt lat="52.55088835023343563079833984375" lon="-2.83380252309143543243408203125">
        <ele>311.20001220703125</ele>
        <time>2026-05-24T12:22:24.000Z</time>
        <extensions>
          <ns3:TrackPointExtension>
            <ns3:hr>131</ns3:hr>
            <ns3:cad>55</ns3:cad>
          </ns3:TrackPointExtension>
        </extensions>
      </trkpt>
      <trkpt lat="52.5509090535342693328857421875" lon="-2.8338441811501979827880859375">
        <ele>310.600006103515625</ele>
        <time>2026-05-24T12:22:31.000Z</time>
        <extensions>
          <ns3:TrackPointExtension>
            <ns3:hr>131</ns3:hr>
            <ns3:cad>56</ns3:cad>
          </ns3:TrackPointExtension>
        </extensions>
      </trkpt>
      <trkpt lat="52.55091852508485317230224609375" lon="-2.8338758647441864013671875">
        <ele>310.399993896484375</ele>
        <time>2026-05-24T12:22:36.000Z</time>
        <extensions>
          <ns3:TrackPointExtension>
            <ns3:hr>131</ns3:hr>
            <ns3:cad>0</ns3:cad>
          </ns3:TrackPointExtension>
        </extensions>
      </trkpt>
      <trkpt lat="52.55091751925647258758544921875" lon="-2.8339115716516971588134765625">
        <ele>310</ele>
        <time>2026-05-24T12:22:39.000Z</time>
        <extensions>
          <ns3:TrackPointExtension>
            <ns3:hr>130</ns3:hr>
            <ns3:cad>0</ns3:cad>
          </ns3:TrackPointExtension>
        </extensions>
      </trkpt>
      <trkpt lat="52.5509159266948699951171875" lon="-2.833922803401947021484375">
        <ele>310</ele>
        <time>2026-05-24T12:22:40.000Z</time>
        <extensions>
          <ns3:TrackPointExtension>
            <ns3:hr>130</ns3:hr>
            <ns3:cad>0</ns3:cad>
          </ns3:TrackPointExtension>
        </extensions>
      </trkpt>
      <trkpt lat="52.55092799663543701171875" lon="-2.8339766152203083038330078125">
        <ele>310</ele>
        <time>2026-05-24T12:22:46.000Z</time>
        <extensions>
          <ns3:TrackPointExtension>
            <ns3:hr>128</ns3:hr>
            <ns3:cad>0</ns3:cad>
          </ns3:TrackPointExtension>
        </extensions>
      </trkpt>
      <trkpt lat="52.55093813873827457427978515625" lon="-2.8340195305645465850830078125">
        <ele>310.399993896484375</ele>
        <time>2026-05-24T12:22:50.000Z</time>
        <extensions>
          <ns3:TrackPointExtension>
            <ns3:hr>128</ns3:hr>
            <ns3:cad>53</ns3:cad>
          </ns3:TrackPointExtension>
        </extensions>
      </trkpt>
      <trkpt lat="52.55093964748084545135498046875" lon="-2.8340460173785686492919921875">
        <ele>310.600006103515625</ele>
        <time>2026-05-24T12:22:52.000Z</time>
        <extensions>
          <ns3:TrackPointExtension>
            <ns3:hr>128</ns3:hr>
            <ns3:cad>53</ns3:cad>
          </ns3:TrackPointExtension>
        </extensions>
      </trkpt>
      <trkpt lat="52.55093872547149658203125" lon="-2.834065966308116912841796875">
        <ele>311.20001220703125</ele>
        <time>2026-05-24T12:22:54.000Z</time>
        <extensions>
          <ns3:TrackPointExtension>
            <ns3:hr>127</ns3:hr>
            <ns3:cad>0</ns3:cad>
          </ns3:TrackPointExtension>
        </extensions>
      </trkpt>
      <trkpt lat="52.55093210376799106597900390625" lon="-2.83410829491913318634033203125">
        <ele>312.20001220703125</ele>
        <time>2026-05-24T12:22:58.000Z</time>
        <extensions>
          <ns3:TrackPointExtension>
            <ns3:hr>127</ns3:hr>
            <ns3:cad>0</ns3:cad>
          </ns3:TrackPointExtension>
        </extensions>
      </trkpt>
      <trkpt lat="52.5509264878928661346435546875" lon="-2.834125645458698272705078125">
        <ele>313</ele>
        <time>2026-05-24T12:23:01.000Z</time>
        <extensions>
          <ns3:TrackPointExtension>
            <ns3:hr>130</ns3:hr>
            <ns3:cad>0</ns3:cad>
          </ns3:TrackPointExtension>
        </extensions>
      </trkpt>
      <trkpt lat="52.55091986618936061859130859375" lon="-2.834146432578563690185546875">
        <ele>313.399993896484375</ele>
        <time>2026-05-24T12:23:03.000Z</time>
        <extensions>
          <ns3:TrackPointExtension>
            <ns3:hr>132</ns3:hr>
            <ns3:cad>0</ns3:cad>
          </ns3:TrackPointExtension>
        </extensions>
      </trkpt>
      <trkpt lat="52.55090444348752498626708984375" lon="-2.83419881947338581085205078125">
        <ele>313.79998779296875</ele>
        <time>2026-05-24T12:23:08.000Z</time>
        <extensions>
          <ns3:TrackPointExtension>
            <ns3:hr>134</ns3:hr>
            <ns3:cad>0</ns3:cad>
          </ns3:TrackPointExtension>
        </extensions>
      </trkpt>
      <trkpt lat="52.5508879311382770538330078125" lon="-2.83424223773181438446044921875">
        <ele>313.79998779296875</ele>
        <time>2026-05-24T12:23:13.000Z</time>
        <extensions>
          <ns3:TrackPointExtension>
            <ns3:hr>137</ns3:hr>
            <ns3:cad>0</ns3:cad>
          </ns3:TrackPointExtension>
        </extensions>
      </trkpt>
      <trkpt lat="52.55087158642709255218505859375" lon="-2.83427827991545200347900390625">
        <ele>314.20001220703125</ele>
        <time>2026-05-24T12:23:16.000Z</time>
        <extensions>
          <ns3:TrackPointExtension>
            <ns3:hr>139</ns3:hr>
            <ns3:cad>43</ns3:cad>
          </ns3:TrackPointExtension>
        </extensions>
      </trkpt>
      <trkpt lat="52.550865970551967620849609375" lon="-2.8342877514660358428955078125">
        <ele>314.399993896484375</ele>
        <time>2026-05-24T12:23:17.000Z</time>
        <extensions>
          <ns3:TrackPointExtension>
            <ns3:hr>140</ns3:hr>
            <ns3:cad>53</ns3:cad>
          </ns3:TrackPointExtension>
        </extensions>
      </trkpt>
      <trkpt lat="52.55084459669888019561767578125" lon="-2.83433309756219387054443359375">
        <ele>315.20001220703125</ele>
        <time>2026-05-24T12:23:21.000Z</time>
        <extensions>
          <ns3:TrackPointExtension>
            <ns3:hr>141</ns3:hr>
            <ns3:cad>0</ns3:cad>
          </ns3:TrackPointExtension>
        </extensions>
      </trkpt>
      <trkpt lat="52.5508295930922031402587890625" lon="-2.834365032613277435302734375">
        <ele>315.399993896484375</ele>
        <time>2026-05-24T12:23:24.000Z</time>
        <extensions>
          <ns3:TrackPointExtension>
            <ns3:hr>142</ns3:hr>
            <ns3:cad>48</ns3:cad>
          </ns3:TrackPointExtension>
        </extensions>
      </trkpt>
      <trkpt lat="52.55080855451524257659912109375" lon="-2.83439478836953639984130859375">
        <ele>315.79998779296875</ele>
        <time>2026-05-24T12:23:27.000Z</time>
        <extensions>
          <ns3:TrackPointExtension>
            <ns3:hr>143</ns3:hr>
            <ns3:cad>48</ns3:cad>
          </ns3:TrackPointExtension>
        </extensions>
      </trkpt>
      <trkpt lat="52.55080260336399078369140625" lon="-2.83440836705267429351806640625">
        <ele>315.79998779296875</ele>
        <time>2026-05-24T12:23:28.000Z</time>
        <extensions>
          <ns3:TrackPointExtension>
            <ns3:hr>142</ns3:hr>
            <ns3:cad>46</ns3:cad>
          </ns3:TrackPointExtension>
        </extensions>
      </trkpt>
      <trkpt lat="52.55077050067484378814697265625" lon="-2.8344471752643585205078125">
        <ele>316.399993896484375</ele>
        <time>2026-05-24T12:23:32.000Z</time>
        <extensions>
          <ns3:TrackPointExtension>
            <ns3:hr>143</ns3:hr>
            <ns3:cad>0</ns3:cad>
          </ns3:TrackPointExtension>
        </extensions>
      </trkpt>
      <trkpt lat="52.55073747597634792327880859375" lon="-2.83449034206569194793701171875">
        <ele>317.20001220703125</ele>
        <time>2026-05-24T12:23:37.000Z</time>
        <extensions>
          <ns3:TrackPointExtension>
            <ns3:hr>145</ns3:hr>
            <ns3:cad>50</ns3:cad>
          </ns3:TrackPointExtension>
        </extensions>
      </trkpt>
      <trkpt lat="52.55073278211057186126708984375" lon="-2.8345035016536712646484375">
        <ele>317.399993896484375</ele>
        <time>2026-05-24T12:23:38.000Z</time>
        <extensions>
          <ns3:TrackPointExtension>
            <ns3:hr>146</ns3:hr>
            <ns3:cad>47</ns3:cad>
          </ns3:TrackPointExtension>
        </extensions>
      </trkpt>
      <trkpt lat="52.5507216341793537139892578125" lon="-2.834562174975872039794921875">
        <ele>317.79998779296875</ele>
        <time>2026-05-24T12:23:42.000Z</time>
        <extensions>
          <ns3:TrackPointExtension>
            <ns3:hr>146</ns3:hr>
            <ns3:cad>47</ns3:cad>
          </ns3:TrackPointExtension>
        </extensions>
      </trkpt>
      <trkpt lat="52.55072909407317638397216796875" lon="-2.83461816608905792236328125">
        <ele>318.399993896484375</ele>
        <time>2026-05-24T12:23:48.000Z</time>
        <extensions>
          <ns3:TrackPointExtension>
            <ns3:hr>146</ns3:hr>
            <ns3:cad>45</ns3:cad>
          </ns3:TrackPointExtension>
        </extensions>
      </trkpt>
      <trkpt lat="52.5507296808063983917236328125" lon="-2.83465110696852207183837890625">
        <ele>318.600006103515625</ele>
        <time>2026-05-24T12:23:56.000Z</time>
        <extensions>
          <ns3:TrackPointExtension>
            <ns3:hr>148</ns3:hr>
            <ns3:cad>0</ns3:cad>
          </ns3:TrackPointExtension>
        </extensions>
      </trkpt>
      <trkpt lat="52.55071802996098995208740234375" lon="-2.83468429930508136749267578125">
        <ele>319.600006103515625</ele>
        <time>2026-05-24T12:24:00.000Z</time>
        <extensions>
          <ns3:TrackPointExtension>
            <ns3:hr>150</ns3:hr>
            <ns3:cad>0</ns3:cad>
          </ns3:TrackPointExtension>
        </extensions>
      </trkpt>
      <trkpt lat="52.55071316845715045928955078125" lon="-2.834695279598236083984375">
        <ele>319.79998779296875</ele>
        <time>2026-05-24T12:24:01.000Z</time>
        <extensions>
          <ns3:TrackPointExtension>
            <ns3:hr>150</ns3:hr>
            <ns3:cad>0</ns3:cad>
          </ns3:TrackPointExtension>
        </extensions>
      </trkpt>
      <trkpt lat="52.5507075525820255279541015625" lon="-2.83474816940724849700927734375">
        <ele>319.79998779296875</ele>
        <time>2026-05-24T12:24:04.000Z</time>
        <extensions>
          <ns3:TrackPointExtension>
            <ns3:hr>149</ns3:hr>
            <ns3:cad>0</ns3:cad>
          </ns3:TrackPointExtension>
        </extensions>
      </trkpt>
      <trkpt lat="52.55072356201708316802978515625" lon="-2.8348154760897159576416015625">
        <ele>320.600006103515625</ele>
        <time>2026-05-24T12:24:09.000Z</time>
        <extensions>
          <ns3:TrackPointExtension>
            <ns3:hr>149</ns3:hr>
            <ns3:cad>0</ns3:cad>
          </ns3:TrackPointExtension>
        </extensions>
      </trkpt>
      <trkpt lat="52.55072356201708316802978515625" lon="-2.834826372563838958740234375">
        <ele>320.79998779296875</ele>
        <time>2026-05-24T12:24:10.000Z</time>
        <extensions>
          <ns3:TrackPointExtension>
            <ns3:hr>149</ns3:hr>
            <ns3:cad>0</ns3:cad>
          </ns3:TrackPointExtension>
        </extensions>
      </trkpt>
      <trkpt lat="52.55070872604846954345703125" lon="-2.8348634205758571624755859375">
        <ele>322</ele>
        <time>2026-05-24T12:24:14.000Z</time>
        <extensions>
          <ns3:TrackPointExtension>
            <ns3:hr>148</ns3:hr>
            <ns3:cad>46</ns3:cad>
          </ns3:TrackPointExtension>
        </extensions>
      </trkpt>
      <trkpt lat="52.55069120787084102630615234375" lon="-2.834893763065338134765625">
        <ele>322.399993896484375</ele>
        <time>2026-05-24T12:24:17.000Z</time>
        <extensions>
          <ns3:TrackPointExtension>
            <ns3:hr>149</ns3:hr>
            <ns3:cad>46</ns3:cad>
          </ns3:TrackPointExtension>
        </extensions>
      </trkpt>
      <trkpt lat="52.55068860948085784912109375" lon="-2.83491589128971099853515625">
        <ele>322.79998779296875</ele>
        <time>2026-05-24T12:24:19.000Z</time>
        <extensions>
          <ns3:TrackPointExtension>
            <ns3:hr>149</ns3:hr>
            <ns3:cad>45</ns3:cad>
          </ns3:TrackPointExtension>
        </extensions>
      </trkpt>
      <trkpt lat="52.550688274204730987548828125" lon="-2.834928296506404876708984375">
        <ele>323</ele>
        <time>2026-05-24T12:24:20.000Z</time>
        <extensions>
          <ns3:TrackPointExtension>
            <ns3:hr>149</ns3:hr>
            <ns3:cad>45</ns3:cad>
          </ns3:TrackPointExtension>
        </extensions>
      </trkpt>
      <trkpt lat="52.55069933831691741943359375" lon="-2.83495352603495121002197265625">
        <ele>323.20001220703125</ele>
        <time>2026-05-24T12:24:22.000Z</time>
        <extensions>
          <ns3:TrackPointExtension>
            <ns3:hr>149</ns3:hr>
            <ns3:cad>44</ns3:cad>
          </ns3:TrackPointExtension>
        </extensions>
      </trkpt>
      <trkpt lat="52.55071886815130710601806640625" lon="-2.83497012220323085784912109375">
        <ele>323.20001220703125</ele>
        <time>2026-05-24T12:24:24.000Z</time>
        <extensions>
          <ns3:TrackPointExtension>
            <ns3:hr>149</ns3:hr>
            <ns3:cad>44</ns3:cad>
          </ns3:TrackPointExtension>
        </extensions>
      </trkpt>
      <trkpt lat="52.55072825588285923004150390625" lon="-2.8349931724369525909423828125">
        <ele>323.600006103515625</ele>
        <time>2026-05-24T12:24:29.000Z</time>
        <extensions>
          <ns3:TrackPointExtension>
            <ns3:hr>149</ns3:hr>
            <ns3:cad>0</ns3:cad>
          </ns3:TrackPointExtension>
        </extensions>
      </trkpt>
      <trkpt lat="52.5507119111716747283935546875" lon="-2.83502359874546527862548828125">
        <ele>324</ele>
        <time>2026-05-24T12:24:33.000Z</time>
        <extensions>
          <ns3:TrackPointExtension>
            <ns3:hr>150</ns3:hr>
            <ns3:cad>51</ns3:cad>
          </ns3:TrackPointExtension>
        </extensions>
      </trkpt>
      <trkpt lat="52.55070336163043975830078125" lon="-2.835069783031940460205078125">
        <ele>324.20001220703125</ele>
        <time>2026-05-24T12:24:38.000Z</time>
        <extensions>
          <ns3:TrackPointExtension>
            <ns3:hr>149</ns3:hr>
            <ns3:cad>0</ns3:cad>
          </ns3:TrackPointExtension>
        </extensions>
      </trkpt>
      <trkpt lat="52.55069975741207599639892578125" lon="-2.8351209126412868499755859375">
        <ele>325</ele>
        <time>2026-05-24T12:24:42.000Z</time>
        <extensions>
          <ns3:TrackPointExtension>
            <ns3:hr>150</ns3:hr>
            <ns3:cad>0</ns3:cad>
          </ns3:TrackPointExtension>
        </extensions>
      </trkpt>
      <trkpt lat="52.55070109851658344268798828125" lon="-2.8351271152496337890625">
        <ele>325.399993896484375</ele>
        <time>2026-05-24T12:24:43.000Z</time>
        <extensions>
          <ns3:TrackPointExtension>
            <ns3:hr>151</ns3:hr>
            <ns3:cad>0</ns3:cad>
          </ns3:TrackPointExtension>
        </extensions>
      </trkpt>
      <trkpt lat="52.55070336163043975830078125" lon="-2.83515268005430698394775390625">
        <ele>326.20001220703125</ele>
        <time>2026-05-24T12:24:46.000Z</time>
        <extensions>
          <ns3:TrackPointExtension>
            <ns3:hr>150</ns3:hr>
            <ns3:cad>0</ns3:cad>
          </ns3:TrackPointExtension>
        </extensions>
      </trkpt>
      <trkpt lat="52.5506879389286041259765625" lon="-2.8352054022252559661865234375">
        <ele>326.79998779296875</ele>
        <time>2026-05-24T12:24:51.000Z</time>
        <extensions>
          <ns3:TrackPointExtension>
            <ns3:hr>148</ns3:hr>
            <ns3:cad>0</ns3:cad>
          </ns3:TrackPointExtension>
        </extensions>
      </trkpt>
      <trkpt lat="52.5506830774247646331787109375" lon="-2.83528377301990985870361328125">
        <ele>326.79998779296875</ele>
        <time>2026-05-24T12:24:58.000Z</time>
        <extensions>
          <ns3:TrackPointExtension>
            <ns3:hr>149</ns3:hr>
            <ns3:cad>0</ns3:cad>
          </ns3:TrackPointExtension>
        </extensions>
      </trkpt>
      <trkpt lat="52.550681568682193756103515625" lon="-2.83529919572174549102783203125">
        <ele>327.399993896484375</ele>
        <time>2026-05-24T12:25:00.000Z</time>
        <extensions>
          <ns3:TrackPointExtension>
            <ns3:hr>149</ns3:hr>
            <ns3:cad>0</ns3:cad>
          </ns3:TrackPointExtension>
        </extensions>
      </trkpt>
      <trkpt lat="52.55067192949354648590087890625" lon="-2.83532752655446529388427734375">
        <ele>328.399993896484375</ele>
        <time>2026-05-24T12:25:03.000Z</time>
        <extensions>
          <ns3:TrackPointExtension>
            <ns3:hr>149</ns3:hr>
            <ns3:cad>42</ns3:cad>
          </ns3:TrackPointExtension>
        </extensions>
      </trkpt>
      <trkpt lat="52.5506683252751827239990234375" lon="-2.83533959649503231048583984375">
        <ele>328.600006103515625</ele>
        <time>2026-05-24T12:25:04.000Z</time>
        <extensions>
          <ns3:TrackPointExtension>
            <ns3:hr>149</ns3:hr>
            <ns3:cad>42</ns3:cad>
          </ns3:TrackPointExtension>
        </extensions>
      </trkpt>
      <trkpt lat="52.550647370517253875732421875" lon="-2.8354042209684848785400390625">
        <ele>329.20001220703125</ele>
        <time>2026-05-24T12:25:09.000Z</time>
        <extensions>
          <ns3:TrackPointExtension>
            <ns3:hr>150</ns3:hr>
            <ns3:cad>43</ns3:cad>
          </ns3:TrackPointExtension>
        </extensions>
      </trkpt>
      <trkpt lat="52.550640664994716644287109375" lon="-2.83544001169502735137939453125">
        <ele>330</ele>
        <time>2026-05-24T12:25:11.000Z</time>
        <extensions>
          <ns3:TrackPointExtension>
            <ns3:hr>151</ns3:hr>
            <ns3:cad>43</ns3:cad>
          </ns3:TrackPointExtension>
        </extensions>
      </trkpt>
      <trkpt lat="52.5506369769573211669921875" lon="-2.83546884544193744659423828125">
        <ele>330.399993896484375</ele>
        <time>2026-05-24T12:25:13.000Z</time>
        <extensions>
          <ns3:TrackPointExtension>
            <ns3:hr>151</ns3:hr>
            <ns3:cad>43</ns3:cad>
          </ns3:TrackPointExtension>
        </extensions>
      </trkpt>
      <trkpt lat="52.550638653337955474853515625" lon="-2.8354957513511180877685546875">
        <ele>330.600006103515625</ele>
        <time>2026-05-24T12:25:15.000Z</time>
        <extensions>
          <ns3:TrackPointExtension>
            <ns3:hr>152</ns3:hr>
            <ns3:cad>52</ns3:cad>
          </ns3:TrackPointExtension>
        </extensions>
      </trkpt>
      <trkpt lat="52.55064343102276325225830078125" lon="-2.83552785404026508331298828125">
        <ele>331</ele>
        <time>2026-05-24T12:25:18.000Z</time>
        <extensions>
          <ns3:TrackPointExtension>
            <ns3:hr>152</ns3:hr>
            <ns3:cad>50</ns3:cad>
          </ns3:TrackPointExtension>
        </extensions>
      </trkpt>
      <trkpt lat="52.550652064383029937744140625" lon="-2.8355470485985279083251953125">
        <ele>331.399993896484375</ele>
        <time>2026-05-24T12:25:20.000Z</time>
        <extensions>
          <ns3:TrackPointExtension>
            <ns3:hr>152</ns3:hr>
            <ns3:cad>48</ns3:cad>
          </ns3:TrackPointExtension>
        </extensions>
      </trkpt>
      <trkpt lat="52.550656087696552276611328125" lon="-2.8355658240616321563720703125">
        <ele>332</ele>
        <time>2026-05-24T12:25:23.000Z</time>
        <extensions>
          <ns3:TrackPointExtension>
            <ns3:hr>151</ns3:hr>
            <ns3:cad>45</ns3:cad>
          </ns3:TrackPointExtension>
        </extensions>
      </trkpt>
      <trkpt lat="52.55065499804913997650146484375" lon="-2.8355790674686431884765625">
        <ele>332.79998779296875</ele>
        <time>2026-05-24T12:25:25.000Z</time>
        <extensions>
          <ns3:TrackPointExtension>
            <ns3:hr>150</ns3:hr>
            <ns3:cad>0</ns3:cad>
          </ns3:TrackPointExtension>
        </extensions>
      </trkpt>
      <trkpt lat="52.55065281875431537628173828125" lon="-2.83559449017047882080078125">
        <ele>333.399993896484375</ele>
        <time>2026-05-24T12:25:27.000Z</time>
        <extensions>
          <ns3:TrackPointExtension>
            <ns3:hr>150</ns3:hr>
            <ns3:cad>75</ns3:cad>
          </ns3:TrackPointExtension>
        </extensions>
      </trkpt>
      <trkpt lat="52.55064929835498332977294921875" lon="-2.83562156371772289276123046875">
        <ele>334</ele>
        <time>2026-05-24T12:25:29.000Z</time>
        <extensions>
          <ns3:TrackPointExtension>
            <ns3:hr>150</ns3:hr>
            <ns3:cad>0</ns3:cad>
          </ns3:TrackPointExtension>
        </extensions>
      </trkpt>
      <trkpt lat="52.55064435303211212158203125" lon="-2.83564100973308086395263671875">
        <ele>334.600006103515625</ele>
        <time>2026-05-24T12:25:31.000Z</time>
        <extensions>
          <ns3:TrackPointExtension>
            <ns3:hr>150</ns3:hr>
            <ns3:cad>0</ns3:cad>
          </ns3:TrackPointExtension>
        </extensions>
      </trkpt>
      <trkpt lat="52.5506378151476383209228515625" lon="-2.835679315030574798583984375">
        <ele>334.600006103515625</ele>
        <time>2026-05-24T12:25:35.000Z</time>
        <extensions>
          <ns3:TrackPointExtension>
            <ns3:hr>151</ns3:hr>
            <ns3:cad>44</ns3:cad>
          </ns3:TrackPointExtension>
        </extensions>
      </trkpt>
      <trkpt lat="52.55062934942543506622314453125" lon="-2.83575567416846752166748046875">
        <ele>334.600006103515625</ele>
        <time>2026-05-24T12:25:41.000Z</time>
        <extensions>
          <ns3:TrackPointExtension>
            <ns3:hr>154</ns3:hr>
            <ns3:cad>0</ns3:cad>
          </ns3:TrackPointExtension>
        </extensions>
      </trkpt>
      <trkpt lat="52.55062884651124477386474609375" lon="-2.83580370247364044189453125">
        <ele>334.79998779296875</ele>
        <time>2026-05-24T12:25:45.000Z</time>
        <extensions>
          <ns3:TrackPointExtension>
            <ns3:hr>155</ns3:hr>
            <ns3:cad>53</ns3:cad>
          </ns3:TrackPointExtension>
        </extensions>
      </trkpt>
      <trkpt lat="52.55062180571258068084716796875" lon="-2.83585391007363796234130859375">
        <ele>335.399993896484375</ele>
        <time>2026-05-24T12:25:50.000Z</time>
        <extensions>
          <ns3:TrackPointExtension>
            <ns3:hr>154</ns3:hr>
            <ns3:cad>41</ns3:cad>
          </ns3:TrackPointExtension>
        </extensions>
      </trkpt>
      <trkpt lat="52.55061795003712177276611328125" lon="-2.83586095087230205535888671875">
        <ele>335.79998779296875</ele>
        <time>2026-05-24T12:25:51.000Z</time>
        <extensions>
          <ns3:TrackPointExtension>
            <ns3:hr>155</ns3:hr>
            <ns3:cad>41</ns3:cad>
          </ns3:TrackPointExtension>
        </extensions>
      </trkpt>
      <trkpt lat="52.5505994260311126708984375" lon="-2.83592901192605495452880859375">
        <ele>336.20001220703125</ele>
        <time>2026-05-24T12:25:56.000Z</time>
        <extensions>
          <ns3:TrackPointExtension>
            <ns3:hr>156</ns3:hr>
            <ns3:cad>0</ns3:cad>
          </ns3:TrackPointExtension>
        </extensions>
      </trkpt>
      <trkpt lat="52.550575621426105499267578125" lon="-2.836007885634899139404296875">
        <ele>336.79998779296875</ele>
        <time>2026-05-24T12:26:02.000Z</time>
        <extensions>
          <ns3:TrackPointExtension>
            <ns3:hr>154</ns3:hr>
            <ns3:cad>51</ns3:cad>
          </ns3:TrackPointExtension>
        </extensions>
      </trkpt>
      <trkpt lat="52.55055944435298442840576171875" lon="-2.83607049845159053802490234375">
        <ele>337.600006103515625</ele>
        <time>2026-05-24T12:26:07.000Z</time>
        <extensions>
          <ns3:TrackPointExtension>
            <ns3:hr>155</ns3:hr>
            <ns3:cad>0</ns3:cad>
          </ns3:TrackPointExtension>
        </extensions>
      </trkpt>
      <trkpt lat="52.550538741052150726318359375" lon="-2.8361237235367298126220703125">
        <ele>337.79998779296875</ele>
        <time>2026-05-24T12:26:11.000Z</time>
        <extensions>
          <ns3:TrackPointExtension>
            <ns3:hr>155</ns3:hr>
            <ns3:cad>0</ns3:cad>
          </ns3:TrackPointExtension>
        </extensions>
      </trkpt>
      <trkpt lat="52.55053572356700897216796875" lon="-2.83612883649766445159912109375">
        <ele>338</ele>
        <time>2026-05-24T12:26:12.000Z</time>
        <extensions>
          <ns3:TrackPointExtension>
            <ns3:hr>154</ns3:hr>
            <ns3:cad>48</ns3:cad>
          </ns3:TrackPointExtension>
        </extensions>
      </trkpt>
      <trkpt lat="52.55053211934864521026611328125" lon="-2.83613520674407482147216796875">
        <ele>338.20001220703125</ele>
        <time>2026-05-24T12:26:13.000Z</time>
        <extensions>
          <ns3:TrackPointExtension>
            <ns3:hr>154</ns3:hr>
            <ns3:cad>48</ns3:cad>
          </ns3:TrackPointExtension>
        </extensions>
      </trkpt>
      <trkpt lat="52.5505291856825351715087890625" lon="-2.8361458517611026763916015625">
        <ele>338.399993896484375</ele>
        <time>2026-05-24T12:26:14.000Z</time>
        <extensions>
          <ns3:TrackPointExtension>
            <ns3:hr>154</ns3:hr>
            <ns3:cad>48</ns3:cad>
          </ns3:TrackPointExtension>
        </extensions>
      </trkpt>
      <trkpt lat="52.55052356980741024017333984375" lon="-2.8361718356609344482421875">
        <ele>339</ele>
        <time>2026-05-24T12:26:17.000Z</time>
        <extensions>
          <ns3:TrackPointExtension>
            <ns3:hr>154</ns3:hr>
            <ns3:cad>0</ns3:cad>
          </ns3:TrackPointExtension>
        </extensions>
      </trkpt>
      <trkpt lat="52.550519295036792755126953125" lon="-2.836176864802837371826171875">
        <ele>339.399993896484375</ele>
        <time>2026-05-24T12:26:18.000Z</time>
        <extensions>
          <ns3:TrackPointExtension>
            <ns3:hr>154</ns3:hr>
            <ns3:cad>0</ns3:cad>
          </ns3:TrackPointExtension>
        </extensions>
      </trkpt>
      <trkpt lat="52.55048551596701145172119140625" lon="-2.8362595103681087493896484375">
        <ele>340</ele>
        <time>2026-05-24T12:26:25.000Z</time>
        <extensions>
          <ns3:TrackPointExtension>
            <ns3:hr>153</ns3:hr>
            <ns3:cad>0</ns3:cad>
          </ns3:TrackPointExtension>
        </extensions>
      </trkpt>
      <trkpt lat="52.5504695065319538116455078125" lon="-2.83632363192737102508544921875">
        <ele>340.600006103515625</ele>
        <time>2026-05-24T12:26:29.000Z</time>
        <extensions>
          <ns3:TrackPointExtension>
            <ns3:hr>153</ns3:hr>
            <ns3:cad>50</ns3:cad>
          </ns3:TrackPointExtension>
        </extensions>
      </trkpt>
      <trkpt lat="52.55045768804848194122314453125" lon="-2.836404182016849517822265625">
        <ele>340.79998779296875</ele>
        <time>2026-05-24T12:26:34.000Z</time>
        <extensions>
          <ns3:TrackPointExtension>
            <ns3:hr>154</ns3:hr>
            <ns3:cad>52</ns3:cad>
          </ns3:TrackPointExtension>
        </extensions>
      </trkpt>
      <trkpt lat="52.55045550875365734100341796875" lon="-2.83641801215708255767822265625">
        <ele>341</ele>
        <time>2026-05-24T12:26:35.000Z</time>
        <extensions>
          <ns3:TrackPointExtension>
            <ns3:hr>154</ns3:hr>
            <ns3:cad>51</ns3:cad>
          </ns3:TrackPointExtension>
        </extensions>
      </trkpt>
      <trkpt lat="52.55045517347753047943115234375" lon="-2.836434356868267059326171875">
        <ele>341.20001220703125</ele>
        <time>2026-05-24T12:26:36.000Z</time>
        <extensions>
          <ns3:TrackPointExtension>
            <ns3:hr>155</ns3:hr>
            <ns3:cad>51</ns3:cad>
          </ns3:TrackPointExtension>
        </extensions>
      </trkpt>
      <trkpt lat="52.55045450292527675628662109375" lon="-2.83649914897978305816650390625">
        <ele>342</ele>
        <time>2026-05-24T12:26:41.000Z</time>
        <extensions>
          <ns3:TrackPointExtension>
            <ns3:hr>154</ns3:hr>
            <ns3:cad>50</ns3:cad>
          </ns3:TrackPointExtension>
        </extensions>
      </trkpt>
      <trkpt lat="52.550448887050151824951171875" lon="-2.83650987781584262847900390625">
        <ele>342.20001220703125</ele>
        <time>2026-05-24T12:26:42.000Z</time>
        <extensions>
          <ns3:TrackPointExtension>
            <ns3:hr>153</ns3:hr>
            <ns3:cad>49</ns3:cad>
          </ns3:TrackPointExtension>
        </extensions>
      </trkpt>
      <trkpt lat="52.55042701028287410736083984375" lon="-2.836563102900981903076171875">
        <ele>343.20001220703125</ele>
        <time>2026-05-24T12:26:46.000Z</time>
        <extensions>
          <ns3:TrackPointExtension>
            <ns3:hr>154</ns3:hr>
            <ns3:cad>47</ns3:cad>
          </ns3:TrackPointExtension>
        </extensions>
      </trkpt>
      <trkpt lat="52.550418376922607421875" lon="-2.83659160137176513671875">
        <ele>343.399993896484375</ele>
        <time>2026-05-24T12:26:48.000Z</time>
        <extensions>
          <ns3:TrackPointExtension>
            <ns3:hr>154</ns3:hr>
            <ns3:cad>47</ns3:cad>
          </ns3:TrackPointExtension>
        </extensions>
      </trkpt>
      <trkpt lat="52.55040018819272518157958984375" lon="-2.83665237016975879669189453125">
        <ele>344</ele>
        <time>2026-05-24T12:26:52.000Z</time>
        <extensions>
          <ns3:TrackPointExtension>
            <ns3:hr>154</ns3:hr>
            <ns3:cad>48</ns3:cad>
          </ns3:TrackPointExtension>
        </extensions>
      </trkpt>
      <trkpt lat="52.55039717070758342742919921875" lon="-2.8366765938699245452880859375">
        <ele>344.399993896484375</ele>
        <time>2026-05-24T12:26:54.000Z</time>
        <extensions>
          <ns3:TrackPointExtension>
            <ns3:hr>154</ns3:hr>
            <ns3:cad>48</ns3:cad>
          </ns3:TrackPointExtension>
        </extensions>
      </trkpt>
      <trkpt lat="52.55039281211793422698974609375" lon="-2.83671858720481395721435546875">
        <ele>344.79998779296875</ele>
        <time>2026-05-24T12:26:57.000Z</time>
        <extensions>
          <ns3:TrackPointExtension>
            <ns3:hr>154</ns3:hr>
            <ns3:cad>48</ns3:cad>
          </ns3:TrackPointExtension>
        </extensions>
      </trkpt>
      <trkpt lat="52.55038392730057239532470703125" lon="-2.8368096984922885894775390625">
        <ele>345.399993896484375</ele>
        <time>2026-05-24T12:27:03.000Z</time>
        <extensions>
          <ns3:TrackPointExtension>
            <ns3:hr>153</ns3:hr>
            <ns3:cad>47</ns3:cad>
          </ns3:TrackPointExtension>
        </extensions>
      </trkpt>
      <trkpt lat="52.55038292147219181060791015625" lon="-2.8368824534118175506591796875">
        <ele>346.20001220703125</ele>
        <time>2026-05-24T12:27:09.000Z</time>
        <extensions>
          <ns3:TrackPointExtension>
            <ns3:hr>153</ns3:hr>
            <ns3:cad>50</ns3:cad>
          </ns3:TrackPointExtension>
        </extensions>
      </trkpt>
      <trkpt lat="52.550381831824779510498046875" lon="-2.836903743445873260498046875">
        <ele>346.79998779296875</ele>
        <time>2026-05-24T12:27:11.000Z</time>
        <extensions>
          <ns3:TrackPointExtension>
            <ns3:hr>152</ns3:hr>
            <ns3:cad>44</ns3:cad>
          </ns3:TrackPointExtension>
        </extensions>
      </trkpt>
      <trkpt lat="52.5503796525299549102783203125" lon="-2.836980186402797698974609375">
        <ele>347.600006103515625</ele>
        <time>2026-05-24T12:27:16.000Z</time>
        <extensions>
          <ns3:TrackPointExtension>
            <ns3:hr>153</ns3:hr>
            <ns3:cad>44</ns3:cad>
          </ns3:TrackPointExtension>
        </extensions>
      </trkpt>
      <trkpt lat="52.5503813289105892181396484375" lon="-2.83701312728226184844970703125">
        <ele>348</ele>
        <time>2026-05-24T12:27:18.000Z</time>
        <extensions>
          <ns3:TrackPointExtension>
            <ns3:hr>153</ns3:hr>
            <ns3:cad>44</ns3:cad>
          </ns3:TrackPointExtension>
        </extensions>
      </trkpt>
      <trkpt lat="52.55038325674831867218017578125" lon="-2.83706928603351116180419921875">
        <ele>348.399993896484375</ele>
        <time>2026-05-24T12:27:22.000Z</time>
        <extensions>
          <ns3:TrackPointExtension>
            <ns3:hr>153</ns3:hr>
            <ns3:cad>45</ns3:cad>
          </ns3:TrackPointExtension>
        </extensions>
      </trkpt>
      <trkpt lat="52.5503902137279510498046875" lon="-2.83714891411364078521728515625">
        <ele>349</ele>
        <time>2026-05-24T12:27:28.000Z</time>
        <extensions>
          <ns3:TrackPointExtension>
            <ns3:hr>154</ns3:hr>
            <ns3:cad>48</ns3:cad>
          </ns3:TrackPointExtension>
        </extensions>
      </trkpt>
      <trkpt lat="52.5503913871943950653076171875" lon="-2.83722602762281894683837890625">
        <ele>350</ele>
        <time>2026-05-24T12:27:33.000Z</time>
        <extensions>
          <ns3:TrackPointExtension>
            <ns3:hr>154</ns3:hr>
            <ns3:cad>46</ns3:cad>
          </ns3:TrackPointExtension>
        </extensions>
      </trkpt>
      <trkpt lat="52.55039230920374393463134765625" lon="-2.83723776228725910186767578125">
        <ele>350</ele>
        <time>2026-05-24T12:27:34.000Z</time>
        <extensions>
          <ns3:TrackPointExtension>
            <ns3:hr>154</ns3:hr>
            <ns3:cad>46</ns3:cad>
          </ns3:TrackPointExtension>
        </extensions>
      </trkpt>
      <trkpt lat="52.5503967516124248504638671875" lon="-2.83728956244885921478271484375">
        <ele>350.600006103515625</ele>
        <time>2026-05-24T12:27:39.000Z</time>
        <extensions>
          <ns3:TrackPointExtension>
            <ns3:hr>153</ns3:hr>
            <ns3:cad>47</ns3:cad>
          </ns3:TrackPointExtension>
        </extensions>
      </trkpt>
      <trkpt lat="52.55038996227085590362548828125" lon="-2.83734438009560108184814453125">
        <ele>351.20001220703125</ele>
        <time>2026-05-24T12:27:43.000Z</time>
        <extensions>
          <ns3:TrackPointExtension>
            <ns3:hr>153</ns3:hr>
            <ns3:cad>46</ns3:cad>
          </ns3:TrackPointExtension>
        </extensions>
      </trkpt>
      <trkpt lat="52.55038845352828502655029296875" lon="-2.837377823889255523681640625">
        <ele>351.600006103515625</ele>
        <time>2026-05-24T12:27:45.000Z</time>
        <extensions>
          <ns3:TrackPointExtension>
            <ns3:hr>153</ns3:hr>
            <ns3:cad>49</ns3:cad>
          </ns3:TrackPointExtension>
        </extensions>
      </trkpt>
      <trkpt lat="52.5503994338214397430419921875" lon="-2.83744680695235729217529296875">
        <ele>351.79998779296875</ele>
        <time>2026-05-24T12:27:51.000Z</time>
        <extensions>
          <ns3:TrackPointExtension>
            <ns3:hr>153</ns3:hr>
            <ns3:cad>48</ns3:cad>
          </ns3:TrackPointExtension>
        </extensions>
      </trkpt>
      <trkpt lat="52.550402618944644927978515625" lon="-2.83746407367289066314697265625">
        <ele>352.20001220703125</ele>
        <time>2026-05-24T12:27:53.000Z</time>
        <extensions>
          <ns3:TrackPointExtension>
            <ns3:hr>153</ns3:hr>
            <ns3:cad>43</ns3:cad>
          </ns3:TrackPointExtension>
        </extensions>
      </trkpt>
      <trkpt lat="52.55039767362177371978759765625" lon="-2.83749877475202083587646484375">
        <ele>353.600006103515625</ele>
        <time>2026-05-24T12:27:57.000Z</time>
        <extensions>
          <ns3:TrackPointExtension>
            <ns3:hr>153</ns3:hr>
            <ns3:cad>46</ns3:cad>
          </ns3:TrackPointExtension>
        </extensions>
      </trkpt>
      <trkpt lat="52.55039582960307598114013671875" lon="-2.83751218579709529876708984375">
        <ele>353.79998779296875</ele>
        <time>2026-05-24T12:27:58.000Z</time>
        <extensions>
          <ns3:TrackPointExtension>
            <ns3:hr>153</ns3:hr>
            <ns3:cad>45</ns3:cad>
          </ns3:TrackPointExtension>
        </extensions>
      </trkpt>
      <trkpt lat="52.550391890108585357666015625" lon="-2.8375872038304805755615234375">
        <ele>354.600006103515625</ele>
        <time>2026-05-24T12:28:04.000Z</time>
        <extensions>
          <ns3:TrackPointExtension>
            <ns3:hr>152</ns3:hr>
            <ns3:cad>42</ns3:cad>
          </ns3:TrackPointExtension>
        </extensions>
      </trkpt>
      <trkpt lat="52.55038945935666561126708984375" lon="-2.83760271035134792327880859375">
        <ele>354.79998779296875</ele>
        <time>2026-05-24T12:28:05.000Z</time>
        <extensions>
          <ns3:TrackPointExtension>
            <ns3:hr>152</ns3:hr>
            <ns3:cad>42</ns3:cad>
          </ns3:TrackPointExtension>
        </extensions>
      </trkpt>
      <trkpt lat="52.55038577131927013397216796875" lon="-2.83766523934900760650634765625">
        <ele>356</ele>
        <time>2026-05-24T12:28:10.000Z</time>
        <extensions>
          <ns3:TrackPointExtension>
            <ns3:hr>153</ns3:hr>
            <ns3:cad>49</ns3:cad>
          </ns3:TrackPointExtension>
        </extensions>
      </trkpt>
      <trkpt lat="52.55036498419940471649169921875" lon="-2.83775903284549713134765625">
        <ele>356.600006103515625</ele>
        <time>2026-05-24T12:28:16.000Z</time>
        <extensions>
          <ns3:TrackPointExtension>
            <ns3:hr>154</ns3:hr>
            <ns3:cad>0</ns3:cad>
          </ns3:TrackPointExtension>
        </extensions>
      </trkpt>
      <trkpt lat="52.5503595359623432159423828125" lon="-2.8377682529389858245849609375">
        <ele>356.600006103515625</ele>
        <time>2026-05-24T12:28:23.000Z</time>
        <extensions>
          <ns3:TrackPointExtension>
            <ns3:hr>153</ns3:hr>
            <ns3:cad>0</ns3:cad>
          </ns3:TrackPointExtension>
        </extensions>
      </trkpt>
      <trkpt lat="52.55035878159105777740478515625" lon="-2.83776263706386089324951171875">
        <ele>357</ele>
        <time>2026-05-24T12:28:28.000Z</time>
        <extensions>
          <ns3:TrackPointExtension>
            <ns3:hr>155</ns3:hr>
            <ns3:cad>0</ns3:cad>
          </ns3:TrackPointExtension>
        </extensions>
      </trkpt>
      <trkpt lat="52.55035945214331150054931640625" lon="-2.83776347525417804718017578125">
        <ele>357</ele>
        <time>2026-05-24T12:28:31.000Z</time>
        <extensions>
          <ns3:TrackPointExtension>
            <ns3:hr>155</ns3:hr>
            <ns3:cad>0</ns3:cad>
          </ns3:TrackPointExtension>
        </extensions>
      </trkpt>
      <trkpt lat="52.550370432436466217041015625" lon="-2.83780555240809917449951171875">
        <ele>357.399993896484375</ele>
        <time>2026-05-24T12:28:37.000Z</time>
        <extensions>
          <ns3:TrackPointExtension>
            <ns3:hr>156</ns3:hr>
            <ns3:cad>0</ns3:cad>
          </ns3:TrackPointExtension>
        </extensions>
      </trkpt>
      <trkpt lat="52.55037420429289340972900390625" lon="-2.83781946636736392974853515625">
        <ele>358</ele>
        <time>2026-05-24T12:28:42.000Z</time>
        <extensions>
          <ns3:TrackPointExtension>
            <ns3:hr>155</ns3:hr>
            <ns3:cad>0</ns3:cad>
          </ns3:TrackPointExtension>
        </extensions>
      </trkpt>
      <trkpt lat="52.5503803230822086334228515625" lon="-2.83783455379307270050048828125">
        <ele>358</ele>
        <time>2026-05-24T12:28:44.000Z</time>
        <extensions>
          <ns3:TrackPointExtension>
            <ns3:hr>154</ns3:hr>
            <ns3:cad>0</ns3:cad>
          </ns3:TrackPointExtension>
        </extensions>
      </trkpt>
      <trkpt lat="52.550379149615764617919921875" lon="-2.8378641419112682342529296875">
        <ele>358.20001220703125</ele>
        <time>2026-05-24T12:28:49.000Z</time>
        <extensions>
          <ns3:TrackPointExtension>
            <ns3:hr>154</ns3:hr>
            <ns3:cad>0</ns3:cad>
          </ns3:TrackPointExtension>
        </extensions>
      </trkpt>
      <trkpt lat="52.55036599002778530120849609375" lon="-2.8379194624722003936767578125">
        <ele>359</ele>
        <time>2026-05-24T12:28:54.000Z</time>
        <extensions>
          <ns3:TrackPointExtension>
            <ns3:hr>153</ns3:hr>
            <ns3:cad>0</ns3:cad>
          </ns3:TrackPointExtension>
        </extensions>
      </trkpt>
      <trkpt lat="52.550359703600406646728515625" lon="-2.837989032268524169921875">
        <ele>360</ele>
        <time>2026-05-24T12:28:59.000Z</time>
        <extensions>
          <ns3:TrackPointExtension>
            <ns3:hr>152</ns3:hr>
            <ns3:cad>0</ns3:cad>
          </ns3:TrackPointExtension>
        </extensions>
      </trkpt>
      <trkpt lat="52.55035878159105777740478515625" lon="-2.83800068311393260955810546875">
        <ele>360.20001220703125</ele>
        <time>2026-05-24T12:29:00.000Z</time>
        <extensions>
          <ns3:TrackPointExtension>
            <ns3:hr>151</ns3:hr>
            <ns3:cad>0</ns3:cad>
          </ns3:TrackPointExtension>
        </extensions>
      </trkpt>
      <trkpt lat="52.55035392008721828460693359375" lon="-2.83804410137236118316650390625">
        <ele>360.79998779296875</ele>
        <time>2026-05-24T12:29:04.000Z</time>
        <extensions>
          <ns3:TrackPointExtension>
            <ns3:hr>151</ns3:hr>
            <ns3:cad>0</ns3:cad>
          </ns3:TrackPointExtension>
        </extensions>
      </trkpt>
      <trkpt lat="52.5503494776785373687744140625" lon="-2.83808668144047260284423828125">
        <ele>361.20001220703125</ele>
        <time>2026-05-24T12:29:07.000Z</time>
        <extensions>
          <ns3:TrackPointExtension>
            <ns3:hr>151</ns3:hr>
            <ns3:cad>48</ns3:cad>
          </ns3:TrackPointExtension>
        </extensions>
      </trkpt>
      <trkpt lat="52.5503488071262836456298828125" lon="-2.8381003439426422119140625">
        <ele>361.20001220703125</ele>
        <time>2026-05-24T12:29:08.000Z</time>
        <extensions>
          <ns3:TrackPointExtension>
            <ns3:hr>152</ns3:hr>
            <ns3:cad>0</ns3:cad>
          </ns3:TrackPointExtension>
        </extensions>
      </trkpt>
      <trkpt lat="52.5503397546708583831787109375" lon="-2.8381514735519886016845703125">
        <ele>361.79998779296875</ele>
        <time>2026-05-24T12:29:12.000Z</time>
        <extensions>
          <ns3:TrackPointExtension>
            <ns3:hr>152</ns3:hr>
            <ns3:cad>44</ns3:cad>
          </ns3:TrackPointExtension>
        </extensions>
      </trkpt>
      <trkpt lat="52.55033045075833797454833984375" lon="-2.8382232226431369781494140625">
        <ele>362.399993896484375</ele>
        <time>2026-05-24T12:29:18.000Z</time>
        <extensions>
          <ns3:TrackPointExtension>
            <ns3:hr>152</ns3:hr>
            <ns3:cad>46</ns3:cad>
          </ns3:TrackPointExtension>
        </extensions>
      </trkpt>
      <trkpt lat="52.550338245928287506103515625" lon="-2.8383003361523151397705078125">
        <ele>363.20001220703125</ele>
        <time>2026-05-24T12:29:24.000Z</time>
        <extensions>
          <ns3:TrackPointExtension>
            <ns3:hr>151</ns3:hr>
            <ns3:cad>43</ns3:cad>
          </ns3:TrackPointExtension>
        </extensions>
      </trkpt>
      <trkpt lat="52.550338245928287506103515625" lon="-2.83831466920673847198486328125">
        <ele>363.399993896484375</ele>
        <time>2026-05-24T12:29:25.000Z</time>
        <extensions>
          <ns3:TrackPointExtension>
            <ns3:hr>151</ns3:hr>
            <ns3:cad>43</ns3:cad>
          </ns3:TrackPointExtension>
        </extensions>
      </trkpt>
      <trkpt lat="52.5503397546708583831787109375" lon="-2.83836965449154376983642578125">
        <ele>364</ele>
        <time>2026-05-24T12:29:29.000Z</time>
        <extensions>
          <ns3:TrackPointExtension>
            <ns3:hr>152</ns3:hr>
            <ns3:cad>47</ns3:cad>
          </ns3:TrackPointExtension>
        </extensions>
      </trkpt>
      <trkpt lat="52.550329864025115966796875" lon="-2.83845640718936920166015625">
        <ele>364.399993896484375</ele>
        <time>2026-05-24T12:29:35.000Z</time>
        <extensions>
          <ns3:TrackPointExtension>
            <ns3:hr>152</ns3:hr>
            <ns3:cad>48</ns3:cad>
          </ns3:TrackPointExtension>
        </extensions>
      </trkpt>
      <trkpt lat="52.5503276847302913665771484375" lon="-2.8384999930858612060546875">
        <ele>364.399993896484375</ele>
        <time>2026-05-24T12:29:38.000Z</time>
        <extensions>
          <ns3:TrackPointExtension>
            <ns3:hr>152</ns3:hr>
            <ns3:cad>48</ns3:cad>
          </ns3:TrackPointExtension>
        </extensions>
      </trkpt>
      <trkpt lat="52.5503280200064182281494140625" lon="-2.83852555789053440093994140625">
        <ele>364.600006103515625</ele>
        <time>2026-05-24T12:29:40.000Z</time>
        <extensions>
          <ns3:TrackPointExtension>
            <ns3:hr>152</ns3:hr>
            <ns3:cad>49</ns3:cad>
          </ns3:TrackPointExtension>
        </extensions>
      </trkpt>
      <trkpt lat="52.55032324232161045074462890625" lon="-2.8385641984641551971435546875">
        <ele>365.20001220703125</ele>
        <time>2026-05-24T12:29:43.000Z</time>
        <extensions>
          <ns3:TrackPointExtension>
            <ns3:hr>153</ns3:hr>
            <ns3:cad>48</ns3:cad>
          </ns3:TrackPointExtension>
        </extensions>
      </trkpt>
      <trkpt lat="52.55031972192227840423583984375" lon="-2.838593535125255584716796875">
        <ele>365.600006103515625</ele>
        <time>2026-05-24T12:29:45.000Z</time>
        <extensions>
          <ns3:TrackPointExtension>
            <ns3:hr>153</ns3:hr>
            <ns3:cad>44</ns3:cad>
          </ns3:TrackPointExtension>
        </extensions>
      </trkpt>
      <trkpt lat="52.55031670443713665008544921875" lon="-2.83863368444144725799560546875">
        <ele>366</ele>
        <time>2026-05-24T12:29:48.000Z</time>
        <extensions>
          <ns3:TrackPointExtension>
            <ns3:hr>151</ns3:hr>
            <ns3:cad>48</ns3:cad>
          </ns3:TrackPointExtension>
        </extensions>
      </trkpt>
      <trkpt lat="52.5503179617226123809814453125" lon="-2.83865631558001041412353515625">
        <ele>366.399993896484375</ele>
        <time>2026-05-24T12:29:50.000Z</time>
        <extensions>
          <ns3:TrackPointExtension>
            <ns3:hr>151</ns3:hr>
            <ns3:cad>48</ns3:cad>
          </ns3:TrackPointExtension>
        </extensions>
      </trkpt>
      <trkpt lat="52.55031787790358066558837890625" lon="-2.838669307529926300048828125">
        <ele>366.600006103515625</ele>
        <time>2026-05-24T12:29:51.000Z</time>
        <extensions>
          <ns3:TrackPointExtension>
            <ns3:hr>151</ns3:hr>
            <ns3:cad>45</ns3:cad>
          </ns3:TrackPointExtension>
        </extensions>
      </trkpt>
      <trkpt lat="52.55032123066484928131103515625" lon="-2.8387187607586383819580078125">
        <ele>367.399993896484375</ele>
        <time>2026-05-24T12:29:55.000Z</time>
        <extensions>
          <ns3:TrackPointExtension>
            <ns3:hr>152</ns3:hr>
            <ns3:cad>45</ns3:cad>
          </ns3:TrackPointExtension>
        </extensions>
      </trkpt>
      <trkpt lat="52.5503250025212764739990234375" lon="-2.83876217901706695556640625">
        <ele>367.600006103515625</ele>
        <time>2026-05-24T12:29:58.000Z</time>
        <extensions>
          <ns3:TrackPointExtension>
            <ns3:hr>152</ns3:hr>
            <ns3:cad>43</ns3:cad>
          </ns3:TrackPointExtension>
        </extensions>
      </trkpt>
      <trkpt lat="52.5503263436257839202880859375" lon="-2.83877290785312652587890625">
        <ele>367.79998779296875</ele>
        <time>2026-05-24T12:29:59.000Z</time>
        <extensions>
          <ns3:TrackPointExtension>
            <ns3:hr>152</ns3:hr>
            <ns3:cad>43</ns3:cad>
          </ns3:TrackPointExtension>
        </extensions>
      </trkpt>
      <trkpt lat="52.55032374523580074310302734375" lon="-2.83884256146848201751708984375">
        <ele>368.399993896484375</ele>
        <time>2026-05-24T12:30:04.000Z</time>
        <extensions>
          <ns3:TrackPointExtension>
            <ns3:hr>151</ns3:hr>
            <ns3:cad>53</ns3:cad>
          </ns3:TrackPointExtension>
        </extensions>
      </trkpt>
      <trkpt lat="52.55032056011259555816650390625" lon="-2.83886670134961605072021484375">
        <ele>368.79998779296875</ele>
        <time>2026-05-24T12:30:06.000Z</time>
        <extensions>
          <ns3:TrackPointExtension>
            <ns3:hr>150</ns3:hr>
            <ns3:cad>48</ns3:cad>
          </ns3:TrackPointExtension>
        </extensions>
      </trkpt>
      <trkpt lat="52.550312094390392303466796875" lon="-2.83892403356730937957763671875">
        <ele>369.20001220703125</ele>
        <time>2026-05-24T12:30:10.000Z</time>
        <extensions>
          <ns3:TrackPointExtension>
            <ns3:hr>152</ns3:hr>
            <ns3:cad>49</ns3:cad>
          </ns3:TrackPointExtension>
        </extensions>
      </trkpt>
      <trkpt lat="52.550302706658840179443359375" lon="-2.8390265442430973052978515625">
        <ele>369.600006103515625</ele>
        <time>2026-05-24T12:30:16.000Z</time>
        <extensions>
          <ns3:TrackPointExtension>
            <ns3:hr>153</ns3:hr>
            <ns3:cad>47</ns3:cad>
          </ns3:TrackPointExtension>
        </extensions>
      </trkpt>
      <trkpt lat="52.55030262283980846405029296875" lon="-2.8390436433255672454833984375">
        <ele>369.79998779296875</ele>
        <time>2026-05-24T12:30:17.000Z</time>
        <extensions>
          <ns3:TrackPointExtension>
            <ns3:hr>153</ns3:hr>
            <ns3:cad>47</ns3:cad>
          </ns3:TrackPointExtension>
        </extensions>
      </trkpt>
      <trkpt lat="52.55029960535466670989990234375" lon="-2.839109860360622406005859375">
        <ele>370.399993896484375</ele>
        <time>2026-05-24T12:30:22.000Z</time>
        <extensions>
          <ns3:TrackPointExtension>
            <ns3:hr>154</ns3:hr>
            <ns3:cad>55</ns3:cad>
          </ns3:TrackPointExtension>
        </extensions>
      </trkpt>
      <trkpt lat="52.5502857752144336700439453125" lon="-2.8391804359853267669677734375">
        <ele>370.79998779296875</ele>
        <time>2026-05-24T12:30:27.000Z</time>
        <extensions>
          <ns3:TrackPointExtension>
            <ns3:hr>154</ns3:hr>
            <ns3:cad>50</ns3:cad>
          </ns3:TrackPointExtension>
        </extensions>
      </trkpt>
      <trkpt lat="52.55027429200708866119384765625" lon="-2.839228212833404541015625">
        <ele>371</ele>
        <time>2026-05-24T12:30:30.000Z</time>
        <extensions>
          <ns3:TrackPointExtension>
            <ns3:hr>153</ns3:hr>
            <ns3:cad>50</ns3:cad>
          </ns3:TrackPointExtension>
        </extensions>
      </trkpt>
      <trkpt lat="52.55025769583880901336669921875" lon="-2.83930054865777492523193359375">
        <ele>371.600006103515625</ele>
        <time>2026-05-24T12:30:36.000Z</time>
        <extensions>
          <ns3:TrackPointExtension>
            <ns3:hr>153</ns3:hr>
            <ns3:cad>52</ns3:cad>
          </ns3:TrackPointExtension>
        </extensions>
      </trkpt>
      <trkpt lat="52.55025166086852550506591796875" lon="-2.83932745456695556640625">
        <ele>372</ele>
        <time>2026-05-24T12:30:38.000Z</time>
        <extensions>
          <ns3:TrackPointExtension>
            <ns3:hr>153</ns3:hr>
            <ns3:cad>48</ns3:cad>
          </ns3:TrackPointExtension>
        </extensions>
      </trkpt>
      <trkpt lat="52.5502411834895610809326171875" lon="-2.8393802605569362640380859375">
        <ele>372.399993896484375</ele>
        <time>2026-05-24T12:30:42.000Z</time>
        <extensions>
          <ns3:TrackPointExtension>
            <ns3:hr>152</ns3:hr>
            <ns3:cad>44</ns3:cad>
          </ns3:TrackPointExtension>
        </extensions>
      </trkpt>
      <trkpt lat="52.55023154430091381072998046875" lon="-2.8394533507525920867919921875">
        <ele>373</ele>
        <time>2026-05-24T12:30:47.000Z</time>
        <extensions>
          <ns3:TrackPointExtension>
            <ns3:hr>151</ns3:hr>
            <ns3:cad>47</ns3:cad>
          </ns3:TrackPointExtension>
        </extensions>
      </trkpt>
      <trkpt lat="52.55022995173931121826171875" lon="-2.839465253055095672607421875">
        <ele>373</ele>
        <time>2026-05-24T12:30:48.000Z</time>
        <extensions>
          <ns3:TrackPointExtension>
            <ns3:hr>151</ns3:hr>
            <ns3:cad>47</ns3:cad>
          </ns3:TrackPointExtension>
        </extensions>
      </trkpt>
      <trkpt lat="52.55022115074098110198974609375" lon="-2.83954597078263759613037109375">
        <ele>373.79998779296875</ele>
        <time>2026-05-24T12:30:53.000Z</time>
        <extensions>
          <ns3:TrackPointExtension>
            <ns3:hr>152</ns3:hr>
            <ns3:cad>45</ns3:cad>
          </ns3:TrackPointExtension>
        </extensions>
      </trkpt>
      <trkpt lat="52.55022014491260051727294921875" lon="-2.83962056972086429595947265625">
        <ele>374.20001220703125</ele>
        <time>2026-05-24T12:30:58.000Z</time>
        <extensions>
          <ns3:TrackPointExtension>
            <ns3:hr>152</ns3:hr>
            <ns3:cad>47</ns3:cad>
          </ns3:TrackPointExtension>
        </extensions>
      </trkpt>
      <trkpt lat="52.55022131837904453277587890625" lon="-2.8397051431238651275634765625">
        <ele>374.600006103515625</ele>
        <time>2026-05-24T12:31:04.000Z</time>
        <extensions>
          <ns3:TrackPointExtension>
            <ns3:hr>153</ns3:hr>
            <ns3:cad>50</ns3:cad>
          </ns3:TrackPointExtension>
        </extensions>
      </trkpt>
      <trkpt lat="52.550222575664520263671875" lon="-2.8397872857749462127685546875">
        <ele>375</ele>
        <time>2026-05-24T12:31:09.000Z</time>
        <extensions>
          <ns3:TrackPointExtension>
            <ns3:hr>153</ns3:hr>
            <ns3:cad>47</ns3:cad>
          </ns3:TrackPointExtension>
        </extensions>
      </trkpt>
      <trkpt lat="52.55022282712161540985107421875" lon="-2.83980413340032100677490234375">
        <ele>375.20001220703125</ele>
        <time>2026-05-24T12:31:10.000Z</time>
        <extensions>
          <ns3:TrackPointExtension>
            <ns3:hr>153</ns3:hr>
            <ns3:cad>47</ns3:cad>
          </ns3:TrackPointExtension>
        </extensions>
      </trkpt>
      <trkpt lat="52.55022333003580570220947265625" lon="-2.839864902198314666748046875">
        <ele>375.600006103515625</ele>
        <time>2026-05-24T12:31:14.000Z</time>
        <extensions>
          <ns3:TrackPointExtension>
            <ns3:hr>151</ns3:hr>
            <ns3:cad>51</ns3:cad>
          </ns3:TrackPointExtension>
        </extensions>
      </trkpt>
      <trkpt lat="52.5502254255115985870361328125" lon="-2.83989365212619304656982421875">
        <ele>375.79998779296875</ele>
        <time>2026-05-24T12:31:16.000Z</time>
        <extensions>
          <ns3:TrackPointExtension>
            <ns3:hr>151</ns3:hr>
            <ns3:cad>48</ns3:cad>
          </ns3:TrackPointExtension>
        </extensions>
      </trkpt>
      <trkpt lat="52.55023741163313388824462890625" lon="-2.83993589691817760467529296875">
        <ele>376.20001220703125</ele>
        <time>2026-05-24T12:31:19.000Z</time>
        <extensions>
          <ns3:TrackPointExtension>
            <ns3:hr>152</ns3:hr>
            <ns3:cad>48</ns3:cad>
          </ns3:TrackPointExtension>
        </extensions>
      </trkpt>
      <trkpt lat="52.5502405129373073577880859375" lon="-2.83994545228779315948486328125">
        <ele>376.399993896484375</ele>
        <time>2026-05-24T12:31:20.000Z</time>
        <extensions>
          <ns3:TrackPointExtension>
            <ns3:hr>151</ns3:hr>
            <ns3:cad>48</ns3:cad>
          </ns3:TrackPointExtension>
        </extensions>
      </trkpt>
      <trkpt lat="52.550248391926288604736328125" lon="-2.84000932238996028900146484375">
        <ele>376.399993896484375</ele>
        <time>2026-05-24T12:31:25.000Z</time>
        <extensions>
          <ns3:TrackPointExtension>
            <ns3:hr>151</ns3:hr>
            <ns3:cad>0</ns3:cad>
          </ns3:TrackPointExtension>
        </extensions>
      </trkpt>
      <trkpt lat="52.55024763755500316619873046875" lon="-2.8400206379592418670654296875">
        <ele>376.600006103515625</ele>
        <time>2026-05-24T12:31:26.000Z</time>
        <extensions>
          <ns3:TrackPointExtension>
            <ns3:hr>150</ns3:hr>
            <ns3:cad>0</ns3:cad>
          </ns3:TrackPointExtension>
        </extensions>
      </trkpt>
      <trkpt lat="52.55025048740208148956298828125" lon="-2.84005508758127689361572265625">
        <ele>377.399993896484375</ele>
        <time>2026-05-24T12:31:29.000Z</time>
        <extensions>
          <ns3:TrackPointExtension>
            <ns3:hr>150</ns3:hr>
            <ns3:cad>0</ns3:cad>
          </ns3:TrackPointExtension>
        </extensions>
      </trkpt>
      <trkpt lat="52.55025350488722324371337890625" lon="-2.84007721580564975738525390625">
        <ele>377.79998779296875</ele>
        <time>2026-05-24T12:31:31.000Z</time>
        <extensions>
          <ns3:TrackPointExtension>
            <ns3:hr>150</ns3:hr>
            <ns3:cad>46</ns3:cad>
          </ns3:TrackPointExtension>
        </extensions>
      </trkpt>
      <trkpt lat="52.5502549298107624053955078125" lon="-2.84013521857559680938720703125">
        <ele>378.399993896484375</ele>
        <time>2026-05-24T12:31:36.000Z</time>
        <extensions>
          <ns3:TrackPointExtension>
            <ns3:hr>151</ns3:hr>
            <ns3:cad>43</ns3:cad>
          </ns3:TrackPointExtension>
        </extensions>
      </trkpt>
      <trkpt lat="52.55025677382946014404296875" lon="-2.840213589370250701904296875">
        <ele>379.20001220703125</ele>
        <time>2026-05-24T12:31:42.000Z</time>
        <extensions>
          <ns3:TrackPointExtension>
            <ns3:hr>151</ns3:hr>
            <ns3:cad>49</ns3:cad>
          </ns3:TrackPointExtension>
        </extensions>
      </trkpt>
      <trkpt lat="52.55025803111493587493896484375" lon="-2.840258516371250152587890625">
        <ele>379.399993896484375</ele>
        <time>2026-05-24T12:31:45.000Z</time>
        <extensions>
          <ns3:TrackPointExtension>
            <ns3:hr>153</ns3:hr>
            <ns3:cad>46</ns3:cad>
          </ns3:TrackPointExtension>
        </extensions>
      </trkpt>
      <trkpt lat="52.550260126590728759765625" lon="-2.84030369482934474945068359375">
        <ele>379.79998779296875</ele>
        <time>2026-05-24T12:31:48.000Z</time>
        <extensions>
          <ns3:TrackPointExtension>
            <ns3:hr>152</ns3:hr>
            <ns3:cad>46</ns3:cad>
          </ns3:TrackPointExtension>
        </extensions>
      </trkpt>
      <trkpt lat="52.55026976577937602996826171875" lon="-2.8403679840266704559326171875">
        <ele>380.600006103515625</ele>
        <time>2026-05-24T12:31:53.000Z</time>
        <extensions>
          <ns3:TrackPointExtension>
            <ns3:hr>152</ns3:hr>
            <ns3:cad>47</ns3:cad>
          </ns3:TrackPointExtension>
        </extensions>
      </trkpt>
      <trkpt lat="52.5502733699977397918701171875" lon="-2.84038080833852291107177734375">
        <ele>380.600006103515625</ele>
        <time>2026-05-24T12:31:54.000Z</time>
        <extensions>
          <ns3:TrackPointExtension>
            <ns3:hr>153</ns3:hr>
            <ns3:cad>47</ns3:cad>
          </ns3:TrackPointExtension>
        </extensions>
      </trkpt>
      <trkpt lat="52.55028761923313140869140625" lon="-2.8404246456921100616455078125">
        <ele>381</ele>
        <time>2026-05-24T12:31:59.000Z</time>
        <extensions>
          <ns3:TrackPointExtension>
            <ns3:hr>153</ns3:hr>
            <ns3:cad>46</ns3:cad>
          </ns3:TrackPointExtension>
        </extensions>
      </trkpt>
      <trkpt lat="52.55029306747019290924072265625" lon="-2.84044400788843631744384765625">
        <ele>381.399993896484375</ele>
        <time>2026-05-24T12:32:01.000Z</time>
        <extensions>
          <ns3:TrackPointExtension>
            <ns3:hr>153</ns3:hr>
            <ns3:cad>46</ns3:cad>
          </ns3:TrackPointExtension>
        </extensions>
      </trkpt>
      <trkpt lat="52.550295330584049224853515625" lon="-2.84045373089611530303955078125">
        <ele>381.600006103515625</ele>
        <time>2026-05-24T12:32:02.000Z</time>
        <extensions>
          <ns3:TrackPointExtension>
            <ns3:hr>152</ns3:hr>
            <ns3:cad>46</ns3:cad>
          </ns3:TrackPointExtension>
        </extensions>
      </trkpt>
      <trkpt lat="52.5503042154014110565185546875" lon="-2.84048415720462799072265625">
        <ele>382.20001220703125</ele>
        <time>2026-05-24T12:32:06.000Z</time>
        <extensions>
          <ns3:TrackPointExtension>
            <ns3:hr>153</ns3:hr>
            <ns3:cad>43</ns3:cad>
          </ns3:TrackPointExtension>
        </extensions>
      </trkpt>
      <trkpt lat="52.55031016655266284942626953125" lon="-2.840504609048366546630859375">
        <ele>382.79998779296875</ele>
        <time>2026-05-24T12:32:08.000Z</time>
        <extensions>
          <ns3:TrackPointExtension>
            <ns3:hr>153</ns3:hr>
            <ns3:cad>49</ns3:cad>
          </ns3:TrackPointExtension>
        </extensions>
      </trkpt>
      <trkpt lat="52.550312764942646026611328125" lon="-2.8405277431011199951171875">
        <ele>383.20001220703125</ele>
        <time>2026-05-24T12:32:10.000Z</time>
        <extensions>
          <ns3:TrackPointExtension>
            <ns3:hr>152</ns3:hr>
            <ns3:cad>46</ns3:cad>
          </ns3:TrackPointExtension>
        </extensions>
      </trkpt>
      <trkpt lat="52.55030983127653598785400390625" lon="-2.84056194126605987548828125">
        <ele>383.79998779296875</ele>
        <time>2026-05-24T12:32:13.000Z</time>
        <extensions>
          <ns3:TrackPointExtension>
            <ns3:hr>153</ns3:hr>
            <ns3:cad>41</ns3:cad>
          </ns3:TrackPointExtension>
        </extensions>
      </trkpt>
      <trkpt lat="52.5503095798194408416748046875" lon="-2.8405714966356754302978515625">
        <ele>384</ele>
        <time>2026-05-24T12:32:14.000Z</time>
        <extensions>
          <ns3:TrackPointExtension>
            <ns3:hr>153</ns3:hr>
            <ns3:cad>41</ns3:cad>
          </ns3:TrackPointExtension>
        </extensions>
      </trkpt>
      <trkpt lat="52.5503253377974033355712890625" lon="-2.84062623046338558197021484375">
        <ele>384.399993896484375</ele>
        <time>2026-05-24T12:32:19.000Z</time>
        <extensions>
          <ns3:TrackPointExtension>
            <ns3:hr>153</ns3:hr>
            <ns3:cad>41</ns3:cad>
          </ns3:TrackPointExtension>
        </extensions>
      </trkpt>
      <trkpt lat="52.55033615045249462127685546875" lon="-2.84067937172949314117431640625">
        <ele>384.79998779296875</ele>
        <time>2026-05-24T12:32:25.000Z</time>
        <extensions>
          <ns3:TrackPointExtension>
            <ns3:hr>153</ns3:hr>
            <ns3:cad>40</ns3:cad>
          </ns3:TrackPointExtension>
        </extensions>
      </trkpt>
      <trkpt lat="52.55033782683312892913818359375" lon="-2.8406848199665546417236328125">
        <ele>385</ele>
        <time>2026-05-24T12:32:26.000Z</time>
        <extensions>
          <ns3:TrackPointExtension>
            <ns3:hr>154</ns3:hr>
            <ns3:cad>0</ns3:cad>
          </ns3:TrackPointExtension>
        </extensions>
      </trkpt>
      <trkpt lat="52.550331540405750274658203125" lon="-2.840723879635334014892578125">
        <ele>386</ele>
        <time>2026-05-24T12:32:30.000Z</time>
        <extensions>
          <ns3:TrackPointExtension>
            <ns3:hr>153</ns3:hr>
            <ns3:cad>71</ns3:cad>
          </ns3:TrackPointExtension>
        </extensions>
      </trkpt>
      <trkpt lat="52.5503203086555004119873046875" lon="-2.84077743999660015106201171875">
        <ele>386.79998779296875</ele>
        <time>2026-05-24T12:32:35.000Z</time>
        <extensions>
          <ns3:TrackPointExtension>
            <ns3:hr>154</ns3:hr>
            <ns3:cad>71</ns3:cad>
          </ns3:TrackPointExtension>
        </extensions>
      </trkpt>
      <trkpt lat="52.55032022483646869659423828125" lon="-2.84079118631780147552490234375">
        <ele>387</ele>
        <time>2026-05-24T12:32:36.000Z</time>
        <extensions>
          <ns3:TrackPointExtension>
            <ns3:hr>154</ns3:hr>
            <ns3:cad>71</ns3:cad>
          </ns3:TrackPointExtension>
        </extensions>
      </trkpt>
      <trkpt lat="52.55032458342611789703369140625" lon="-2.840831838548183441162109375">
        <ele>387.20001220703125</ele>
        <time>2026-05-24T12:32:40.000Z</time>
        <extensions>
          <ns3:TrackPointExtension>
            <ns3:hr>154</ns3:hr>
            <ns3:cad>42</ns3:cad>
          </ns3:TrackPointExtension>
        </extensions>
      </trkpt>
      <trkpt lat="52.5503283552825450897216796875" lon="-2.840900234878063201904296875">
        <ele>387.600006103515625</ele>
        <time>2026-05-24T12:32:46.000Z</time>
        <extensions>
          <ns3:TrackPointExtension>
            <ns3:hr>156</ns3:hr>
            <ns3:cad>41</ns3:cad>
          </ns3:TrackPointExtension>
        </extensions>
      </trkpt>
      <trkpt lat="52.55033229477703571319580078125" lon="-2.84093753434717655181884765625">
        <ele>387.79998779296875</ele>
        <time>2026-05-24T12:32:51.000Z</time>
        <extensions>
          <ns3:TrackPointExtension>
            <ns3:hr>156</ns3:hr>
            <ns3:cad>42</ns3:cad>
          </ns3:TrackPointExtension>
        </extensions>
      </trkpt>
      <trkpt lat="52.5503353960812091827392578125" lon="-2.840947173535823822021484375">
        <ele>388.20001220703125</ele>
        <time>2026-05-24T12:32:53.000Z</time>
        <extensions>
          <ns3:TrackPointExtension>
            <ns3:hr>156</ns3:hr>
            <ns3:cad>0</ns3:cad>
          </ns3:TrackPointExtension>
        </extensions>
      </trkpt>
      <trkpt lat="52.5503377430140972137451171875" lon="-2.84099419601261615753173828125">
        <ele>389</ele>
        <time>2026-05-24T12:32:59.000Z</time>
        <extensions>
          <ns3:TrackPointExtension>
            <ns3:hr>156</ns3:hr>
            <ns3:cad>70</ns3:cad>
          </ns3:TrackPointExtension>
        </extensions>
      </trkpt>
      <trkpt lat="52.550340592861175537109375" lon="-2.84103442914783954620361328125">
        <ele>389.399993896484375</ele>
        <time>2026-05-24T12:33:06.000Z</time>
        <extensions>
          <ns3:TrackPointExtension>
            <ns3:hr>155</ns3:hr>
            <ns3:cad>43</ns3:cad>
          </ns3:TrackPointExtension>
        </extensions>
      </trkpt>
      <trkpt lat="52.55033531226217746734619140625" lon="-2.84106359817087650299072265625">
        <ele>389.600006103515625</ele>
        <time>2026-05-24T12:33:12.000Z</time>
        <extensions>
          <ns3:TrackPointExtension>
            <ns3:hr>155</ns3:hr>
            <ns3:cad>0</ns3:cad>
          </ns3:TrackPointExtension>
        </extensions>
      </trkpt>
      <trkpt lat="52.55032625980675220489501953125" lon="-2.8410829603672027587890625">
        <ele>389.399993896484375</ele>
        <time>2026-05-24T12:33:17.000Z</time>
        <extensions>
          <ns3:TrackPointExtension>
            <ns3:hr>154</ns3:hr>
            <ns3:cad>0</ns3:cad>
          </ns3:TrackPointExtension>
        </extensions>
      </trkpt>
      <trkpt lat="52.5503216497600078582763671875" lon="-2.84109695814549922943115234375">
        <ele>389.20001220703125</ele>
        <time>2026-05-24T12:33:24.000Z</time>
        <extensions>
          <ns3:TrackPointExtension>
            <ns3:hr>155</ns3:hr>
            <ns3:cad>0</ns3:cad>
          </ns3:TrackPointExtension>
        </extensions>
      </trkpt>
      <trkpt lat="52.55032290704548358917236328125" lon="-2.841095365583896636962890625">
        <ele>389.399993896484375</ele>
        <time>2026-05-24T12:33:36.000Z</time>
        <extensions>
          <ns3:TrackPointExtension>
            <ns3:hr>153</ns3:hr>
            <ns3:cad>0</ns3:cad>
          </ns3:TrackPointExtension>
        </extensions>
      </trkpt>
      <trkpt lat="52.5503162853419780731201171875" lon="-2.841097377240657806396484375">
        <ele>390</ele>
        <time>2026-05-24T12:33:44.000Z</time>
        <extensions>
          <ns3:TrackPointExtension>
            <ns3:hr>152</ns3:hr>
            <ns3:cad>0</ns3:cad>
          </ns3:TrackPointExtension>
        </extensions>
      </trkpt>
      <trkpt lat="52.55031418986618518829345703125" lon="-2.84109712578356266021728515625">
        <ele>389.79998779296875</ele>
        <time>2026-05-24T12:33:49.000Z</time>
        <extensions>
          <ns3:TrackPointExtension>
            <ns3:hr>149</ns3:hr>
            <ns3:cad>0</ns3:cad>
          </ns3:TrackPointExtension>
        </extensions>
      </trkpt>
      <trkpt lat="52.550313435494899749755859375" lon="-2.841096036136150360107421875">
        <ele>389.399993896484375</ele>
        <time>2026-05-24T12:33:58.000Z</time>
        <extensions>
          <ns3:TrackPointExtension>
            <ns3:hr>146</ns3:hr>
            <ns3:cad>0</ns3:cad>
          </ns3:TrackPointExtension>
        </extensions>
      </trkpt>
      <trkpt lat="52.55032156594097614288330078125" lon="-2.84109176136553287506103515625">
        <ele>389.600006103515625</ele>
        <time>2026-05-24T12:34:04.000Z</time>
        <extensions>
          <ns3:TrackPointExtension>
            <ns3:hr>143</ns3:hr>
            <ns3:cad>0</ns3:cad>
          </ns3:TrackPointExtension>
        </extensions>
      </trkpt>
      <trkpt lat="52.550350986421108245849609375" lon="-2.841073572635650634765625">
        <ele>389.79998779296875</ele>
        <time>2026-05-24T12:34:08.000Z</time>
        <extensions>
          <ns3:TrackPointExtension>
            <ns3:hr>142</ns3:hr>
            <ns3:cad>0</ns3:cad>
          </ns3:TrackPointExtension>
        </extensions>
      </trkpt>
      <trkpt lat="52.55036942660808563232421875" lon="-2.84103912301361560821533203125">
        <ele>390.20001220703125</ele>
        <time>2026-05-24T12:34:13.000Z</time>
        <extensions>
          <ns3:TrackPointExtension>
            <ns3:hr>141</ns3:hr>
            <ns3:cad>0</ns3:cad>
          </ns3:TrackPointExtension>
        </extensions>
      </trkpt>
      <trkpt lat="52.55037319846451282501220703125" lon="-2.8410304896533489227294921875">
        <ele>390.399993896484375</ele>
        <time>2026-05-24T12:34:16.000Z</time>
        <extensions>
          <ns3:TrackPointExtension>
            <ns3:hr>141</ns3:hr>
            <ns3:cad>0</ns3:cad>
          </ns3:TrackPointExtension>
        </extensions>
      </trkpt>
      <trkpt lat="52.55038090981543064117431640625" lon="-2.8410321660339832305908203125">
        <ele>390.79998779296875</ele>
        <time>2026-05-24T12:34:18.000Z</time>
        <extensions>
          <ns3:TrackPointExtension>
            <ns3:hr>140</ns3:hr>
            <ns3:cad>0</ns3:cad>
          </ns3:TrackPointExtension>
        </extensions>
      </trkpt>
      <trkpt lat="52.55038996227085590362548828125" lon="-2.84103937447071075439453125">
        <ele>391.399993896484375</ele>
        <time>2026-05-24T12:34:22.000Z</time>
        <extensions>
          <ns3:TrackPointExtension>
            <ns3:hr>139</ns3:hr>
            <ns3:cad>0</ns3:cad>
          </ns3:TrackPointExtension>
        </extensions>
      </trkpt>
      <trkpt lat="52.5503913871943950653076171875" lon="-2.84104146994650363922119140625">
        <ele>391.600006103515625</ele>
        <time>2026-05-24T12:34:23.000Z</time>
        <extensions>
          <ns3:TrackPointExtension>
            <ns3:hr>139</ns3:hr>
            <ns3:cad>0</ns3:cad>
          </ns3:TrackPointExtension>
        </extensions>
      </trkpt>
      <trkpt lat="52.55038845352828502655029296875" lon="-2.8410398773849010467529296875">
        <ele>392.20001220703125</ele>
        <time>2026-05-24T12:34:27.000Z</time>
        <extensions>
          <ns3:TrackPointExtension>
            <ns3:hr>139</ns3:hr>
            <ns3:cad>0</ns3:cad>
          </ns3:TrackPointExtension>
        </extensions>
      </trkpt>
      <trkpt lat="52.55039985291659832000732421875" lon="-2.841038368642330169677734375">
        <ele>392.399993896484375</ele>
        <time>2026-05-24T12:34:31.000Z</time>
        <extensions>
          <ns3:TrackPointExtension>
            <ns3:hr>135</ns3:hr>
            <ns3:cad>0</ns3:cad>
          </ns3:TrackPointExtension>
        </extensions>
      </trkpt>
      <trkpt lat="52.55040471442043781280517578125" lon="-2.8410395421087741851806640625">
        <ele>392.600006103515625</ele>
        <time>2026-05-24T12:34:32.000Z</time>
        <extensions>
          <ns3:TrackPointExtension>
            <ns3:hr>136</ns3:hr>
            <ns3:cad>0</ns3:cad>
          </ns3:TrackPointExtension>
        </extensions>
      </trkpt>
      <trkpt lat="52.550410330295562744140625" lon="-2.841040380299091339111328125">
        <ele>392.79998779296875</ele>
        <time>2026-05-24T12:34:33.000Z</time>
        <extensions>
          <ns3:TrackPointExtension>
            <ns3:hr>136</ns3:hr>
            <ns3:cad>0</ns3:cad>
          </ns3:TrackPointExtension>
        </extensions>
      </trkpt>
      <trkpt lat="52.5504215620458126068115234375" lon="-2.841050438582897186279296875">
        <ele>393.79998779296875</ele>
        <time>2026-05-24T12:34:37.000Z</time>
        <extensions>
          <ns3:TrackPointExtension>
            <ns3:hr>137</ns3:hr>
            <ns3:cad>79</ns3:cad>
          </ns3:TrackPointExtension>
        </extensions>
      </trkpt>
      <trkpt lat="52.5504252500832080841064453125" lon="-2.84105337224900722503662109375">
        <ele>394</ele>
        <time>2026-05-24T12:34:38.000Z</time>
        <extensions>
          <ns3:TrackPointExtension>
            <ns3:hr>138</ns3:hr>
            <ns3:cad>79</ns3:cad>
          </ns3:TrackPointExtension>
        </extensions>
      </trkpt>
      <trkpt lat="52.55042918957769870758056640625" lon="-2.84105588681995868682861328125">
        <ele>394.399993896484375</ele>
        <time>2026-05-24T12:34:40.000Z</time>
        <extensions>
          <ns3:TrackPointExtension>
            <ns3:hr>141</ns3:hr>
            <ns3:cad>79</ns3:cad>
          </ns3:TrackPointExtension>
        </extensions>
      </trkpt>
      <trkpt lat="52.55043656565248966217041015625" lon="-2.84106929786503314971923828125">
        <ele>394.600006103515625</ele>
        <time>2026-05-24T12:34:43.000Z</time>
        <extensions>
          <ns3:TrackPointExtension>
            <ns3:hr>142</ns3:hr>
            <ns3:cad>72</ns3:cad>
          </ns3:TrackPointExtension>
        </extensions>
      </trkpt>
      <trkpt lat="52.55044092424213886260986328125" lon="-2.841077931225299835205078125">
        <ele>395</ele>
        <time>2026-05-24T12:34:45.000Z</time>
        <extensions>
          <ns3:TrackPointExtension>
            <ns3:hr>142</ns3:hr>
            <ns3:cad>66</ns3:cad>
          </ns3:TrackPointExtension>
        </extensions>
      </trkpt>
      <trkpt lat="52.55045257508754730224609375" lon="-2.84108421765267848968505859375">
        <ele>395.79998779296875</ele>
        <time>2026-05-24T12:34:48.000Z</time>
        <extensions>
          <ns3:TrackPointExtension>
            <ns3:hr>145</ns3:hr>
            <ns3:cad>64</ns3:cad>
          </ns3:TrackPointExtension>
        </extensions>
      </trkpt>
      <trkpt lat="52.55045584402978420257568359375" lon="-2.84108187071979045867919921875">
        <ele>396</ele>
        <time>2026-05-24T12:34:49.000Z</time>
        <extensions>
          <ns3:TrackPointExtension>
            <ns3:hr>145</ns3:hr>
            <ns3:cad>64</ns3:cad>
          </ns3:TrackPointExtension>
        </extensions>
      </trkpt>
      <trkpt lat="52.550458610057830810546875" lon="-2.84108488820493221282958984375">
        <ele>396.399993896484375</ele>
        <time>2026-05-24T12:34:50.000Z</time>
        <extensions>
          <ns3:TrackPointExtension>
            <ns3:hr>149</ns3:hr>
            <ns3:cad>64</ns3:cad>
          </ns3:TrackPointExtension>
        </extensions>
      </trkpt>
      <trkpt lat="52.55046137608587741851806640625" lon="-2.84109192900359630584716796875">
        <ele>397</ele>
        <time>2026-05-24T12:34:53.000Z</time>
        <extensions>
          <ns3:TrackPointExtension>
            <ns3:hr>150</ns3:hr>
            <ns3:cad>0</ns3:cad>
          </ns3:TrackPointExtension>
        </extensions>
      </trkpt>
      <trkpt lat="52.550461627542972564697265625" lon="-2.8410935215651988983154296875">
        <ele>397.20001220703125</ele>
        <time>2026-05-24T12:34:54.000Z</time>
        <extensions>
          <ns3:TrackPointExtension>
            <ns3:hr>150</ns3:hr>
            <ns3:cad>69</ns3:cad>
          </ns3:TrackPointExtension>
        </extensions>
      </trkpt>
      <trkpt lat="52.5504691712558269500732421875" lon="-2.84108991734683513641357421875">
        <ele>398.20001220703125</ele>
        <time>2026-05-24T12:34:59.000Z</time>
        <extensions>
          <ns3:TrackPointExtension>
            <ns3:hr>151</ns3:hr>
            <ns3:cad>63</ns3:cad>
          </ns3:TrackPointExtension>
        </extensions>
      </trkpt>
      <trkpt lat="52.55048249848186969757080078125" lon="-2.84107952378690242767333984375">
        <ele>399</ele>
        <time>2026-05-24T12:35:05.000Z</time>
        <extensions>
          <ns3:TrackPointExtension>
            <ns3:hr>153</ns3:hr>
            <ns3:cad>0</ns3:cad>
          </ns3:TrackPointExtension>
        </extensions>
      </trkpt>
      <trkpt lat="52.55048735998570919036865234375" lon="-2.84108069725334644317626953125">
        <ele>399.20001220703125</ele>
        <time>2026-05-24T12:35:06.000Z</time>
        <extensions>
          <ns3:TrackPointExtension>
            <ns3:hr>153</ns3:hr>
            <ns3:cad>0</ns3:cad>
          </ns3:TrackPointExtension>
        </extensions>
      </trkpt>
      <trkpt lat="52.5505033694207668304443359375" lon="-2.841086648404598236083984375">
        <ele>400.399993896484375</ele>
        <time>2026-05-24T12:35:10.000Z</time>
        <extensions>
          <ns3:TrackPointExtension>
            <ns3:hr>154</ns3:hr>
            <ns3:cad>0</ns3:cad>
          </ns3:TrackPointExtension>
        </extensions>
      </trkpt>
      <trkpt lat="52.5505001842975616455078125" lon="-2.8410990536212921142578125">
        <ele>401</ele>
        <time>2026-05-24T12:35:15.000Z</time>
        <extensions>
          <ns3:TrackPointExtension>
            <ns3:hr>156</ns3:hr>
            <ns3:cad>0</ns3:cad>
          </ns3:TrackPointExtension>
        </extensions>
      </trkpt>
      <trkpt lat="52.55050345323979854583740234375" lon="-2.84110181964933872222900390625">
        <ele>401.600006103515625</ele>
        <time>2026-05-24T12:35:17.000Z</time>
        <extensions>
          <ns3:TrackPointExtension>
            <ns3:hr>156</ns3:hr>
            <ns3:cad>0</ns3:cad>
          </ns3:TrackPointExtension>
        </extensions>
      </trkpt>
      <trkpt lat="52.55050865001976490020751953125" lon="-2.84109461121261119842529296875">
        <ele>402.20001220703125</ele>
        <time>2026-05-24T12:35:21.000Z</time>
        <extensions>
          <ns3:TrackPointExtension>
            <ns3:hr>156</ns3:hr>
            <ns3:cad>0</ns3:cad>
          </ns3:TrackPointExtension>
        </extensions>
      </trkpt>
      <trkpt lat="52.5505177862942218780517578125" lon="-2.84112562425434589385986328125">
        <ele>403</ele>
        <time>2026-05-24T12:35:27.000Z</time>
        <extensions>
          <ns3:TrackPointExtension>
            <ns3:hr>157</ns3:hr>
            <ns3:cad>55</ns3:cad>
          </ns3:TrackPointExtension>
        </extensions>
      </trkpt>
      <trkpt lat="52.550520636141300201416015625" lon="-2.841136939823627471923828125">
        <ele>404</ele>
        <time>2026-05-24T12:35:28.000Z</time>
        <extensions>
          <ns3:TrackPointExtension>
            <ns3:hr>158</ns3:hr>
            <ns3:cad>0</ns3:cad>
          </ns3:TrackPointExtension>
        </extensions>
      </trkpt>
      <trkpt lat="52.55052097141742706298828125" lon="-2.84113853238523006439208984375">
        <ele>404</ele>
        <time>2026-05-24T12:35:29.000Z</time>
        <extensions>
          <ns3:TrackPointExtension>
            <ns3:hr>158</ns3:hr>
            <ns3:cad>0</ns3:cad>
          </ns3:TrackPointExtension>
        </extensions>
      </trkpt>
      <trkpt lat="52.550518624484539031982421875" lon="-2.8411582298576831817626953125">
        <ele>404.399993896484375</ele>
        <time>2026-05-24T12:35:32.000Z</time>
        <extensions>
          <ns3:TrackPointExtension>
            <ns3:hr>159</ns3:hr>
            <ns3:cad>0</ns3:cad>
          </ns3:TrackPointExtension>
        </extensions>
      </trkpt>
      <trkpt lat="52.5505114160478115081787109375" lon="-2.8411900810897350311279296875">
        <ele>404</ele>
        <time>2026-05-24T12:35:37.000Z</time>
        <extensions>
          <ns3:TrackPointExtension>
            <ns3:hr>160</ns3:hr>
            <ns3:cad>80</ns3:cad>
          </ns3:TrackPointExtension>
        </extensions>
      </trkpt>
      <trkpt lat="52.55050881765782833099365234375" lon="-2.84118681214749813079833984375">
        <ele>403.79998779296875</ele>
        <time>2026-05-24T12:35:46.000Z</time>
        <extensions>
          <ns3:TrackPointExtension>
            <ns3:hr>161</ns3:hr>
            <ns3:cad>0</ns3:cad>
          </ns3:TrackPointExtension>
        </extensions>
      </trkpt>
      <trkpt lat="52.55050898529589176177978515625" lon="-2.84117884933948516845703125">
        <ele>403.600006103515625</ele>
        <time>2026-05-24T12:35:53.000Z</time>
        <extensions>
          <ns3:TrackPointExtension>
            <ns3:hr>160</ns3:hr>
            <ns3:cad>0</ns3:cad>
          </ns3:TrackPointExtension>
        </extensions>
      </trkpt>
      <trkpt lat="52.550516612827777862548828125" lon="-2.8411562182009220123291015625">
        <ele>403.79998779296875</ele>
        <time>2026-05-24T12:35:57.000Z</time>
        <extensions>
          <ns3:TrackPointExtension>
            <ns3:hr>162</ns3:hr>
            <ns3:cad>0</ns3:cad>
          </ns3:TrackPointExtension>
        </extensions>
      </trkpt>
      <trkpt lat="52.5505130924284458160400390625" lon="-2.84115479327738285064697265625">
        <ele>403.399993896484375</ele>
        <time>2026-05-24T12:36:04.000Z</time>
        <extensions>
          <ns3:TrackPointExtension>
            <ns3:hr>160</ns3:hr>
            <ns3:cad>0</ns3:cad>
          </ns3:TrackPointExtension>
        </extensions>
      </trkpt>
      <trkpt lat="52.55051300860941410064697265625" lon="-2.84115496091544628143310546875">
        <ele>403.399993896484375</ele>
        <time>2026-05-24T12:36:07.000Z</time>
        <extensions>
          <ns3:TrackPointExtension>
            <ns3:hr>156</ns3:hr>
            <ns3:cad>0</ns3:cad>
          </ns3:TrackPointExtension>
        </extensions>
      </trkpt>
      <trkpt lat="52.55051300860941410064697265625" lon="-2.84115496091544628143310546875">
        <ele>403.399993896484375</ele>
        <time>2026-05-24T12:36:09.000Z</time>
        <extensions>
          <ns3:TrackPointExtension>
            <ns3:hr>151</ns3:hr>
            <ns3:cad>0</ns3:cad>
          </ns3:TrackPointExtension>
        </extensions>
      </trkpt>
      <trkpt lat="52.55051300860941410064697265625" lon="-2.8411548770964145660400390625">
        <ele>403.399993896484375</ele>
        <time>2026-05-24T12:36:10.000Z</time>
        <extensions>
          <ns3:TrackPointExtension>
            <ns3:hr>151</ns3:hr>
            <ns3:cad>0</ns3:cad>
          </ns3:TrackPointExtension>
        </extensions>
      </trkpt>
      <trkpt lat="52.55051300860941410064697265625" lon="-2.84115479327738285064697265625">
        <ele>403.600006103515625</ele>
        <time>2026-05-24T12:36:12.000Z</time>
        <extensions>
          <ns3:TrackPointExtension>
            <ns3:hr>152</ns3:hr>
            <ns3:cad>0</ns3:cad>
          </ns3:TrackPointExtension>
        </extensions>
      </trkpt>
      <trkpt lat="52.55051300860941410064697265625" lon="-2.841154374182224273681640625">
        <ele>403.600006103515625</ele>
        <time>2026-05-24T12:36:22.000Z</time>
        <extensions>
          <ns3:TrackPointExtension>
            <ns3:hr>155</ns3:hr>
            <ns3:cad>0</ns3:cad>
          </ns3:TrackPointExtension>
        </extensions>
      </trkpt>
      <trkpt lat="52.55051292479038238525390625" lon="-2.8411548770964145660400390625">
        <ele>403</ele>
        <time>2026-05-24T12:36:36.000Z</time>
        <extensions>
          <ns3:TrackPointExtension>
            <ns3:hr>155</ns3:hr>
            <ns3:cad>0</ns3:cad>
          </ns3:TrackPointExtension>
        </extensions>
      </trkpt>
      <trkpt lat="52.55051292479038238525390625" lon="-2.841155044734477996826171875">
        <ele>403</ele>
        <time>2026-05-24T12:36:47.000Z</time>
        <extensions>
          <ns3:TrackPointExtension>
            <ns3:hr>152</ns3:hr>
            <ns3:cad>0</ns3:cad>
          </ns3:TrackPointExtension>
        </extensions>
      </trkpt>
      <trkpt lat="52.55051292479038238525390625" lon="-2.841155044734477996826171875">
        <ele>402.79998779296875</ele>
        <time>2026-05-24T12:36:50.000Z</time>
        <extensions>
          <ns3:TrackPointExtension>
            <ns3:hr>152</ns3:hr>
            <ns3:cad>0</ns3:cad>
          </ns3:TrackPointExtension>
        </extensions>
      </trkpt>
      <trkpt lat="52.55051292479038238525390625" lon="-2.84115496091544628143310546875">
        <ele>403</ele>
        <time>2026-05-24T12:36:53.000Z</time>
        <extensions>
          <ns3:TrackPointExtension>
            <ns3:hr>149</ns3:hr>
            <ns3:cad>0</ns3:cad>
          </ns3:TrackPointExtension>
        </extensions>
      </trkpt>
      <trkpt lat="52.55051292479038238525390625" lon="-2.84115496091544628143310546875">
        <ele>403.20001220703125</ele>
        <time>2026-05-24T12:36:57.000Z</time>
        <extensions>
          <ns3:TrackPointExtension>
            <ns3:hr>146</ns3:hr>
            <ns3:cad>0</ns3:cad>
          </ns3:TrackPointExtension>
        </extensions>
      </trkpt>
      <trkpt lat="52.55051292479038238525390625" lon="-2.84115512855350971221923828125">
        <ele>402.600006103515625</ele>
        <time>2026-05-24T12:37:04.000Z</time>
        <extensions>
          <ns3:TrackPointExtension>
            <ns3:hr>143</ns3:hr>
            <ns3:cad>0</ns3:cad>
          </ns3:TrackPointExtension>
        </extensions>
      </trkpt>
      <trkpt lat="52.55051300860941410064697265625" lon="-2.84115546382963657379150390625">
        <ele>402.79998779296875</ele>
        <time>2026-05-24T12:37:10.000Z</time>
        <extensions>
          <ns3:TrackPointExtension>
            <ns3:hr>140</ns3:hr>
            <ns3:cad>0</ns3:cad>
          </ns3:TrackPointExtension>
        </extensions>
      </trkpt>
      <trkpt lat="52.55051292479038238525390625" lon="-2.841155715286731719970703125">
        <ele>402.600006103515625</ele>
        <time>2026-05-24T12:37:17.000Z</time>
        <extensions>
          <ns3:TrackPointExtension>
            <ns3:hr>138</ns3:hr>
            <ns3:cad>0</ns3:cad>
          </ns3:TrackPointExtension>
        </extensions>
      </trkpt>
      <trkpt lat="52.55049725063145160675048828125" lon="-2.84115596674382686614990234375">
        <ele>403</ele>
        <time>2026-05-24T12:37:25.000Z</time>
        <extensions>
          <ns3:TrackPointExtension>
            <ns3:hr>135</ns3:hr>
            <ns3:cad>0</ns3:cad>
          </ns3:TrackPointExtension>
        </extensions>
      </trkpt>
      <trkpt lat="52.5504949875175952911376953125" lon="-2.8411572240293025970458984375">
        <ele>402.600006103515625</ele>
        <time>2026-05-24T12:37:29.000Z</time>
        <extensions>
          <ns3:TrackPointExtension>
            <ns3:hr>134</ns3:hr>
            <ns3:cad>0</ns3:cad>
          </ns3:TrackPointExtension>
        </extensions>
      </trkpt>
      <trkpt lat="52.5504976697266101837158203125" lon="-2.84116066060960292816162109375">
        <ele>402</ele>
        <time>2026-05-24T12:37:40.000Z</time>
        <extensions>
          <ns3:TrackPointExtension>
            <ns3:hr>134</ns3:hr>
            <ns3:cad>0</ns3:cad>
          </ns3:TrackPointExtension>
        </extensions>
      </trkpt>
      <trkpt lat="52.550497837364673614501953125" lon="-2.84116007387638092041015625">
        <ele>401.79998779296875</ele>
        <time>2026-05-24T12:37:43.000Z</time>
        <extensions>
          <ns3:TrackPointExtension>
            <ns3:hr>132</ns3:hr>
            <ns3:cad>0</ns3:cad>
          </ns3:TrackPointExtension>
        </extensions>
      </trkpt>
      <trkpt lat="52.550497837364673614501953125" lon="-2.841159068048000335693359375">
        <ele>402</ele>
        <time>2026-05-24T12:37:47.000Z</time>
        <extensions>
          <ns3:TrackPointExtension>
            <ns3:hr>129</ns3:hr>
            <ns3:cad>0</ns3:cad>
          </ns3:TrackPointExtension>
        </extensions>
      </trkpt>
      <trkpt lat="52.5504943169653415679931640625" lon="-2.84116501919925212860107421875">
        <ele>401.79998779296875</ele>
        <time>2026-05-24T12:38:01.000Z</time>
        <extensions>
          <ns3:TrackPointExtension>
            <ns3:hr>128</ns3:hr>
            <ns3:cad>0</ns3:cad>
          </ns3:TrackPointExtension>
        </extensions>
      </trkpt>
      <trkpt lat="52.55049808882176876068115234375" lon="-2.84116803668439388275146484375">
        <ele>401.79998779296875</ele>
        <time>2026-05-24T12:38:23.000Z</time>
        <extensions>
          <ns3:TrackPointExtension>
            <ns3:hr>126</ns3:hr>
            <ns3:cad>0</ns3:cad>
          </ns3:TrackPointExtension>
        </extensions>
      </trkpt>
      <trkpt lat="52.550499178469181060791015625" lon="-2.84116820432245731353759765625">
        <ele>401.20001220703125</ele>
        <time>2026-05-24T12:38:36.000Z</time>
        <extensions>
          <ns3:TrackPointExtension>
            <ns3:hr>126</ns3:hr>
            <ns3:cad>0</ns3:cad>
          </ns3:TrackPointExtension>
        </extensions>
      </trkpt>
      <trkpt lat="52.55050093866884708404541015625" lon="-2.841162420809268951416015625">
        <ele>401.20001220703125</ele>
        <time>2026-05-24T12:39:01.000Z</time>
        <extensions>
          <ns3:TrackPointExtension>
            <ns3:hr>126</ns3:hr>
            <ns3:cad>0</ns3:cad>
          </ns3:TrackPointExtension>
        </extensions>
      </trkpt>
      <trkpt lat="52.55050010047852993011474609375" lon="-2.841159068048000335693359375">
        <ele>401.20001220703125</ele>
        <time>2026-05-24T12:39:19.000Z</time>
        <extensions>
          <ns3:TrackPointExtension>
            <ns3:hr>123</ns3:hr>
            <ns3:cad>0</ns3:cad>
          </ns3:TrackPointExtension>
        </extensions>
      </trkpt>
      <trkpt lat="52.55049976520240306854248046875" lon="-2.84115898422896862030029296875">
        <ele>401.399993896484375</ele>
        <time>2026-05-24T12:39:21.000Z</time>
        <extensions>
          <ns3:TrackPointExtension>
            <ns3:hr>122</ns3:hr>
            <ns3:cad>0</ns3:cad>
          </ns3:TrackPointExtension>
        </extensions>
      </trkpt>
      <trkpt lat="52.55049951374530792236328125" lon="-2.84116032533347606658935546875">
        <ele>401</ele>
        <time>2026-05-24T12:39:29.000Z</time>
        <extensions>
          <ns3:TrackPointExtension>
            <ns3:hr>121</ns3:hr>
            <ns3:cad>0</ns3:cad>
          </ns3:TrackPointExtension>
        </extensions>
      </trkpt>
      <trkpt lat="52.55049976520240306854248046875" lon="-2.84116116352379322052001953125">
        <ele>400.79998779296875</ele>
        <time>2026-05-24T12:39:32.000Z</time>
        <extensions>
          <ns3:TrackPointExtension>
            <ns3:hr>121</ns3:hr>
            <ns3:cad>0</ns3:cad>
          </ns3:TrackPointExtension>
        </extensions>
      </trkpt>
      <trkpt lat="52.5505001842975616455078125" lon="-2.84116250462830066680908203125">
        <ele>401</ele>
        <time>2026-05-24T12:39:36.000Z</time>
        <extensions>
          <ns3:TrackPointExtension>
            <ns3:hr>124</ns3:hr>
            <ns3:cad>0</ns3:cad>
          </ns3:TrackPointExtension>
        </extensions>
      </trkpt>
      <trkpt lat="52.55050085484981536865234375" lon="-2.8411649353802204132080078125">
        <ele>400.79998779296875</ele>
        <time>2026-05-24T12:39:44.000Z</time>
        <extensions>
          <ns3:TrackPointExtension>
            <ns3:hr>124</ns3:hr>
            <ns3:cad>0</ns3:cad>
          </ns3:TrackPointExtension>
        </extensions>
      </trkpt>
      <trkpt lat="52.55050177685916423797607421875" lon="-2.84116602502763271331787109375">
        <ele>401</ele>
        <time>2026-05-24T12:39:57.000Z</time>
        <extensions>
          <ns3:TrackPointExtension>
            <ns3:hr>127</ns3:hr>
            <ns3:cad>0</ns3:cad>
          </ns3:TrackPointExtension>
        </extensions>
      </trkpt>
      <trkpt lat="52.55050219595432281494140625" lon="-2.84116585738956928253173828125">
        <ele>400.79998779296875</ele>
        <time>2026-05-24T12:40:03.000Z</time>
        <extensions>
          <ns3:TrackPointExtension>
            <ns3:hr>126</ns3:hr>
            <ns3:cad>0</ns3:cad>
          </ns3:TrackPointExtension>
        </extensions>
      </trkpt>
      <trkpt lat="52.55050211213529109954833984375" lon="-2.84116267226636409759521484375">
        <ele>401</ele>
        <time>2026-05-24T12:40:24.000Z</time>
        <extensions>
          <ns3:TrackPointExtension>
            <ns3:hr>123</ns3:hr>
            <ns3:cad>0</ns3:cad>
          </ns3:TrackPointExtension>
        </extensions>
      </trkpt>
      <trkpt lat="52.5505023635923862457275390625" lon="-2.84116300754249095916748046875">
        <ele>400.79998779296875</ele>
        <time>2026-05-24T12:40:31.000Z</time>
        <extensions>
          <ns3:TrackPointExtension>
            <ns3:hr>123</ns3:hr>
            <ns3:cad>0</ns3:cad>
          </ns3:TrackPointExtension>
        </extensions>
      </trkpt>
      <trkpt lat="52.55050043575465679168701171875" lon="-2.8411686234176158905029296875">
        <ele>401</ele>
        <time>2026-05-24T12:41:03.000Z</time>
        <extensions>
          <ns3:TrackPointExtension>
            <ns3:hr>120</ns3:hr>
            <ns3:cad>0</ns3:cad>
          </ns3:TrackPointExtension>
        </extensions>
      </trkpt>
      <trkpt lat="52.55050077103078365325927734375" lon="-2.84116954542696475982666015625">
        <ele>401</ele>
        <time>2026-05-24T12:41:06.000Z</time>
        <extensions>
          <ns3:TrackPointExtension>
            <ns3:hr>121</ns3:hr>
            <ns3:cad>0</ns3:cad>
          </ns3:TrackPointExtension>
        </extensions>
      </trkpt>
      <trkpt lat="52.550501190125942230224609375" lon="-2.84117088653147220611572265625">
        <ele>400.79998779296875</ele>
        <time>2026-05-24T12:41:11.000Z</time>
        <extensions>
          <ns3:TrackPointExtension>
            <ns3:hr>124</ns3:hr>
            <ns3:cad>0</ns3:cad>
          </ns3:TrackPointExtension>
        </extensions>
      </trkpt>
      <trkpt lat="52.5505010224878787994384765625" lon="-2.8411729820072650909423828125">
        <ele>401.20001220703125</ele>
        <time>2026-05-24T12:41:17.000Z</time>
        <extensions>
          <ns3:TrackPointExtension>
            <ns3:hr>126</ns3:hr>
            <ns3:cad>0</ns3:cad>
          </ns3:TrackPointExtension>
        </extensions>
      </trkpt>
      <trkpt lat="52.5504986755549907684326171875" lon="-2.8411796875298023223876953125">
        <ele>401</ele>
        <time>2026-05-24T12:41:23.000Z</time>
        <extensions>
          <ns3:TrackPointExtension>
            <ns3:hr>124</ns3:hr>
            <ns3:cad>0</ns3:cad>
          </ns3:TrackPointExtension>
        </extensions>
      </trkpt>
      <trkpt lat="52.55049817264080047607421875" lon="-2.841166444122791290283203125">
        <ele>400.79998779296875</ele>
        <time>2026-05-24T12:41:49.000Z</time>
        <extensions>
          <ns3:TrackPointExtension>
            <ns3:hr>122</ns3:hr>
            <ns3:cad>0</ns3:cad>
          </ns3:TrackPointExtension>
        </extensions>
      </trkpt>
      <trkpt lat="52.55049926228821277618408203125" lon="-2.8411682881414890289306640625">
        <ele>400.600006103515625</ele>
        <time>2026-05-24T12:42:12.000Z</time>
        <extensions>
          <ns3:TrackPointExtension>
            <ns3:hr>120</ns3:hr>
            <ns3:cad>0</ns3:cad>
          </ns3:TrackPointExtension>
        </extensions>
      </trkpt>
      <trkpt lat="52.5504983402788639068603515625" lon="-2.841167114675045013427734375">
        <ele>400.600006103515625</ele>
        <time>2026-05-24T12:42:27.000Z</time>
        <extensions>
          <ns3:TrackPointExtension>
            <ns3:hr>123</ns3:hr>
            <ns3:cad>0</ns3:cad>
          </ns3:TrackPointExtension>
        </extensions>
      </trkpt>
      <trkpt lat="52.550497837364673614501953125" lon="-2.841167785227298736572265625">
        <ele>400.399993896484375</ele>
        <time>2026-05-24T12:42:36.000Z</time>
        <extensions>
          <ns3:TrackPointExtension>
            <ns3:hr>124</ns3:hr>
            <ns3:cad>0</ns3:cad>
          </ns3:TrackPointExtension>
        </extensions>
      </trkpt>
      <trkpt lat="52.5504976697266101837158203125" lon="-2.841168455779552459716796875">
        <ele>400.399993896484375</ele>
        <time>2026-05-24T12:42:41.000Z</time>
        <extensions>
          <ns3:TrackPointExtension>
            <ns3:hr>120</ns3:hr>
            <ns3:cad>0</ns3:cad>
          </ns3:TrackPointExtension>
        </extensions>
      </trkpt>
      <trkpt lat="52.5504990108311176300048828125" lon="-2.841177172958850860595703125">
        <ele>400.600006103515625</ele>
        <time>2026-05-24T12:43:00.000Z</time>
        <extensions>
          <ns3:TrackPointExtension>
            <ns3:hr>119</ns3:hr>
            <ns3:cad>0</ns3:cad>
          </ns3:TrackPointExtension>
        </extensions>
      </trkpt>
      <trkpt lat="52.55050043575465679168701171875" lon="-2.841169126331806182861328125">
        <ele>401</ele>
        <time>2026-05-24T12:43:05.000Z</time>
        <extensions>
          <ns3:TrackPointExtension>
            <ns3:hr>118</ns3:hr>
            <ns3:cad>0</ns3:cad>
          </ns3:TrackPointExtension>
        </extensions>
      </trkpt>
      <trkpt lat="52.55050714127719402313232421875" lon="-2.841166444122791290283203125">
        <ele>401.20001220703125</ele>
        <time>2026-05-24T12:43:10.000Z</time>
        <extensions>
          <ns3:TrackPointExtension>
            <ns3:hr>117</ns3:hr>
            <ns3:cad>0</ns3:cad>
          </ns3:TrackPointExtension>
        </extensions>
      </trkpt>
      <trkpt lat="52.5505094043910503387451171875" lon="-2.8411582298576831817626953125">
        <ele>400.399993896484375</ele>
        <time>2026-05-24T12:43:15.000Z</time>
        <extensions>
          <ns3:TrackPointExtension>
            <ns3:hr>116</ns3:hr>
            <ns3:cad>0</ns3:cad>
          </ns3:TrackPointExtension>
        </extensions>
      </trkpt>
      <trkpt lat="52.55051787011325359344482421875" lon="-2.841165773570537567138671875">
        <ele>400.79998779296875</ele>
        <time>2026-05-24T12:43:20.000Z</time>
        <extensions>
          <ns3:TrackPointExtension>
            <ns3:hr>116</ns3:hr>
            <ns3:cad>0</ns3:cad>
          </ns3:TrackPointExtension>
        </extensions>
      </trkpt>
      <trkpt lat="52.550512589514255523681640625" lon="-2.8411609120666980743408203125">
        <ele>400.79998779296875</ele>
        <time>2026-05-24T12:43:24.000Z</time>
        <extensions>
          <ns3:TrackPointExtension>
            <ns3:hr>116</ns3:hr>
            <ns3:cad>0</ns3:cad>
          </ns3:TrackPointExtension>
        </extensions>
      </trkpt>
      <trkpt lat="52.5505130924284458160400390625" lon="-2.84116149879992008209228515625">
        <ele>400.600006103515625</ele>
        <time>2026-05-24T12:43:29.000Z</time>
        <extensions>
          <ns3:TrackPointExtension>
            <ns3:hr>119</ns3:hr>
            <ns3:cad>0</ns3:cad>
          </ns3:TrackPointExtension>
        </extensions>
      </trkpt>
      <trkpt lat="52.55051300860941410064697265625" lon="-2.8411615826189517974853515625">
        <ele>400.399993896484375</ele>
        <time>2026-05-24T12:43:38.000Z</time>
        <extensions>
          <ns3:TrackPointExtension>
            <ns3:hr>124</ns3:hr>
            <ns3:cad>0</ns3:cad>
          </ns3:TrackPointExtension>
        </extensions>
      </trkpt>
      <trkpt lat="52.55051292479038238525390625" lon="-2.84116141498088836669921875">
        <ele>400.600006103515625</ele>
        <time>2026-05-24T12:43:39.000Z</time>
        <extensions>
          <ns3:TrackPointExtension>
            <ns3:hr>124</ns3:hr>
            <ns3:cad>0</ns3:cad>
          </ns3:TrackPointExtension>
        </extensions>
      </trkpt>
      <trkpt lat="52.55051284097135066986083984375" lon="-2.841161079704761505126953125">
        <ele>400.79998779296875</ele>
        <time>2026-05-24T12:43:42.000Z</time>
        <extensions>
          <ns3:TrackPointExtension>
            <ns3:hr>127</ns3:hr>
            <ns3:cad>0</ns3:cad>
          </ns3:TrackPointExtension>
        </extensions>
      </trkpt>
      <trkpt lat="52.55051284097135066986083984375" lon="-2.84116082824766635894775390625">
        <ele>400.79998779296875</ele>
        <time>2026-05-24T12:43:44.000Z</time>
        <extensions>
          <ns3:TrackPointExtension>
            <ns3:hr>130</ns3:hr>
            <ns3:cad>0</ns3:cad>
          </ns3:TrackPointExtension>
        </extensions>
      </trkpt>
      <trkpt lat="52.55050663836300373077392578125" lon="-2.84116317518055438995361328125">
        <ele>400.600006103515625</ele>
        <time>2026-05-24T12:44:01.000Z</time>
        <extensions>
          <ns3:TrackPointExtension>
            <ns3:hr>129</ns3:hr>
            <ns3:cad>0</ns3:cad>
          </ns3:TrackPointExtension>
        </extensions>
      </trkpt>
      <trkpt lat="52.55049305967986583709716796875" lon="-2.84117708913981914520263671875">
        <ele>400</ele>
        <time>2026-05-24T12:44:08.000Z</time>
        <extensions>
          <ns3:TrackPointExtension>
            <ns3:hr>128</ns3:hr>
            <ns3:cad>0</ns3:cad>
          </ns3:TrackPointExtension>
        </extensions>
      </trkpt>
      <trkpt lat="52.5504921376705169677734375" lon="-2.84117591567337512969970703125">
        <ele>400.20001220703125</ele>
        <time>2026-05-24T12:44:13.000Z</time>
        <extensions>
          <ns3:TrackPointExtension>
            <ns3:hr>124</ns3:hr>
            <ns3:cad>0</ns3:cad>
          </ns3:TrackPointExtension>
        </extensions>
      </trkpt>
      <trkpt lat="52.5505001842975616455078125" lon="-2.84117474220693111419677734375">
        <ele>400</ele>
        <time>2026-05-24T12:44:17.000Z</time>
        <extensions>
          <ns3:TrackPointExtension>
            <ns3:hr>122</ns3:hr>
            <ns3:cad>0</ns3:cad>
          </ns3:TrackPointExtension>
        </extensions>
      </trkpt>
      <trkpt lat="52.55050756037235260009765625" lon="-2.84117256291210651397705078125">
        <ele>400.20001220703125</ele>
        <time>2026-05-24T12:44:23.000Z</time>
        <extensions>
          <ns3:TrackPointExtension>
            <ns3:hr>124</ns3:hr>
            <ns3:cad>0</ns3:cad>
          </ns3:TrackPointExtension>
        </extensions>
      </trkpt>
      <trkpt lat="52.55050211213529109954833984375" lon="-2.84117625094950199127197265625">
        <ele>400</ele>
        <time>2026-05-24T12:44:26.000Z</time>
        <extensions>
          <ns3:TrackPointExtension>
            <ns3:hr>128</ns3:hr>
            <ns3:cad>0</ns3:cad>
          </ns3:TrackPointExtension>
        </extensions>
      </trkpt>
      <trkpt lat="52.55050177685916423797607421875" lon="-2.841175496578216552734375">
        <ele>400.20001220703125</ele>
        <time>2026-05-24T12:44:27.000Z</time>
        <extensions>
          <ns3:TrackPointExtension>
            <ns3:hr>128</ns3:hr>
            <ns3:cad>0</ns3:cad>
          </ns3:TrackPointExtension>
        </extensions>
      </trkpt>
      <trkpt lat="52.5505006872117519378662109375" lon="-2.8411766700446605682373046875">
        <ele>400</ele>
        <time>2026-05-24T12:44:31.000Z</time>
        <extensions>
          <ns3:TrackPointExtension>
            <ns3:hr>127</ns3:hr>
            <ns3:cad>0</ns3:cad>
          </ns3:TrackPointExtension>
        </extensions>
      </trkpt>
      <trkpt lat="52.5505023635923862457275390625" lon="-2.8411746583878993988037109375">
        <ele>399.79998779296875</ele>
        <time>2026-05-24T12:44:40.000Z</time>
        <extensions>
          <ns3:TrackPointExtension>
            <ns3:hr>124</ns3:hr>
            <ns3:cad>0</ns3:cad>
          </ns3:TrackPointExtension>
        </extensions>
      </trkpt>
      <trkpt lat="52.55050345323979854583740234375" lon="-2.84117306582629680633544921875">
        <ele>400</ele>
        <time>2026-05-24T12:44:44.000Z</time>
        <extensions>
          <ns3:TrackPointExtension>
            <ns3:hr>123</ns3:hr>
            <ns3:cad>0</ns3:cad>
          </ns3:TrackPointExtension>
        </extensions>
      </trkpt>
      <trkpt lat="52.550505883991718292236328125" lon="-2.84116954542696475982666015625">
        <ele>400</ele>
        <time>2026-05-24T12:44:53.000Z</time>
        <extensions>
          <ns3:TrackPointExtension>
            <ns3:hr>120</ns3:hr>
            <ns3:cad>0</ns3:cad>
          </ns3:TrackPointExtension>
        </extensions>
      </trkpt>
      <trkpt lat="52.550507895648479461669921875" lon="-2.8411661088466644287109375">
        <ele>399.79998779296875</ele>
        <time>2026-05-24T12:45:03.000Z</time>
        <extensions>
          <ns3:TrackPointExtension>
            <ns3:hr>116</ns3:hr>
            <ns3:cad>0</ns3:cad>
          </ns3:TrackPointExtension>
        </extensions>
      </trkpt>
      <trkpt lat="52.55050915293395519256591796875" lon="-2.8411639295518398284912109375">
        <ele>399.600006103515625</ele>
        <time>2026-05-24T12:45:13.000Z</time>
        <extensions>
          <ns3:TrackPointExtension>
            <ns3:hr>116</ns3:hr>
            <ns3:cad>0</ns3:cad>
          </ns3:TrackPointExtension>
        </extensions>
      </trkpt>
      <trkpt lat="52.5505097396671772003173828125" lon="-2.841162420809268951416015625">
        <ele>399.79998779296875</ele>
        <time>2026-05-24T12:45:30.000Z</time>
        <extensions>
          <ns3:TrackPointExtension>
            <ns3:hr>112</ns3:hr>
            <ns3:cad>0</ns3:cad>
          </ns3:TrackPointExtension>
        </extensions>
      </trkpt>
      <trkpt lat="52.55051367916166782379150390625" lon="-2.84116468392312526702880859375">
        <ele>400.20001220703125</ele>
        <time>2026-05-24T12:45:34.000Z</time>
        <extensions>
          <ns3:TrackPointExtension>
            <ns3:hr>112</ns3:hr>
            <ns3:cad>0</ns3:cad>
          </ns3:TrackPointExtension>
        </extensions>
      </trkpt>
      <trkpt lat="52.55051518790423870086669921875" lon="-2.84118957817554473876953125">
        <ele>401</ele>
        <time>2026-05-24T12:45:38.000Z</time>
        <extensions>
          <ns3:TrackPointExtension>
            <ns3:hr>112</ns3:hr>
            <ns3:cad>0</ns3:cad>
          </ns3:TrackPointExtension>
        </extensions>
      </trkpt>
      <trkpt lat="52.550512589514255523681640625" lon="-2.84119200892746448516845703125">
        <ele>401</ele>
        <time>2026-05-24T12:45:39.000Z</time>
        <extensions>
          <ns3:TrackPointExtension>
            <ns3:hr>112</ns3:hr>
            <ns3:cad>0</ns3:cad>
          </ns3:TrackPointExtension>
        </extensions>
      </trkpt>
      <trkpt lat="52.55050621926784515380859375" lon="-2.84123274497687816619873046875">
        <ele>400.600006103515625</ele>
        <time>2026-05-24T12:45:45.000Z</time>
        <extensions>
          <ns3:TrackPointExtension>
            <ns3:hr>113</ns3:hr>
            <ns3:cad>55</ns3:cad>
          </ns3:TrackPointExtension>
        </extensions>
      </trkpt>
      <trkpt lat="52.55050378851592540740966796875" lon="-2.84126593731343746185302734375">
        <ele>399.79998779296875</ele>
        <time>2026-05-24T12:45:51.000Z</time>
        <extensions>
          <ns3:TrackPointExtension>
            <ns3:hr>113</ns3:hr>
            <ns3:cad>0</ns3:cad>
          </ns3:TrackPointExtension>
        </extensions>
      </trkpt>
      <trkpt lat="52.5505043752491474151611328125" lon="-2.841271720826625823974609375">
        <ele>399.600006103515625</ele>
        <time>2026-05-24T12:45:53.000Z</time>
        <extensions>
          <ns3:TrackPointExtension>
            <ns3:hr>118</ns3:hr>
            <ns3:cad>0</ns3:cad>
          </ns3:TrackPointExtension>
        </extensions>
      </trkpt>
      <trkpt lat="52.5505047105252742767333984375" lon="-2.8412772528827190399169921875">
        <ele>399.399993896484375</ele>
        <time>2026-05-24T12:45:54.000Z</time>
        <extensions>
          <ns3:TrackPointExtension>
            <ns3:hr>118</ns3:hr>
            <ns3:cad>0</ns3:cad>
          </ns3:TrackPointExtension>
        </extensions>
      </trkpt>
      <trkpt lat="52.550506889820098876953125" lon="-2.84128353931009769439697265625">
        <ele>399.20001220703125</ele>
        <time>2026-05-24T12:45:55.000Z</time>
        <extensions>
          <ns3:TrackPointExtension>
            <ns3:hr>122</ns3:hr>
            <ns3:cad>0</ns3:cad>
          </ns3:TrackPointExtension>
        </extensions>
      </trkpt>
      <trkpt lat="52.55051694810390472412109375" lon="-2.84129996784031391143798828125">
        <ele>398.79998779296875</ele>
        <time>2026-05-24T12:45:57.000Z</time>
        <extensions>
          <ns3:TrackPointExtension>
            <ns3:hr>123</ns3:hr>
            <ns3:cad>0</ns3:cad>
          </ns3:TrackPointExtension>
        </extensions>
      </trkpt>
      <trkpt lat="52.5505228154361248016357421875" lon="-2.841313295066356658935546875">
        <ele>398.600006103515625</ele>
        <time>2026-05-24T12:45:58.000Z</time>
        <extensions>
          <ns3:TrackPointExtension>
            <ns3:hr>123</ns3:hr>
            <ns3:cad>0</ns3:cad>
          </ns3:TrackPointExtension>
        </extensions>
      </trkpt>
      <trkpt lat="52.55054754205048084259033203125" lon="-2.841379009187221527099609375">
        <ele>398.399993896484375</ele>
        <time>2026-05-24T12:46:02.000Z</time>
        <extensions>
          <ns3:TrackPointExtension>
            <ns3:hr>124</ns3:hr>
            <ns3:cad>0</ns3:cad>
          </ns3:TrackPointExtension>
        </extensions>
      </trkpt>
      <trkpt lat="52.55055307410657405853271484375" lon="-2.84146450459957122802734375">
        <ele>398.600006103515625</ele>
        <time>2026-05-24T12:46:06.000Z</time>
        <extensions>
          <ns3:TrackPointExtension>
            <ns3:hr>123</ns3:hr>
            <ns3:cad>0</ns3:cad>
          </ns3:TrackPointExtension>
        </extensions>
      </trkpt>
      <trkpt lat="52.55056112073361873626708984375" lon="-2.84152242355048656463623046875">
        <ele>398</ele>
        <time>2026-05-24T12:46:08.000Z</time>
        <extensions>
          <ns3:TrackPointExtension>
            <ns3:hr>124</ns3:hr>
            <ns3:cad>0</ns3:cad>
          </ns3:TrackPointExtension>
        </extensions>
      </trkpt>
      <trkpt lat="52.5505657307803630828857421875" lon="-2.84154723398387432098388671875">
        <ele>397.600006103515625</ele>
        <time>2026-05-24T12:46:09.000Z</time>
        <extensions>
          <ns3:TrackPointExtension>
            <ns3:hr>124</ns3:hr>
            <ns3:cad>0</ns3:cad>
          </ns3:TrackPointExtension>
        </extensions>
      </trkpt>
      <trkpt lat="52.5505690835416316986083984375" lon="-2.8415625728666782379150390625">
        <ele>397.399993896484375</ele>
        <time>2026-05-24T12:46:10.000Z</time>
        <extensions>
          <ns3:TrackPointExtension>
            <ns3:hr>126</ns3:hr>
            <ns3:cad>0</ns3:cad>
          </ns3:TrackPointExtension>
        </extensions>
      </trkpt>
      <trkpt lat="52.5505757890641689300537109375" lon="-2.84158512018620967864990234375">
        <ele>397.399993896484375</ele>
        <time>2026-05-24T12:46:12.000Z</time>
        <extensions>
          <ns3:TrackPointExtension>
            <ns3:hr>129</ns3:hr>
            <ns3:cad>0</ns3:cad>
          </ns3:TrackPointExtension>
        </extensions>
      </trkpt>
      <trkpt lat="52.55057805217802524566650390625" lon="-2.84160397946834564208984375">
        <ele>397.600006103515625</ele>
        <time>2026-05-24T12:46:14.000Z</time>
        <extensions>
          <ns3:TrackPointExtension>
            <ns3:hr>132</ns3:hr>
            <ns3:cad>0</ns3:cad>
          </ns3:TrackPointExtension>
        </extensions>
      </trkpt>
      <trkpt lat="52.550574950873851776123046875" lon="-2.8416138701140880584716796875">
        <ele>397.79998779296875</ele>
        <time>2026-05-24T12:46:15.000Z</time>
        <extensions>
          <ns3:TrackPointExtension>
            <ns3:hr>132</ns3:hr>
            <ns3:cad>0</ns3:cad>
          </ns3:TrackPointExtension>
        </extensions>
      </trkpt>
      <trkpt lat="52.55056648515164852142333984375" lon="-2.84166374243795871734619140625">
        <ele>399</ele>
        <time>2026-05-24T12:46:18.000Z</time>
        <extensions>
          <ns3:TrackPointExtension>
            <ns3:hr>135</ns3:hr>
            <ns3:cad>0</ns3:cad>
          </ns3:TrackPointExtension>
        </extensions>
      </trkpt>
      <trkpt lat="52.55056195892393589019775390625" lon="-2.84169961698353290557861328125">
        <ele>399.600006103515625</ele>
        <time>2026-05-24T12:46:20.000Z</time>
        <extensions>
          <ns3:TrackPointExtension>
            <ns3:hr>135</ns3:hr>
            <ns3:cad>0</ns3:cad>
          </ns3:TrackPointExtension>
        </extensions>
      </trkpt>
      <trkpt lat="52.5505677424371242523193359375" lon="-2.841754853725433349609375">
        <ele>399.79998779296875</ele>
        <time>2026-05-24T12:46:24.000Z</time>
        <extensions>
          <ns3:TrackPointExtension>
            <ns3:hr>138</ns3:hr>
            <ns3:cad>0</ns3:cad>
          </ns3:TrackPointExtension>
        </extensions>
      </trkpt>
      <trkpt lat="52.55057402886450290679931640625" lon="-2.84178636968135833740234375">
        <ele>400</ele>
        <time>2026-05-24T12:46:26.000Z</time>
        <extensions>
          <ns3:TrackPointExtension>
            <ns3:hr>138</ns3:hr>
            <ns3:cad>0</ns3:cad>
          </ns3:TrackPointExtension>
        </extensions>
      </trkpt>
      <trkpt lat="52.5505806505680084228515625" lon="-2.841857783496379852294921875">
        <ele>400.600006103515625</ele>
        <time>2026-05-24T12:46:31.000Z</time>
        <extensions>
          <ns3:TrackPointExtension>
            <ns3:hr>138</ns3:hr>
            <ns3:cad>0</ns3:cad>
          </ns3:TrackPointExtension>
        </extensions>
      </trkpt>
      <trkpt lat="52.55058802664279937744140625" lon="-2.84191318787634372711181640625">
        <ele>401</ele>
        <time>2026-05-24T12:46:35.000Z</time>
        <extensions>
          <ns3:TrackPointExtension>
            <ns3:hr>138</ns3:hr>
            <ns3:cad>53</ns3:cad>
          </ns3:TrackPointExtension>
        </extensions>
      </trkpt>
      <trkpt lat="52.55059129558503627777099609375" lon="-2.84193850122392177581787109375">
        <ele>401.399993896484375</ele>
        <time>2026-05-24T12:46:37.000Z</time>
        <extensions>
          <ns3:TrackPointExtension>
            <ns3:hr>138</ns3:hr>
            <ns3:cad>0</ns3:cad>
          </ns3:TrackPointExtension>
        </extensions>
      </trkpt>
      <trkpt lat="52.55059565417468547821044921875" lon="-2.841969430446624755859375">
        <ele>402</ele>
        <time>2026-05-24T12:46:40.000Z</time>
        <extensions>
          <ns3:TrackPointExtension>
            <ns3:hr>138</ns3:hr>
            <ns3:cad>0</ns3:cad>
          </ns3:TrackPointExtension>
        </extensions>
      </trkpt>
      <trkpt lat="52.5505979172885417938232421875" lon="-2.841983847320079803466796875">
        <ele>402.20001220703125</ele>
        <time>2026-05-24T12:46:41.000Z</time>
        <extensions>
          <ns3:TrackPointExtension>
            <ns3:hr>139</ns3:hr>
            <ns3:cad>0</ns3:cad>
          </ns3:TrackPointExtension>
        </extensions>
      </trkpt>
      <trkpt lat="52.550598420202732086181640625" lon="-2.84200103022158145904541015625">
        <ele>402.399993896484375</ele>
        <time>2026-05-24T12:46:42.000Z</time>
        <extensions>
          <ns3:TrackPointExtension>
            <ns3:hr>139</ns3:hr>
            <ns3:cad>0</ns3:cad>
          </ns3:TrackPointExtension>
        </extensions>
      </trkpt>
      <trkpt lat="52.55060805939137935638427734375" lon="-2.84208937548100948333740234375">
        <ele>403</ele>
        <time>2026-05-24T12:46:48.000Z</time>
        <extensions>
          <ns3:TrackPointExtension>
            <ns3:hr>140</ns3:hr>
            <ns3:cad>47</ns3:cad>
          </ns3:TrackPointExtension>
        </extensions>
      </trkpt>
      <trkpt lat="52.55060948431491851806640625" lon="-2.84210412763059139251708984375">
        <ele>403.20001220703125</ele>
        <time>2026-05-24T12:46:49.000Z</time>
        <extensions>
          <ns3:TrackPointExtension>
            <ns3:hr>141</ns3:hr>
            <ns3:cad>50</ns3:cad>
          </ns3:TrackPointExtension>
        </extensions>
      </trkpt>
      <trkpt lat="52.55061375908553600311279296875" lon="-2.84216783009469509124755859375">
        <ele>404</ele>
        <time>2026-05-24T12:46:53.000Z</time>
        <extensions>
          <ns3:TrackPointExtension>
            <ns3:hr>140</ns3:hr>
            <ns3:cad>50</ns3:cad>
          </ns3:TrackPointExtension>
        </extensions>
      </trkpt>
      <trkpt lat="52.55060906521975994110107421875" lon="-2.8422009386122226715087890625">
        <ele>404.399993896484375</ele>
        <time>2026-05-24T12:46:55.000Z</time>
        <extensions>
          <ns3:TrackPointExtension>
            <ns3:hr>140</ns3:hr>
            <ns3:cad>55</ns3:cad>
          </ns3:TrackPointExtension>
        </extensions>
      </trkpt>
      <trkpt lat="52.55060680210590362548828125" lon="-2.8422425128519535064697265625">
        <ele>404.600006103515625</ele>
        <time>2026-05-24T12:46:58.000Z</time>
        <extensions>
          <ns3:TrackPointExtension>
            <ns3:hr>140</ns3:hr>
            <ns3:cad>0</ns3:cad>
          </ns3:TrackPointExtension>
        </extensions>
      </trkpt>
      <trkpt lat="52.550610490143299102783203125" lon="-2.8422609530389308929443359375">
        <ele>404.79998779296875</ele>
        <time>2026-05-24T12:47:00.000Z</time>
        <extensions>
          <ns3:TrackPointExtension>
            <ns3:hr>139</ns3:hr>
            <ns3:cad>0</ns3:cad>
          </ns3:TrackPointExtension>
        </extensions>
      </trkpt>
      <trkpt lat="52.55062214098870754241943359375" lon="-2.842288278043270111083984375">
        <ele>405.399993896484375</ele>
        <time>2026-05-24T12:47:03.000Z</time>
        <extensions>
          <ns3:TrackPointExtension>
            <ns3:hr>140</ns3:hr>
            <ns3:cad>0</ns3:cad>
          </ns3:TrackPointExtension>
        </extensions>
      </trkpt>
      <trkpt lat="52.55062566138803958892822265625" lon="-2.842292971909046173095703125">
        <ele>405.600006103515625</ele>
        <time>2026-05-24T12:47:04.000Z</time>
        <extensions>
          <ns3:TrackPointExtension>
            <ns3:hr>140</ns3:hr>
            <ns3:cad>52</ns3:cad>
          </ns3:TrackPointExtension>
        </extensions>
      </trkpt>
      <trkpt lat="52.55062683485448360443115234375" lon="-2.842298336327075958251953125">
        <ele>405.79998779296875</ele>
        <time>2026-05-24T12:47:05.000Z</time>
        <extensions>
          <ns3:TrackPointExtension>
            <ns3:hr>140</ns3:hr>
            <ns3:cad>52</ns3:cad>
          </ns3:TrackPointExtension>
        </extensions>
      </trkpt>
      <trkpt lat="52.550629265606403350830078125" lon="-2.8423092328011989593505859375">
        <ele>406.20001220703125</ele>
        <time>2026-05-24T12:47:08.000Z</time>
        <extensions>
          <ns3:TrackPointExtension>
            <ns3:hr>141</ns3:hr>
            <ns3:cad>0</ns3:cad>
          </ns3:TrackPointExtension>
        </extensions>
      </trkpt>
      <trkpt lat="52.5506404973566532135009765625" lon="-2.84235239960253238677978515625">
        <ele>406.20001220703125</ele>
        <time>2026-05-24T12:47:12.000Z</time>
        <extensions>
          <ns3:TrackPointExtension>
            <ns3:hr>141</ns3:hr>
            <ns3:cad>0</ns3:cad>
          </ns3:TrackPointExtension>
        </extensions>
      </trkpt>
      <trkpt lat="52.55065265111625194549560546875" lon="-2.84239782951772212982177734375">
        <ele>406.20001220703125</ele>
        <time>2026-05-24T12:47:16.000Z</time>
        <extensions>
          <ns3:TrackPointExtension>
            <ns3:hr>144</ns3:hr>
            <ns3:cad>56</ns3:cad>
          </ns3:TrackPointExtension>
        </extensions>
      </trkpt>
      <trkpt lat="52.55066170357167720794677734375" lon="-2.842412330210208892822265625">
        <ele>406.600006103515625</ele>
        <time>2026-05-24T12:47:18.000Z</time>
        <extensions>
          <ns3:TrackPointExtension>
            <ns3:hr>144</ns3:hr>
            <ns3:cad>56</ns3:cad>
          </ns3:TrackPointExtension>
        </extensions>
      </trkpt>
      <trkpt lat="52.550675533711910247802734375" lon="-2.84244761802256107330322265625">
        <ele>407.79998779296875</ele>
        <time>2026-05-24T12:47:22.000Z</time>
        <extensions>
          <ns3:TrackPointExtension>
            <ns3:hr>147</ns3:hr>
            <ns3:cad>53</ns3:cad>
          </ns3:TrackPointExtension>
        </extensions>
      </trkpt>
      <trkpt lat="52.55067612044513225555419921875" lon="-2.842462621629238128662109375">
        <ele>408</ele>
        <time>2026-05-24T12:47:23.000Z</time>
        <extensions>
          <ns3:TrackPointExtension>
            <ns3:hr>148</ns3:hr>
            <ns3:cad>0</ns3:cad>
          </ns3:TrackPointExtension>
        </extensions>
      </trkpt>
      <trkpt lat="52.55067544989287853240966796875" lon="-2.8424755297601222991943359375">
        <ele>409</ele>
        <time>2026-05-24T12:47:24.000Z</time>
        <extensions>
          <ns3:TrackPointExtension>
            <ns3:hr>148</ns3:hr>
            <ns3:cad>0</ns3:cad>
          </ns3:TrackPointExtension>
        </extensions>
      </trkpt>
      <trkpt lat="52.55067494697868824005126953125" lon="-2.8424882702529430389404296875">
        <ele>409.399993896484375</ele>
        <time>2026-05-24T12:47:25.000Z</time>
        <extensions>
          <ns3:TrackPointExtension>
            <ns3:hr>148</ns3:hr>
            <ns3:cad>0</ns3:cad>
          </ns3:TrackPointExtension>
        </extensions>
      </trkpt>
      <trkpt lat="52.55068131722509860992431640625" lon="-2.84251056611537933349609375">
        <ele>410</ele>
        <time>2026-05-24T12:47:27.000Z</time>
        <extensions>
          <ns3:TrackPointExtension>
            <ns3:hr>149</ns3:hr>
            <ns3:cad>0</ns3:cad>
          </ns3:TrackPointExtension>
        </extensions>
      </trkpt>
      <trkpt lat="52.5506852567195892333984375" lon="-2.84252188168466091156005859375">
        <ele>410.20001220703125</ele>
        <time>2026-05-24T12:47:28.000Z</time>
        <extensions>
          <ns3:TrackPointExtension>
            <ns3:hr>149</ns3:hr>
            <ns3:cad>0</ns3:cad>
          </ns3:TrackPointExtension>
        </extensions>
      </trkpt>
      <trkpt lat="52.55069020204246044158935546875" lon="-2.84253378398716449737548828125">
        <ele>408.79998779296875</ele>
        <time>2026-05-24T12:47:29.000Z</time>
        <extensions>
          <ns3:TrackPointExtension>
            <ns3:hr>150</ns3:hr>
            <ns3:cad>0</ns3:cad>
          </ns3:TrackPointExtension>
        </extensions>
      </trkpt>
      <trkpt lat="52.55069456063210964202880859375" lon="-2.84254468046128749847412109375">
        <ele>408.600006103515625</ele>
        <time>2026-05-24T12:47:30.000Z</time>
        <extensions>
          <ns3:TrackPointExtension>
            <ns3:hr>150</ns3:hr>
            <ns3:cad>0</ns3:cad>
          </ns3:TrackPointExtension>
        </extensions>
      </trkpt>
      <trkpt lat="52.55072222091257572174072265625" lon="-2.8426274098455905914306640625">
        <ele>408</ele>
        <time>2026-05-24T12:47:35.000Z</time>
        <extensions>
          <ns3:TrackPointExtension>
            <ns3:hr>149</ns3:hr>
            <ns3:cad>0</ns3:cad>
          </ns3:TrackPointExtension>
        </extensions>
      </trkpt>
      <trkpt lat="52.55075289867818355560302734375" lon="-2.84270812757313251495361328125">
        <ele>408.399993896484375</ele>
        <time>2026-05-24T12:47:42.000Z</time>
        <extensions>
          <ns3:TrackPointExtension>
            <ns3:hr>151</ns3:hr>
            <ns3:cad>44</ns3:cad>
          </ns3:TrackPointExtension>
        </extensions>
      </trkpt>
      <trkpt lat="52.550770752131938934326171875" lon="-2.8427786193788051605224609375">
        <ele>408.79998779296875</ele>
        <time>2026-05-24T12:47:47.000Z</time>
        <extensions>
          <ns3:TrackPointExtension>
            <ns3:hr>150</ns3:hr>
            <ns3:cad>47</ns3:cad>
          </ns3:TrackPointExtension>
        </extensions>
      </trkpt>
      <trkpt lat="52.550780475139617919921875" lon="-2.8428590856492519378662109375">
        <ele>409.399993896484375</ele>
        <time>2026-05-24T12:47:52.000Z</time>
        <extensions>
          <ns3:TrackPointExtension>
            <ns3:hr>150</ns3:hr>
            <ns3:cad>51</ns3:cad>
          </ns3:TrackPointExtension>
        </extensions>
      </trkpt>
      <trkpt lat="52.55078382790088653564453125" lon="-2.84287375397980213165283203125">
        <ele>409.600006103515625</ele>
        <time>2026-05-24T12:47:53.000Z</time>
        <extensions>
          <ns3:TrackPointExtension>
            <ns3:hr>150</ns3:hr>
            <ns3:cad>49</ns3:cad>
          </ns3:TrackPointExtension>
        </extensions>
      </trkpt>
      <trkpt lat="52.55078709684312343597412109375" lon="-2.84288867376744747161865234375">
        <ele>409.79998779296875</ele>
        <time>2026-05-24T12:47:54.000Z</time>
        <extensions>
          <ns3:TrackPointExtension>
            <ns3:hr>150</ns3:hr>
            <ns3:cad>49</ns3:cad>
          </ns3:TrackPointExtension>
        </extensions>
      </trkpt>
      <trkpt lat="52.55080168135464191436767578125" lon="-2.8429361991584300994873046875">
        <ele>411</ele>
        <time>2026-05-24T12:47:57.000Z</time>
        <extensions>
          <ns3:TrackPointExtension>
            <ns3:hr>149</ns3:hr>
            <ns3:cad>49</ns3:cad>
          </ns3:TrackPointExtension>
        </extensions>
      </trkpt>
      <trkpt lat="52.55083747208118438720703125" lon="-2.84301456995308399200439453125">
        <ele>411.20001220703125</ele>
        <time>2026-05-24T12:48:03.000Z</time>
        <extensions>
          <ns3:TrackPointExtension>
            <ns3:hr>148</ns3:hr>
            <ns3:cad>53</ns3:cad>
          </ns3:TrackPointExtension>
        </extensions>
      </trkpt>
      <trkpt lat="52.55086555145680904388427734375" lon="-2.84307693131268024444580078125">
        <ele>411.20001220703125</ele>
        <time>2026-05-24T12:48:08.000Z</time>
        <extensions>
          <ns3:TrackPointExtension>
            <ns3:hr>148</ns3:hr>
            <ns3:cad>51</ns3:cad>
          </ns3:TrackPointExtension>
        </extensions>
      </trkpt>
      <trkpt lat="52.550868652760982513427734375" lon="-2.8431122191250324249267578125">
        <ele>411.20001220703125</ele>
        <time>2026-05-24T12:48:10.000Z</time>
        <extensions>
          <ns3:TrackPointExtension>
            <ns3:hr>148</ns3:hr>
            <ns3:cad>52</ns3:cad>
          </ns3:TrackPointExtension>
        </extensions>
      </trkpt>
      <trkpt lat="52.55087644793093204498291015625" lon="-2.84314549528062343597412109375">
        <ele>411.600006103515625</ele>
        <time>2026-05-24T12:48:12.000Z</time>
        <extensions>
          <ns3:TrackPointExtension>
            <ns3:hr>148</ns3:hr>
            <ns3:cad>52</ns3:cad>
          </ns3:TrackPointExtension>
        </extensions>
      </trkpt>
      <trkpt lat="52.55090243183076381683349609375" lon="-2.8432168252766132354736328125">
        <ele>410.79998779296875</ele>
        <time>2026-05-24T12:48:18.000Z</time>
        <extensions>
          <ns3:TrackPointExtension>
            <ns3:hr>149</ns3:hr>
            <ns3:cad>0</ns3:cad>
          </ns3:TrackPointExtension>
        </extensions>
      </trkpt>
      <trkpt lat="52.55090779624879360198974609375" lon="-2.84324725158512592315673828125">
        <ele>412.20001220703125</ele>
        <time>2026-05-24T12:48:20.000Z</time>
        <extensions>
          <ns3:TrackPointExtension>
            <ns3:hr>150</ns3:hr>
            <ns3:cad>0</ns3:cad>
          </ns3:TrackPointExtension>
        </extensions>
      </trkpt>
      <trkpt lat="52.55092623643577098846435546875" lon="-2.843287400901317596435546875">
        <ele>412</ele>
        <time>2026-05-24T12:48:23.000Z</time>
        <extensions>
          <ns3:TrackPointExtension>
            <ns3:hr>149</ns3:hr>
            <ns3:cad>0</ns3:cad>
          </ns3:TrackPointExtension>
        </extensions>
      </trkpt>
      <trkpt lat="52.55096009932458400726318359375" lon="-2.843316905200481414794921875">
        <ele>412.79998779296875</ele>
        <time>2026-05-24T12:48:28.000Z</time>
        <extensions>
          <ns3:TrackPointExtension>
            <ns3:hr>148</ns3:hr>
            <ns3:cad>47</ns3:cad>
          </ns3:TrackPointExtension>
        </extensions>
      </trkpt>
      <trkpt lat="52.55096881650388240814208984375" lon="-2.84332587383687496185302734375">
        <ele>413.20001220703125</ele>
        <time>2026-05-24T12:48:29.000Z</time>
        <extensions>
          <ns3:TrackPointExtension>
            <ns3:hr>148</ns3:hr>
            <ns3:cad>47</ns3:cad>
          </ns3:TrackPointExtension>
        </extensions>
      </trkpt>
      <trkpt lat="52.550975941121578216552734375" lon="-2.84333492629230022430419921875">
        <ele>413.399993896484375</ele>
        <time>2026-05-24T12:48:30.000Z</time>
        <extensions>
          <ns3:TrackPointExtension>
            <ns3:hr>147</ns3:hr>
            <ns3:cad>47</ns3:cad>
          </ns3:TrackPointExtension>
        </extensions>
      </trkpt>
      <trkpt lat="52.55099077709019184112548828125" lon="-2.84338119439780712127685546875">
        <ele>414</ele>
        <time>2026-05-24T12:48:34.000Z</time>
        <extensions>
          <ns3:TrackPointExtension>
            <ns3:hr>145</ns3:hr>
            <ns3:cad>50</ns3:cad>
          </ns3:TrackPointExtension>
        </extensions>
      </trkpt>
      <trkpt lat="52.55102179013192653656005859375" lon="-2.84347155131399631500244140625">
        <ele>413.20001220703125</ele>
        <time>2026-05-24T12:48:40.000Z</time>
        <extensions>
          <ns3:TrackPointExtension>
            <ns3:hr>146</ns3:hr>
            <ns3:cad>0</ns3:cad>
          </ns3:TrackPointExtension>
        </extensions>
      </trkpt>
      <trkpt lat="52.551055066287517547607421875" lon="-2.84352385438978672027587890625">
        <ele>413.600006103515625</ele>
        <time>2026-05-24T12:48:45.000Z</time>
        <extensions>
          <ns3:TrackPointExtension>
            <ns3:hr>145</ns3:hr>
            <ns3:cad>50</ns3:cad>
          </ns3:TrackPointExtension>
        </extensions>
      </trkpt>
      <trkpt lat="52.551110051572322845458984375" lon="-2.843586467206478118896484375">
        <ele>414.399993896484375</ele>
        <time>2026-05-24T12:48:51.000Z</time>
        <extensions>
          <ns3:TrackPointExtension>
            <ns3:hr>145</ns3:hr>
            <ns3:cad>50</ns3:cad>
          </ns3:TrackPointExtension>
        </extensions>
      </trkpt>
      <trkpt lat="52.55111717619001865386962890625" lon="-2.843597866594791412353515625">
        <ele>414.399993896484375</ele>
        <time>2026-05-24T12:48:52.000Z</time>
        <extensions>
          <ns3:TrackPointExtension>
            <ns3:hr>145</ns3:hr>
            <ns3:cad>51</ns3:cad>
          </ns3:TrackPointExtension>
        </extensions>
      </trkpt>
      <trkpt lat="52.55116411484777927398681640625" lon="-2.84364807419478893280029296875">
        <ele>415.20001220703125</ele>
        <time>2026-05-24T12:48:57.000Z</time>
        <extensions>
          <ns3:TrackPointExtension>
            <ns3:hr>143</ns3:hr>
            <ns3:cad>51</ns3:cad>
          </ns3:TrackPointExtension>
        </extensions>
      </trkpt>
      <trkpt lat="52.55117970518767833709716796875" lon="-2.843660898506641387939453125">
        <ele>415.600006103515625</ele>
        <time>2026-05-24T12:48:59.000Z</time>
        <extensions>
          <ns3:TrackPointExtension>
            <ns3:hr>143</ns3:hr>
            <ns3:cad>52</ns3:cad>
          </ns3:TrackPointExtension>
        </extensions>
      </trkpt>
      <trkpt lat="52.5512114726006984710693359375" lon="-2.84368143416941165924072265625">
        <ele>416</ele>
        <time>2026-05-24T12:49:03.000Z</time>
        <extensions>
          <ns3:TrackPointExtension>
            <ns3:hr>144</ns3:hr>
            <ns3:cad>50</ns3:cad>
          </ns3:TrackPointExtension>
        </extensions>
      </trkpt>
      <trkpt lat="52.55121792666614055633544921875" lon="-2.843685038387775421142578125">
        <ele>416.20001220703125</ele>
        <time>2026-05-24T12:49:04.000Z</time>
        <extensions>
          <ns3:TrackPointExtension>
            <ns3:hr>144</ns3:hr>
            <ns3:cad>50</ns3:cad>
          </ns3:TrackPointExtension>
        </extensions>
      </trkpt>
      <trkpt lat="52.55124114453792572021484375" lon="-2.84369518049061298370361328125">
        <ele>416.79998779296875</ele>
        <time>2026-05-24T12:49:07.000Z</time>
        <extensions>
          <ns3:TrackPointExtension>
            <ns3:hr>146</ns3:hr>
            <ns3:cad>48</ns3:cad>
          </ns3:TrackPointExtension>
        </extensions>
      </trkpt>
      <trkpt lat="52.551285065710544586181640625" lon="-2.84373231232166290283203125">
        <ele>417.79998779296875</ele>
        <time>2026-05-24T12:49:13.000Z</time>
        <extensions>
          <ns3:TrackPointExtension>
            <ns3:hr>147</ns3:hr>
            <ns3:cad>46</ns3:cad>
          </ns3:TrackPointExtension>
        </extensions>
      </trkpt>
      <trkpt lat="52.5512939505279064178466796875" lon="-2.84373901784420013427734375">
        <ele>418</ele>
        <time>2026-05-24T12:49:14.000Z</time>
        <extensions>
          <ns3:TrackPointExtension>
            <ns3:hr>147</ns3:hr>
            <ns3:cad>46</ns3:cad>
          </ns3:TrackPointExtension>
        </extensions>
      </trkpt>
      <trkpt lat="52.55134080536663532257080078125" lon="-2.84378017298877239227294921875">
        <ele>418.600006103515625</ele>
        <time>2026-05-24T12:49:20.000Z</time>
        <extensions>
          <ns3:TrackPointExtension>
            <ns3:hr>148</ns3:hr>
            <ns3:cad>50</ns3:cad>
          </ns3:TrackPointExtension>
        </extensions>
      </trkpt>
      <trkpt lat="52.55136586725711822509765625" lon="-2.8438015468418598175048828125">
        <ele>419</ele>
        <time>2026-05-24T12:49:23.000Z</time>
        <extensions>
          <ns3:TrackPointExtension>
            <ns3:hr>148</ns3:hr>
            <ns3:cad>50</ns3:cad>
          </ns3:TrackPointExtension>
        </extensions>
      </trkpt>
      <trkpt lat="52.5513811223208904266357421875" lon="-2.8438149578869342803955078125">
        <ele>419.20001220703125</ele>
        <time>2026-05-24T12:49:25.000Z</time>
        <extensions>
          <ns3:TrackPointExtension>
            <ns3:hr>148</ns3:hr>
            <ns3:cad>52</ns3:cad>
          </ns3:TrackPointExtension>
        </extensions>
      </trkpt>
      <trkpt lat="52.55142889916896820068359375" lon="-2.84387472085654735565185546875">
        <ele>419.79998779296875</ele>
        <time>2026-05-24T12:49:31.000Z</time>
        <extensions>
          <ns3:TrackPointExtension>
            <ns3:hr>150</ns3:hr>
            <ns3:cad>53</ns3:cad>
          </ns3:TrackPointExtension>
        </extensions>
      </trkpt>
      <trkpt lat="52.5514639355242252349853515625" lon="-2.8439296223223209381103515625">
        <ele>420</ele>
        <time>2026-05-24T12:49:36.000Z</time>
        <extensions>
          <ns3:TrackPointExtension>
            <ns3:hr>150</ns3:hr>
            <ns3:cad>50</ns3:cad>
          </ns3:TrackPointExtension>
        </extensions>
      </trkpt>
      <trkpt lat="52.5515098683536052703857421875" lon="-2.843994833528995513916015625">
        <ele>420.399993896484375</ele>
        <time>2026-05-24T12:49:42.000Z</time>
        <extensions>
          <ns3:TrackPointExtension>
            <ns3:hr>151</ns3:hr>
            <ns3:cad>54</ns3:cad>
          </ns3:TrackPointExtension>
        </extensions>
      </trkpt>
      <trkpt lat="52.551555633544921875" lon="-2.844044454395771026611328125">
        <ele>420.79998779296875</ele>
        <time>2026-05-24T12:49:47.000Z</time>
        <extensions>
          <ns3:TrackPointExtension>
            <ns3:hr>151</ns3:hr>
            <ns3:cad>51</ns3:cad>
          </ns3:TrackPointExtension>
        </extensions>
      </trkpt>
      <trkpt lat="52.5515762530267238616943359375" lon="-2.84406222403049468994140625">
        <ele>421</ele>
        <time>2026-05-24T12:49:49.000Z</time>
        <extensions>
          <ns3:TrackPointExtension>
            <ns3:hr>151</ns3:hr>
            <ns3:cad>51</ns3:cad>
          </ns3:TrackPointExtension>
        </extensions>
      </trkpt>
      <trkpt lat="52.55161522887647151947021484375" lon="-2.84409717656672000885009765625">
        <ele>421.600006103515625</ele>
        <time>2026-05-24T12:49:53.000Z</time>
        <extensions>
          <ns3:TrackPointExtension>
            <ns3:hr>150</ns3:hr>
            <ns3:cad>51</ns3:cad>
          </ns3:TrackPointExtension>
        </extensions>
      </trkpt>
      <trkpt lat="52.5516208447515964508056640625" lon="-2.8441053070127964019775390625">
        <ele>421.79998779296875</ele>
        <time>2026-05-24T12:49:54.000Z</time>
        <extensions>
          <ns3:TrackPointExtension>
            <ns3:hr>150</ns3:hr>
            <ns3:cad>52</ns3:cad>
          </ns3:TrackPointExtension>
        </extensions>
      </trkpt>
      <trkpt lat="52.551649175584316253662109375" lon="-2.84414344467222690582275390625">
        <ele>422</ele>
        <time>2026-05-24T12:49:58.000Z</time>
        <extensions>
          <ns3:TrackPointExtension>
            <ns3:hr>150</ns3:hr>
            <ns3:cad>51</ns3:cad>
          </ns3:TrackPointExtension>
        </extensions>
      </trkpt>
      <trkpt lat="52.55165613256394863128662109375" lon="-2.84415668807923793792724609375">
        <ele>422.20001220703125</ele>
        <time>2026-05-24T12:49:59.000Z</time>
        <extensions>
          <ns3:TrackPointExtension>
            <ns3:hr>150</ns3:hr>
            <ns3:cad>51</ns3:cad>
          </ns3:TrackPointExtension>
        </extensions>
      </trkpt>
      <trkpt lat="52.55169619806110858917236328125" lon="-2.84423413686454296112060546875">
        <ele>423</ele>
        <time>2026-05-24T12:50:06.000Z</time>
        <extensions>
          <ns3:TrackPointExtension>
            <ns3:hr>150</ns3:hr>
            <ns3:cad>50</ns3:cad>
          </ns3:TrackPointExtension>
        </extensions>
      </trkpt>
      <trkpt lat="52.5516996346414089202880859375" lon="-2.8442488051950931549072265625">
        <ele>423.20001220703125</ele>
        <time>2026-05-24T12:50:07.000Z</time>
        <extensions>
          <ns3:TrackPointExtension>
            <ns3:hr>150</ns3:hr>
            <ns3:cad>50</ns3:cad>
          </ns3:TrackPointExtension>
        </extensions>
      </trkpt>
      <trkpt lat="52.551722936332225799560546875" lon="-2.84430102445185184478759765625">
        <ele>423.600006103515625</ele>
        <time>2026-05-24T12:50:11.000Z</time>
        <extensions>
          <ns3:TrackPointExtension>
            <ns3:hr>149</ns3:hr>
            <ns3:cad>51</ns3:cad>
          </ns3:TrackPointExtension>
        </extensions>
      </trkpt>
      <trkpt lat="52.5517495907843112945556640625" lon="-2.84434276632964611053466796875">
        <ele>424.20001220703125</ele>
        <time>2026-05-24T12:50:16.000Z</time>
        <extensions>
          <ns3:TrackPointExtension>
            <ns3:hr>149</ns3:hr>
            <ns3:cad>0</ns3:cad>
          </ns3:TrackPointExtension>
        </extensions>
      </trkpt>
      <trkpt lat="52.55175638012588024139404296875" lon="-2.8443525731563568115234375">
        <ele>424.399993896484375</ele>
        <time>2026-05-24T12:50:17.000Z</time>
        <extensions>
          <ns3:TrackPointExtension>
            <ns3:hr>149</ns3:hr>
            <ns3:cad>0</ns3:cad>
          </ns3:TrackPointExtension>
        </extensions>
      </trkpt>
      <trkpt lat="52.551769204437732696533203125" lon="-2.84437210299074649810791015625">
        <ele>424.79998779296875</ele>
        <time>2026-05-24T12:50:19.000Z</time>
        <extensions>
          <ns3:TrackPointExtension>
            <ns3:hr>149</ns3:hr>
            <ns3:cad>0</ns3:cad>
          </ns3:TrackPointExtension>
        </extensions>
      </trkpt>
      <trkpt lat="52.5517935119569301605224609375" lon="-2.84441116265952587127685546875">
        <ele>424.600006103515625</ele>
        <time>2026-05-24T12:50:23.000Z</time>
        <extensions>
          <ns3:TrackPointExtension>
            <ns3:hr>148</ns3:hr>
            <ns3:cad>47</ns3:cad>
          </ns3:TrackPointExtension>
        </extensions>
      </trkpt>
      <trkpt lat="52.5518183223903179168701171875" lon="-2.84445709548890590667724609375">
        <ele>424.79998779296875</ele>
        <time>2026-05-24T12:50:30.000Z</time>
        <extensions>
          <ns3:TrackPointExtension>
            <ns3:hr>148</ns3:hr>
            <ns3:cad>0</ns3:cad>
          </ns3:TrackPointExtension>
        </extensions>
      </trkpt>
      <trkpt lat="52.55183282308280467987060546875" lon="-2.84450889565050601959228515625">
        <ele>425.399993896484375</ele>
        <time>2026-05-24T12:50:34.000Z</time>
        <extensions>
          <ns3:TrackPointExtension>
            <ns3:hr>149</ns3:hr>
            <ns3:cad>0</ns3:cad>
          </ns3:TrackPointExtension>
        </extensions>
      </trkpt>
      <trkpt lat="52.5518541969358921051025390625" lon="-2.84455818124115467071533203125">
        <ele>426.399993896484375</ele>
        <time>2026-05-24T12:50:38.000Z</time>
        <extensions>
          <ns3:TrackPointExtension>
            <ns3:hr>149</ns3:hr>
            <ns3:cad>53</ns3:cad>
          </ns3:TrackPointExtension>
        </extensions>
      </trkpt>
      <trkpt lat="52.55187842063605785369873046875" lon="-2.84463646821677684783935546875">
        <ele>426.600006103515625</ele>
        <time>2026-05-24T12:50:43.000Z</time>
        <extensions>
          <ns3:TrackPointExtension>
            <ns3:hr>148</ns3:hr>
            <ns3:cad>50</ns3:cad>
          </ns3:TrackPointExtension>
        </extensions>
      </trkpt>
      <trkpt lat="52.55191664211452007293701171875" lon="-2.8447460196912288665771484375">
        <ele>427.20001220703125</ele>
        <time>2026-05-24T12:50:50.000Z</time>
        <extensions>
          <ns3:TrackPointExtension>
            <ns3:hr>149</ns3:hr>
            <ns3:cad>53</ns3:cad>
          </ns3:TrackPointExtension>
        </extensions>
      </trkpt>
      <trkpt lat="52.55195352248847484588623046875" lon="-2.844865210354328155517578125">
        <ele>427.399993896484375</ele>
        <time>2026-05-24T12:50:58.000Z</time>
        <extensions>
          <ns3:TrackPointExtension>
            <ns3:hr>148</ns3:hr>
            <ns3:cad>54</ns3:cad>
          </ns3:TrackPointExtension>
        </extensions>
      </trkpt>
      <trkpt lat="52.55196726880967617034912109375" lon="-2.84489639103412628173828125">
        <ele>427.399993896484375</ele>
        <time>2026-05-24T12:51:00.000Z</time>
        <extensions>
          <ns3:TrackPointExtension>
            <ns3:hr>149</ns3:hr>
            <ns3:cad>55</ns3:cad>
          </ns3:TrackPointExtension>
        </extensions>
      </trkpt>
      <trkpt lat="52.551983781158924102783203125" lon="-2.84493930637836456298828125">
        <ele>428.20001220703125</ele>
        <time>2026-05-24T12:51:03.000Z</time>
        <extensions>
          <ns3:TrackPointExtension>
            <ns3:hr>148</ns3:hr>
            <ns3:cad>55</ns3:cad>
          </ns3:TrackPointExtension>
        </extensions>
      </trkpt>
      <trkpt lat="52.5520137883722782135009765625" lon="-2.8450135700404644012451171875">
        <ele>427.79998779296875</ele>
        <time>2026-05-24T12:51:08.000Z</time>
        <extensions>
          <ns3:TrackPointExtension>
            <ns3:hr>147</ns3:hr>
            <ns3:cad>51</ns3:cad>
          </ns3:TrackPointExtension>
        </extensions>
      </trkpt>
      <trkpt lat="52.552032060921192169189453125" lon="-2.8451014123857021331787109375">
        <ele>428</ele>
        <time>2026-05-24T12:51:14.000Z</time>
        <extensions>
          <ns3:TrackPointExtension>
            <ns3:hr>145</ns3:hr>
            <ns3:cad>51</ns3:cad>
          </ns3:TrackPointExtension>
        </extensions>
      </trkpt>
      <trkpt lat="52.55203734152019023895263671875" lon="-2.84514047205448150634765625">
        <ele>428</ele>
        <time>2026-05-24T12:51:16.000Z</time>
        <extensions>
          <ns3:TrackPointExtension>
            <ns3:hr>145</ns3:hr>
            <ns3:cad>50</ns3:cad>
          </ns3:TrackPointExtension>
        </extensions>
      </trkpt>
      <trkpt lat="52.55204589106142520904541015625" lon="-2.84518875181674957275390625">
        <ele>427.79998779296875</ele>
        <time>2026-05-24T12:51:19.000Z</time>
        <extensions>
          <ns3:TrackPointExtension>
            <ns3:hr>145</ns3:hr>
            <ns3:cad>51</ns3:cad>
          </ns3:TrackPointExtension>
        </extensions>
      </trkpt>
      <trkpt lat="52.5520634092390537261962890625" lon="-2.84524683840572834014892578125">
        <ele>428.600006103515625</ele>
        <time>2026-05-24T12:51:23.000Z</time>
        <extensions>
          <ns3:TrackPointExtension>
            <ns3:hr>144</ns3:hr>
            <ns3:cad>51</ns3:cad>
          </ns3:TrackPointExtension>
        </extensions>
      </trkpt>
      <trkpt lat="52.5520778261125087738037109375" lon="-2.84527433104813098907470703125">
        <ele>428.79998779296875</ele>
        <time>2026-05-24T12:51:25.000Z</time>
        <extensions>
          <ns3:TrackPointExtension>
            <ns3:hr>144</ns3:hr>
            <ns3:cad>53</ns3:cad>
          </ns3:TrackPointExtension>
        </extensions>
      </trkpt>
      <trkpt lat="52.55211981944739818572998046875" lon="-2.8453478403389453887939453125">
        <ele>429.600006103515625</ele>
        <time>2026-05-24T12:51:31.000Z</time>
        <extensions>
          <ns3:TrackPointExtension>
            <ns3:hr>143</ns3:hr>
            <ns3:cad>51</ns3:cad>
          </ns3:TrackPointExtension>
        </extensions>
      </trkpt>
      <trkpt lat="52.5521267764270305633544921875" lon="-2.845364101231098175048828125">
        <ele>429.600006103515625</ele>
        <time>2026-05-24T12:51:32.000Z</time>
        <extensions>
          <ns3:TrackPointExtension>
            <ns3:hr>144</ns3:hr>
            <ns3:cad>51</ns3:cad>
          </ns3:TrackPointExtension>
        </extensions>
      </trkpt>
      <trkpt lat="52.5521495752036571502685546875" lon="-2.84541766159236431121826171875">
        <ele>429.79998779296875</ele>
        <time>2026-05-24T12:51:36.000Z</time>
        <extensions>
          <ns3:TrackPointExtension>
            <ns3:hr>144</ns3:hr>
            <ns3:cad>51</ns3:cad>
          </ns3:TrackPointExtension>
        </extensions>
      </trkpt>
      <trkpt lat="52.5521631538867950439453125" lon="-2.845441214740276336669921875">
        <ele>430.20001220703125</ele>
        <time>2026-05-24T12:51:38.000Z</time>
        <extensions>
          <ns3:TrackPointExtension>
            <ns3:hr>143</ns3:hr>
            <ns3:cad>51</ns3:cad>
          </ns3:TrackPointExtension>
        </extensions>
      </trkpt>
      <trkpt lat="52.55218754522502422332763671875" lon="-2.8454715572297573089599609375">
        <ele>430.79998779296875</ele>
        <time>2026-05-24T12:51:41.000Z</time>
        <extensions>
          <ns3:TrackPointExtension>
            <ns3:hr>144</ns3:hr>
            <ns3:cad>50</ns3:cad>
          </ns3:TrackPointExtension>
        </extensions>
      </trkpt>
      <trkpt lat="52.55220833234488964080810546875" lon="-2.8455013968050479888916015625">
        <ele>431</ele>
        <time>2026-05-24T12:51:44.000Z</time>
        <extensions>
          <ns3:TrackPointExtension>
            <ns3:hr>144</ns3:hr>
            <ns3:cad>50</ns3:cad>
          </ns3:TrackPointExtension>
        </extensions>
      </trkpt>
      <trkpt lat="52.552254013717174530029296875" lon="-2.84555646590888500213623046875">
        <ele>431.399993896484375</ele>
        <time>2026-05-24T12:51:50.000Z</time>
        <extensions>
          <ns3:TrackPointExtension>
            <ns3:hr>143</ns3:hr>
            <ns3:cad>0</ns3:cad>
          </ns3:TrackPointExtension>
        </extensions>
      </trkpt>
      <trkpt lat="52.55226499401032924652099609375" lon="-2.84556602127850055694580078125">
        <ele>431.79998779296875</ele>
        <time>2026-05-24T12:51:51.000Z</time>
        <extensions>
          <ns3:TrackPointExtension>
            <ns3:hr>143</ns3:hr>
            <ns3:cad>0</ns3:cad>
          </ns3:TrackPointExtension>
        </extensions>
      </trkpt>
      <trkpt lat="52.5523051433265209197998046875" lon="-2.845608852803707122802734375">
        <ele>431.79998779296875</ele>
        <time>2026-05-24T12:51:56.000Z</time>
        <extensions>
          <ns3:TrackPointExtension>
            <ns3:hr>144</ns3:hr>
            <ns3:cad>54</ns3:cad>
          </ns3:TrackPointExtension>
        </extensions>
      </trkpt>
      <trkpt lat="52.55236473865807056427001953125" lon="-2.84562997519969940185546875">
        <ele>432.20001220703125</ele>
        <time>2026-05-24T12:52:02.000Z</time>
        <extensions>
          <ns3:TrackPointExtension>
            <ns3:hr>145</ns3:hr>
            <ns3:cad>51</ns3:cad>
          </ns3:TrackPointExtension>
        </extensions>
      </trkpt>
      <trkpt lat="52.55240731872618198394775390625" lon="-2.84564715810120105743408203125">
        <ele>432.600006103515625</ele>
        <time>2026-05-24T12:52:07.000Z</time>
        <extensions>
          <ns3:TrackPointExtension>
            <ns3:hr>147</ns3:hr>
            <ns3:cad>51</ns3:cad>
          </ns3:TrackPointExtension>
        </extensions>
      </trkpt>
      <trkpt lat="52.5524234957993030548095703125" lon="-2.84565386362373828887939453125">
        <ele>432.79998779296875</ele>
        <time>2026-05-24T12:52:09.000Z</time>
        <extensions>
          <ns3:TrackPointExtension>
            <ns3:hr>146</ns3:hr>
            <ns3:cad>48</ns3:cad>
          </ns3:TrackPointExtension>
        </extensions>
      </trkpt>
      <trkpt lat="52.5524449534714221954345703125" lon="-2.84565939567983150482177734375">
        <ele>433.399993896484375</ele>
        <time>2026-05-24T12:52:12.000Z</time>
        <extensions>
          <ns3:TrackPointExtension>
            <ns3:hr>145</ns3:hr>
            <ns3:cad>45</ns3:cad>
          </ns3:TrackPointExtension>
        </extensions>
      </trkpt>
      <trkpt lat="52.55246347747743129730224609375" lon="-2.84566123969852924346923828125">
        <ele>434</ele>
        <time>2026-05-24T12:52:15.000Z</time>
        <extensions>
          <ns3:TrackPointExtension>
            <ns3:hr>145</ns3:hr>
            <ns3:cad>47</ns3:cad>
          </ns3:TrackPointExtension>
        </extensions>
      </trkpt>
      <trkpt lat="52.55247454158961772918701171875" lon="-2.8456614911556243896484375">
        <ele>434.399993896484375</ele>
        <time>2026-05-24T12:52:17.000Z</time>
        <extensions>
          <ns3:TrackPointExtension>
            <ns3:hr>146</ns3:hr>
            <ns3:cad>47</ns3:cad>
          </ns3:TrackPointExtension>
        </extensions>
      </trkpt>
      <trkpt lat="52.552499435842037200927734375" lon="-2.8456552885472774505615234375">
        <ele>435.20001220703125</ele>
        <time>2026-05-24T12:52:22.000Z</time>
        <extensions>
          <ns3:TrackPointExtension>
            <ns3:hr>146</ns3:hr>
            <ns3:cad>45</ns3:cad>
          </ns3:TrackPointExtension>
        </extensions>
      </trkpt>
      <trkpt lat="52.55254411138594150543212890625" lon="-2.84563492052257061004638671875">
        <ele>436.399993896484375</ele>
        <time>2026-05-24T12:52:28.000Z</time>
        <extensions>
          <ns3:TrackPointExtension>
            <ns3:hr>147</ns3:hr>
            <ns3:cad>45</ns3:cad>
          </ns3:TrackPointExtension>
        </extensions>
      </trkpt>
      <trkpt lat="52.55257177166640758514404296875" lon="-2.8456140495836734771728515625">
        <ele>437.399993896484375</ele>
        <time>2026-05-24T12:52:34.000Z</time>
        <extensions>
          <ns3:TrackPointExtension>
            <ns3:hr>148</ns3:hr>
            <ns3:cad>42</ns3:cad>
          </ns3:TrackPointExtension>
        </extensions>
      </trkpt>
      <trkpt lat="52.552593983709812164306640625" lon="-2.8455922566354274749755859375">
        <ele>438.20001220703125</ele>
        <time>2026-05-24T12:52:39.000Z</time>
        <extensions>
          <ns3:TrackPointExtension>
            <ns3:hr>149</ns3:hr>
            <ns3:cad>41</ns3:cad>
          </ns3:TrackPointExtension>
        </extensions>
      </trkpt>
      <trkpt lat="52.5525998510420322418212890625" lon="-2.8455775044858455657958984375">
        <ele>438.399993896484375</ele>
        <time>2026-05-24T12:52:42.000Z</time>
        <extensions>
          <ns3:TrackPointExtension>
            <ns3:hr>151</ns3:hr>
            <ns3:cad>40</ns3:cad>
          </ns3:TrackPointExtension>
        </extensions>
      </trkpt>
      <trkpt lat="52.5526035390794277191162109375" lon="-2.84557255916297435760498046875">
        <ele>438.600006103515625</ele>
        <time>2026-05-24T12:52:43.000Z</time>
        <extensions>
          <ns3:TrackPointExtension>
            <ns3:hr>151</ns3:hr>
            <ns3:cad>41</ns3:cad>
          </ns3:TrackPointExtension>
        </extensions>
      </trkpt>
      <trkpt lat="52.5526256673038005828857421875" lon="-2.845551855862140655517578125">
        <ele>439.600006103515625</ele>
        <time>2026-05-24T12:52:48.000Z</time>
        <extensions>
          <ns3:TrackPointExtension>
            <ns3:hr>153</ns3:hr>
            <ns3:cad>76</ns3:cad>
          </ns3:TrackPointExtension>
        </extensions>
      </trkpt>
      <trkpt lat="52.552642934024333953857421875" lon="-2.845524363219738006591796875">
        <ele>440.399993896484375</ele>
        <time>2026-05-24T12:52:53.000Z</time>
        <extensions>
          <ns3:TrackPointExtension>
            <ns3:hr>155</ns3:hr>
            <ns3:cad>0</ns3:cad>
          </ns3:TrackPointExtension>
        </extensions>
      </trkpt>
      <trkpt lat="52.55265240557491779327392578125" lon="-2.84551288001239299774169921875">
        <ele>440.79998779296875</ele>
        <time>2026-05-24T12:52:56.000Z</time>
        <extensions>
          <ns3:TrackPointExtension>
            <ns3:hr>155</ns3:hr>
            <ns3:cad>41</ns3:cad>
          </ns3:TrackPointExtension>
        </extensions>
      </trkpt>
      <trkpt lat="52.55265743471682071685791015625" lon="-2.8455070964992046356201171875">
        <ele>441</ele>
        <time>2026-05-24T12:52:57.000Z</time>
        <extensions>
          <ns3:TrackPointExtension>
            <ns3:hr>155</ns3:hr>
            <ns3:cad>41</ns3:cad>
          </ns3:TrackPointExtension>
        </extensions>
      </trkpt>
      <trkpt lat="52.55268014967441558837890625" lon="-2.84549343399703502655029296875">
        <ele>442</ele>
        <time>2026-05-24T12:53:01.000Z</time>
        <extensions>
          <ns3:TrackPointExtension>
            <ns3:hr>156</ns3:hr>
            <ns3:cad>76</ns3:cad>
          </ns3:TrackPointExtension>
        </extensions>
      </trkpt>
      <trkpt lat="52.55271309055387973785400390625" lon="-2.84548957832157611846923828125">
        <ele>442.79998779296875</ele>
        <time>2026-05-24T12:53:06.000Z</time>
        <extensions>
          <ns3:TrackPointExtension>
            <ns3:hr>158</ns3:hr>
            <ns3:cad>0</ns3:cad>
          </ns3:TrackPointExtension>
        </extensions>
      </trkpt>
      <trkpt lat="52.55273773334920406341552734375" lon="-2.84548320807516574859619140625">
        <ele>443</ele>
        <time>2026-05-24T12:53:09.000Z</time>
        <extensions>
          <ns3:TrackPointExtension>
            <ns3:hr>158</ns3:hr>
            <ns3:cad>75</ns3:cad>
          </ns3:TrackPointExtension>
        </extensions>
      </trkpt>
      <trkpt lat="52.55275500006973743438720703125" lon="-2.84548086114227771759033203125">
        <ele>443.399993896484375</ele>
        <time>2026-05-24T12:53:11.000Z</time>
        <extensions>
          <ns3:TrackPointExtension>
            <ns3:hr>158</ns3:hr>
            <ns3:cad>0</ns3:cad>
          </ns3:TrackPointExtension>
        </extensions>
      </trkpt>
      <trkpt lat="52.552791796624660491943359375" lon="-2.84548605792224407196044921875">
        <ele>444</ele>
        <time>2026-05-24T12:53:16.000Z</time>
        <extensions>
          <ns3:TrackPointExtension>
            <ns3:hr>159</ns3:hr>
            <ns3:cad>44</ns3:cad>
          </ns3:TrackPointExtension>
        </extensions>
      </trkpt>
      <trkpt lat="52.5528268329799175262451171875" lon="-2.8454846329987049102783203125">
        <ele>444.79998779296875</ele>
        <time>2026-05-24T12:53:21.000Z</time>
        <extensions>
          <ns3:TrackPointExtension>
            <ns3:hr>159</ns3:hr>
            <ns3:cad>47</ns3:cad>
          </ns3:TrackPointExtension>
        </extensions>
      </trkpt>
      <trkpt lat="52.5528546608984470367431640625" lon="-2.84548002295196056365966796875">
        <ele>445</ele>
        <time>2026-05-24T12:53:24.000Z</time>
        <extensions>
          <ns3:TrackPointExtension>
            <ns3:hr>160</ns3:hr>
            <ns3:cad>45</ns3:cad>
          </ns3:TrackPointExtension>
        </extensions>
      </trkpt>
      <trkpt lat="52.55287754349410533905029296875" lon="-2.8454749099910259246826171875">
        <ele>445.399993896484375</ele>
        <time>2026-05-24T12:53:27.000Z</time>
        <extensions>
          <ns3:TrackPointExtension>
            <ns3:hr>159</ns3:hr>
            <ns3:cad>45</ns3:cad>
          </ns3:TrackPointExtension>
        </extensions>
      </trkpt>
      <trkpt lat="52.55291308276355266571044921875" lon="-2.8454685397446155548095703125">
        <ele>445.79998779296875</ele>
        <time>2026-05-24T12:53:33.000Z</time>
        <extensions>
          <ns3:TrackPointExtension>
            <ns3:hr>159</ns3:hr>
            <ns3:cad>44</ns3:cad>
          </ns3:TrackPointExtension>
        </extensions>
      </trkpt>
      <trkpt lat="52.5529357977211475372314453125" lon="-2.84547063522040843963623046875">
        <ele>446.20001220703125</ele>
        <time>2026-05-24T12:53:36.000Z</time>
        <extensions>
          <ns3:TrackPointExtension>
            <ns3:hr>159</ns3:hr>
            <ns3:cad>43</ns3:cad>
          </ns3:TrackPointExtension>
        </extensions>
      </trkpt>
      <trkpt lat="52.5529599376022815704345703125" lon="-2.84547884948551654815673828125">
        <ele>446.600006103515625</ele>
        <time>2026-05-24T12:53:39.000Z</time>
        <extensions>
          <ns3:TrackPointExtension>
            <ns3:hr>159</ns3:hr>
            <ns3:cad>45</ns3:cad>
          </ns3:TrackPointExtension>
        </extensions>
      </trkpt>
      <trkpt lat="52.55298617295920848846435546875" lon="-2.84548941068351268768310546875">
        <ele>447.399993896484375</ele>
        <time>2026-05-24T12:53:43.000Z</time>
        <extensions>
          <ns3:TrackPointExtension>
            <ns3:hr>159</ns3:hr>
            <ns3:cad>46</ns3:cad>
          </ns3:TrackPointExtension>
        </extensions>
      </trkpt>
      <trkpt lat="52.55299489013850688934326171875" lon="-2.84549184143543243408203125">
        <ele>447.79998779296875</ele>
        <time>2026-05-24T12:53:44.000Z</time>
        <extensions>
          <ns3:TrackPointExtension>
            <ns3:hr>159</ns3:hr>
            <ns3:cad>44</ns3:cad>
          </ns3:TrackPointExtension>
        </extensions>
      </trkpt>
      <trkpt lat="52.55301098339259624481201171875" lon="-2.84549854695796966552734375">
        <ele>448.399993896484375</ele>
        <time>2026-05-24T12:53:47.000Z</time>
        <extensions>
          <ns3:TrackPointExtension>
            <ns3:hr>158</ns3:hr>
            <ns3:cad>47</ns3:cad>
          </ns3:TrackPointExtension>
        </extensions>
      </trkpt>
      <trkpt lat="52.5530326925218105316162109375" lon="-2.84551019780337810516357421875">
        <ele>448.20001220703125</ele>
        <time>2026-05-24T12:53:51.000Z</time>
        <extensions>
          <ns3:TrackPointExtension>
            <ns3:hr>159</ns3:hr>
            <ns3:cad>0</ns3:cad>
          </ns3:TrackPointExtension>
        </extensions>
      </trkpt>
      <trkpt lat="52.5530913658440113067626953125" lon="-2.84556048922240734100341796875">
        <ele>449</ele>
        <time>2026-05-24T12:54:00.000Z</time>
        <extensions>
          <ns3:TrackPointExtension>
            <ns3:hr>158</ns3:hr>
            <ns3:cad>43</ns3:cad>
          </ns3:TrackPointExtension>
        </extensions>
      </trkpt>
      <trkpt lat="52.5531359575688838958740234375" lon="-2.8456051647663116455078125">
        <ele>449.399993896484375</ele>
        <time>2026-05-24T12:54:06.000Z</time>
        <extensions>
          <ns3:TrackPointExtension>
            <ns3:hr>157</ns3:hr>
            <ns3:cad>49</ns3:cad>
          </ns3:TrackPointExtension>
        </extensions>
      </trkpt>
      <trkpt lat="52.55316101945936679840087890625" lon="-2.8456462360918521881103515625">
        <ele>449.600006103515625</ele>
        <time>2026-05-24T12:54:10.000Z</time>
        <extensions>
          <ns3:TrackPointExtension>
            <ns3:hr>156</ns3:hr>
            <ns3:cad>47</ns3:cad>
          </ns3:TrackPointExtension>
        </extensions>
      </trkpt>
      <trkpt lat="52.55319069139659404754638671875" lon="-2.8456971980631351470947265625">
        <ele>449.600006103515625</ele>
        <time>2026-05-24T12:54:15.000Z</time>
        <extensions>
          <ns3:TrackPointExtension>
            <ns3:hr>156</ns3:hr>
            <ns3:cad>51</ns3:cad>
          </ns3:TrackPointExtension>
        </extensions>
      </trkpt>
      <trkpt lat="52.55324433557689189910888671875" lon="-2.84577590413391590118408203125">
        <ele>449.79998779296875</ele>
        <time>2026-05-24T12:54:21.000Z</time>
        <extensions>
          <ns3:TrackPointExtension>
            <ns3:hr>156</ns3:hr>
            <ns3:cad>55</ns3:cad>
          </ns3:TrackPointExtension>
        </extensions>
      </trkpt>
      <trkpt lat="52.5532811321318149566650390625" lon="-2.84581010229885578155517578125">
        <ele>450.20001220703125</ele>
        <time>2026-05-24T12:54:26.000Z</time>
        <extensions>
          <ns3:TrackPointExtension>
            <ns3:hr>154</ns3:hr>
            <ns3:cad>56</ns3:cad>
          </ns3:TrackPointExtension>
        </extensions>
      </trkpt>
      <trkpt lat="52.55334592424333095550537109375" lon="-2.8458484075963497161865234375">
        <ele>450</ele>
        <time>2026-05-24T12:54:32.000Z</time>
        <extensions>
          <ns3:TrackPointExtension>
            <ns3:hr>152</ns3:hr>
            <ns3:cad>55</ns3:cad>
          </ns3:TrackPointExtension>
        </extensions>
      </trkpt>
      <trkpt lat="52.55335330031812191009521484375" lon="-2.84585100598633289337158203125">
        <ele>450.20001220703125</ele>
        <time>2026-05-24T12:54:33.000Z</time>
        <extensions>
          <ns3:TrackPointExtension>
            <ns3:hr>152</ns3:hr>
            <ns3:cad>55</ns3:cad>
          </ns3:TrackPointExtension>
        </extensions>
      </trkpt>
      <trkpt lat="52.5533994846045970916748046875" lon="-2.84583809785544872283935546875">
        <ele>450</ele>
        <time>2026-05-24T12:54:38.000Z</time>
        <extensions>
          <ns3:TrackPointExtension>
            <ns3:hr>150</ns3:hr>
            <ns3:cad>55</ns3:cad>
          </ns3:TrackPointExtension>
        </extensions>
      </trkpt>
      <trkpt lat="52.55342739634215831756591796875" lon="-2.8458329848945140838623046875">
        <ele>450.20001220703125</ele>
        <time>2026-05-24T12:54:41.000Z</time>
        <extensions>
          <ns3:TrackPointExtension>
            <ns3:hr>150</ns3:hr>
            <ns3:cad>55</ns3:cad>
          </ns3:TrackPointExtension>
        </extensions>
      </trkpt>
      <trkpt lat="52.55343577824532985687255859375" lon="-2.8458333201706409454345703125">
        <ele>450.20001220703125</ele>
        <time>2026-05-24T12:54:42.000Z</time>
        <extensions>
          <ns3:TrackPointExtension>
            <ns3:hr>150</ns3:hr>
            <ns3:cad>55</ns3:cad>
          </ns3:TrackPointExtension>
        </extensions>
      </trkpt>
      <trkpt lat="52.5534615106880664825439453125" lon="-2.845831811428070068359375">
        <ele>450.600006103515625</ele>
        <time>2026-05-24T12:54:45.000Z</time>
        <extensions>
          <ns3:TrackPointExtension>
            <ns3:hr>148</ns3:hr>
            <ns3:cad>55</ns3:cad>
          </ns3:TrackPointExtension>
        </extensions>
      </trkpt>
      <trkpt lat="52.5534906797111034393310546875" lon="-2.8458282910287380218505859375">
        <ele>450.600006103515625</ele>
        <time>2026-05-24T12:54:48.000Z</time>
        <extensions>
          <ns3:TrackPointExtension>
            <ns3:hr>148</ns3:hr>
            <ns3:cad>0</ns3:cad>
          </ns3:TrackPointExtension>
        </extensions>
      </trkpt>
      <trkpt lat="52.5535067729651927947998046875" lon="-2.84582451917231082916259765625">
        <ele>450.79998779296875</ele>
        <time>2026-05-24T12:54:50.000Z</time>
        <extensions>
          <ns3:TrackPointExtension>
            <ns3:hr>145</ns3:hr>
            <ns3:cad>50</ns3:cad>
          </ns3:TrackPointExtension>
        </extensions>
      </trkpt>
      <trkpt lat="52.55354155786335468292236328125" lon="-2.84581177867949008941650390625">
        <ele>451.399993896484375</ele>
        <time>2026-05-24T12:54:54.000Z</time>
        <extensions>
          <ns3:TrackPointExtension>
            <ns3:hr>145</ns3:hr>
            <ns3:cad>51</ns3:cad>
          </ns3:TrackPointExtension>
        </extensions>
      </trkpt>
      <trkpt lat="52.55355882458388805389404296875" lon="-2.84580289386212825775146484375">
        <ele>451.600006103515625</ele>
        <time>2026-05-24T12:54:56.000Z</time>
        <extensions>
          <ns3:TrackPointExtension>
            <ns3:hr>144</ns3:hr>
            <ns3:cad>51</ns3:cad>
          </ns3:TrackPointExtension>
        </extensions>
      </trkpt>
      <trkpt lat="52.55359210073947906494140625" lon="-2.84578294493257999420166015625">
        <ele>452.399993896484375</ele>
        <time>2026-05-24T12:55:00.000Z</time>
        <extensions>
          <ns3:TrackPointExtension>
            <ns3:hr>144</ns3:hr>
            <ns3:cad>48</ns3:cad>
          </ns3:TrackPointExtension>
        </extensions>
      </trkpt>
      <trkpt lat="52.5536083616316318511962890625" lon="-2.8457676060497760772705078125">
        <ele>452.600006103515625</ele>
        <time>2026-05-24T12:55:02.000Z</time>
        <extensions>
          <ns3:TrackPointExtension>
            <ns3:hr>145</ns3:hr>
            <ns3:cad>47</ns3:cad>
          </ns3:TrackPointExtension>
        </extensions>
      </trkpt>
      <trkpt lat="52.55362604744732379913330078125" lon="-2.84575612284243106842041015625">
        <ele>453</ele>
        <time>2026-05-24T12:55:05.000Z</time>
        <extensions>
          <ns3:TrackPointExtension>
            <ns3:hr>144</ns3:hr>
            <ns3:cad>48</ns3:cad>
          </ns3:TrackPointExtension>
        </extensions>
      </trkpt>
      <trkpt lat="52.5536636821925640106201171875" lon="-2.84572108648717403411865234375">
        <ele>453.79998779296875</ele>
        <time>2026-05-24T12:55:10.000Z</time>
        <extensions>
          <ns3:TrackPointExtension>
            <ns3:hr>145</ns3:hr>
            <ns3:cad>47</ns3:cad>
          </ns3:TrackPointExtension>
        </extensions>
      </trkpt>
      <trkpt lat="52.55370299331843852996826171875" lon="-2.8456814400851726531982421875">
        <ele>454.600006103515625</ele>
        <time>2026-05-24T12:55:15.000Z</time>
        <extensions>
          <ns3:TrackPointExtension>
            <ns3:hr>145</ns3:hr>
            <ns3:cad>48</ns3:cad>
          </ns3:TrackPointExtension>
        </extensions>
      </trkpt>
      <trkpt lat="52.55371003411710262298583984375" lon="-2.84567398019134998321533203125">
        <ele>454.79998779296875</ele>
        <time>2026-05-24T12:55:16.000Z</time>
        <extensions>
          <ns3:TrackPointExtension>
            <ns3:hr>145</ns3:hr>
            <ns3:cad>47</ns3:cad>
          </ns3:TrackPointExtension>
        </extensions>
      </trkpt>
      <trkpt lat="52.55371875129640102386474609375" lon="-2.84566207788884639739990234375">
        <ele>455.20001220703125</ele>
        <time>2026-05-24T12:55:18.000Z</time>
        <extensions>
          <ns3:TrackPointExtension>
            <ns3:hr>146</ns3:hr>
            <ns3:cad>46</ns3:cad>
          </ns3:TrackPointExtension>
        </extensions>
      </trkpt>
      <trkpt lat="52.5537283904850482940673828125" lon="-2.84564648754894733428955078125">
        <ele>455.600006103515625</ele>
        <time>2026-05-24T12:55:20.000Z</time>
        <extensions>
          <ns3:TrackPointExtension>
            <ns3:hr>146</ns3:hr>
            <ns3:cad>44</ns3:cad>
          </ns3:TrackPointExtension>
        </extensions>
      </trkpt>
      <trkpt lat="52.55373266525566577911376953125" lon="-2.84563072957098484039306640625">
        <ele>456</ele>
        <time>2026-05-24T12:55:22.000Z</time>
        <extensions>
          <ns3:TrackPointExtension>
            <ns3:hr>147</ns3:hr>
            <ns3:cad>45</ns3:cad>
          </ns3:TrackPointExtension>
        </extensions>
      </trkpt>
      <trkpt lat="52.5537381134927272796630859375" lon="-2.84561145119369029998779296875">
        <ele>456.399993896484375</ele>
        <time>2026-05-24T12:55:24.000Z</time>
        <extensions>
          <ns3:TrackPointExtension>
            <ns3:hr>148</ns3:hr>
            <ns3:cad>45</ns3:cad>
          </ns3:TrackPointExtension>
        </extensions>
      </trkpt>
      <trkpt lat="52.55374792031943798065185546875" lon="-2.84557373262941837310791015625">
        <ele>457.20001220703125</ele>
        <time>2026-05-24T12:55:28.000Z</time>
        <extensions>
          <ns3:TrackPointExtension>
            <ns3:hr>150</ns3:hr>
            <ns3:cad>45</ns3:cad>
          </ns3:TrackPointExtension>
        </extensions>
      </trkpt>
      <trkpt lat="52.55375177599489688873291015625" lon="-2.845565937459468841552734375">
        <ele>457.399993896484375</ele>
        <time>2026-05-24T12:55:29.000Z</time>
        <extensions>
          <ns3:TrackPointExtension>
            <ns3:hr>150</ns3:hr>
            <ns3:cad>44</ns3:cad>
          </ns3:TrackPointExtension>
        </extensions>
      </trkpt>
      <trkpt lat="52.553765773773193359375" lon="-2.84551807679235935211181640625">
        <ele>457.79998779296875</ele>
        <time>2026-05-24T12:55:34.000Z</time>
        <extensions>
          <ns3:TrackPointExtension>
            <ns3:hr>151</ns3:hr>
            <ns3:cad>43</ns3:cad>
          </ns3:TrackPointExtension>
        </extensions>
      </trkpt>
      <trkpt lat="52.55376921035349369049072265625" lon="-2.84548706375062465667724609375">
        <ele>458.399993896484375</ele>
        <time>2026-05-24T12:55:37.000Z</time>
        <extensions>
          <ns3:TrackPointExtension>
            <ns3:hr>152</ns3:hr>
            <ns3:cad>43</ns3:cad>
          </ns3:TrackPointExtension>
        </extensions>
      </trkpt>
      <trkpt lat="52.553772144019603729248046875" lon="-2.84546560607850551605224609375">
        <ele>459.20001220703125</ele>
        <time>2026-05-24T12:55:40.000Z</time>
        <extensions>
          <ns3:TrackPointExtension>
            <ns3:hr>152</ns3:hr>
            <ns3:cad>43</ns3:cad>
          </ns3:TrackPointExtension>
        </extensions>
      </trkpt>
      <trkpt lat="52.553776167333126068115234375" lon="-2.84545588307082653045654296875">
        <ele>459.600006103515625</ele>
        <time>2026-05-24T12:55:41.000Z</time>
        <extensions>
          <ns3:TrackPointExtension>
            <ns3:hr>152</ns3:hr>
            <ns3:cad>43</ns3:cad>
          </ns3:TrackPointExtension>
        </extensions>
      </trkpt>
      <trkpt lat="52.553788237273693084716796875" lon="-2.84541866742074489593505859375">
        <ele>460.399993896484375</ele>
        <time>2026-05-24T12:55:45.000Z</time>
        <extensions>
          <ns3:TrackPointExtension>
            <ns3:hr>153</ns3:hr>
            <ns3:cad>77</ns3:cad>
          </ns3:TrackPointExtension>
        </extensions>
      </trkpt>
      <trkpt lat="52.5537977926433086395263671875" lon="-2.84539930522441864013671875">
        <ele>460.600006103515625</ele>
        <time>2026-05-24T12:55:47.000Z</time>
        <extensions>
          <ns3:TrackPointExtension>
            <ns3:hr>153</ns3:hr>
            <ns3:cad>77</ns3:cad>
          </ns3:TrackPointExtension>
        </extensions>
      </trkpt>
      <trkpt lat="52.55380810238420963287353515625" lon="-2.84537491388618946075439453125">
        <ele>460.79998779296875</ele>
        <time>2026-05-24T12:55:49.000Z</time>
        <extensions>
          <ns3:TrackPointExtension>
            <ns3:hr>154</ns3:hr>
            <ns3:cad>41</ns3:cad>
          </ns3:TrackPointExtension>
        </extensions>
      </trkpt>
      <trkpt lat="52.5538246147334575653076171875" lon="-2.84531657584011554718017578125">
        <ele>461.399993896484375</ele>
        <time>2026-05-24T12:55:54.000Z</time>
        <extensions>
          <ns3:TrackPointExtension>
            <ns3:hr>155</ns3:hr>
            <ns3:cad>44</ns3:cad>
          </ns3:TrackPointExtension>
        </extensions>
      </trkpt>
      <trkpt lat="52.5538286380469799041748046875" lon="-2.845303080976009368896484375">
        <ele>461.600006103515625</ele>
        <time>2026-05-24T12:55:55.000Z</time>
        <extensions>
          <ns3:TrackPointExtension>
            <ns3:hr>155</ns3:hr>
            <ns3:cad>44</ns3:cad>
          </ns3:TrackPointExtension>
        </extensions>
      </trkpt>
      <trkpt lat="52.55384045653045177459716796875" lon="-2.8452710621058940887451171875">
        <ele>462</ele>
        <time>2026-05-24T12:55:58.000Z</time>
        <extensions>
          <ns3:TrackPointExtension>
            <ns3:hr>156</ns3:hr>
            <ns3:cad>45</ns3:cad>
          </ns3:TrackPointExtension>
        </extensions>
      </trkpt>
      <trkpt lat="52.5538698770105838775634765625" lon="-2.8452244587242603302001953125">
        <ele>462.79998779296875</ele>
        <time>2026-05-24T12:56:03.000Z</time>
        <extensions>
          <ns3:TrackPointExtension>
            <ns3:hr>157</ns3:hr>
            <ns3:cad>0</ns3:cad>
          </ns3:TrackPointExtension>
        </extensions>
      </trkpt>
      <trkpt lat="52.5538832880556583404541015625" lon="-2.84520174376666545867919921875">
        <ele>463.20001220703125</ele>
        <time>2026-05-24T12:56:05.000Z</time>
        <extensions>
          <ns3:TrackPointExtension>
            <ns3:hr>157</ns3:hr>
            <ns3:cad>0</ns3:cad>
          </ns3:TrackPointExtension>
        </extensions>
      </trkpt>
      <trkpt lat="52.5539141334593296051025390625" lon="-2.84514994360506534576416015625">
        <ele>463.600006103515625</ele>
        <time>2026-05-24T12:56:10.000Z</time>
        <extensions>
          <ns3:TrackPointExtension>
            <ns3:hr>157</ns3:hr>
            <ns3:cad>47</ns3:cad>
          </ns3:TrackPointExtension>
        </extensions>
      </trkpt>
      <trkpt lat="52.55392410792410373687744140625" lon="-2.84513452090322971343994140625">
        <ele>463.79998779296875</ele>
        <time>2026-05-24T12:56:12.000Z</time>
        <extensions>
          <ns3:TrackPointExtension>
            <ns3:hr>158</ns3:hr>
            <ns3:cad>45</ns3:cad>
          </ns3:TrackPointExtension>
        </extensions>
      </trkpt>
      <trkpt lat="52.5539439730346202850341796875" lon="-2.845100574195384979248046875">
        <ele>464</ele>
        <time>2026-05-24T12:56:15.000Z</time>
        <extensions>
          <ns3:TrackPointExtension>
            <ns3:hr>158</ns3:hr>
            <ns3:cad>47</ns3:cad>
          </ns3:TrackPointExtension>
        </extensions>
      </trkpt>
      <trkpt lat="52.553973980247974395751953125" lon="-2.845057658851146697998046875">
        <ele>464.600006103515625</ele>
        <time>2026-05-24T12:56:22.000Z</time>
        <extensions>
          <ns3:TrackPointExtension>
            <ns3:hr>158</ns3:hr>
            <ns3:cad>41</ns3:cad>
          </ns3:TrackPointExtension>
        </extensions>
      </trkpt>
      <trkpt lat="52.55398864857852458953857421875" lon="-2.84502781927585601806640625">
        <ele>465</ele>
        <time>2026-05-24T12:56:26.000Z</time>
        <extensions>
          <ns3:TrackPointExtension>
            <ns3:hr>156</ns3:hr>
            <ns3:cad>0</ns3:cad>
          </ns3:TrackPointExtension>
        </extensions>
      </trkpt>
      <trkpt lat="52.55399468354880809783935546875" lon="-2.84500929526984691619873046875">
        <ele>465.20001220703125</ele>
        <time>2026-05-24T12:56:30.000Z</time>
        <extensions>
          <ns3:TrackPointExtension>
            <ns3:hr>157</ns3:hr>
            <ns3:cad>0</ns3:cad>
          </ns3:TrackPointExtension>
        </extensions>
      </trkpt>
      <trkpt lat="52.55399920977652072906494140625" lon="-2.8449991531670093536376953125">
        <ele>465.20001220703125</ele>
        <time>2026-05-24T12:56:39.000Z</time>
        <extensions>
          <ns3:TrackPointExtension>
            <ns3:hr>156</ns3:hr>
            <ns3:cad>0</ns3:cad>
          </ns3:TrackPointExtension>
        </extensions>
      </trkpt>
      <trkpt lat="52.554039023816585540771484375" lon="-2.84491659142076969146728515625">
        <ele>465.600006103515625</ele>
        <time>2026-05-24T12:56:46.000Z</time>
        <extensions>
          <ns3:TrackPointExtension>
            <ns3:hr>155</ns3:hr>
            <ns3:cad>0</ns3:cad>
          </ns3:TrackPointExtension>
        </extensions>
      </trkpt>
      <trkpt lat="52.55406525917351245880126953125" lon="-2.8448687307536602020263671875">
        <ele>465.79998779296875</ele>
        <time>2026-05-24T12:56:50.000Z</time>
        <extensions>
          <ns3:TrackPointExtension>
            <ns3:hr>154</ns3:hr>
            <ns3:cad>51</ns3:cad>
          </ns3:TrackPointExtension>
        </extensions>
      </trkpt>
      <trkpt lat="52.55407682619988918304443359375" lon="-2.84484551288187503814697265625">
        <ele>466</ele>
        <time>2026-05-24T12:56:52.000Z</time>
        <extensions>
          <ns3:TrackPointExtension>
            <ns3:hr>154</ns3:hr>
            <ns3:cad>51</ns3:cad>
          </ns3:TrackPointExtension>
        </extensions>
      </trkpt>
      <trkpt lat="52.55408956669270992279052734375" lon="-2.8448201157152652740478515625">
        <ele>466.20001220703125</ele>
        <time>2026-05-24T12:56:54.000Z</time>
        <extensions>
          <ns3:TrackPointExtension>
            <ns3:hr>154</ns3:hr>
            <ns3:cad>51</ns3:cad>
          </ns3:TrackPointExtension>
        </extensions>
      </trkpt>
      <trkpt lat="52.55412996746599674224853515625" lon="-2.84474208019673824310302734375">
        <ele>466.79998779296875</ele>
        <time>2026-05-24T12:57:00.000Z</time>
        <extensions>
          <ns3:TrackPointExtension>
            <ns3:hr>153</ns3:hr>
            <ns3:cad>51</ns3:cad>
          </ns3:TrackPointExtension>
        </extensions>
      </trkpt>
      <trkpt lat="52.55416634492576122283935546875" lon="-2.844662703573703765869140625">
        <ele>466.600006103515625</ele>
        <time>2026-05-24T12:57:06.000Z</time>
        <extensions>
          <ns3:TrackPointExtension>
            <ns3:hr>151</ns3:hr>
            <ns3:cad>0</ns3:cad>
          </ns3:TrackPointExtension>
        </extensions>
      </trkpt>
      <trkpt lat="52.5541774928569793701171875" lon="-2.84463261254131793975830078125">
        <ele>467</ele>
        <time>2026-05-24T12:57:08.000Z</time>
        <extensions>
          <ns3:TrackPointExtension>
            <ns3:hr>151</ns3:hr>
            <ns3:cad>0</ns3:cad>
          </ns3:TrackPointExtension>
        </extensions>
      </trkpt>
      <trkpt lat="52.554197944700717926025390625" lon="-2.8445810638368129730224609375">
        <ele>467.600006103515625</ele>
        <time>2026-05-24T12:57:12.000Z</time>
        <extensions>
          <ns3:TrackPointExtension>
            <ns3:hr>148</ns3:hr>
            <ns3:cad>52</ns3:cad>
          </ns3:TrackPointExtension>
        </extensions>
      </trkpt>
      <trkpt lat="52.554223425686359405517578125" lon="-2.8445274196565151214599609375">
        <ele>467.79998779296875</ele>
        <time>2026-05-24T12:57:16.000Z</time>
        <extensions>
          <ns3:TrackPointExtension>
            <ns3:hr>148</ns3:hr>
            <ns3:cad>52</ns3:cad>
          </ns3:TrackPointExtension>
        </extensions>
      </trkpt>
      <trkpt lat="52.55424312315881252288818359375" lon="-2.84447302110493183135986328125">
        <ele>468</ele>
        <time>2026-05-24T12:57:20.000Z</time>
        <extensions>
          <ns3:TrackPointExtension>
            <ns3:hr>148</ns3:hr>
            <ns3:cad>51</ns3:cad>
          </ns3:TrackPointExtension>
        </extensions>
      </trkpt>
      <trkpt lat="52.5542463921010494232177734375" lon="-2.84445977769792079925537109375">
        <ele>468.20001220703125</ele>
        <time>2026-05-24T12:57:21.000Z</time>
        <extensions>
          <ns3:TrackPointExtension>
            <ns3:hr>147</ns3:hr>
            <ns3:cad>51</ns3:cad>
          </ns3:TrackPointExtension>
        </extensions>
      </trkpt>
      <trkpt lat="52.55424966104328632354736328125" lon="-2.8444405831396579742431640625">
        <ele>468.20001220703125</ele>
        <time>2026-05-24T12:57:22.000Z</time>
        <extensions>
          <ns3:TrackPointExtension>
            <ns3:hr>147</ns3:hr>
            <ns3:cad>51</ns3:cad>
          </ns3:TrackPointExtension>
        </extensions>
      </trkpt>
      <trkpt lat="52.55424999631941318511962890625" lon="-2.8443973325192928314208984375">
        <ele>468.399993896484375</ele>
        <time>2026-05-24T12:57:25.000Z</time>
        <extensions>
          <ns3:TrackPointExtension>
            <ns3:hr>147</ns3:hr>
            <ns3:cad>51</ns3:cad>
          </ns3:TrackPointExtension>
        </extensions>
      </trkpt>
      <trkpt lat="52.55423985421657562255859375" lon="-2.84436606802046298980712890625">
        <ele>468.600006103515625</ele>
        <time>2026-05-24T12:57:27.000Z</time>
        <extensions>
          <ns3:TrackPointExtension>
            <ns3:hr>147</ns3:hr>
            <ns3:cad>51</ns3:cad>
          </ns3:TrackPointExtension>
        </extensions>
      </trkpt>
      <trkpt lat="52.55421169102191925048828125" lon="-2.84428794868290424346923828125">
        <ele>469.20001220703125</ele>
        <time>2026-05-24T12:57:32.000Z</time>
        <extensions>
          <ns3:TrackPointExtension>
            <ns3:hr>147</ns3:hr>
            <ns3:cad>50</ns3:cad>
          </ns3:TrackPointExtension>
        </extensions>
      </trkpt>
      <trkpt lat="52.5542043149471282958984375" lon="-2.844276465475559234619140625">
        <ele>469.399993896484375</ele>
        <time>2026-05-24T12:57:33.000Z</time>
        <extensions>
          <ns3:TrackPointExtension>
            <ns3:hr>147</ns3:hr>
            <ns3:cad>52</ns3:cad>
          </ns3:TrackPointExtension>
        </extensions>
      </trkpt>
      <trkpt lat="52.55414597690105438232421875" lon="-2.8441867791116237640380859375">
        <ele>470</ele>
        <time>2026-05-24T12:57:40.000Z</time>
        <extensions>
          <ns3:TrackPointExtension>
            <ns3:hr>146</ns3:hr>
            <ns3:cad>53</ns3:cad>
          </ns3:TrackPointExtension>
        </extensions>
      </trkpt>
      <trkpt lat="52.5541095994412899017333984375" lon="-2.84412399865686893463134765625">
        <ele>470.20001220703125</ele>
        <time>2026-05-24T12:57:45.000Z</time>
        <extensions>
          <ns3:TrackPointExtension>
            <ns3:hr>145</ns3:hr>
            <ns3:cad>55</ns3:cad>
          </ns3:TrackPointExtension>
        </extensions>
      </trkpt>
      <trkpt lat="52.55408403463661670684814453125" lon="-2.844086699187755584716796875">
        <ele>470.600006103515625</ele>
        <time>2026-05-24T12:57:48.000Z</time>
        <extensions>
          <ns3:TrackPointExtension>
            <ns3:hr>145</ns3:hr>
            <ns3:cad>54</ns3:cad>
          </ns3:TrackPointExtension>
        </extensions>
      </trkpt>
      <trkpt lat="52.5540251098573207855224609375" lon="-2.84401520155370235443115234375">
        <ele>471.20001220703125</ele>
        <time>2026-05-24T12:57:54.000Z</time>
        <extensions>
          <ns3:TrackPointExtension>
            <ns3:hr>147</ns3:hr>
            <ns3:cad>54</ns3:cad>
          </ns3:TrackPointExtension>
        </extensions>
      </trkpt>
      <trkpt lat="52.5539429672062397003173828125" lon="-2.84393289126455783843994140625">
        <ele>471.20001220703125</ele>
        <time>2026-05-24T12:58:02.000Z</time>
        <extensions>
          <ns3:TrackPointExtension>
            <ns3:hr>147</ns3:hr>
            <ns3:cad>55</ns3:cad>
          </ns3:TrackPointExtension>
        </extensions>
      </trkpt>
      <trkpt lat="52.55389460362493991851806640625" lon="-2.84388519823551177978515625">
        <ele>471.399993896484375</ele>
        <time>2026-05-24T12:58:07.000Z</time>
        <extensions>
          <ns3:TrackPointExtension>
            <ns3:hr>147</ns3:hr>
            <ns3:cad>57</ns3:cad>
          </ns3:TrackPointExtension>
        </extensions>
      </trkpt>
      <trkpt lat="52.55384012125432491302490234375" lon="-2.84382627345621585845947265625">
        <ele>472</ele>
        <time>2026-05-24T12:58:13.000Z</time>
        <extensions>
          <ns3:TrackPointExtension>
            <ns3:hr>147</ns3:hr>
            <ns3:cad>57</ns3:cad>
          </ns3:TrackPointExtension>
        </extensions>
      </trkpt>
      <trkpt lat="52.55377625115215778350830078125" lon="-2.84374161623418331146240234375">
        <ele>472.20001220703125</ele>
        <time>2026-05-24T12:58:20.000Z</time>
        <extensions>
          <ns3:TrackPointExtension>
            <ns3:hr>148</ns3:hr>
            <ns3:cad>55</ns3:cad>
          </ns3:TrackPointExtension>
        </extensions>
      </trkpt>
      <trkpt lat="52.55373149178922176361083984375" lon="-2.84366467036306858062744140625">
        <ele>472</ele>
        <time>2026-05-24T12:58:26.000Z</time>
        <extensions>
          <ns3:TrackPointExtension>
            <ns3:hr>146</ns3:hr>
            <ns3:cad>56</ns3:cad>
          </ns3:TrackPointExtension>
        </extensions>
      </trkpt>
      <trkpt lat="52.55366862751543521881103515625" lon="-2.84355461597442626953125">
        <ele>472</ele>
        <time>2026-05-24T12:58:34.000Z</time>
        <extensions>
          <ns3:TrackPointExtension>
            <ns3:hr>144</ns3:hr>
            <ns3:cad>55</ns3:cad>
          </ns3:TrackPointExtension>
        </extensions>
      </trkpt>
      <trkpt lat="52.5536517798900604248046875" lon="-2.84352779388427734375">
        <ele>470.79998779296875</ele>
        <time>2026-05-24T12:58:40.000Z</time>
        <extensions>
          <ns3:TrackPointExtension>
            <ns3:hr>143</ns3:hr>
            <ns3:cad>0</ns3:cad>
          </ns3:TrackPointExtension>
        </extensions>
      </trkpt>
      <trkpt lat="52.5536435656249523162841796875" lon="-2.843516729772090911865234375">
        <ele>471.399993896484375</ele>
        <time>2026-05-24T12:58:48.000Z</time>
        <extensions>
          <ns3:TrackPointExtension>
            <ns3:hr>142</ns3:hr>
            <ns3:cad>0</ns3:cad>
          </ns3:TrackPointExtension>
        </extensions>
      </trkpt>
      <trkpt lat="52.55364348180592060089111328125" lon="-2.843517400324344635009765625">
        <ele>470.79998779296875</ele>
        <time>2026-05-24T12:58:57.000Z</time>
        <extensions>
          <ns3:TrackPointExtension>
            <ns3:hr>141</ns3:hr>
            <ns3:cad>0</ns3:cad>
          </ns3:TrackPointExtension>
        </extensions>
      </trkpt>
      <trkpt lat="52.553644739091396331787109375" lon="-2.8435184061527252197265625">
        <ele>471.20001220703125</ele>
        <time>2026-05-24T12:59:05.000Z</time>
        <extensions>
          <ns3:TrackPointExtension>
            <ns3:hr>138</ns3:hr>
            <ns3:cad>0</ns3:cad>
          </ns3:TrackPointExtension>
        </extensions>
      </trkpt>
      <trkpt lat="52.5536452420055866241455078125" lon="-2.843518741428852081298828125">
        <ele>471</ele>
        <time>2026-05-24T12:59:08.000Z</time>
        <extensions>
          <ns3:TrackPointExtension>
            <ns3:hr>137</ns3:hr>
            <ns3:cad>0</ns3:cad>
          </ns3:TrackPointExtension>
        </extensions>
      </trkpt>
      <trkpt lat="52.553646750748157501220703125" lon="-2.843519747257232666015625">
        <ele>470.600006103515625</ele>
        <time>2026-05-24T12:59:17.000Z</time>
        <extensions>
          <ns3:TrackPointExtension>
            <ns3:hr>135</ns3:hr>
            <ns3:cad>0</ns3:cad>
          </ns3:TrackPointExtension>
        </extensions>
      </trkpt>
      <trkpt lat="52.55364842712879180908203125" lon="-2.84352083690464496612548828125">
        <ele>470.79998779296875</ele>
        <time>2026-05-24T12:59:27.000Z</time>
        <extensions>
          <ns3:TrackPointExtension>
            <ns3:hr>133</ns3:hr>
            <ns3:cad>0</ns3:cad>
          </ns3:TrackPointExtension>
        </extensions>
      </trkpt>
      <trkpt lat="52.553650103509426116943359375" lon="-2.84352234564721584320068359375">
        <ele>470.600006103515625</ele>
        <time>2026-05-24T12:59:36.000Z</time>
        <extensions>
          <ns3:TrackPointExtension>
            <ns3:hr>132</ns3:hr>
            <ns3:cad>0</ns3:cad>
          </ns3:TrackPointExtension>
        </extensions>
      </trkpt>
      <trkpt lat="52.55365270189940929412841796875" lon="-2.84352603368461132049560546875">
        <ele>470.600006103515625</ele>
        <time>2026-05-24T12:59:49.000Z</time>
        <extensions>
          <ns3:TrackPointExtension>
            <ns3:hr>133</ns3:hr>
            <ns3:cad>0</ns3:cad>
          </ns3:TrackPointExtension>
        </extensions>
      </trkpt>
      <trkpt lat="52.55365337245166301727294921875" lon="-2.8435318171977996826171875">
        <ele>470.79998779296875</ele>
        <time>2026-05-24T12:59:57.000Z</time>
        <extensions>
          <ns3:TrackPointExtension>
            <ns3:hr>133</ns3:hr>
            <ns3:cad>0</ns3:cad>
          </ns3:TrackPointExtension>
        </extensions>
      </trkpt>
      <trkpt lat="52.55366862751543521881103515625" lon="-2.84356727264821529388427734375">
        <ele>470.79998779296875</ele>
        <time>2026-05-24T13:00:01.000Z</time>
        <extensions>
          <ns3:TrackPointExtension>
            <ns3:hr>134</ns3:hr>
            <ns3:cad>0</ns3:cad>
          </ns3:TrackPointExtension>
        </extensions>
      </trkpt>
      <trkpt lat="52.5536955334246158599853515625" lon="-2.8436228446662425994873046875">
        <ele>471</ele>
        <time>2026-05-24T13:00:05.000Z</time>
        <extensions>
          <ns3:TrackPointExtension>
            <ns3:hr>132</ns3:hr>
            <ns3:cad>51</ns3:cad>
          </ns3:TrackPointExtension>
        </extensions>
      </trkpt>
      <trkpt lat="52.5537592358887195587158203125" lon="-2.8437147103250026702880859375">
        <ele>470.79998779296875</ele>
        <time>2026-05-24T13:00:12.000Z</time>
        <extensions>
          <ns3:TrackPointExtension>
            <ns3:hr>132</ns3:hr>
            <ns3:cad>55</ns3:cad>
          </ns3:TrackPointExtension>
        </extensions>
      </trkpt>
      <trkpt lat="52.55381531082093715667724609375" lon="-2.8438075818121433258056640625">
        <ele>470.79998779296875</ele>
        <time>2026-05-24T13:00:19.000Z</time>
        <extensions>
          <ns3:TrackPointExtension>
            <ns3:hr>131</ns3:hr>
            <ns3:cad>57</ns3:cad>
          </ns3:TrackPointExtension>
        </extensions>
      </trkpt>
      <trkpt lat="52.553890161216259002685546875" lon="-2.84389148466289043426513671875">
        <ele>470.399993896484375</ele>
        <time>2026-05-24T13:00:27.000Z</time>
        <extensions>
          <ns3:TrackPointExtension>
            <ns3:hr>130</ns3:hr>
            <ns3:cad>57</ns3:cad>
          </ns3:TrackPointExtension>
        </extensions>
      </trkpt>
      <trkpt lat="52.55395377986133098602294921875" lon="-2.84393875859677791595458984375">
        <ele>470.79998779296875</ele>
        <time>2026-05-24T13:00:33.000Z</time>
        <extensions>
          <ns3:TrackPointExtension>
            <ns3:hr>129</ns3:hr>
            <ns3:cad>57</ns3:cad>
          </ns3:TrackPointExtension>
        </extensions>
      </trkpt>
      <trkpt lat="52.5540085136890411376953125" lon="-2.84400212578475475311279296875">
        <ele>470.20001220703125</ele>
        <time>2026-05-24T13:00:40.000Z</time>
        <extensions>
          <ns3:TrackPointExtension>
            <ns3:hr>129</ns3:hr>
            <ns3:cad>56</ns3:cad>
          </ns3:TrackPointExtension>
        </extensions>
      </trkpt>
      <trkpt lat="52.55400717258453369140625" lon="-2.84400363452732563018798828125">
        <ele>469.399993896484375</ele>
        <time>2026-05-24T13:00:43.000Z</time>
        <extensions>
          <ns3:TrackPointExtension>
            <ns3:hr>130</ns3:hr>
            <ns3:cad>56</ns3:cad>
          </ns3:TrackPointExtension>
        </extensions>
      </trkpt>
      <trkpt lat="52.5540056638419628143310546875" lon="-2.8440037183463573455810546875">
        <ele>469</ele>
        <time>2026-05-24T13:00:44.000Z</time>
        <extensions>
          <ns3:TrackPointExtension>
            <ns3:hr>131</ns3:hr>
            <ns3:cad>0</ns3:cad>
          </ns3:TrackPointExtension>
        </extensions>
      </trkpt>
      <trkpt lat="52.554008178412914276123046875" lon="-2.8440080769360065460205078125">
        <ele>469.20001220703125</ele>
        <time>2026-05-24T13:00:46.000Z</time>
        <extensions>
          <ns3:TrackPointExtension>
            <ns3:hr>131</ns3:hr>
            <ns3:cad>0</ns3:cad>
          </ns3:TrackPointExtension>
        </extensions>
      </trkpt>
      <trkpt lat="52.55403474904596805572509765625" lon="-2.84403179772198200225830078125">
        <ele>469.600006103515625</ele>
        <time>2026-05-24T13:00:50.000Z</time>
        <extensions>
          <ns3:TrackPointExtension>
            <ns3:hr>131</ns3:hr>
            <ns3:cad>0</ns3:cad>
          </ns3:TrackPointExtension>
        </extensions>
      </trkpt>
      <trkpt lat="52.55404229275882244110107421875" lon="-2.84403833560645580291748046875">
        <ele>469.600006103515625</ele>
        <time>2026-05-24T13:00:51.000Z</time>
        <extensions>
          <ns3:TrackPointExtension>
            <ns3:hr>131</ns3:hr>
            <ns3:cad>0</ns3:cad>
          </ns3:TrackPointExtension>
        </extensions>
      </trkpt>
      <trkpt lat="52.55405033938586711883544921875" lon="-2.84404168836772441864013671875">
        <ele>469.600006103515625</ele>
        <time>2026-05-24T13:00:52.000Z</time>
        <extensions>
          <ns3:TrackPointExtension>
            <ns3:hr>131</ns3:hr>
            <ns3:cad>0</ns3:cad>
          </ns3:TrackPointExtension>
        </extensions>
      </trkpt>
      <trkpt lat="52.55407162941992282867431640625" lon="-2.84407027065753936767578125">
        <ele>469.20001220703125</ele>
        <time>2026-05-24T13:00:55.000Z</time>
        <extensions>
          <ns3:TrackPointExtension>
            <ns3:hr>133</ns3:hr>
            <ns3:cad>57</ns3:cad>
          </ns3:TrackPointExtension>
        </extensions>
      </trkpt>
      <trkpt lat="52.5541273690760135650634765625" lon="-2.844147048890590667724609375">
        <ele>469.20001220703125</ele>
        <time>2026-05-24T13:01:02.000Z</time>
        <extensions>
          <ns3:TrackPointExtension>
            <ns3:hr>132</ns3:hr>
            <ns3:cad>53</ns3:cad>
          </ns3:TrackPointExtension>
        </extensions>
      </trkpt>
      <trkpt lat="52.55418729968369007110595703125" lon="-2.84424059092998504638671875">
        <ele>468.600006103515625</ele>
        <time>2026-05-24T13:01:09.000Z</time>
        <extensions>
          <ns3:TrackPointExtension>
            <ns3:hr>132</ns3:hr>
            <ns3:cad>55</ns3:cad>
          </ns3:TrackPointExtension>
        </extensions>
      </trkpt>
      <trkpt lat="52.55421814508736133575439453125" lon="-2.84430571831762790679931640625">
        <ele>468</ele>
        <time>2026-05-24T13:01:14.000Z</time>
        <extensions>
          <ns3:TrackPointExtension>
            <ns3:hr>131</ns3:hr>
            <ns3:cad>56</ns3:cad>
          </ns3:TrackPointExtension>
        </extensions>
      </trkpt>
      <trkpt lat="52.5542242638766765594482421875" lon="-2.8443188779056072235107421875">
        <ele>468</ele>
        <time>2026-05-24T13:01:15.000Z</time>
        <extensions>
          <ns3:TrackPointExtension>
            <ns3:hr>130</ns3:hr>
            <ns3:cad>55</ns3:cad>
          </ns3:TrackPointExtension>
        </extensions>
      </trkpt>
      <trkpt lat="52.554248906672000885009765625" lon="-2.84438048489391803741455078125">
        <ele>467.399993896484375</ele>
        <time>2026-05-24T13:01:21.000Z</time>
        <extensions>
          <ns3:TrackPointExtension>
            <ns3:hr>128</ns3:hr>
            <ns3:cad>55</ns3:cad>
          </ns3:TrackPointExtension>
        </extensions>
      </trkpt>
      <trkpt lat="52.55424882285296916961669921875" lon="-2.84438400529325008392333984375">
        <ele>466.600006103515625</ele>
        <time>2026-05-24T13:01:24.000Z</time>
        <extensions>
          <ns3:TrackPointExtension>
            <ns3:hr>128</ns3:hr>
            <ns3:cad>0</ns3:cad>
          </ns3:TrackPointExtension>
        </extensions>
      </trkpt>
      <trkpt lat="52.5542490743100643157958984375" lon="-2.84438400529325008392333984375">
        <ele>465.399993896484375</ele>
        <time>2026-05-24T13:01:27.000Z</time>
        <extensions>
          <ns3:TrackPointExtension>
            <ns3:hr>128</ns3:hr>
            <ns3:cad>0</ns3:cad>
          </ns3:TrackPointExtension>
        </extensions>
      </trkpt>
      <trkpt lat="52.55424982868134975433349609375" lon="-2.8443839214742183685302734375">
        <ele>465.600006103515625</ele>
        <time>2026-05-24T13:01:29.000Z</time>
        <extensions>
          <ns3:TrackPointExtension>
            <ns3:hr>127</ns3:hr>
            <ns3:cad>0</ns3:cad>
          </ns3:TrackPointExtension>
        </extensions>
      </trkpt>
      <trkpt lat="52.55424982868134975433349609375" lon="-2.84437738358974456787109375">
        <ele>466.20001220703125</ele>
        <time>2026-05-24T13:01:33.000Z</time>
        <extensions>
          <ns3:TrackPointExtension>
            <ns3:hr>127</ns3:hr>
            <ns3:cad>0</ns3:cad>
          </ns3:TrackPointExtension>
        </extensions>
      </trkpt>
      <trkpt lat="52.5542499125003814697265625" lon="-2.844376377761363983154296875">
        <ele>466.79998779296875</ele>
        <time>2026-05-24T13:01:34.000Z</time>
        <extensions>
          <ns3:TrackPointExtension>
            <ns3:hr>127</ns3:hr>
            <ns3:cad>0</ns3:cad>
          </ns3:TrackPointExtension>
        </extensions>
      </trkpt>
      <trkpt lat="52.5542524270713329315185546875" lon="-2.84437679685652256011962890625">
        <ele>467.399993896484375</ele>
        <time>2026-05-24T13:01:39.000Z</time>
        <extensions>
          <ns3:TrackPointExtension>
            <ns3:hr>125</ns3:hr>
            <ns3:cad>0</ns3:cad>
          </ns3:TrackPointExtension>
        </extensions>
      </trkpt>
      <trkpt lat="52.5542524270713329315185546875" lon="-2.84438752569258213043212890625">
        <ele>467.399993896484375</ele>
        <time>2026-05-24T13:01:43.000Z</time>
        <extensions>
          <ns3:TrackPointExtension>
            <ns3:hr>128</ns3:hr>
            <ns3:cad>0</ns3:cad>
          </ns3:TrackPointExtension>
        </extensions>
      </trkpt>
      <trkpt lat="52.55425217561423778533935546875" lon="-2.844388782978057861328125">
        <ele>467.399993896484375</ele>
        <time>2026-05-24T13:01:44.000Z</time>
        <extensions>
          <ns3:TrackPointExtension>
            <ns3:hr>131</ns3:hr>
            <ns3:cad>0</ns3:cad>
          </ns3:TrackPointExtension>
        </extensions>
      </trkpt>
      <trkpt lat="52.55425368435680866241455078125" lon="-2.844387106597423553466796875">
        <ele>467.20001220703125</ele>
        <time>2026-05-24T13:01:49.000Z</time>
        <extensions>
          <ns3:TrackPointExtension>
            <ns3:hr>133</ns3:hr>
            <ns3:cad>0</ns3:cad>
          </ns3:TrackPointExtension>
        </extensions>
      </trkpt>
      <trkpt lat="52.5542524270713329315185546875" lon="-2.8443839214742183685302734375">
        <ele>467.20001220703125</ele>
        <time>2026-05-24T13:01:59.000Z</time>
        <extensions>
          <ns3:TrackPointExtension>
            <ns3:hr>134</ns3:hr>
            <ns3:cad>0</ns3:cad>
          </ns3:TrackPointExtension>
        </extensions>
      </trkpt>
      <trkpt lat="52.5542497448623180389404296875" lon="-2.84438299946486949920654296875">
        <ele>467</ele>
        <time>2026-05-24T13:02:04.000Z</time>
        <extensions>
          <ns3:TrackPointExtension>
            <ns3:hr>134</ns3:hr>
            <ns3:cad>0</ns3:cad>
          </ns3:TrackPointExtension>
        </extensions>
      </trkpt>
      <trkpt lat="52.554254941642284393310546875" lon="-2.844388447701930999755859375">
        <ele>466.399993896484375</ele>
        <time>2026-05-24T13:02:09.000Z</time>
        <extensions>
          <ns3:TrackPointExtension>
            <ns3:hr>134</ns3:hr>
            <ns3:cad>55</ns3:cad>
          </ns3:TrackPointExtension>
        </extensions>
      </trkpt>
      <trkpt lat="52.55426106043159961700439453125" lon="-2.84438719041645526885986328125">
        <ele>467</ele>
        <time>2026-05-24T13:02:13.000Z</time>
        <extensions>
          <ns3:TrackPointExtension>
            <ns3:hr>134</ns3:hr>
            <ns3:cad>0</ns3:cad>
          </ns3:TrackPointExtension>
        </extensions>
      </trkpt>
      <trkpt lat="52.55426466464996337890625" lon="-2.844383418560028076171875">
        <ele>467.20001220703125</ele>
        <time>2026-05-24T13:02:17.000Z</time>
        <extensions>
          <ns3:TrackPointExtension>
            <ns3:hr>134</ns3:hr>
            <ns3:cad>0</ns3:cad>
          </ns3:TrackPointExtension>
        </extensions>
      </trkpt>
      <trkpt lat="52.5542675144970417022705078125" lon="-2.84438836388289928436279296875">
        <ele>466.79998779296875</ele>
        <time>2026-05-24T13:02:23.000Z</time>
        <extensions>
          <ns3:TrackPointExtension>
            <ns3:hr>135</ns3:hr>
            <ns3:cad>0</ns3:cad>
          </ns3:TrackPointExtension>
        </extensions>
      </trkpt>
      <trkpt lat="52.5542594678699970245361328125" lon="-2.84438752569258213043212890625">
        <ele>466.79998779296875</ele>
        <time>2026-05-24T13:02:29.000Z</time>
        <extensions>
          <ns3:TrackPointExtension>
            <ns3:hr>135</ns3:hr>
            <ns3:cad>0</ns3:cad>
          </ns3:TrackPointExtension>
        </extensions>
      </trkpt>
      <trkpt lat="52.55425930023193359375" lon="-2.84438610076904296875">
        <ele>466.79998779296875</ele>
        <time>2026-05-24T13:02:37.000Z</time>
        <extensions>
          <ns3:TrackPointExtension>
            <ns3:hr>133</ns3:hr>
            <ns3:cad>0</ns3:cad>
          </ns3:TrackPointExtension>
        </extensions>
      </trkpt>
      <trkpt lat="52.5542618148028850555419921875" lon="-2.84439221955835819244384765625">
        <ele>466.79998779296875</ele>
        <time>2026-05-24T13:02:45.000Z</time>
        <extensions>
          <ns3:TrackPointExtension>
            <ns3:hr>133</ns3:hr>
            <ns3:cad>0</ns3:cad>
          </ns3:TrackPointExtension>
        </extensions>
      </trkpt>
      <trkpt lat="52.554277740418910980224609375" lon="-2.8444201312959194183349609375">
        <ele>466.79998779296875</ele>
        <time>2026-05-24T13:02:49.000Z</time>
        <extensions>
          <ns3:TrackPointExtension>
            <ns3:hr>132</ns3:hr>
            <ns3:cad>0</ns3:cad>
          </ns3:TrackPointExtension>
        </extensions>
      </trkpt>
      <trkpt lat="52.55432090722024440765380859375" lon="-2.8444888629019260406494140625">
        <ele>466.20001220703125</ele>
        <time>2026-05-24T13:02:54.000Z</time>
        <extensions>
          <ns3:TrackPointExtension>
            <ns3:hr>132</ns3:hr>
            <ns3:cad>0</ns3:cad>
          </ns3:TrackPointExtension>
        </extensions>
      </trkpt>
      <trkpt lat="52.55434672348201274871826171875" lon="-2.84452758729457855224609375">
        <ele>465.79998779296875</ele>
        <time>2026-05-24T13:02:57.000Z</time>
        <extensions>
          <ns3:TrackPointExtension>
            <ns3:hr>132</ns3:hr>
            <ns3:cad>0</ns3:cad>
          </ns3:TrackPointExtension>
        </extensions>
      </trkpt>
      <trkpt lat="52.55436264909803867340087890625" lon="-2.84455734305083751678466796875">
        <ele>465.600006103515625</ele>
        <time>2026-05-24T13:02:59.000Z</time>
        <extensions>
          <ns3:TrackPointExtension>
            <ns3:hr>129</ns3:hr>
            <ns3:cad>57</ns3:cad>
          </ns3:TrackPointExtension>
        </extensions>
      </trkpt>
      <trkpt lat="52.5543704442679882049560546875" lon="-2.84457175992429256439208984375">
        <ele>465.79998779296875</ele>
        <time>2026-05-24T13:03:00.000Z</time>
        <extensions>
          <ns3:TrackPointExtension>
            <ns3:hr>128</ns3:hr>
            <ns3:cad>0</ns3:cad>
          </ns3:TrackPointExtension>
        </extensions>
      </trkpt>
      <trkpt lat="52.55438930355012416839599609375" lon="-2.8445998392999172210693359375">
        <ele>466</ele>
        <time>2026-05-24T13:03:02.000Z</time>
        <extensions>
          <ns3:TrackPointExtension>
            <ns3:hr>125</ns3:hr>
            <ns3:cad>61</ns3:cad>
          </ns3:TrackPointExtension>
        </extensions>
      </trkpt>
      <trkpt lat="52.554448731243610382080078125" lon="-2.84468390978872776031494140625">
        <ele>465.79998779296875</ele>
        <time>2026-05-24T13:03:08.000Z</time>
        <extensions>
          <ns3:TrackPointExtension>
            <ns3:hr>124</ns3:hr>
            <ns3:cad>60</ns3:cad>
          </ns3:TrackPointExtension>
        </extensions>
      </trkpt>
      <trkpt lat="52.55449960939586162567138671875" lon="-2.84477426670491695404052734375">
        <ele>465.79998779296875</ele>
        <time>2026-05-24T13:03:14.000Z</time>
        <extensions>
          <ns3:TrackPointExtension>
            <ns3:hr>126</ns3:hr>
            <ns3:cad>58</ns3:cad>
          </ns3:TrackPointExtension>
        </extensions>
      </trkpt>
      <trkpt lat="52.55456599406898021697998046875" lon="-2.844879962503910064697265625">
        <ele>466</ele>
        <time>2026-05-24T13:03:22.000Z</time>
        <extensions>
          <ns3:TrackPointExtension>
            <ns3:hr>127</ns3:hr>
            <ns3:cad>59</ns3:cad>
          </ns3:TrackPointExtension>
        </extensions>
      </trkpt>
      <trkpt lat="52.5546269305050373077392578125" lon="-2.8449475206434726715087890625">
        <ele>465.79998779296875</ele>
        <time>2026-05-24T13:03:30.000Z</time>
        <extensions>
          <ns3:TrackPointExtension>
            <ns3:hr>127</ns3:hr>
            <ns3:cad>52</ns3:cad>
          </ns3:TrackPointExtension>
        </extensions>
      </trkpt>
      <trkpt lat="52.5546892918646335601806640625" lon="-2.8450122289359569549560546875">
        <ele>466.600006103515625</ele>
        <time>2026-05-24T13:03:37.000Z</time>
        <extensions>
          <ns3:TrackPointExtension>
            <ns3:hr>129</ns3:hr>
            <ns3:cad>0</ns3:cad>
          </ns3:TrackPointExtension>
        </extensions>
      </trkpt>
      <trkpt lat="52.5547114200890064239501953125" lon="-2.84503427334129810333251953125">
        <ele>466.600006103515625</ele>
        <time>2026-05-24T13:03:40.000Z</time>
        <extensions>
          <ns3:TrackPointExtension>
            <ns3:hr>129</ns3:hr>
            <ns3:cad>53</ns3:cad>
          </ns3:TrackPointExtension>
        </extensions>
      </trkpt>
      <trkpt lat="52.5547389127314090728759765625" lon="-2.84505120478570461273193359375">
        <ele>466.600006103515625</ele>
        <time>2026-05-24T13:03:43.000Z</time>
        <extensions>
          <ns3:TrackPointExtension>
            <ns3:hr>130</ns3:hr>
            <ns3:cad>54</ns3:cad>
          </ns3:TrackPointExtension>
        </extensions>
      </trkpt>
      <trkpt lat="52.5547637231647968292236328125" lon="-2.84507718868553638458251953125">
        <ele>466.79998779296875</ele>
        <time>2026-05-24T13:03:46.000Z</time>
        <extensions>
          <ns3:TrackPointExtension>
            <ns3:hr>130</ns3:hr>
            <ns3:cad>53</ns3:cad>
          </ns3:TrackPointExtension>
        </extensions>
      </trkpt>
      <trkpt lat="52.5547838397324085235595703125" lon="-2.8450943715870380401611328125">
        <ele>467</ele>
        <time>2026-05-24T13:03:48.000Z</time>
        <extensions>
          <ns3:TrackPointExtension>
            <ns3:hr>130</ns3:hr>
            <ns3:cad>51</ns3:cad>
          </ns3:TrackPointExtension>
        </extensions>
      </trkpt>
      <trkpt lat="52.554845027625560760498046875" lon="-2.8451587446033954620361328125">
        <ele>467.79998779296875</ele>
        <time>2026-05-24T13:03:54.000Z</time>
        <extensions>
          <ns3:TrackPointExtension>
            <ns3:hr>131</ns3:hr>
            <ns3:cad>53</ns3:cad>
          </ns3:TrackPointExtension>
        </extensions>
      </trkpt>
      <trkpt lat="52.55485215224325656890869140625" lon="-2.845167629420757293701171875">
        <ele>467.79998779296875</ele>
        <time>2026-05-24T13:03:55.000Z</time>
        <extensions>
          <ns3:TrackPointExtension>
            <ns3:hr>132</ns3:hr>
            <ns3:cad>53</ns3:cad>
          </ns3:TrackPointExtension>
        </extensions>
      </trkpt>
      <trkpt lat="52.554900012910366058349609375" lon="-2.84521515481173992156982421875">
        <ele>468.399993896484375</ele>
        <time>2026-05-24T13:04:00.000Z</time>
        <extensions>
          <ns3:TrackPointExtension>
            <ns3:hr>135</ns3:hr>
            <ns3:cad>53</ns3:cad>
          </ns3:TrackPointExtension>
        </extensions>
      </trkpt>
      <trkpt lat="52.55494988523423671722412109375" lon="-2.84527248702943325042724609375">
        <ele>469</ele>
        <time>2026-05-24T13:04:05.000Z</time>
        <extensions>
          <ns3:TrackPointExtension>
            <ns3:hr>137</ns3:hr>
            <ns3:cad>53</ns3:cad>
          </ns3:TrackPointExtension>
        </extensions>
      </trkpt>
      <trkpt lat="52.55495675839483737945556640625" lon="-2.84528505988419055938720703125">
        <ele>469</ele>
        <time>2026-05-24T13:04:06.000Z</time>
        <extensions>
          <ns3:TrackPointExtension>
            <ns3:hr>137</ns3:hr>
            <ns3:cad>53</ns3:cad>
          </ns3:TrackPointExtension>
        </extensions>
      </trkpt>
      <trkpt lat="52.5550057925283908843994140625" lon="-2.84536032937467098236083984375">
        <ele>469.79998779296875</ele>
        <time>2026-05-24T13:04:12.000Z</time>
        <extensions>
          <ns3:TrackPointExtension>
            <ns3:hr>139</ns3:hr>
            <ns3:cad>53</ns3:cad>
          </ns3:TrackPointExtension>
        </extensions>
      </trkpt>
      <trkpt lat="52.5550384819507598876953125" lon="-2.84541564993560314178466796875">
        <ele>470</ele>
        <time>2026-05-24T13:04:16.000Z</time>
        <extensions>
          <ns3:TrackPointExtension>
            <ns3:hr>140</ns3:hr>
            <ns3:cad>55</ns3:cad>
          </ns3:TrackPointExtension>
        </extensions>
      </trkpt>
      <trkpt lat="52.55505264736711978912353515625" lon="-2.8454360179603099822998046875">
        <ele>470.20001220703125</ele>
        <time>2026-05-24T13:04:18.000Z</time>
        <extensions>
          <ns3:TrackPointExtension>
            <ns3:hr>140</ns3:hr>
            <ns3:cad>54</ns3:cad>
          </ns3:TrackPointExtension>
        </extensions>
      </trkpt>
      <trkpt lat="52.55509003065526485443115234375" lon="-2.84550852142274379730224609375">
        <ele>471</ele>
        <time>2026-05-24T13:04:23.000Z</time>
        <extensions>
          <ns3:TrackPointExtension>
            <ns3:hr>140</ns3:hr>
            <ns3:cad>55</ns3:cad>
          </ns3:TrackPointExtension>
        </extensions>
      </trkpt>
      <trkpt lat="52.5551120750606060028076171875" lon="-2.84555177204310894012451171875">
        <ele>471.399993896484375</ele>
        <time>2026-05-24T13:04:26.000Z</time>
        <extensions>
          <ns3:TrackPointExtension>
            <ns3:hr>140</ns3:hr>
            <ns3:cad>54</ns3:cad>
          </ns3:TrackPointExtension>
        </extensions>
      </trkpt>
      <trkpt lat="52.5551620312035083770751953125" lon="-2.84564145840704441070556640625">
        <ele>471.79998779296875</ele>
        <time>2026-05-24T13:04:33.000Z</time>
        <extensions>
          <ns3:TrackPointExtension>
            <ns3:hr>141</ns3:hr>
            <ns3:cad>53</ns3:cad>
          </ns3:TrackPointExtension>
        </extensions>
      </trkpt>
      <trkpt lat="52.55518265068531036376953125" lon="-2.845685295760631561279296875">
        <ele>472</ele>
        <time>2026-05-24T13:04:36.000Z</time>
        <extensions>
          <ns3:TrackPointExtension>
            <ns3:hr>143</ns3:hr>
            <ns3:cad>53</ns3:cad>
          </ns3:TrackPointExtension>
        </extensions>
      </trkpt>
      <trkpt lat="52.555207796394824981689453125" lon="-2.84573717974126338958740234375">
        <ele>472.600006103515625</ele>
        <time>2026-05-24T13:04:40.000Z</time>
        <extensions>
          <ns3:TrackPointExtension>
            <ns3:hr>144</ns3:hr>
            <ns3:cad>53</ns3:cad>
          </ns3:TrackPointExtension>
        </extensions>
      </trkpt>
      <trkpt lat="52.5552133284509181976318359375" lon="-2.84575075842440128326416015625">
        <ele>472.600006103515625</ele>
        <time>2026-05-24T13:04:41.000Z</time>
        <extensions>
          <ns3:TrackPointExtension>
            <ns3:hr>144</ns3:hr>
            <ns3:cad>53</ns3:cad>
          </ns3:TrackPointExtension>
        </extensions>
      </trkpt>
      <trkpt lat="52.55523763597011566162109375" lon="-2.84579937346279621124267578125">
        <ele>473</ele>
        <time>2026-05-24T13:04:45.000Z</time>
        <extensions>
          <ns3:TrackPointExtension>
            <ns3:hr>144</ns3:hr>
            <ns3:cad>53</ns3:cad>
          </ns3:TrackPointExtension>
        </extensions>
      </trkpt>
      <trkpt lat="52.5552595965564250946044921875" lon="-2.84583474509418010711669921875">
        <ele>473</ele>
        <time>2026-05-24T13:04:48.000Z</time>
        <extensions>
          <ns3:TrackPointExtension>
            <ns3:hr>144</ns3:hr>
            <ns3:cad>55</ns3:cad>
          </ns3:TrackPointExtension>
        </extensions>
      </trkpt>
      <trkpt lat="52.55527476780116558074951171875" lon="-2.84585787914693355560302734375">
        <ele>473.399993896484375</ele>
        <time>2026-05-24T13:04:50.000Z</time>
        <extensions>
          <ns3:TrackPointExtension>
            <ns3:hr>145</ns3:hr>
            <ns3:cad>51</ns3:cad>
          </ns3:TrackPointExtension>
        </extensions>
      </trkpt>
      <trkpt lat="52.55532556213438510894775390625" lon="-2.84592996351420879364013671875">
        <ele>474</ele>
        <time>2026-05-24T13:04:56.000Z</time>
        <extensions>
          <ns3:TrackPointExtension>
            <ns3:hr>145</ns3:hr>
            <ns3:cad>50</ns3:cad>
          </ns3:TrackPointExtension>
        </extensions>
      </trkpt>
      <trkpt lat="52.55533461458981037139892578125" lon="-2.84594287164509296417236328125">
        <ele>474.20001220703125</ele>
        <time>2026-05-24T13:04:57.000Z</time>
        <extensions>
          <ns3:TrackPointExtension>
            <ns3:hr>145</ns3:hr>
            <ns3:cad>50</ns3:cad>
          </ns3:TrackPointExtension>
        </extensions>
      </trkpt>
      <trkpt lat="52.5553722493350505828857421875" lon="-2.845992408692836761474609375">
        <ele>475</ele>
        <time>2026-05-24T13:05:02.000Z</time>
        <extensions>
          <ns3:TrackPointExtension>
            <ns3:hr>146</ns3:hr>
            <ns3:cad>53</ns3:cad>
          </ns3:TrackPointExtension>
        </extensions>
      </trkpt>
      <trkpt lat="52.55539630539715290069580078125" lon="-2.84603792242705821990966796875">
        <ele>475.20001220703125</ele>
        <time>2026-05-24T13:05:05.000Z</time>
        <extensions>
          <ns3:TrackPointExtension>
            <ns3:hr>147</ns3:hr>
            <ns3:cad>52</ns3:cad>
          </ns3:TrackPointExtension>
        </extensions>
      </trkpt>
      <trkpt lat="52.55542673170566558837890625" lon="-2.8460884653031826019287109375">
        <ele>475.600006103515625</ele>
        <time>2026-05-24T13:05:09.000Z</time>
        <extensions>
          <ns3:TrackPointExtension>
            <ns3:hr>147</ns3:hr>
            <ns3:cad>53</ns3:cad>
          </ns3:TrackPointExtension>
        </extensions>
      </trkpt>
      <trkpt lat="52.555469311773777008056640625" lon="-2.8461496531963348388671875">
        <ele>476.399993896484375</ele>
        <time>2026-05-24T13:05:14.000Z</time>
        <extensions>
          <ns3:TrackPointExtension>
            <ns3:hr>147</ns3:hr>
            <ns3:cad>53</ns3:cad>
          </ns3:TrackPointExtension>
        </extensions>
      </trkpt>
      <trkpt lat="52.555485069751739501953125" lon="-2.84617018885910511016845703125">
        <ele>476.399993896484375</ele>
        <time>2026-05-24T13:05:16.000Z</time>
        <extensions>
          <ns3:TrackPointExtension>
            <ns3:hr>147</ns3:hr>
            <ns3:cad>53</ns3:cad>
          </ns3:TrackPointExtension>
        </extensions>
      </trkpt>
      <trkpt lat="52.55553494207561016082763671875" lon="-2.8462480567395687103271484375">
        <ele>477.399993896484375</ele>
        <time>2026-05-24T13:05:23.000Z</time>
        <extensions>
          <ns3:TrackPointExtension>
            <ns3:hr>147</ns3:hr>
            <ns3:cad>53</ns3:cad>
          </ns3:TrackPointExtension>
        </extensions>
      </trkpt>
      <trkpt lat="52.5555885024368762969970703125" lon="-2.84631854854524135589599609375">
        <ele>477.600006103515625</ele>
        <time>2026-05-24T13:05:29.000Z</time>
        <extensions>
          <ns3:TrackPointExtension>
            <ns3:hr>147</ns3:hr>
            <ns3:cad>53</ns3:cad>
          </ns3:TrackPointExtension>
        </extensions>
      </trkpt>
      <trkpt lat="52.55563183687627315521240234375" lon="-2.846378646790981292724609375">
        <ele>478.20001220703125</ele>
        <time>2026-05-24T13:05:35.000Z</time>
        <extensions>
          <ns3:TrackPointExtension>
            <ns3:hr>147</ns3:hr>
            <ns3:cad>53</ns3:cad>
          </ns3:TrackPointExtension>
        </extensions>
      </trkpt>
      <trkpt lat="52.55565664730966091156005859375" lon="-2.8464234061539173126220703125">
        <ele>478.399993896484375</ele>
        <time>2026-05-24T13:05:38.000Z</time>
        <extensions>
          <ns3:TrackPointExtension>
            <ns3:hr>147</ns3:hr>
            <ns3:cad>53</ns3:cad>
          </ns3:TrackPointExtension>
        </extensions>
      </trkpt>
      <trkpt lat="52.5556699745357036590576171875" lon="-2.8464522399008274078369140625">
        <ele>478.600006103515625</ele>
        <time>2026-05-24T13:05:40.000Z</time>
        <extensions>
          <ns3:TrackPointExtension>
            <ns3:hr>147</ns3:hr>
            <ns3:cad>48</ns3:cad>
          </ns3:TrackPointExtension>
        </extensions>
      </trkpt>
      <trkpt lat="52.55572269670665264129638671875" lon="-2.8465330414474010467529296875">
        <ele>479.20001220703125</ele>
        <time>2026-05-24T13:05:47.000Z</time>
        <extensions>
          <ns3:TrackPointExtension>
            <ns3:hr>146</ns3:hr>
            <ns3:cad>55</ns3:cad>
          </ns3:TrackPointExtension>
        </extensions>
      </trkpt>
      <trkpt lat="52.555775754153728485107421875" lon="-2.846608646214008331298828125">
        <ele>479.399993896484375</ele>
        <time>2026-05-24T13:05:54.000Z</time>
        <extensions>
          <ns3:TrackPointExtension>
            <ns3:hr>147</ns3:hr>
            <ns3:cad>53</ns3:cad>
          </ns3:TrackPointExtension>
        </extensions>
      </trkpt>
      <trkpt lat="52.55579243414103984832763671875" lon="-2.8466366417706012725830078125">
        <ele>479.399993896484375</ele>
        <time>2026-05-24T13:05:56.000Z</time>
        <extensions>
          <ns3:TrackPointExtension>
            <ns3:hr>147</ns3:hr>
            <ns3:cad>52</ns3:cad>
          </ns3:TrackPointExtension>
        </extensions>
      </trkpt>
      <trkpt lat="52.55581154488027095794677734375" lon="-2.84668668173253536224365234375">
        <ele>480</ele>
        <time>2026-05-24T13:05:59.000Z</time>
        <extensions>
          <ns3:TrackPointExtension>
            <ns3:hr>147</ns3:hr>
            <ns3:cad>52</ns3:cad>
          </ns3:TrackPointExtension>
        </extensions>
      </trkpt>
      <trkpt lat="52.5558486767113208770751953125" lon="-2.8467933833599090576171875">
        <ele>480</ele>
        <time>2026-05-24T13:06:06.000Z</time>
        <extensions>
          <ns3:TrackPointExtension>
            <ns3:hr>146</ns3:hr>
            <ns3:cad>53</ns3:cad>
          </ns3:TrackPointExtension>
        </extensions>
      </trkpt>
      <trkpt lat="52.55585563369095325469970703125" lon="-2.8468746878206729888916015625">
        <ele>480.600006103515625</ele>
        <time>2026-05-24T13:06:10.000Z</time>
        <extensions>
          <ns3:TrackPointExtension>
            <ns3:hr>144</ns3:hr>
            <ns3:cad>55</ns3:cad>
          </ns3:TrackPointExtension>
        </extensions>
      </trkpt>
      <trkpt lat="52.5558590702712535858154296875" lon="-2.84693428315222263336181640625">
        <ele>481</ele>
        <time>2026-05-24T13:06:13.000Z</time>
        <extensions>
          <ns3:TrackPointExtension>
            <ns3:hr>144</ns3:hr>
            <ns3:cad>55</ns3:cad>
          </ns3:TrackPointExtension>
        </extensions>
      </trkpt>
      <trkpt lat="52.55586552433669567108154296875" lon="-2.847054563462734222412109375">
        <ele>481.600006103515625</ele>
        <time>2026-05-24T13:06:20.000Z</time>
        <extensions>
          <ns3:TrackPointExtension>
            <ns3:hr>143</ns3:hr>
            <ns3:cad>56</ns3:cad>
          </ns3:TrackPointExtension>
        </extensions>
      </trkpt>
      <trkpt lat="52.55587055347859859466552734375" lon="-2.84709513187408447265625">
        <ele>481.79998779296875</ele>
        <time>2026-05-24T13:06:22.000Z</time>
        <extensions>
          <ns3:TrackPointExtension>
            <ns3:hr>143</ns3:hr>
            <ns3:cad>55</ns3:cad>
          </ns3:TrackPointExtension>
        </extensions>
      </trkpt>
      <trkpt lat="52.5558754988014698028564453125" lon="-2.84719747491180896759033203125">
        <ele>481.600006103515625</ele>
        <time>2026-05-24T13:06:27.000Z</time>
        <extensions>
          <ns3:TrackPointExtension>
            <ns3:hr>142</ns3:hr>
            <ns3:cad>55</ns3:cad>
          </ns3:TrackPointExtension>
        </extensions>
      </trkpt>
      <trkpt lat="52.555876336991786956787109375" lon="-2.84734658896923065185546875">
        <ele>481.79998779296875</ele>
        <time>2026-05-24T13:06:35.000Z</time>
        <extensions>
          <ns3:TrackPointExtension>
            <ns3:hr>141</ns3:hr>
            <ns3:cad>57</ns3:cad>
          </ns3:TrackPointExtension>
        </extensions>
      </trkpt>
      <trkpt lat="52.55588471889495849609375" lon="-2.847482375800609588623046875">
        <ele>481.600006103515625</ele>
        <time>2026-05-24T13:06:42.000Z</time>
        <extensions>
          <ns3:TrackPointExtension>
            <ns3:hr>140</ns3:hr>
            <ns3:cad>58</ns3:cad>
          </ns3:TrackPointExtension>
        </extensions>
      </trkpt>
      <trkpt lat="52.55590148270130157470703125" lon="-2.847580611705780029296875">
        <ele>481.399993896484375</ele>
        <time>2026-05-24T13:06:47.000Z</time>
        <extensions>
          <ns3:TrackPointExtension>
            <ns3:hr>139</ns3:hr>
            <ns3:cad>57</ns3:cad>
          </ns3:TrackPointExtension>
        </extensions>
      </trkpt>
      <trkpt lat="52.55592771805822849273681640625" lon="-2.8477105312049388885498046875">
        <ele>481.79998779296875</ele>
        <time>2026-05-24T13:06:54.000Z</time>
        <extensions>
          <ns3:TrackPointExtension>
            <ns3:hr>139</ns3:hr>
            <ns3:cad>57</ns3:cad>
          </ns3:TrackPointExtension>
        </extensions>
      </trkpt>
      <trkpt lat="52.5559371896088123321533203125" lon="-2.8478818573057651519775390625">
        <ele>482.399993896484375</ele>
        <time>2026-05-24T13:07:03.000Z</time>
        <extensions>
          <ns3:TrackPointExtension>
            <ns3:hr>137</ns3:hr>
            <ns3:cad>57</ns3:cad>
          </ns3:TrackPointExtension>
        </extensions>
      </trkpt>
      <trkpt lat="52.55591732449829578399658203125" lon="-2.84803214482963085174560546875">
        <ele>482.20001220703125</ele>
        <time>2026-05-24T13:07:10.000Z</time>
        <extensions>
          <ns3:TrackPointExtension>
            <ns3:hr>137</ns3:hr>
            <ns3:cad>58</ns3:cad>
          </ns3:TrackPointExtension>
        </extensions>
      </trkpt>
      <trkpt lat="52.55590106360614299774169921875" lon="-2.8481641598045825958251953125">
        <ele>482.600006103515625</ele>
        <time>2026-05-24T13:07:17.000Z</time>
        <extensions>
          <ns3:TrackPointExtension>
            <ns3:hr>137</ns3:hr>
            <ns3:cad>59</ns3:cad>
          </ns3:TrackPointExtension>
        </extensions>
      </trkpt>
      <trkpt lat="52.55590508691966533660888671875" lon="-2.8483415208756923675537109375">
        <ele>482.600006103515625</ele>
        <time>2026-05-24T13:07:26.000Z</time>
        <extensions>
          <ns3:TrackPointExtension>
            <ns3:hr>136</ns3:hr>
            <ns3:cad>57</ns3:cad>
          </ns3:TrackPointExtension>
        </extensions>
      </trkpt>
      <trkpt lat="52.5559096969664096832275390625" lon="-2.84838317893445491790771484375">
        <ele>482.79998779296875</ele>
        <time>2026-05-24T13:07:28.000Z</time>
        <extensions>
          <ns3:TrackPointExtension>
            <ns3:hr>136</ns3:hr>
            <ns3:cad>57</ns3:cad>
          </ns3:TrackPointExtension>
        </extensions>
      </trkpt>
      <trkpt lat="52.55592067725956439971923828125" lon="-2.84852407872676849365234375">
        <ele>482.600006103515625</ele>
        <time>2026-05-24T13:07:35.000Z</time>
        <extensions>
          <ns3:TrackPointExtension>
            <ns3:hr>136</ns3:hr>
            <ns3:cad>57</ns3:cad>
          </ns3:TrackPointExtension>
        </extensions>
      </trkpt>
      <trkpt lat="52.55593811161816120147705078125" lon="-2.848673276603221893310546875">
        <ele>482.600006103515625</ele>
        <time>2026-05-24T13:07:43.000Z</time>
        <extensions>
          <ns3:TrackPointExtension>
            <ns3:hr>134</ns3:hr>
            <ns3:cad>57</ns3:cad>
          </ns3:TrackPointExtension>
        </extensions>
      </trkpt>
      <trkpt lat="52.555967532098293304443359375" lon="-2.84879338927567005157470703125">
        <ele>482.79998779296875</ele>
        <time>2026-05-24T13:07:50.000Z</time>
        <extensions>
          <ns3:TrackPointExtension>
            <ns3:hr>132</ns3:hr>
            <ns3:cad>54</ns3:cad>
          </ns3:TrackPointExtension>
        </extensions>
      </trkpt>
      <trkpt lat="52.55601522512733936309814453125" lon="-2.84888617694377899169921875">
        <ele>482.79998779296875</ele>
        <time>2026-05-24T13:07:56.000Z</time>
        <extensions>
          <ns3:TrackPointExtension>
            <ns3:hr>130</ns3:hr>
            <ns3:cad>54</ns3:cad>
          </ns3:TrackPointExtension>
        </extensions>
      </trkpt>
      <trkpt lat="52.55601103417575359344482421875" lon="-2.84892297349870204925537109375">
        <ele>483.20001220703125</ele>
        <time>2026-05-24T13:07:58.000Z</time>
        <extensions>
          <ns3:TrackPointExtension>
            <ns3:hr>129</ns3:hr>
            <ns3:cad>54</ns3:cad>
          </ns3:TrackPointExtension>
        </extensions>
      </trkpt>
      <trkpt lat="52.55599058233201503753662109375" lon="-2.84897779114544391632080078125">
        <ele>484</ele>
        <time>2026-05-24T13:08:01.000Z</time>
        <extensions>
          <ns3:TrackPointExtension>
            <ns3:hr>129</ns3:hr>
            <ns3:cad>55</ns3:cad>
          </ns3:TrackPointExtension>
        </extensions>
      </trkpt>
      <trkpt lat="52.55594884045422077178955078125" lon="-2.8490968979895114898681640625">
        <ele>483.20001220703125</ele>
        <time>2026-05-24T13:08:08.000Z</time>
        <extensions>
          <ns3:TrackPointExtension>
            <ns3:hr>132</ns3:hr>
            <ns3:cad>58</ns3:cad>
          </ns3:TrackPointExtension>
        </extensions>
      </trkpt>
      <trkpt lat="52.55594381131231784820556640625" lon="-2.8491123206913471221923828125">
        <ele>483.20001220703125</ele>
        <time>2026-05-24T13:08:09.000Z</time>
        <extensions>
          <ns3:TrackPointExtension>
            <ns3:hr>132</ns3:hr>
            <ns3:cad>58</ns3:cad>
          </ns3:TrackPointExtension>
        </extensions>
      </trkpt>
      <trkpt lat="52.55589871667325496673583984375" lon="-2.8492330200970172882080078125">
        <ele>483.20001220703125</ele>
        <time>2026-05-24T13:08:16.000Z</time>
        <extensions>
          <ns3:TrackPointExtension>
            <ns3:hr>132</ns3:hr>
            <ns3:cad>58</ns3:cad>
          </ns3:TrackPointExtension>
        </extensions>
      </trkpt>
      <trkpt lat="52.5558540411293506622314453125" lon="-2.84934927709400653839111328125">
        <ele>483.20001220703125</ele>
        <time>2026-05-24T13:08:23.000Z</time>
        <extensions>
          <ns3:TrackPointExtension>
            <ns3:hr>132</ns3:hr>
            <ns3:cad>58</ns3:cad>
          </ns3:TrackPointExtension>
        </extensions>
      </trkpt>
      <trkpt lat="52.55582897923886775970458984375" lon="-2.84942974336445331573486328125">
        <ele>483</ele>
        <time>2026-05-24T13:08:27.000Z</time>
        <extensions>
          <ns3:TrackPointExtension>
            <ns3:hr>133</ns3:hr>
            <ns3:cad>59</ns3:cad>
          </ns3:TrackPointExtension>
        </extensions>
      </trkpt>
      <trkpt lat="52.55580215714871883392333984375" lon="-2.8494997322559356689453125">
        <ele>482.79998779296875</ele>
        <time>2026-05-24T13:08:31.000Z</time>
        <extensions>
          <ns3:TrackPointExtension>
            <ns3:hr>133</ns3:hr>
            <ns3:cad>60</ns3:cad>
          </ns3:TrackPointExtension>
        </extensions>
      </trkpt>
      <trkpt lat="52.55575320683419704437255859375" lon="-2.84964767284691333770751953125">
        <ele>482.600006103515625</ele>
        <time>2026-05-24T13:08:39.000Z</time>
        <extensions>
          <ns3:TrackPointExtension>
            <ns3:hr>132</ns3:hr>
            <ns3:cad>59</ns3:cad>
          </ns3:TrackPointExtension>
        </extensions>
      </trkpt>
      <trkpt lat="52.55571632646024227142333984375" lon="-2.8497530333697795867919921875">
        <ele>482.399993896484375</ele>
        <time>2026-05-24T13:08:45.000Z</time>
        <extensions>
          <ns3:TrackPointExtension>
            <ns3:hr>131</ns3:hr>
            <ns3:cad>57</ns3:cad>
          </ns3:TrackPointExtension>
        </extensions>
      </trkpt>
      <trkpt lat="52.555690594017505645751953125" lon="-2.84987482242286205291748046875">
        <ele>482</ele>
        <time>2026-05-24T13:08:52.000Z</time>
        <extensions>
          <ns3:TrackPointExtension>
            <ns3:hr>129</ns3:hr>
            <ns3:cad>56</ns3:cad>
          </ns3:TrackPointExtension>
        </extensions>
      </trkpt>
      <trkpt lat="52.5556877441704273223876953125" lon="-2.8498938493430614471435546875">
        <ele>481.79998779296875</ele>
        <time>2026-05-24T13:08:53.000Z</time>
        <extensions>
          <ns3:TrackPointExtension>
            <ns3:hr>128</ns3:hr>
            <ns3:cad>58</ns3:cad>
          </ns3:TrackPointExtension>
        </extensions>
      </trkpt>
      <trkpt lat="52.55564876832067966461181640625" lon="-2.85002737306058406829833984375">
        <ele>481</ele>
        <time>2026-05-24T13:09:01.000Z</time>
        <extensions>
          <ns3:TrackPointExtension>
            <ns3:hr>128</ns3:hr>
            <ns3:cad>57</ns3:cad>
          </ns3:TrackPointExtension>
        </extensions>
      </trkpt>
      <trkpt lat="52.5555754266679286956787109375" lon="-2.85017120651900768280029296875">
        <ele>481.20001220703125</ele>
        <time>2026-05-24T13:09:10.000Z</time>
        <extensions>
          <ns3:TrackPointExtension>
            <ns3:hr>129</ns3:hr>
            <ns3:cad>58</ns3:cad>
          </ns3:TrackPointExtension>
        </extensions>
      </trkpt>
      <trkpt lat="52.5555308349430561065673828125" lon="-2.85028939135372638702392578125">
        <ele>481</ele>
        <time>2026-05-24T13:09:18.000Z</time>
        <extensions>
          <ns3:TrackPointExtension>
            <ns3:hr>130</ns3:hr>
            <ns3:cad>57</ns3:cad>
          </ns3:TrackPointExtension>
        </extensions>
      </trkpt>
      <trkpt lat="52.5554865784943103790283203125" lon="-2.850433476269245147705078125">
        <ele>482.600006103515625</ele>
        <time>2026-05-24T13:09:26.000Z</time>
        <extensions>
          <ns3:TrackPointExtension>
            <ns3:hr>130</ns3:hr>
            <ns3:cad>57</ns3:cad>
          </ns3:TrackPointExtension>
        </extensions>
      </trkpt>
      <trkpt lat="52.555436454713344573974609375" lon="-2.8505848534405231475830078125">
        <ele>481.600006103515625</ele>
        <time>2026-05-24T13:09:34.000Z</time>
        <extensions>
          <ns3:TrackPointExtension>
            <ns3:hr>131</ns3:hr>
            <ns3:cad>57</ns3:cad>
          </ns3:TrackPointExtension>
        </extensions>
      </trkpt>
      <trkpt lat="52.55539831705391407012939453125" lon="-2.850670516490936279296875">
        <ele>480.600006103515625</ele>
        <time>2026-05-24T13:09:39.000Z</time>
        <extensions>
          <ns3:TrackPointExtension>
            <ns3:hr>131</ns3:hr>
            <ns3:cad>58</ns3:cad>
          </ns3:TrackPointExtension>
        </extensions>
      </trkpt>
      <trkpt lat="52.55538440309464931488037109375" lon="-2.85070161335170269012451171875">
        <ele>480.20001220703125</ele>
        <time>2026-05-24T13:09:41.000Z</time>
        <extensions>
          <ns3:TrackPointExtension>
            <ns3:hr>131</ns3:hr>
            <ns3:cad>60</ns3:cad>
          </ns3:TrackPointExtension>
        </extensions>
      </trkpt>
      <trkpt lat="52.55534701980650424957275390625" lon="-2.85078912042081356048583984375">
        <ele>481.600006103515625</ele>
        <time>2026-05-24T13:09:47.000Z</time>
        <extensions>
          <ns3:TrackPointExtension>
            <ns3:hr>130</ns3:hr>
            <ns3:cad>62</ns3:cad>
          </ns3:TrackPointExtension>
        </extensions>
      </trkpt>
      <trkpt lat="52.5553415715694427490234375" lon="-2.8508034534752368927001953125">
        <ele>481.600006103515625</ele>
        <time>2026-05-24T13:09:48.000Z</time>
        <extensions>
          <ns3:TrackPointExtension>
            <ns3:hr>130</ns3:hr>
            <ns3:cad>62</ns3:cad>
          </ns3:TrackPointExtension>
        </extensions>
      </trkpt>
      <trkpt lat="52.55530427210032939910888671875" lon="-2.85091434605419635772705078125">
        <ele>481.20001220703125</ele>
        <time>2026-05-24T13:09:55.000Z</time>
        <extensions>
          <ns3:TrackPointExtension>
            <ns3:hr>129</ns3:hr>
            <ns3:cad>57</ns3:cad>
          </ns3:TrackPointExtension>
        </extensions>
      </trkpt>
      <trkpt lat="52.55526571534574031829833984375" lon="-2.85102096386253833770751953125">
        <ele>481.20001220703125</ele>
        <time>2026-05-24T13:10:01.000Z</time>
        <extensions>
          <ns3:TrackPointExtension>
            <ns3:hr>128</ns3:hr>
            <ns3:cad>0</ns3:cad>
          </ns3:TrackPointExtension>
        </extensions>
      </trkpt>
      <trkpt lat="52.55521777085959911346435546875" lon="-2.8511466085910797119140625">
        <ele>481</ele>
        <time>2026-05-24T13:10:09.000Z</time>
        <extensions>
          <ns3:TrackPointExtension>
            <ns3:hr>127</ns3:hr>
            <ns3:cad>57</ns3:cad>
          </ns3:TrackPointExtension>
        </extensions>
      </trkpt>
      <trkpt lat="52.555206120014190673828125" lon="-2.8511699102818965911865234375">
        <ele>481</ele>
        <time>2026-05-24T13:10:11.000Z</time>
        <extensions>
          <ns3:TrackPointExtension>
            <ns3:hr>127</ns3:hr>
            <ns3:cad>57</ns3:cad>
          </ns3:TrackPointExtension>
        </extensions>
      </trkpt>
      <trkpt lat="52.5551992468535900115966796875" lon="-2.85120704211294651031494140625">
        <ele>481.20001220703125</ele>
        <time>2026-05-24T13:10:14.000Z</time>
        <extensions>
          <ns3:TrackPointExtension>
            <ns3:hr>127</ns3:hr>
            <ns3:cad>57</ns3:cad>
          </ns3:TrackPointExtension>
        </extensions>
      </trkpt>
      <trkpt lat="52.5551965646445751190185546875" lon="-2.85123285837471485137939453125">
        <ele>481.20001220703125</ele>
        <time>2026-05-24T13:10:16.000Z</time>
        <extensions>
          <ns3:TrackPointExtension>
            <ns3:hr>126</ns3:hr>
            <ns3:cad>55</ns3:cad>
          </ns3:TrackPointExtension>
        </extensions>
      </trkpt>
      <trkpt lat="52.55517971701920032501220703125" lon="-2.851276360452175140380859375">
        <ele>481.20001220703125</ele>
        <time>2026-05-24T13:10:19.000Z</time>
        <extensions>
          <ns3:TrackPointExtension>
            <ns3:hr>127</ns3:hr>
            <ns3:cad>55</ns3:cad>
          </ns3:TrackPointExtension>
        </extensions>
      </trkpt>
      <trkpt lat="52.55513344891369342803955078125" lon="-2.85137551836669445037841796875">
        <ele>482</ele>
        <time>2026-05-24T13:10:26.000Z</time>
        <extensions>
          <ns3:TrackPointExtension>
            <ns3:hr>128</ns3:hr>
            <ns3:cad>56</ns3:cad>
          </ns3:TrackPointExtension>
        </extensions>
      </trkpt>
      <trkpt lat="52.555045187473297119140625" lon="-2.85146176815032958984375">
        <ele>482.600006103515625</ele>
        <time>2026-05-24T13:10:34.000Z</time>
        <extensions>
          <ns3:TrackPointExtension>
            <ns3:hr>129</ns3:hr>
            <ns3:cad>56</ns3:cad>
          </ns3:TrackPointExtension>
        </extensions>
      </trkpt>
      <trkpt lat="52.55502884276211261749267578125" lon="-2.85148012451827526092529296875">
        <ele>482.600006103515625</ele>
        <time>2026-05-24T13:10:36.000Z</time>
        <extensions>
          <ns3:TrackPointExtension>
            <ns3:hr>130</ns3:hr>
            <ns3:cad>56</ns3:cad>
          </ns3:TrackPointExtension>
        </extensions>
      </trkpt>
      <trkpt lat="52.55498819053173065185546875" lon="-2.8515367023646831512451171875">
        <ele>482.79998779296875</ele>
        <time>2026-05-24T13:10:41.000Z</time>
        <extensions>
          <ns3:TrackPointExtension>
            <ns3:hr>132</ns3:hr>
            <ns3:cad>55</ns3:cad>
          </ns3:TrackPointExtension>
        </extensions>
      </trkpt>
      <trkpt lat="52.5549028627574443817138671875" lon="-2.85163049586117267608642578125">
        <ele>483.399993896484375</ele>
        <time>2026-05-24T13:10:49.000Z</time>
        <extensions>
          <ns3:TrackPointExtension>
            <ns3:hr>133</ns3:hr>
            <ns3:cad>56</ns3:cad>
          </ns3:TrackPointExtension>
        </extensions>
      </trkpt>
      <trkpt lat="52.5548384897410869598388671875" lon="-2.85172387026250362396240234375">
        <ele>483.600006103515625</ele>
        <time>2026-05-24T13:10:57.000Z</time>
        <extensions>
          <ns3:TrackPointExtension>
            <ns3:hr>135</ns3:hr>
            <ns3:cad>56</ns3:cad>
          </ns3:TrackPointExtension>
        </extensions>
      </trkpt>
      <trkpt lat="52.55482298322021961212158203125" lon="-2.85174935124814510345458984375">
        <ele>483.79998779296875</ele>
        <time>2026-05-24T13:10:59.000Z</time>
        <extensions>
          <ns3:TrackPointExtension>
            <ns3:hr>134</ns3:hr>
            <ns3:cad>55</ns3:cad>
          </ns3:TrackPointExtension>
        </extensions>
      </trkpt>
      <trkpt lat="52.55477587692439556121826171875" lon="-2.85183032043278217315673828125">
        <ele>484</ele>
        <time>2026-05-24T13:11:05.000Z</time>
        <extensions>
          <ns3:TrackPointExtension>
            <ns3:hr>134</ns3:hr>
            <ns3:cad>53</ns3:cad>
          </ns3:TrackPointExtension>
        </extensions>
      </trkpt>
      <trkpt lat="52.55470446310937404632568359375" lon="-2.85192352719604969024658203125">
        <ele>484.79998779296875</ele>
        <time>2026-05-24T13:11:13.000Z</time>
        <extensions>
          <ns3:TrackPointExtension>
            <ns3:hr>135</ns3:hr>
            <ns3:cad>55</ns3:cad>
          </ns3:TrackPointExtension>
        </extensions>
      </trkpt>
      <trkpt lat="52.55464243702590465545654296875" lon="-2.85202863626182079315185546875">
        <ele>485.20001220703125</ele>
        <time>2026-05-24T13:11:21.000Z</time>
        <extensions>
          <ns3:TrackPointExtension>
            <ns3:hr>135</ns3:hr>
            <ns3:cad>56</ns3:cad>
          </ns3:TrackPointExtension>
        </extensions>
      </trkpt>
      <trkpt lat="52.5545809976756572723388671875" lon="-2.85212066955864429473876953125">
        <ele>485.399993896484375</ele>
        <time>2026-05-24T13:11:28.000Z</time>
        <extensions>
          <ns3:TrackPointExtension>
            <ns3:hr>136</ns3:hr>
            <ns3:cad>55</ns3:cad>
          </ns3:TrackPointExtension>
        </extensions>
      </trkpt>
      <trkpt lat="52.55455476231873035430908203125" lon="-2.8521750681102275848388671875">
        <ele>485.79998779296875</ele>
        <time>2026-05-24T13:11:32.000Z</time>
        <extensions>
          <ns3:TrackPointExtension>
            <ns3:hr>136</ns3:hr>
            <ns3:cad>56</ns3:cad>
          </ns3:TrackPointExtension>
        </extensions>
      </trkpt>
      <trkpt lat="52.554540596902370452880859375" lon="-2.85220733843743801116943359375">
        <ele>486</ele>
        <time>2026-05-24T13:11:34.000Z</time>
        <extensions>
          <ns3:TrackPointExtension>
            <ns3:hr>137</ns3:hr>
            <ns3:cad>55</ns3:cad>
          </ns3:TrackPointExtension>
        </extensions>
      </trkpt>
      <trkpt lat="52.5544901378452777862548828125" lon="-2.85228596068918704986572265625">
        <ele>485.79998779296875</ele>
        <time>2026-05-24T13:11:40.000Z</time>
        <extensions>
          <ns3:TrackPointExtension>
            <ns3:hr>136</ns3:hr>
            <ns3:cad>56</ns3:cad>
          </ns3:TrackPointExtension>
        </extensions>
      </trkpt>
      <trkpt lat="52.55442383699119091033935546875" lon="-2.8523940034210681915283203125">
        <ele>485.79998779296875</ele>
        <time>2026-05-24T13:11:48.000Z</time>
        <extensions>
          <ns3:TrackPointExtension>
            <ns3:hr>135</ns3:hr>
            <ns3:cad>56</ns3:cad>
          </ns3:TrackPointExtension>
        </extensions>
      </trkpt>
      <trkpt lat="52.5543701089918613433837890625" lon="-2.85249718464910984039306640625">
        <ele>485.600006103515625</ele>
        <time>2026-05-24T13:11:56.000Z</time>
        <extensions>
          <ns3:TrackPointExtension>
            <ns3:hr>133</ns3:hr>
            <ns3:cad>58</ns3:cad>
          </ns3:TrackPointExtension>
        </extensions>
      </trkpt>
      <trkpt lat="52.55430934019386768341064453125" lon="-2.8525867871940135955810546875">
        <ele>485.399993896484375</ele>
        <time>2026-05-24T13:12:03.000Z</time>
        <extensions>
          <ns3:TrackPointExtension>
            <ns3:hr>132</ns3:hr>
            <ns3:cad>0</ns3:cad>
          </ns3:TrackPointExtension>
        </extensions>
      </trkpt>
      <trkpt lat="52.5542748905718326568603515625" lon="-2.85263095982372760772705078125">
        <ele>485.79998779296875</ele>
        <time>2026-05-24T13:12:07.000Z</time>
        <extensions>
          <ns3:TrackPointExtension>
            <ns3:hr>129</ns3:hr>
            <ns3:cad>57</ns3:cad>
          </ns3:TrackPointExtension>
        </extensions>
      </trkpt>
      <trkpt lat="52.554267346858978271484375" lon="-2.852642945945262908935546875">
        <ele>486</ele>
        <time>2026-05-24T13:12:08.000Z</time>
        <extensions>
          <ns3:TrackPointExtension>
            <ns3:hr>129</ns3:hr>
            <ns3:cad>57</ns3:cad>
          </ns3:TrackPointExtension>
        </extensions>
      </trkpt>
      <trkpt lat="52.55420766770839691162109375" lon="-2.85274109803140163421630859375">
        <ele>485.600006103515625</ele>
        <time>2026-05-24T13:12:15.000Z</time>
        <extensions>
          <ns3:TrackPointExtension>
            <ns3:hr>130</ns3:hr>
            <ns3:cad>58</ns3:cad>
          </ns3:TrackPointExtension>
        </extensions>
      </trkpt>
      <trkpt lat="52.5541676022112369537353515625" lon="-2.85281695425510406494140625">
        <ele>486.20001220703125</ele>
        <time>2026-05-24T13:12:21.000Z</time>
        <extensions>
          <ns3:TrackPointExtension>
            <ns3:hr>131</ns3:hr>
            <ns3:cad>59</ns3:cad>
          </ns3:TrackPointExtension>
        </extensions>
      </trkpt>
      <trkpt lat="52.55411806516349315643310546875" lon="-2.8529002703726291656494140625">
        <ele>486.20001220703125</ele>
        <time>2026-05-24T13:12:27.000Z</time>
        <extensions>
          <ns3:TrackPointExtension>
            <ns3:hr>132</ns3:hr>
            <ns3:cad>57</ns3:cad>
          </ns3:TrackPointExtension>
        </extensions>
      </trkpt>
      <trkpt lat="52.55407967604696750640869140625" lon="-2.852970845997333526611328125">
        <ele>486.20001220703125</ele>
        <time>2026-05-24T13:12:32.000Z</time>
        <extensions>
          <ns3:TrackPointExtension>
            <ns3:hr>132</ns3:hr>
            <ns3:cad>56</ns3:cad>
          </ns3:TrackPointExtension>
        </extensions>
      </trkpt>
      <trkpt lat="52.55401932634413242340087890625" lon="-2.853080146014690399169921875">
        <ele>486.399993896484375</ele>
        <time>2026-05-24T13:12:40.000Z</time>
        <extensions>
          <ns3:TrackPointExtension>
            <ns3:hr>133</ns3:hr>
            <ns3:cad>56</ns3:cad>
          </ns3:TrackPointExtension>
        </extensions>
      </trkpt>
      <trkpt lat="52.55396467633545398712158203125" lon="-2.85316606052219867706298828125">
        <ele>486.79998779296875</ele>
        <time>2026-05-24T13:12:46.000Z</time>
        <extensions>
          <ns3:TrackPointExtension>
            <ns3:hr>133</ns3:hr>
            <ns3:cad>57</ns3:cad>
          </ns3:TrackPointExtension>
        </extensions>
      </trkpt>
      <trkpt lat="52.55394623614847660064697265625" lon="-2.85319439135491847991943359375">
        <ele>486.79998779296875</ele>
        <time>2026-05-24T13:12:48.000Z</time>
        <extensions>
          <ns3:TrackPointExtension>
            <ns3:hr>132</ns3:hr>
            <ns3:cad>57</ns3:cad>
          </ns3:TrackPointExtension>
        </extensions>
      </trkpt>
      <trkpt lat="52.55390633828938007354736328125" lon="-2.85326488316059112548828125">
        <ele>486.79998779296875</ele>
        <time>2026-05-24T13:12:53.000Z</time>
        <extensions>
          <ns3:TrackPointExtension>
            <ns3:hr>133</ns3:hr>
            <ns3:cad>57</ns3:cad>
          </ns3:TrackPointExtension>
        </extensions>
      </trkpt>
      <trkpt lat="52.55386292003095149993896484375" lon="-2.8533495403826236724853515625">
        <ele>487.79998779296875</ele>
        <time>2026-05-24T13:12:59.000Z</time>
        <extensions>
          <ns3:TrackPointExtension>
            <ns3:hr>132</ns3:hr>
            <ns3:cad>61</ns3:cad>
          </ns3:TrackPointExtension>
        </extensions>
      </trkpt>
      <trkpt lat="52.5538531132042407989501953125" lon="-2.853366471827030181884765625">
        <ele>487.79998779296875</ele>
        <time>2026-05-24T13:13:00.000Z</time>
        <extensions>
          <ns3:TrackPointExtension>
            <ns3:hr>132</ns3:hr>
            <ns3:cad>56</ns3:cad>
          </ns3:TrackPointExtension>
        </extensions>
      </trkpt>
      <trkpt lat="52.5537860579788684844970703125" lon="-2.8534645400941371917724609375">
        <ele>487.79998779296875</ele>
        <time>2026-05-24T13:13:07.000Z</time>
        <extensions>
          <ns3:TrackPointExtension>
            <ns3:hr>135</ns3:hr>
            <ns3:cad>56</ns3:cad>
          </ns3:TrackPointExtension>
        </extensions>
      </trkpt>
      <trkpt lat="52.55371749401092529296875" lon="-2.8535785339772701263427734375">
        <ele>488.20001220703125</ele>
        <time>2026-05-24T13:13:15.000Z</time>
        <extensions>
          <ns3:TrackPointExtension>
            <ns3:hr>135</ns3:hr>
            <ns3:cad>56</ns3:cad>
          </ns3:TrackPointExtension>
        </extensions>
      </trkpt>
      <trkpt lat="52.55366091616451740264892578125" lon="-2.85366050899028778076171875">
        <ele>489</ele>
        <time>2026-05-24T13:13:21.000Z</time>
        <extensions>
          <ns3:TrackPointExtension>
            <ns3:hr>134</ns3:hr>
            <ns3:cad>57</ns3:cad>
          </ns3:TrackPointExtension>
        </extensions>
      </trkpt>
      <trkpt lat="52.55364239215850830078125" lon="-2.8536812961101531982421875">
        <ele>489</ele>
        <time>2026-05-24T13:13:23.000Z</time>
        <extensions>
          <ns3:TrackPointExtension>
            <ns3:hr>134</ns3:hr>
            <ns3:cad>57</ns3:cad>
          </ns3:TrackPointExtension>
        </extensions>
      </trkpt>
      <trkpt lat="52.553621940314769744873046875" lon="-2.85370744764804840087890625">
        <ele>487.399993896484375</ele>
        <time>2026-05-24T13:13:26.000Z</time>
        <extensions>
          <ns3:TrackPointExtension>
            <ns3:hr>134</ns3:hr>
            <ns3:cad>57</ns3:cad>
          </ns3:TrackPointExtension>
        </extensions>
      </trkpt>
      <trkpt lat="52.55361163057386875152587890625" lon="-2.8537166677415370941162109375">
        <ele>486.20001220703125</ele>
        <time>2026-05-24T13:13:30.000Z</time>
        <extensions>
          <ns3:TrackPointExtension>
            <ns3:hr>133</ns3:hr>
            <ns3:cad>0</ns3:cad>
          </ns3:TrackPointExtension>
        </extensions>
      </trkpt>
      <trkpt lat="52.5536110438406467437744140625" lon="-2.853717170655727386474609375">
        <ele>486.600006103515625</ele>
        <time>2026-05-24T13:13:33.000Z</time>
        <extensions>
          <ns3:TrackPointExtension>
            <ns3:hr>133</ns3:hr>
            <ns3:cad>0</ns3:cad>
          </ns3:TrackPointExtension>
        </extensions>
      </trkpt>
      <trkpt lat="52.55361012183129787445068359375" lon="-2.85371876321732997894287109375">
        <ele>487.20001220703125</ele>
        <time>2026-05-24T13:13:37.000Z</time>
        <extensions>
          <ns3:TrackPointExtension>
            <ns3:hr>134</ns3:hr>
            <ns3:cad>0</ns3:cad>
          </ns3:TrackPointExtension>
        </extensions>
      </trkpt>
      <trkpt lat="52.55358078517019748687744140625" lon="-2.8537572361528873443603515625">
        <ele>487.20001220703125</ele>
        <time>2026-05-24T13:13:43.000Z</time>
        <extensions>
          <ns3:TrackPointExtension>
            <ns3:hr>133</ns3:hr>
            <ns3:cad>0</ns3:cad>
          </ns3:TrackPointExtension>
        </extensions>
      </trkpt>
      <trkpt lat="52.55351565778255462646484375" lon="-2.853839881718158721923828125">
        <ele>487.399993896484375</ele>
        <time>2026-05-24T13:13:51.000Z</time>
        <extensions>
          <ns3:TrackPointExtension>
            <ns3:hr>136</ns3:hr>
            <ns3:cad>56</ns3:cad>
          </ns3:TrackPointExtension>
        </extensions>
      </trkpt>
      <trkpt lat="52.55350836552679538726806640625" lon="-2.8538531251251697540283203125">
        <ele>487.79998779296875</ele>
        <time>2026-05-24T13:13:52.000Z</time>
        <extensions>
          <ns3:TrackPointExtension>
            <ns3:hr>137</ns3:hr>
            <ns3:cad>56</ns3:cad>
          </ns3:TrackPointExtension>
        </extensions>
      </trkpt>
      <trkpt lat="52.553499229252338409423828125" lon="-2.85386980511248111724853515625">
        <ele>488</ele>
        <time>2026-05-24T13:13:53.000Z</time>
        <extensions>
          <ns3:TrackPointExtension>
            <ns3:hr>137</ns3:hr>
            <ns3:cad>56</ns3:cad>
          </ns3:TrackPointExtension>
        </extensions>
      </trkpt>
      <trkpt lat="52.553491182625293731689453125" lon="-2.85388371907174587249755859375">
        <ele>488.600006103515625</ele>
        <time>2026-05-24T13:13:54.000Z</time>
        <extensions>
          <ns3:TrackPointExtension>
            <ns3:hr>136</ns3:hr>
            <ns3:cad>56</ns3:cad>
          </ns3:TrackPointExtension>
        </extensions>
      </trkpt>
      <trkpt lat="52.55344994366168975830078125" lon="-2.8539550490677356719970703125">
        <ele>488.600006103515625</ele>
        <time>2026-05-24T13:13:59.000Z</time>
        <extensions>
          <ns3:TrackPointExtension>
            <ns3:hr>135</ns3:hr>
            <ns3:cad>57</ns3:cad>
          </ns3:TrackPointExtension>
        </extensions>
      </trkpt>
      <trkpt lat="52.553390599787235260009765625" lon="-2.85403710789978504180908203125">
        <ele>488.600006103515625</ele>
        <time>2026-05-24T13:14:05.000Z</time>
        <extensions>
          <ns3:TrackPointExtension>
            <ns3:hr>135</ns3:hr>
            <ns3:cad>57</ns3:cad>
          </ns3:TrackPointExtension>
        </extensions>
      </trkpt>
      <trkpt lat="52.55333251319825649261474609375" lon="-2.854144312441349029541015625">
        <ele>488.600006103515625</ele>
        <time>2026-05-24T13:14:13.000Z</time>
        <extensions>
          <ns3:TrackPointExtension>
            <ns3:hr>136</ns3:hr>
            <ns3:cad>57</ns3:cad>
          </ns3:TrackPointExtension>
        </extensions>
      </trkpt>
      <trkpt lat="52.5532636977732181549072265625" lon="-2.85425855778157711029052734375">
        <ele>488.79998779296875</ele>
        <time>2026-05-24T13:14:21.000Z</time>
        <extensions>
          <ns3:TrackPointExtension>
            <ns3:hr>137</ns3:hr>
            <ns3:cad>56</ns3:cad>
          </ns3:TrackPointExtension>
        </extensions>
      </trkpt>
      <trkpt lat="52.55319873802363872528076171875" lon="-2.854339778423309326171875">
        <ele>489.20001220703125</ele>
        <time>2026-05-24T13:14:27.000Z</time>
        <extensions>
          <ns3:TrackPointExtension>
            <ns3:hr>140</ns3:hr>
            <ns3:cad>57</ns3:cad>
          </ns3:TrackPointExtension>
        </extensions>
      </trkpt>
      <trkpt lat="52.55317929200828075408935546875" lon="-2.85436567850410938262939453125">
        <ele>489.20001220703125</ele>
        <time>2026-05-24T13:14:29.000Z</time>
        <extensions>
          <ns3:TrackPointExtension>
            <ns3:hr>142</ns3:hr>
            <ns3:cad>58</ns3:cad>
          </ns3:TrackPointExtension>
        </extensions>
      </trkpt>
      <trkpt lat="52.55312983877956867218017578125" lon="-2.85446123220026493072509765625">
        <ele>489.399993896484375</ele>
        <time>2026-05-24T13:14:36.000Z</time>
        <extensions>
          <ns3:TrackPointExtension>
            <ns3:hr>142</ns3:hr>
            <ns3:cad>57</ns3:cad>
          </ns3:TrackPointExtension>
        </extensions>
      </trkpt>
      <trkpt lat="52.553102262318134307861328125" lon="-2.854522168636322021484375">
        <ele>489.20001220703125</ele>
        <time>2026-05-24T13:14:40.000Z</time>
        <extensions>
          <ns3:TrackPointExtension>
            <ns3:hr>139</ns3:hr>
            <ns3:cad>57</ns3:cad>
          </ns3:TrackPointExtension>
        </extensions>
      </trkpt>
      <trkpt lat="52.55306932143867015838623046875" lon="-2.8545825183391571044921875">
        <ele>488.79998779296875</ele>
        <time>2026-05-24T13:14:44.000Z</time>
        <extensions>
          <ns3:TrackPointExtension>
            <ns3:hr>139</ns3:hr>
            <ns3:cad>58</ns3:cad>
          </ns3:TrackPointExtension>
        </extensions>
      </trkpt>
      <trkpt lat="52.55298466421663761138916015625" lon="-2.8547097556293010711669921875">
        <ele>489.600006103515625</ele>
        <time>2026-05-24T13:14:53.000Z</time>
        <extensions>
          <ns3:TrackPointExtension>
            <ns3:hr>137</ns3:hr>
            <ns3:cad>57</ns3:cad>
          </ns3:TrackPointExtension>
        </extensions>
      </trkpt>
      <trkpt lat="52.5529565848410129547119140625" lon="-2.85475082695484161376953125">
        <ele>489.600006103515625</ele>
        <time>2026-05-24T13:14:56.000Z</time>
        <extensions>
          <ns3:TrackPointExtension>
            <ns3:hr>134</ns3:hr>
            <ns3:cad>58</ns3:cad>
          </ns3:TrackPointExtension>
        </extensions>
      </trkpt>
      <trkpt lat="52.5529401563107967376708984375" lon="-2.854777984321117401123046875">
        <ele>489.399993896484375</ele>
        <time>2026-05-24T13:14:58.000Z</time>
        <extensions>
          <ns3:TrackPointExtension>
            <ns3:hr>130</ns3:hr>
            <ns3:cad>58</ns3:cad>
          </ns3:TrackPointExtension>
        </extensions>
      </trkpt>
      <trkpt lat="52.55292297340929508209228515625" lon="-2.854806818068027496337890625">
        <ele>489.20001220703125</ele>
        <time>2026-05-24T13:15:00.000Z</time>
        <extensions>
          <ns3:TrackPointExtension>
            <ns3:hr>127</ns3:hr>
            <ns3:cad>60</ns3:cad>
          </ns3:TrackPointExtension>
        </extensions>
      </trkpt>
      <trkpt lat="52.552915178239345550537109375" lon="-2.85481930710375308990478515625">
        <ele>489.20001220703125</ele>
        <time>2026-05-24T13:15:01.000Z</time>
        <extensions>
          <ns3:TrackPointExtension>
            <ns3:hr>127</ns3:hr>
            <ns3:cad>60</ns3:cad>
          </ns3:TrackPointExtension>
        </extensions>
      </trkpt>
      <trkpt lat="52.5528482906520366668701171875" lon="-2.8549260087311267852783203125">
        <ele>488.79998779296875</ele>
        <time>2026-05-24T13:15:09.000Z</time>
        <extensions>
          <ns3:TrackPointExtension>
            <ns3:hr>126</ns3:hr>
            <ns3:cad>58</ns3:cad>
          </ns3:TrackPointExtension>
        </extensions>
      </trkpt>
      <trkpt lat="52.55277344025671482086181640625" lon="-2.85504310391843318939208984375">
        <ele>488.600006103515625</ele>
        <time>2026-05-24T13:15:17.000Z</time>
        <extensions>
          <ns3:TrackPointExtension>
            <ns3:hr>126</ns3:hr>
            <ns3:cad>57</ns3:cad>
          </ns3:TrackPointExtension>
        </extensions>
      </trkpt>
      <trkpt lat="52.5527185387909412384033203125" lon="-2.8551640547811985015869140625">
        <ele>488.399993896484375</ele>
        <time>2026-05-24T13:15:24.000Z</time>
        <extensions>
          <ns3:TrackPointExtension>
            <ns3:hr>126</ns3:hr>
            <ns3:cad>59</ns3:cad>
          </ns3:TrackPointExtension>
        </extensions>
      </trkpt>
      <trkpt lat="52.55268140695989131927490234375" lon="-2.85521795041859149932861328125">
        <ele>488.20001220703125</ele>
        <time>2026-05-24T13:15:30.000Z</time>
        <extensions>
          <ns3:TrackPointExtension>
            <ns3:hr>126</ns3:hr>
            <ns3:cad>57</ns3:cad>
          </ns3:TrackPointExtension>
        </extensions>
      </trkpt>
      <trkpt lat="52.55267939530313014984130859375" lon="-2.85523320548236370086669921875">
        <ele>487.79998779296875</ele>
        <time>2026-05-24T13:15:37.000Z</time>
        <extensions>
          <ns3:TrackPointExtension>
            <ns3:hr>127</ns3:hr>
            <ns3:cad>0</ns3:cad>
          </ns3:TrackPointExtension>
        </extensions>
      </trkpt>
      <trkpt lat="52.55265994928777217864990234375" lon="-2.85534334369003772735595703125">
        <ele>488.20001220703125</ele>
        <time>2026-05-24T13:15:43.000Z</time>
        <extensions>
          <ns3:TrackPointExtension>
            <ns3:hr>127</ns3:hr>
            <ns3:cad>0</ns3:cad>
          </ns3:TrackPointExtension>
        </extensions>
      </trkpt>
      <trkpt lat="52.55262759514153003692626953125" lon="-2.85548499785363674163818359375">
        <ele>488</ele>
        <time>2026-05-24T13:15:50.000Z</time>
        <extensions>
          <ns3:TrackPointExtension>
            <ns3:hr>127</ns3:hr>
            <ns3:cad>58</ns3:cad>
          </ns3:TrackPointExtension>
        </extensions>
      </trkpt>
      <trkpt lat="52.55258635617792606353759765625" lon="-2.85561843775212764739990234375">
        <ele>487.79998779296875</ele>
        <time>2026-05-24T13:15:58.000Z</time>
        <extensions>
          <ns3:TrackPointExtension>
            <ns3:hr>127</ns3:hr>
            <ns3:cad>58</ns3:cad>
          </ns3:TrackPointExtension>
        </extensions>
      </trkpt>
      <trkpt lat="52.5525788962841033935546875" lon="-2.85565481521189212799072265625">
        <ele>487.399993896484375</ele>
        <time>2026-05-24T13:16:01.000Z</time>
        <extensions>
          <ns3:TrackPointExtension>
            <ns3:hr>127</ns3:hr>
            <ns3:cad>57</ns3:cad>
          </ns3:TrackPointExtension>
        </extensions>
      </trkpt>
      <trkpt lat="52.55257956683635711669921875" lon="-2.85566814243793487548828125">
        <ele>487</ele>
        <time>2026-05-24T13:16:03.000Z</time>
        <extensions>
          <ns3:TrackPointExtension>
            <ns3:hr>126</ns3:hr>
            <ns3:cad>0</ns3:cad>
          </ns3:TrackPointExtension>
        </extensions>
      </trkpt>
      <trkpt lat="52.55258199758827686309814453125" lon="-2.85567979328334331512451171875">
        <ele>486.79998779296875</ele>
        <time>2026-05-24T13:16:05.000Z</time>
        <extensions>
          <ns3:TrackPointExtension>
            <ns3:hr>126</ns3:hr>
            <ns3:cad>0</ns3:cad>
          </ns3:TrackPointExtension>
        </extensions>
      </trkpt>
      <trkpt lat="52.5525827519595623016357421875" lon="-2.85568423569202423095703125">
        <ele>486.399993896484375</ele>
        <time>2026-05-24T13:16:09.000Z</time>
        <extensions>
          <ns3:TrackPointExtension>
            <ns3:hr>124</ns3:hr>
            <ns3:cad>0</ns3:cad>
          </ns3:TrackPointExtension>
        </extensions>
      </trkpt>
      <trkpt lat="52.55258233286440372467041015625" lon="-2.85568331368267536163330078125">
        <ele>486.20001220703125</ele>
        <time>2026-05-24T13:16:10.000Z</time>
        <extensions>
          <ns3:TrackPointExtension>
            <ns3:hr>124</ns3:hr>
            <ns3:cad>0</ns3:cad>
          </ns3:TrackPointExtension>
        </extensions>
      </trkpt>
      <trkpt lat="52.55255819298326969146728515625" lon="-2.85563419573009014129638671875">
        <ele>487</ele>
        <time>2026-05-24T13:16:16.000Z</time>
        <extensions>
          <ns3:TrackPointExtension>
            <ns3:hr>123</ns3:hr>
            <ns3:cad>0</ns3:cad>
          </ns3:TrackPointExtension>
        </extensions>
      </trkpt>
      <trkpt lat="52.55253891460597515106201171875" lon="-2.8556294180452823638916015625">
        <ele>487.20001220703125</ele>
        <time>2026-05-24T13:16:20.000Z</time>
        <extensions>
          <ns3:TrackPointExtension>
            <ns3:hr>123</ns3:hr>
            <ns3:cad>0</ns3:cad>
          </ns3:TrackPointExtension>
        </extensions>
      </trkpt>
      <trkpt lat="52.5525103323161602020263671875" lon="-2.85565984435379505157470703125">
        <ele>487.399993896484375</ele>
        <time>2026-05-24T13:16:24.000Z</time>
        <extensions>
          <ns3:TrackPointExtension>
            <ns3:hr>123</ns3:hr>
            <ns3:cad>0</ns3:cad>
          </ns3:TrackPointExtension>
        </extensions>
      </trkpt>
      <trkpt lat="52.5525009445846080780029296875" lon="-2.85567224957048892974853515625">
        <ele>487.399993896484375</ele>
        <time>2026-05-24T13:16:25.000Z</time>
        <extensions>
          <ns3:TrackPointExtension>
            <ns3:hr>123</ns3:hr>
            <ns3:cad>0</ns3:cad>
          </ns3:TrackPointExtension>
        </extensions>
      </trkpt>
      <trkpt lat="52.5524523295462131500244140625" lon="-2.8557246364653110504150390625">
        <ele>487.79998779296875</ele>
        <time>2026-05-24T13:16:30.000Z</time>
        <extensions>
          <ns3:TrackPointExtension>
            <ns3:hr>123</ns3:hr>
            <ns3:cad>54</ns3:cad>
          </ns3:TrackPointExtension>
        </extensions>
      </trkpt>
      <trkpt lat="52.55238368175923824310302734375" lon="-2.8558279015123844146728515625">
        <ele>487.79998779296875</ele>
        <time>2026-05-24T13:16:38.000Z</time>
        <extensions>
          <ns3:TrackPointExtension>
            <ns3:hr>122</ns3:hr>
            <ns3:cad>55</ns3:cad>
          </ns3:TrackPointExtension>
        </extensions>
      </trkpt>
      <trkpt lat="52.5523339770734310150146484375" lon="-2.85588741302490234375">
        <ele>488.399993896484375</ele>
        <time>2026-05-24T13:16:44.000Z</time>
        <extensions>
          <ns3:TrackPointExtension>
            <ns3:hr>124</ns3:hr>
            <ns3:cad>51</ns3:cad>
          </ns3:TrackPointExtension>
        </extensions>
      </trkpt>
      <trkpt lat="52.55232819356024265289306640625" lon="-2.8558962978422641754150390625">
        <ele>488.399993896484375</ele>
        <time>2026-05-24T13:16:45.000Z</time>
        <extensions>
          <ns3:TrackPointExtension>
            <ns3:hr>125</ns3:hr>
            <ns3:cad>51</ns3:cad>
          </ns3:TrackPointExtension>
        </extensions>
      </trkpt>
      <trkpt lat="52.55226549692451953887939453125" lon="-2.85596963949501514434814453125">
        <ele>488.20001220703125</ele>
        <time>2026-05-24T13:16:52.000Z</time>
        <extensions>
          <ns3:TrackPointExtension>
            <ns3:hr>127</ns3:hr>
            <ns3:cad>53</ns3:cad>
          </ns3:TrackPointExtension>
        </extensions>
      </trkpt>
      <trkpt lat="52.55219869315624237060546875" lon="-2.8560642711818218231201171875">
        <ele>489</ele>
        <time>2026-05-24T13:17:00.000Z</time>
        <extensions>
          <ns3:TrackPointExtension>
            <ns3:hr>128</ns3:hr>
            <ns3:cad>54</ns3:cad>
          </ns3:TrackPointExtension>
        </extensions>
      </trkpt>
      <trkpt lat="52.552125938236713409423828125" lon="-2.85614247433841228485107421875">
        <ele>489</ele>
        <time>2026-05-24T13:17:07.000Z</time>
        <extensions>
          <ns3:TrackPointExtension>
            <ns3:hr>131</ns3:hr>
            <ns3:cad>60</ns3:cad>
          </ns3:TrackPointExtension>
        </extensions>
      </trkpt>
      <trkpt lat="52.55211596377193927764892578125" lon="-2.85615186206996440887451171875">
        <ele>489</ele>
        <time>2026-05-24T13:17:08.000Z</time>
        <extensions>
          <ns3:TrackPointExtension>
            <ns3:hr>131</ns3:hr>
            <ns3:cad>60</ns3:cad>
          </ns3:TrackPointExtension>
        </extensions>
      </trkpt>
      <trkpt lat="52.55206525325775146484375" lon="-2.85620768554508686065673828125">
        <ele>489.399993896484375</ele>
        <time>2026-05-24T13:17:14.000Z</time>
        <extensions>
          <ns3:TrackPointExtension>
            <ns3:hr>132</ns3:hr>
            <ns3:cad>55</ns3:cad>
          </ns3:TrackPointExtension>
        </extensions>
      </trkpt>
      <trkpt lat="52.5520540215075016021728515625" lon="-2.8562181629240512847900390625">
        <ele>489.399993896484375</ele>
        <time>2026-05-24T13:17:15.000Z</time>
        <extensions>
          <ns3:TrackPointExtension>
            <ns3:hr>132</ns3:hr>
            <ns3:cad>55</ns3:cad>
          </ns3:TrackPointExtension>
        </extensions>
      </trkpt>
      <trkpt lat="52.551987804472446441650390625" lon="-2.85627490840852260589599609375">
        <ele>489.79998779296875</ele>
        <time>2026-05-24T13:17:22.000Z</time>
        <extensions>
          <ns3:TrackPointExtension>
            <ns3:hr>133</ns3:hr>
            <ns3:cad>53</ns3:cad>
          </ns3:TrackPointExtension>
        </extensions>
      </trkpt>
      <trkpt lat="52.55192083306610584259033203125" lon="-2.856318913400173187255859375">
        <ele>490.20001220703125</ele>
        <time>2026-05-24T13:17:28.000Z</time>
        <extensions>
          <ns3:TrackPointExtension>
            <ns3:hr>132</ns3:hr>
            <ns3:cad>53</ns3:cad>
          </ns3:TrackPointExtension>
        </extensions>
      </trkpt>
      <trkpt lat="52.55186165682971477508544921875" lon="-2.85636224783957004547119140625">
        <ele>490.399993896484375</ele>
        <time>2026-05-24T13:17:34.000Z</time>
        <extensions>
          <ns3:TrackPointExtension>
            <ns3:hr>134</ns3:hr>
            <ns3:cad>54</ns3:cad>
          </ns3:TrackPointExtension>
        </extensions>
      </trkpt>
      <trkpt lat="52.551837265491485595703125" lon="-2.856379263103008270263671875">
        <ele>490.600006103515625</ele>
        <time>2026-05-24T13:17:36.000Z</time>
        <extensions>
          <ns3:TrackPointExtension>
            <ns3:hr>134</ns3:hr>
            <ns3:cad>53</ns3:cad>
          </ns3:TrackPointExtension>
        </extensions>
      </trkpt>
      <trkpt lat="52.55176610313355922698974609375" lon="-2.8564332425594329833984375">
        <ele>491.20001220703125</ele>
        <time>2026-05-24T13:17:44.000Z</time>
        <extensions>
          <ns3:TrackPointExtension>
            <ns3:hr>135</ns3:hr>
            <ns3:cad>55</ns3:cad>
          </ns3:TrackPointExtension>
        </extensions>
      </trkpt>
      <trkpt lat="52.5517009757459163665771484375" lon="-2.8564739786088466644287109375">
        <ele>491.600006103515625</ele>
        <time>2026-05-24T13:17:50.000Z</time>
        <extensions>
          <ns3:TrackPointExtension>
            <ns3:hr>135</ns3:hr>
            <ns3:cad>55</ns3:cad>
          </ns3:TrackPointExtension>
        </extensions>
      </trkpt>
      <trkpt lat="52.55163274705410003662109375" lon="-2.8565378487110137939453125">
        <ele>492</ele>
        <time>2026-05-24T13:17:57.000Z</time>
        <extensions>
          <ns3:TrackPointExtension>
            <ns3:hr>136</ns3:hr>
            <ns3:cad>55</ns3:cad>
          </ns3:TrackPointExtension>
        </extensions>
      </trkpt>
      <trkpt lat="52.55153861828148365020751953125" lon="-2.8565899841487407684326171875">
        <ele>492.600006103515625</ele>
        <time>2026-05-24T13:18:05.000Z</time>
        <extensions>
          <ns3:TrackPointExtension>
            <ns3:hr>139</ns3:hr>
            <ns3:cad>56</ns3:cad>
          </ns3:TrackPointExtension>
        </extensions>
      </trkpt>
      <trkpt lat="52.551529817283153533935546875" lon="-2.85659928806126117706298828125">
        <ele>492.600006103515625</ele>
        <time>2026-05-24T13:18:06.000Z</time>
        <extensions>
          <ns3:TrackPointExtension>
            <ns3:hr>139</ns3:hr>
            <ns3:cad>56</ns3:cad>
          </ns3:TrackPointExtension>
        </extensions>
      </trkpt>
      <trkpt lat="52.5514582358300685882568359375" lon="-2.85667271353304386138916015625">
        <ele>493</ele>
        <time>2026-05-24T13:18:13.000Z</time>
        <extensions>
          <ns3:TrackPointExtension>
            <ns3:hr>140</ns3:hr>
            <ns3:cad>56</ns3:cad>
          </ns3:TrackPointExtension>
        </extensions>
      </trkpt>
      <trkpt lat="52.5513895042240619659423828125" lon="-2.856735996901988983154296875">
        <ele>493.399993896484375</ele>
        <time>2026-05-24T13:18:19.000Z</time>
        <extensions>
          <ns3:TrackPointExtension>
            <ns3:hr>140</ns3:hr>
            <ns3:cad>55</ns3:cad>
          </ns3:TrackPointExtension>
        </extensions>
      </trkpt>
      <trkpt lat="52.55133694969117641448974609375" lon="-2.85679609514772891998291015625">
        <ele>493.600006103515625</ele>
        <time>2026-05-24T13:18:25.000Z</time>
        <extensions>
          <ns3:TrackPointExtension>
            <ns3:hr>140</ns3:hr>
            <ns3:cad>56</ns3:cad>
          </ns3:TrackPointExtension>
        </extensions>
      </trkpt>
      <trkpt lat="52.55132571794092655181884765625" lon="-2.8568072430789470672607421875">
        <ele>493.600006103515625</ele>
        <time>2026-05-24T13:18:26.000Z</time>
        <extensions>
          <ns3:TrackPointExtension>
            <ns3:hr>140</ns3:hr>
            <ns3:cad>55</ns3:cad>
          </ns3:TrackPointExtension>
        </extensions>
      </trkpt>
      <trkpt lat="52.55126084201037883758544921875" lon="-2.856855355203151702880859375">
        <ele>494.20001220703125</ele>
        <time>2026-05-24T13:18:32.000Z</time>
        <extensions>
          <ns3:TrackPointExtension>
            <ns3:hr>139</ns3:hr>
            <ns3:cad>55</ns3:cad>
          </ns3:TrackPointExtension>
        </extensions>
      </trkpt>
      <trkpt lat="52.5512057729065418243408203125" lon="-2.85690732300281524658203125">
        <ele>494.79998779296875</ele>
        <time>2026-05-24T13:18:38.000Z</time>
        <extensions>
          <ns3:TrackPointExtension>
            <ns3:hr>138</ns3:hr>
            <ns3:cad>55</ns3:cad>
          </ns3:TrackPointExtension>
        </extensions>
      </trkpt>
      <trkpt lat="52.5511950440704822540283203125" lon="-2.85691427998244762420654296875">
        <ele>494.79998779296875</ele>
        <time>2026-05-24T13:18:39.000Z</time>
        <extensions>
          <ns3:TrackPointExtension>
            <ns3:hr>138</ns3:hr>
            <ns3:cad>54</ns3:cad>
          </ns3:TrackPointExtension>
        </extensions>
      </trkpt>
      <trkpt lat="52.55112446844577789306640625" lon="-2.8569628112018108367919921875">
        <ele>495.20001220703125</ele>
        <time>2026-05-24T13:18:46.000Z</time>
        <extensions>
          <ns3:TrackPointExtension>
            <ns3:hr>137</ns3:hr>
            <ns3:cad>53</ns3:cad>
          </ns3:TrackPointExtension>
        </extensions>
      </trkpt>
      <trkpt lat="52.55106118507683277130126953125" lon="-2.857010923326015472412109375">
        <ele>495.600006103515625</ele>
        <time>2026-05-24T13:18:52.000Z</time>
        <extensions>
          <ns3:TrackPointExtension>
            <ns3:hr>137</ns3:hr>
            <ns3:cad>54</ns3:cad>
          </ns3:TrackPointExtension>
        </extensions>
      </trkpt>
      <trkpt lat="52.551045008003711700439453125" lon="-2.85702668130397796630859375">
        <ele>495.79998779296875</ele>
        <time>2026-05-24T13:18:54.000Z</time>
        <extensions>
          <ns3:TrackPointExtension>
            <ns3:hr>138</ns3:hr>
            <ns3:cad>53</ns3:cad>
          </ns3:TrackPointExtension>
        </extensions>
      </trkpt>
      <trkpt lat="52.55100703798234462738037109375" lon="-2.85706289112567901611328125">
        <ele>496</ele>
        <time>2026-05-24T13:18:58.000Z</time>
        <extensions>
          <ns3:TrackPointExtension>
            <ns3:hr>138</ns3:hr>
            <ns3:cad>54</ns3:cad>
          </ns3:TrackPointExtension>
        </extensions>
      </trkpt>
      <trkpt lat="52.5509415753185749053955078125" lon="-2.85711594857275485992431640625">
        <ele>496.399993896484375</ele>
        <time>2026-05-24T13:19:05.000Z</time>
        <extensions>
          <ns3:TrackPointExtension>
            <ns3:hr>137</ns3:hr>
            <ns3:cad>54</ns3:cad>
          </ns3:TrackPointExtension>
        </extensions>
      </trkpt>
      <trkpt lat="52.55090142600238323211669921875" lon="-2.85715132020413875579833984375">
        <ele>496.79998779296875</ele>
        <time>2026-05-24T13:19:09.000Z</time>
        <extensions>
          <ns3:TrackPointExtension>
            <ns3:hr>138</ns3:hr>
            <ns3:cad>53</ns3:cad>
          </ns3:TrackPointExtension>
        </extensions>
      </trkpt>
      <trkpt lat="52.5508765317499637603759765625" lon="-2.857171185314655303955078125">
        <ele>497</ele>
        <time>2026-05-24T13:19:12.000Z</time>
        <extensions>
          <ns3:TrackPointExtension>
            <ns3:hr>139</ns3:hr>
            <ns3:cad>52</ns3:cad>
          </ns3:TrackPointExtension>
        </extensions>
      </trkpt>
      <trkpt lat="52.55081911571323871612548828125" lon="-2.85720496438443660736083984375">
        <ele>497.399993896484375</ele>
        <time>2026-05-24T13:19:18.000Z</time>
        <extensions>
          <ns3:TrackPointExtension>
            <ns3:hr>138</ns3:hr>
            <ns3:cad>53</ns3:cad>
          </ns3:TrackPointExtension>
        </extensions>
      </trkpt>
      <trkpt lat="52.55080260336399078369140625" lon="-2.85721468739211559295654296875">
        <ele>497.600006103515625</ele>
        <time>2026-05-24T13:19:20.000Z</time>
        <extensions>
          <ns3:TrackPointExtension>
            <ns3:hr>139</ns3:hr>
            <ns3:cad>52</ns3:cad>
          </ns3:TrackPointExtension>
        </extensions>
      </trkpt>
      <trkpt lat="52.55078340880572795867919921875" lon="-2.85722608678042888641357421875">
        <ele>498</ele>
        <time>2026-05-24T13:19:22.000Z</time>
        <extensions>
          <ns3:TrackPointExtension>
            <ns3:hr>139</ns3:hr>
            <ns3:cad>52</ns3:cad>
          </ns3:TrackPointExtension>
        </extensions>
      </trkpt>
      <trkpt lat="52.550772763788700103759765625" lon="-2.857234217226505279541015625">
        <ele>498.20001220703125</ele>
        <time>2026-05-24T13:19:23.000Z</time>
        <extensions>
          <ns3:TrackPointExtension>
            <ns3:hr>140</ns3:hr>
            <ns3:cad>52</ns3:cad>
          </ns3:TrackPointExtension>
        </extensions>
      </trkpt>
      <trkpt lat="52.55071735940873622894287109375" lon="-2.857275791466236114501953125">
        <ele>498.600006103515625</ele>
        <time>2026-05-24T13:19:29.000Z</time>
        <extensions>
          <ns3:TrackPointExtension>
            <ns3:hr>140</ns3:hr>
            <ns3:cad>50</ns3:cad>
          </ns3:TrackPointExtension>
        </extensions>
      </trkpt>
      <trkpt lat="52.55067695863544940948486328125" lon="-2.85729582421481609344482421875">
        <ele>499</ele>
        <time>2026-05-24T13:19:33.000Z</time>
        <extensions>
          <ns3:TrackPointExtension>
            <ns3:hr>139</ns3:hr>
            <ns3:cad>52</ns3:cad>
          </ns3:TrackPointExtension>
        </extensions>
      </trkpt>
      <trkpt lat="52.550658099353313446044921875" lon="-2.85730697214603424072265625">
        <ele>499.20001220703125</ele>
        <time>2026-05-24T13:19:35.000Z</time>
        <extensions>
          <ns3:TrackPointExtension>
            <ns3:hr>139</ns3:hr>
            <ns3:cad>52</ns3:cad>
          </ns3:TrackPointExtension>
        </extensions>
      </trkpt>
      <trkpt lat="52.55060319788753986358642578125" lon="-2.85733488388359546661376953125">
        <ele>499.600006103515625</ele>
        <time>2026-05-24T13:19:40.000Z</time>
        <extensions>
          <ns3:TrackPointExtension>
            <ns3:hr>140</ns3:hr>
            <ns3:cad>52</ns3:cad>
          </ns3:TrackPointExtension>
        </extensions>
      </trkpt>
      <trkpt lat="52.55056061781942844390869140625" lon="-2.85736422054469585418701171875">
        <ele>500.20001220703125</ele>
        <time>2026-05-24T13:19:45.000Z</time>
        <extensions>
          <ns3:TrackPointExtension>
            <ns3:hr>141</ns3:hr>
            <ns3:cad>52</ns3:cad>
          </ns3:TrackPointExtension>
        </extensions>
      </trkpt>
      <trkpt lat="52.550502531230449676513671875" lon="-2.857401855289936065673828125">
        <ele>501</ele>
        <time>2026-05-24T13:19:51.000Z</time>
        <extensions>
          <ns3:TrackPointExtension>
            <ns3:hr>142</ns3:hr>
            <ns3:cad>52</ns3:cad>
          </ns3:TrackPointExtension>
        </extensions>
      </trkpt>
      <trkpt lat="52.55047864280641078948974609375" lon="-2.8574164398014545440673828125">
        <ele>501.20001220703125</ele>
        <time>2026-05-24T13:19:53.000Z</time>
        <extensions>
          <ns3:TrackPointExtension>
            <ns3:hr>142</ns3:hr>
            <ns3:cad>51</ns3:cad>
          </ns3:TrackPointExtension>
        </extensions>
      </trkpt>
      <trkpt lat="52.55044142715632915496826171875" lon="-2.85743303596973419189453125">
        <ele>501.600006103515625</ele>
        <time>2026-05-24T13:19:57.000Z</time>
        <extensions>
          <ns3:TrackPointExtension>
            <ns3:hr>143</ns3:hr>
            <ns3:cad>51</ns3:cad>
          </ns3:TrackPointExtension>
        </extensions>
      </trkpt>
      <trkpt lat="52.55039650015532970428466796875" lon="-2.85745910368859767913818359375">
        <ele>502.20001220703125</ele>
        <time>2026-05-24T13:20:01.000Z</time>
        <extensions>
          <ns3:TrackPointExtension>
            <ns3:hr>145</ns3:hr>
            <ns3:cad>52</ns3:cad>
          </ns3:TrackPointExtension>
        </extensions>
      </trkpt>
      <trkpt lat="52.55037873052060604095458984375" lon="-2.857468239963054656982421875">
        <ele>502.399993896484375</ele>
        <time>2026-05-24T13:20:03.000Z</time>
        <extensions>
          <ns3:TrackPointExtension>
            <ns3:hr>144</ns3:hr>
            <ns3:cad>52</ns3:cad>
          </ns3:TrackPointExtension>
        </extensions>
      </trkpt>
      <trkpt lat="52.55030111409723758697509765625" lon="-2.85751559771597385406494140625">
        <ele>503.20001220703125</ele>
        <time>2026-05-24T13:20:11.000Z</time>
        <extensions>
          <ns3:TrackPointExtension>
            <ns3:hr>145</ns3:hr>
            <ns3:cad>52</ns3:cad>
          </ns3:TrackPointExtension>
        </extensions>
      </trkpt>
      <trkpt lat="52.5502341426908969879150390625" lon="-2.8575532324612140655517578125">
        <ele>503.79998779296875</ele>
        <time>2026-05-24T13:20:17.000Z</time>
        <extensions>
          <ns3:TrackPointExtension>
            <ns3:hr>146</ns3:hr>
            <ns3:cad>53</ns3:cad>
          </ns3:TrackPointExtension>
        </extensions>
      </trkpt>
      <trkpt lat="52.55019080825150012969970703125" lon="-2.85757225938141345977783203125">
        <ele>504.399993896484375</ele>
        <time>2026-05-24T13:20:21.000Z</time>
        <extensions>
          <ns3:TrackPointExtension>
            <ns3:hr>146</ns3:hr>
            <ns3:cad>53</ns3:cad>
          </ns3:TrackPointExtension>
        </extensions>
      </trkpt>
      <trkpt lat="52.5501756370067596435546875" lon="-2.85758013837039470672607421875">
        <ele>504.600006103515625</ele>
        <time>2026-05-24T13:20:23.000Z</time>
        <extensions>
          <ns3:TrackPointExtension>
            <ns3:hr>145</ns3:hr>
            <ns3:cad>54</ns3:cad>
          </ns3:TrackPointExtension>
        </extensions>
      </trkpt>
      <trkpt lat="52.5501057319343090057373046875" lon="-2.85760528407990932464599609375">
        <ele>505</ele>
        <time>2026-05-24T13:20:29.000Z</time>
        <extensions>
          <ns3:TrackPointExtension>
            <ns3:hr>146</ns3:hr>
            <ns3:cad>53</ns3:cad>
          </ns3:TrackPointExtension>
        </extensions>
      </trkpt>
      <trkpt lat="52.5500763952732086181640625" lon="-2.8576152585446834564208984375">
        <ele>505.399993896484375</ele>
        <time>2026-05-24T13:20:32.000Z</time>
        <extensions>
          <ns3:TrackPointExtension>
            <ns3:hr>146</ns3:hr>
            <ns3:cad>54</ns3:cad>
          </ns3:TrackPointExtension>
        </extensions>
      </trkpt>
      <trkpt lat="52.550041861832141876220703125" lon="-2.85763151943683624267578125">
        <ele>505.600006103515625</ele>
        <time>2026-05-24T13:20:35.000Z</time>
        <extensions>
          <ns3:TrackPointExtension>
            <ns3:hr>146</ns3:hr>
            <ns3:cad>53</ns3:cad>
          </ns3:TrackPointExtension>
        </extensions>
      </trkpt>
      <trkpt lat="52.5499655865132808685302734375" lon="-2.85767183639109134674072265625">
        <ele>506.399993896484375</ele>
        <time>2026-05-24T13:20:42.000Z</time>
        <extensions>
          <ns3:TrackPointExtension>
            <ns3:hr>147</ns3:hr>
            <ns3:cad>52</ns3:cad>
          </ns3:TrackPointExtension>
        </extensions>
      </trkpt>
      <trkpt lat="52.549946308135986328125" lon="-2.85768759436905384063720703125">
        <ele>506.399993896484375</ele>
        <time>2026-05-24T13:20:44.000Z</time>
        <extensions>
          <ns3:TrackPointExtension>
            <ns3:hr>146</ns3:hr>
            <ns3:cad>54</ns3:cad>
          </ns3:TrackPointExtension>
        </extensions>
      </trkpt>
      <trkpt lat="52.54990498535335063934326171875" lon="-2.8577185235917568206787109375">
        <ele>506.600006103515625</ele>
        <time>2026-05-24T13:20:48.000Z</time>
        <extensions>
          <ns3:TrackPointExtension>
            <ns3:hr>146</ns3:hr>
            <ns3:cad>53</ns3:cad>
          </ns3:TrackPointExtension>
        </extensions>
      </trkpt>
      <trkpt lat="52.54987858235836029052734375" lon="-2.8577339462935924530029296875">
        <ele>506.79998779296875</ele>
        <time>2026-05-24T13:20:52.000Z</time>
        <extensions>
          <ns3:TrackPointExtension>
            <ns3:hr>146</ns3:hr>
            <ns3:cad>54</ns3:cad>
          </ns3:TrackPointExtension>
        </extensions>
      </trkpt>
      <trkpt lat="52.54987833090126514434814453125" lon="-2.85773604176938533782958984375">
        <ele>506.79998779296875</ele>
        <time>2026-05-24T13:20:54.000Z</time>
        <extensions>
          <ns3:TrackPointExtension>
            <ns3:hr>145</ns3:hr>
            <ns3:cad>54</ns3:cad>
          </ns3:TrackPointExtension>
        </extensions>
      </trkpt>
      <trkpt lat="52.54987698979675769805908203125" lon="-2.85774442367255687713623046875">
        <ele>506</ele>
        <time>2026-05-24T13:21:04.000Z</time>
        <extensions>
          <ns3:TrackPointExtension>
            <ns3:hr>143</ns3:hr>
            <ns3:cad>0</ns3:cad>
          </ns3:TrackPointExtension>
        </extensions>
      </trkpt>
      <trkpt lat="52.54985846579074859619140625" lon="-2.85775414668023586273193359375">
        <ele>506.20001220703125</ele>
        <time>2026-05-24T13:21:12.000Z</time>
        <extensions>
          <ns3:TrackPointExtension>
            <ns3:hr>142</ns3:hr>
            <ns3:cad>0</ns3:cad>
          </ns3:TrackPointExtension>
        </extensions>
      </trkpt>
      <trkpt lat="52.5498023070394992828369140625" lon="-2.8577839024364948272705078125">
        <ele>507.399993896484375</ele>
        <time>2026-05-24T13:21:17.000Z</time>
        <extensions>
          <ns3:TrackPointExtension>
            <ns3:hr>142</ns3:hr>
            <ns3:cad>50</ns3:cad>
          </ns3:TrackPointExtension>
        </extensions>
      </trkpt>
      <trkpt lat="52.5497625768184661865234375" lon="-2.85779790021479129791259765625">
        <ele>507.600006103515625</ele>
        <time>2026-05-24T13:21:20.000Z</time>
        <extensions>
          <ns3:TrackPointExtension>
            <ns3:hr>142</ns3:hr>
            <ns3:cad>51</ns3:cad>
          </ns3:TrackPointExtension>
        </extensions>
      </trkpt>
      <trkpt lat="52.54970566369593143463134765625" lon="-2.85782572813332080841064453125">
        <ele>508</ele>
        <time>2026-05-24T13:21:25.000Z</time>
        <extensions>
          <ns3:TrackPointExtension>
            <ns3:hr>142</ns3:hr>
            <ns3:cad>56</ns3:cad>
          </ns3:TrackPointExtension>
        </extensions>
      </trkpt>
      <trkpt lat="52.54961974918842315673828125" lon="-2.85790351219475269317626953125">
        <ele>507.600006103515625</ele>
        <time>2026-05-24T13:21:33.000Z</time>
        <extensions>
          <ns3:TrackPointExtension>
            <ns3:hr>140</ns3:hr>
            <ns3:cad>57</ns3:cad>
          </ns3:TrackPointExtension>
        </extensions>
      </trkpt>
      <trkpt lat="52.54958982579410076141357421875" lon="-2.85792178474366664886474609375">
        <ele>507.399993896484375</ele>
        <time>2026-05-24T13:21:40.000Z</time>
        <extensions>
          <ns3:TrackPointExtension>
            <ns3:hr>139</ns3:hr>
            <ns3:cad>0</ns3:cad>
          </ns3:TrackPointExtension>
        </extensions>
      </trkpt>
      <trkpt lat="52.549545653164386749267578125" lon="-2.85794793628156185150146484375">
        <ele>507.399993896484375</ele>
        <time>2026-05-24T13:21:47.000Z</time>
        <extensions>
          <ns3:TrackPointExtension>
            <ns3:hr>137</ns3:hr>
            <ns3:cad>0</ns3:cad>
          </ns3:TrackPointExtension>
        </extensions>
      </trkpt>
      <trkpt lat="52.5495065934956073760986328125" lon="-2.85797576420009136199951171875">
        <ele>508.79998779296875</ele>
        <time>2026-05-24T13:21:52.000Z</time>
        <extensions>
          <ns3:TrackPointExtension>
            <ns3:hr>136</ns3:hr>
            <ns3:cad>0</ns3:cad>
          </ns3:TrackPointExtension>
        </extensions>
      </trkpt>
      <trkpt lat="52.54949511028826236724853515625" lon="-2.8579847328364849090576171875">
        <ele>508.79998779296875</ele>
        <time>2026-05-24T13:21:53.000Z</time>
        <extensions>
          <ns3:TrackPointExtension>
            <ns3:hr>137</ns3:hr>
            <ns3:cad>0</ns3:cad>
          </ns3:TrackPointExtension>
        </extensions>
      </trkpt>
      <trkpt lat="52.54946845583617687225341796875" lon="-2.85800124518573284149169921875">
        <ele>507.79998779296875</ele>
        <time>2026-05-24T13:21:58.000Z</time>
        <extensions>
          <ns3:TrackPointExtension>
            <ns3:hr>136</ns3:hr>
            <ns3:cad>0</ns3:cad>
          </ns3:TrackPointExtension>
        </extensions>
      </trkpt>
      <trkpt lat="52.54944163374602794647216796875" lon="-2.85801884718239307403564453125">
        <ele>509</ele>
        <time>2026-05-24T13:22:03.000Z</time>
        <extensions>
          <ns3:TrackPointExtension>
            <ns3:hr>137</ns3:hr>
            <ns3:cad>0</ns3:cad>
          </ns3:TrackPointExtension>
        </extensions>
      </trkpt>
      <trkpt lat="52.54943341948091983795166015625" lon="-2.8580182604491710662841796875">
        <ele>508.600006103515625</ele>
        <time>2026-05-24T13:22:09.000Z</time>
        <extensions>
          <ns3:TrackPointExtension>
            <ns3:hr>136</ns3:hr>
            <ns3:cad>0</ns3:cad>
          </ns3:TrackPointExtension>
        </extensions>
      </trkpt>
      <trkpt lat="52.549434006214141845703125" lon="-2.858019433915615081787109375">
        <ele>508.399993896484375</ele>
        <time>2026-05-24T13:22:20.000Z</time>
        <extensions>
          <ns3:TrackPointExtension>
            <ns3:hr>136</ns3:hr>
            <ns3:cad>0</ns3:cad>
          </ns3:TrackPointExtension>
        </extensions>
      </trkpt>
      <trkpt lat="52.54943660460412502288818359375" lon="-2.8580253012478351593017578125">
        <ele>508.600006103515625</ele>
        <time>2026-05-24T13:22:37.000Z</time>
        <extensions>
          <ns3:TrackPointExtension>
            <ns3:hr>136</ns3:hr>
            <ns3:cad>0</ns3:cad>
          </ns3:TrackPointExtension>
        </extensions>
      </trkpt>
      <trkpt lat="52.549437023699283599853515625" lon="-2.85802622325718402862548828125">
        <ele>508.600006103515625</ele>
        <time>2026-05-24T13:22:41.000Z</time>
        <extensions>
          <ns3:TrackPointExtension>
            <ns3:hr>139</ns3:hr>
            <ns3:cad>0</ns3:cad>
          </ns3:TrackPointExtension>
        </extensions>
      </trkpt>
      <trkpt lat="52.5494210980832576751708984375" lon="-2.85803762264549732208251953125">
        <ele>508.600006103515625</ele>
        <time>2026-05-24T13:22:53.000Z</time>
        <extensions>
          <ns3:TrackPointExtension>
            <ns3:hr>138</ns3:hr>
            <ns3:cad>0</ns3:cad>
          </ns3:TrackPointExtension>
        </extensions>
      </trkpt>
      <trkpt lat="52.5493577308952808380126953125" lon="-2.858068384230136871337890625">
        <ele>508.79998779296875</ele>
        <time>2026-05-24T13:22:59.000Z</time>
        <extensions>
          <ns3:TrackPointExtension>
            <ns3:hr>135</ns3:hr>
            <ns3:cad>52</ns3:cad>
          </ns3:TrackPointExtension>
        </extensions>
      </trkpt>
      <trkpt lat="52.54934423603117465972900390625" lon="-2.85807483829557895660400390625">
        <ele>508.79998779296875</ele>
        <time>2026-05-24T13:23:01.000Z</time>
        <extensions>
          <ns3:TrackPointExtension>
            <ns3:hr>134</ns3:hr>
            <ns3:cad>52</ns3:cad>
          </ns3:TrackPointExtension>
        </extensions>
      </trkpt>
      <trkpt lat="52.54932914860546588897705078125" lon="-2.8580786101520061492919921875">
        <ele>508.79998779296875</ele>
        <time>2026-05-24T13:23:05.000Z</time>
        <extensions>
          <ns3:TrackPointExtension>
            <ns3:hr>131</ns3:hr>
            <ns3:cad>0</ns3:cad>
          </ns3:TrackPointExtension>
        </extensions>
      </trkpt>
      <trkpt lat="52.54932847805321216583251953125" lon="-2.8580782748758792877197265625">
        <ele>508.399993896484375</ele>
        <time>2026-05-24T13:23:09.000Z</time>
        <extensions>
          <ns3:TrackPointExtension>
            <ns3:hr>129</ns3:hr>
            <ns3:cad>0</ns3:cad>
          </ns3:TrackPointExtension>
        </extensions>
      </trkpt>
      <trkpt lat="52.549325712025165557861328125" lon="-2.8580801188945770263671875">
        <ele>508.600006103515625</ele>
        <time>2026-05-24T13:23:16.000Z</time>
        <extensions>
          <ns3:TrackPointExtension>
            <ns3:hr>131</ns3:hr>
            <ns3:cad>0</ns3:cad>
          </ns3:TrackPointExtension>
        </extensions>
      </trkpt>
      <trkpt lat="52.5493119657039642333984375" lon="-2.8580993972718715667724609375">
        <ele>508.600006103515625</ele>
        <time>2026-05-24T13:23:25.000Z</time>
        <extensions>
          <ns3:TrackPointExtension>
            <ns3:hr>131</ns3:hr>
            <ns3:cad>0</ns3:cad>
          </ns3:TrackPointExtension>
        </extensions>
      </trkpt>
      <trkpt lat="52.5492475926876068115234375" lon="-2.85814776085317134857177734375">
        <ele>509.399993896484375</ele>
        <time>2026-05-24T13:23:31.000Z</time>
        <extensions>
          <ns3:TrackPointExtension>
            <ns3:hr>132</ns3:hr>
            <ns3:cad>55</ns3:cad>
          </ns3:TrackPointExtension>
        </extensions>
      </trkpt>
      <trkpt lat="52.54916989244520664215087890625" lon="-2.8582184202969074249267578125">
        <ele>509.600006103515625</ele>
        <time>2026-05-24T13:23:39.000Z</time>
        <extensions>
          <ns3:TrackPointExtension>
            <ns3:hr>133</ns3:hr>
            <ns3:cad>58</ns3:cad>
          </ns3:TrackPointExtension>
        </extensions>
      </trkpt>
      <trkpt lat="52.549131251871585845947265625" lon="-2.8582489304244518280029296875">
        <ele>509.600006103515625</ele>
        <time>2026-05-24T13:23:44.000Z</time>
        <extensions>
          <ns3:TrackPointExtension>
            <ns3:hr>130</ns3:hr>
            <ns3:cad>0</ns3:cad>
          </ns3:TrackPointExtension>
        </extensions>
      </trkpt>
      <trkpt lat="52.549129240214824676513671875" lon="-2.8582526184618473052978515625">
        <ele>509</ele>
        <time>2026-05-24T13:23:47.000Z</time>
        <extensions>
          <ns3:TrackPointExtension>
            <ns3:hr>127</ns3:hr>
            <ns3:cad>0</ns3:cad>
          </ns3:TrackPointExtension>
        </extensions>
      </trkpt>
      <trkpt lat="52.549127228558063507080078125" lon="-2.858251444995403289794921875">
        <ele>509</ele>
        <time>2026-05-24T13:23:58.000Z</time>
        <extensions>
          <ns3:TrackPointExtension>
            <ns3:hr>127</ns3:hr>
            <ns3:cad>0</ns3:cad>
          </ns3:TrackPointExtension>
        </extensions>
      </trkpt>
      <trkpt lat="52.54912580363452434539794921875" lon="-2.85824976861476898193359375">
        <ele>509</ele>
        <time>2026-05-24T13:24:04.000Z</time>
        <extensions>
          <ns3:TrackPointExtension>
            <ns3:hr>130</ns3:hr>
            <ns3:cad>0</ns3:cad>
          </ns3:TrackPointExtension>
        </extensions>
      </trkpt>
      <trkpt lat="52.54912463016808032989501953125" lon="-2.85824817605316638946533203125">
        <ele>509</ele>
        <time>2026-05-24T13:24:11.000Z</time>
        <extensions>
          <ns3:TrackPointExtension>
            <ns3:hr>132</ns3:hr>
            <ns3:cad>0</ns3:cad>
          </ns3:TrackPointExtension>
        </extensions>
      </trkpt>
      <trkpt lat="52.5490947067737579345703125" lon="-2.85827030427753925323486328125">
        <ele>509</ele>
        <time>2026-05-24T13:24:21.000Z</time>
        <extensions>
          <ns3:TrackPointExtension>
            <ns3:hr>135</ns3:hr>
            <ns3:cad>0</ns3:cad>
          </ns3:TrackPointExtension>
        </extensions>
      </trkpt>
      <trkpt lat="52.54906159825623035430908203125" lon="-2.8582884930074214935302734375">
        <ele>509.79998779296875</ele>
        <time>2026-05-24T13:24:24.000Z</time>
        <extensions>
          <ns3:TrackPointExtension>
            <ns3:hr>135</ns3:hr>
            <ns3:cad>53</ns3:cad>
          </ns3:TrackPointExtension>
        </extensions>
      </trkpt>
      <trkpt lat="52.549038045108318328857421875" lon="-2.85830265842378139495849609375">
        <ele>510</ele>
        <time>2026-05-24T13:24:26.000Z</time>
        <extensions>
          <ns3:TrackPointExtension>
            <ns3:hr>136</ns3:hr>
            <ns3:cad>55</ns3:cad>
          </ns3:TrackPointExtension>
        </extensions>
      </trkpt>
      <trkpt lat="52.5489795394241809844970703125" lon="-2.858342640101909637451171875">
        <ele>508.600006103515625</ele>
        <time>2026-05-24T13:24:31.000Z</time>
        <extensions>
          <ns3:TrackPointExtension>
            <ns3:hr>135</ns3:hr>
            <ns3:cad>57</ns3:cad>
          </ns3:TrackPointExtension>
        </extensions>
      </trkpt>
      <trkpt lat="52.5489364564418792724609375" lon="-2.8583689592778682708740234375">
        <ele>508.600006103515625</ele>
        <time>2026-05-24T13:24:35.000Z</time>
        <extensions>
          <ns3:TrackPointExtension>
            <ns3:hr>132</ns3:hr>
            <ns3:cad>0</ns3:cad>
          </ns3:TrackPointExtension>
        </extensions>
      </trkpt>
      <trkpt lat="52.54891206510365009307861328125" lon="-2.85837910138070583343505859375">
        <ele>509.399993896484375</ele>
        <time>2026-05-24T13:24:37.000Z</time>
        <extensions>
          <ns3:TrackPointExtension>
            <ns3:hr>129</ns3:hr>
            <ns3:cad>0</ns3:cad>
          </ns3:TrackPointExtension>
        </extensions>
      </trkpt>
      <trkpt lat="52.54890217445790767669677734375" lon="-2.85838329233229160308837890625">
        <ele>509.399993896484375</ele>
        <time>2026-05-24T13:24:38.000Z</time>
        <extensions>
          <ns3:TrackPointExtension>
            <ns3:hr>128</ns3:hr>
            <ns3:cad>0</ns3:cad>
          </ns3:TrackPointExtension>
        </extensions>
      </trkpt>
      <trkpt lat="52.54887870512902736663818359375" lon="-2.85839653573930263519287109375">
        <ele>509.20001220703125</ele>
        <time>2026-05-24T13:24:40.000Z</time>
        <extensions>
          <ns3:TrackPointExtension>
            <ns3:hr>129</ns3:hr>
            <ns3:cad>60</ns3:cad>
          </ns3:TrackPointExtension>
        </extensions>
      </trkpt>
      <trkpt lat="52.54878046922385692596435546875" lon="-2.85845940001308917999267578125">
        <ele>508.79998779296875</ele>
        <time>2026-05-24T13:24:48.000Z</time>
        <extensions>
          <ns3:TrackPointExtension>
            <ns3:hr>130</ns3:hr>
            <ns3:cad>60</ns3:cad>
          </ns3:TrackPointExtension>
        </extensions>
      </trkpt>
      <trkpt lat="52.54869681783020496368408203125" lon="-2.858512289822101593017578125">
        <ele>509</ele>
        <time>2026-05-24T13:24:55.000Z</time>
        <extensions>
          <ns3:TrackPointExtension>
            <ns3:hr>130</ns3:hr>
            <ns3:cad>59</ns3:cad>
          </ns3:TrackPointExtension>
        </extensions>
      </trkpt>
      <trkpt lat="52.54861056804656982421875" lon="-2.85861563868820667266845703125">
        <ele>507.79998779296875</ele>
        <time>2026-05-24T13:25:03.000Z</time>
        <extensions>
          <ns3:TrackPointExtension>
            <ns3:hr>129</ns3:hr>
            <ns3:cad>60</ns3:cad>
          </ns3:TrackPointExtension>
        </extensions>
      </trkpt>
      <trkpt lat="52.54860143177211284637451171875" lon="-2.85863374359905719757080078125">
        <ele>507.20001220703125</ele>
        <time>2026-05-24T13:25:04.000Z</time>
        <extensions>
          <ns3:TrackPointExtension>
            <ns3:hr>129</ns3:hr>
            <ns3:cad>60</ns3:cad>
          </ns3:TrackPointExtension>
        </extensions>
      </trkpt>
      <trkpt lat="52.54855114035308361053466796875" lon="-2.8587059117853641510009765625">
        <ele>506.79998779296875</ele>
        <time>2026-05-24T13:25:09.000Z</time>
        <extensions>
          <ns3:TrackPointExtension>
            <ns3:hr>127</ns3:hr>
            <ns3:cad>57</ns3:cad>
          </ns3:TrackPointExtension>
        </extensions>
      </trkpt>
      <trkpt lat="52.5484642200171947479248046875" lon="-2.8588230907917022705078125">
        <ele>507</ele>
        <time>2026-05-24T13:25:18.000Z</time>
        <extensions>
          <ns3:TrackPointExtension>
            <ns3:hr>127</ns3:hr>
            <ns3:cad>60</ns3:cad>
          </ns3:TrackPointExtension>
        </extensions>
      </trkpt>
      <trkpt lat="52.5484511442482471466064453125" lon="-2.85884521901607513427734375">
        <ele>506</ele>
        <time>2026-05-24T13:25:21.000Z</time>
        <extensions>
          <ns3:TrackPointExtension>
            <ns3:hr>127</ns3:hr>
            <ns3:cad>60</ns3:cad>
          </ns3:TrackPointExtension>
        </extensions>
      </trkpt>
      <trkpt lat="52.5484484620392322540283203125" lon="-2.858850918710231781005859375">
        <ele>505</ele>
        <time>2026-05-24T13:25:24.000Z</time>
        <extensions>
          <ns3:TrackPointExtension>
            <ns3:hr>127</ns3:hr>
            <ns3:cad>0</ns3:cad>
          </ns3:TrackPointExtension>
        </extensions>
      </trkpt>
      <trkpt lat="52.54844787530601024627685546875" lon="-2.85885200835764408111572265625">
        <ele>505</ele>
        <time>2026-05-24T13:25:25.000Z</time>
        <extensions>
          <ns3:TrackPointExtension>
            <ns3:hr>127</ns3:hr>
            <ns3:cad>0</ns3:cad>
          </ns3:TrackPointExtension>
        </extensions>
      </trkpt>
      <trkpt lat="52.54841275513172149658203125" lon="-2.85889492370188236236572265625">
        <ele>505</ele>
        <time>2026-05-24T13:25:32.000Z</time>
        <extensions>
          <ns3:TrackPointExtension>
            <ns3:hr>125</ns3:hr>
            <ns3:cad>55</ns3:cad>
          </ns3:TrackPointExtension>
        </extensions>
      </trkpt>
      <trkpt lat="52.54833874292671680450439453125" lon="-2.8589590452611446380615234375">
        <ele>505.79998779296875</ele>
        <time>2026-05-24T13:25:41.000Z</time>
        <extensions>
          <ns3:TrackPointExtension>
            <ns3:hr>125</ns3:hr>
            <ns3:cad>56</ns3:cad>
          </ns3:TrackPointExtension>
        </extensions>
      </trkpt>
      <trkpt lat="52.5483177043497562408447265625" lon="-2.8589724563062191009521484375">
        <ele>505.399993896484375</ele>
        <time>2026-05-24T13:25:55.000Z</time>
        <extensions>
          <ns3:TrackPointExtension>
            <ns3:hr>127</ns3:hr>
            <ns3:cad>0</ns3:cad>
          </ns3:TrackPointExtension>
        </extensions>
      </trkpt>
      <trkpt lat="52.54826699383556842803955078125" lon="-2.859025262296199798583984375">
        <ele>506</ele>
        <time>2026-05-24T13:26:00.000Z</time>
        <extensions>
          <ns3:TrackPointExtension>
            <ns3:hr>126</ns3:hr>
            <ns3:cad>58</ns3:cad>
          </ns3:TrackPointExtension>
        </extensions>
      </trkpt>
      <trkpt lat="52.54824888892471790313720703125" lon="-2.85905200056731700897216796875">
        <ele>506.20001220703125</ele>
        <time>2026-05-24T13:26:02.000Z</time>
        <extensions>
          <ns3:TrackPointExtension>
            <ns3:hr>127</ns3:hr>
            <ns3:cad>58</ns3:cad>
          </ns3:TrackPointExtension>
        </extensions>
      </trkpt>
      <trkpt lat="52.54819541238248348236083984375" lon="-2.85912282764911651611328125">
        <ele>505.79998779296875</ele>
        <time>2026-05-24T13:26:08.000Z</time>
        <extensions>
          <ns3:TrackPointExtension>
            <ns3:hr>122</ns3:hr>
            <ns3:cad>58</ns3:cad>
          </ns3:TrackPointExtension>
        </extensions>
      </trkpt>
      <trkpt lat="52.5481773912906646728515625" lon="-2.8591464646160602569580078125">
        <ele>505.79998779296875</ele>
        <time>2026-05-24T13:26:10.000Z</time>
        <extensions>
          <ns3:TrackPointExtension>
            <ns3:hr>120</ns3:hr>
            <ns3:cad>57</ns3:cad>
          </ns3:TrackPointExtension>
        </extensions>
      </trkpt>
      <trkpt lat="52.54809767939150333404541015625" lon="-2.8592369891703128814697265625">
        <ele>505.399993896484375</ele>
        <time>2026-05-24T13:26:18.000Z</time>
        <extensions>
          <ns3:TrackPointExtension>
            <ns3:hr>123</ns3:hr>
            <ns3:cad>57</ns3:cad>
          </ns3:TrackPointExtension>
        </extensions>
      </trkpt>
      <trkpt lat="52.54808711819350719451904296875" lon="-2.8592473827302455902099609375">
        <ele>505.600006103515625</ele>
        <time>2026-05-24T13:26:19.000Z</time>
        <extensions>
          <ns3:TrackPointExtension>
            <ns3:hr>123</ns3:hr>
            <ns3:cad>57</ns3:cad>
          </ns3:TrackPointExtension>
        </extensions>
      </trkpt>
      <trkpt lat="52.5480028800666332244873046875" lon="-2.85931686870753765106201171875">
        <ele>505.399993896484375</ele>
        <time>2026-05-24T13:26:27.000Z</time>
        <extensions>
          <ns3:TrackPointExtension>
            <ns3:hr>121</ns3:hr>
            <ns3:cad>58</ns3:cad>
          </ns3:TrackPointExtension>
        </extensions>
      </trkpt>
      <trkpt lat="52.5479116849601268768310546875" lon="-2.8594160266220569610595703125">
        <ele>505.600006103515625</ele>
        <time>2026-05-24T13:26:36.000Z</time>
        <extensions>
          <ns3:TrackPointExtension>
            <ns3:hr>123</ns3:hr>
            <ns3:cad>58</ns3:cad>
          </ns3:TrackPointExtension>
        </extensions>
      </trkpt>
      <trkpt lat="52.5478214956820011138916015625" lon="-2.85953278653323650360107421875">
        <ele>505.600006103515625</ele>
        <time>2026-05-24T13:26:45.000Z</time>
        <extensions>
          <ns3:TrackPointExtension>
            <ns3:hr>123</ns3:hr>
            <ns3:cad>58</ns3:cad>
          </ns3:TrackPointExtension>
        </extensions>
      </trkpt>
      <trkpt lat="52.54778117872774600982666015625" lon="-2.85959078930318355560302734375">
        <ele>505.399993896484375</ele>
        <time>2026-05-24T13:26:49.000Z</time>
        <extensions>
          <ns3:TrackPointExtension>
            <ns3:hr>119</ns3:hr>
            <ns3:cad>58</ns3:cad>
          </ns3:TrackPointExtension>
        </extensions>
      </trkpt>
      <trkpt lat="52.54776039160788059234619140625" lon="-2.85962029360234737396240234375">
        <ele>505.399993896484375</ele>
        <time>2026-05-24T13:26:51.000Z</time>
        <extensions>
          <ns3:TrackPointExtension>
            <ns3:hr>116</ns3:hr>
            <ns3:cad>59</ns3:cad>
          </ns3:TrackPointExtension>
        </extensions>
      </trkpt>
      <trkpt lat="52.54774027504026889801025390625" lon="-2.8596463613212108612060546875">
        <ele>505.399993896484375</ele>
        <time>2026-05-24T13:26:53.000Z</time>
        <extensions>
          <ns3:TrackPointExtension>
            <ns3:hr>112</ns3:hr>
            <ns3:cad>59</ns3:cad>
          </ns3:TrackPointExtension>
        </extensions>
      </trkpt>
      <trkpt lat="52.54772988148033618927001953125" lon="-2.85965926945209503173828125">
        <ele>505.399993896484375</ele>
        <time>2026-05-24T13:26:54.000Z</time>
        <extensions>
          <ns3:TrackPointExtension>
            <ns3:hr>111</ns3:hr>
            <ns3:cad>59</ns3:cad>
          </ns3:TrackPointExtension>
        </extensions>
      </trkpt>
      <trkpt lat="52.5477078370749950408935546875" lon="-2.8596862591803073883056640625">
        <ele>505.399993896484375</ele>
        <time>2026-05-24T13:26:56.000Z</time>
        <extensions>
          <ns3:TrackPointExtension>
            <ns3:hr>107</ns3:hr>
            <ns3:cad>60</ns3:cad>
          </ns3:TrackPointExtension>
        </extensions>
      </trkpt>
      <trkpt lat="52.54767657257616519927978515625" lon="-2.85972238518297672271728515625">
        <ele>505</ele>
        <time>2026-05-24T13:26:59.000Z</time>
        <extensions>
          <ns3:TrackPointExtension>
            <ns3:hr>107</ns3:hr>
            <ns3:cad>59</ns3:cad>
          </ns3:TrackPointExtension>
        </extensions>
      </trkpt>
      <trkpt lat="52.547644637525081634521484375" lon="-2.85976027138531208038330078125">
        <ele>505</ele>
        <time>2026-05-24T13:27:02.000Z</time>
        <extensions>
          <ns3:TrackPointExtension>
            <ns3:hr>107</ns3:hr>
            <ns3:cad>60</ns3:cad>
          </ns3:TrackPointExtension>
        </extensions>
      </trkpt>
      <trkpt lat="52.54754640161991119384765625" lon="-2.8598676435649394989013671875">
        <ele>505</ele>
        <time>2026-05-24T13:27:11.000Z</time>
        <extensions>
          <ns3:TrackPointExtension>
            <ns3:hr>106</ns3:hr>
            <ns3:cad>60</ns3:cad>
          </ns3:TrackPointExtension>
        </extensions>
      </trkpt>
      <trkpt lat="52.547451518476009368896484375" lon="-2.85999010317027568817138671875">
        <ele>505.20001220703125</ele>
        <time>2026-05-24T13:27:21.000Z</time>
        <extensions>
          <ns3:TrackPointExtension>
            <ns3:hr>105</ns3:hr>
            <ns3:cad>57</ns3:cad>
          </ns3:TrackPointExtension>
        </extensions>
      </trkpt>
      <trkpt lat="52.54736074246466159820556640625" lon="-2.8601070307195186614990234375">
        <ele>505.20001220703125</ele>
        <time>2026-05-24T13:27:30.000Z</time>
        <extensions>
          <ns3:TrackPointExtension>
            <ns3:hr>105</ns3:hr>
            <ns3:cad>59</ns3:cad>
          </ns3:TrackPointExtension>
        </extensions>
      </trkpt>
      <trkpt lat="52.5472914241254329681396484375" lon="-2.860195375978946685791015625">
        <ele>505.20001220703125</ele>
        <time>2026-05-24T13:27:37.000Z</time>
        <extensions>
          <ns3:TrackPointExtension>
            <ns3:hr>102</ns3:hr>
            <ns3:cad>59</ns3:cad>
          </ns3:TrackPointExtension>
        </extensions>
      </trkpt>
      <trkpt lat="52.54726879298686981201171875" lon="-2.86022244952619075775146484375">
        <ele>505.20001220703125</ele>
        <time>2026-05-24T13:27:39.000Z</time>
        <extensions>
          <ns3:TrackPointExtension>
            <ns3:hr>101</ns3:hr>
            <ns3:cad>59</ns3:cad>
          </ns3:TrackPointExtension>
        </extensions>
      </trkpt>
      <trkpt lat="52.5471734069287776947021484375" lon="-2.86032588221132755279541015625">
        <ele>504.79998779296875</ele>
        <time>2026-05-24T13:27:48.000Z</time>
        <extensions>
          <ns3:TrackPointExtension>
            <ns3:hr>101</ns3:hr>
            <ns3:cad>60</ns3:cad>
          </ns3:TrackPointExtension>
        </extensions>
      </trkpt>
      <trkpt lat="52.5470788590610027313232421875" lon="-2.860406935214996337890625">
        <ele>504.600006103515625</ele>
        <time>2026-05-24T13:27:56.000Z</time>
        <extensions>
          <ns3:TrackPointExtension>
            <ns3:hr>102</ns3:hr>
            <ns3:cad>59</ns3:cad>
          </ns3:TrackPointExtension>
        </extensions>
      </trkpt>
      <trkpt lat="52.54705614410340785980224609375" lon="-2.86042529158294200897216796875">
        <ele>504.600006103515625</ele>
        <time>2026-05-24T13:27:58.000Z</time>
        <extensions>
          <ns3:TrackPointExtension>
            <ns3:hr>97</ns3:hr>
            <ns3:cad>59</ns3:cad>
          </ns3:TrackPointExtension>
        </extensions>
      </trkpt>
      <trkpt lat="52.54701037891209125518798828125" lon="-2.860451526939868927001953125">
        <ele>504.600006103515625</ele>
        <time>2026-05-24T13:28:02.000Z</time>
        <extensions>
          <ns3:TrackPointExtension>
            <ns3:hr>96</ns3:hr>
            <ns3:cad>58</ns3:cad>
          </ns3:TrackPointExtension>
        </extensions>
      </trkpt>
      <trkpt lat="52.5469447486102581024169921875" lon="-2.860510535538196563720703125">
        <ele>505.399993896484375</ele>
        <time>2026-05-24T13:28:08.000Z</time>
        <extensions>
          <ns3:TrackPointExtension>
            <ns3:hr>95</ns3:hr>
            <ns3:cad>58</ns3:cad>
          </ns3:TrackPointExtension>
        </extensions>
      </trkpt>
      <trkpt lat="52.54686201922595500946044921875" lon="-2.86060047335922718048095703125">
        <ele>505</ele>
        <time>2026-05-24T13:28:16.000Z</time>
        <extensions>
          <ns3:TrackPointExtension>
            <ns3:hr>94</ns3:hr>
            <ns3:cad>59</ns3:cad>
          </ns3:TrackPointExtension>
        </extensions>
      </trkpt>
      <trkpt lat="52.54676210694015026092529296875" lon="-2.86069083027541637420654296875">
        <ele>504.79998779296875</ele>
        <time>2026-05-24T13:28:25.000Z</time>
        <extensions>
          <ns3:TrackPointExtension>
            <ns3:hr>95</ns3:hr>
            <ns3:cad>59</ns3:cad>
          </ns3:TrackPointExtension>
        </extensions>
      </trkpt>
      <trkpt lat="52.54667946137487888336181640625" lon="-2.8607440553605556488037109375">
        <ele>505</ele>
        <time>2026-05-24T13:28:32.000Z</time>
        <extensions>
          <ns3:TrackPointExtension>
            <ns3:hr>93</ns3:hr>
            <ns3:cad>20</ns3:cad>
          </ns3:TrackPointExtension>
        </extensions>
      </trkpt>
      <trkpt lat="52.5466056168079376220703125" lon="-2.86081840284168720245361328125">
        <ele>505</ele>
        <time>2026-05-24T13:28:39.000Z</time>
        <extensions>
          <ns3:TrackPointExtension>
            <ns3:hr>92</ns3:hr>
            <ns3:cad>59</ns3:cad>
          </ns3:TrackPointExtension>
        </extensions>
      </trkpt>
      <trkpt lat="52.54652372561395168304443359375" lon="-2.86089048720896244049072265625">
        <ele>505.20001220703125</ele>
        <time>2026-05-24T13:28:47.000Z</time>
        <extensions>
          <ns3:TrackPointExtension>
            <ns3:hr>95</ns3:hr>
            <ns3:cad>58</ns3:cad>
          </ns3:TrackPointExtension>
        </extensions>
      </trkpt>
      <trkpt lat="52.5464847497642040252685546875" lon="-2.86090188659727573394775390625">
        <ele>504.600006103515625</ele>
        <time>2026-05-24T13:28:53.000Z</time>
        <extensions>
          <ns3:TrackPointExtension>
            <ns3:hr>94</ns3:hr>
            <ns3:cad>56</ns3:cad>
          </ns3:TrackPointExtension>
        </extensions>
      </trkpt>
      <trkpt lat="52.54647444002330303192138671875" lon="-2.8609435446560382843017578125">
        <ele>504.600006103515625</ele>
        <time>2026-05-24T13:29:04.000Z</time>
        <extensions>
          <ns3:TrackPointExtension>
            <ns3:hr>97</ns3:hr>
            <ns3:cad>0</ns3:cad>
          </ns3:TrackPointExtension>
        </extensions>
      </trkpt>
      <trkpt lat="52.5464686565101146697998046875" lon="-2.860954441130161285400390625">
        <ele>504.600006103515625</ele>
        <time>2026-05-24T13:29:05.000Z</time>
        <extensions>
          <ns3:TrackPointExtension>
            <ns3:hr>111</ns3:hr>
            <ns3:cad>0</ns3:cad>
          </ns3:TrackPointExtension>
        </extensions>
      </trkpt>
      <trkpt lat="52.54646136425435543060302734375" lon="-2.86096709780395030975341796875">
        <ele>504.79998779296875</ele>
        <time>2026-05-24T13:29:06.000Z</time>
        <extensions>
          <ns3:TrackPointExtension>
            <ns3:hr>124</ns3:hr>
            <ns3:cad>0</ns3:cad>
          </ns3:TrackPointExtension>
        </extensions>
      </trkpt>
      <trkpt lat="52.546447031199932098388671875" lon="-2.86098696291446685791015625">
        <ele>505.399993896484375</ele>
        <time>2026-05-24T13:29:08.000Z</time>
        <extensions>
          <ns3:TrackPointExtension>
            <ns3:hr>127</ns3:hr>
            <ns3:cad>0</ns3:cad>
          </ns3:TrackPointExtension>
        </extensions>
      </trkpt>
      <trkpt lat="52.54642632789909839630126953125" lon="-2.86100707948207855224609375">
        <ele>505.600006103515625</ele>
        <time>2026-05-24T13:29:10.000Z</time>
        <extensions>
          <ns3:TrackPointExtension>
            <ns3:hr>128</ns3:hr>
            <ns3:cad>55</ns3:cad>
          </ns3:TrackPointExtension>
        </extensions>
      </trkpt>
      <trkpt lat="52.546381317079067230224609375" lon="-2.86105242557823657989501953125">
        <ele>506.20001220703125</ele>
        <time>2026-05-24T13:29:14.000Z</time>
        <extensions>
          <ns3:TrackPointExtension>
            <ns3:hr>128</ns3:hr>
            <ns3:cad>55</ns3:cad>
          </ns3:TrackPointExtension>
        </extensions>
      </trkpt>
      <trkpt lat="52.54635105840861797332763671875" lon="-2.8610826842486858367919921875">
        <ele>506</ele>
        <time>2026-05-24T13:29:17.000Z</time>
        <extensions>
          <ns3:TrackPointExtension>
            <ns3:hr>129</ns3:hr>
            <ns3:cad>55</ns3:cad>
          </ns3:TrackPointExtension>
        </extensions>
      </trkpt>
      <trkpt lat="52.54629355855286121368408203125" lon="-2.86115267314016819000244140625">
        <ele>506.600006103515625</ele>
        <time>2026-05-24T13:29:23.000Z</time>
        <extensions>
          <ns3:TrackPointExtension>
            <ns3:hr>127</ns3:hr>
            <ns3:cad>57</ns3:cad>
          </ns3:TrackPointExtension>
        </extensions>
      </trkpt>
      <trkpt lat="52.54626640118658542633056640625" lon="-2.86118620075285434722900390625">
        <ele>507.20001220703125</ele>
        <time>2026-05-24T13:29:26.000Z</time>
        <extensions>
          <ns3:TrackPointExtension>
            <ns3:hr>126</ns3:hr>
            <ns3:cad>57</ns3:cad>
          </ns3:TrackPointExtension>
        </extensions>
      </trkpt>
      <trkpt lat="52.546215690672397613525390625" lon="-2.86124621517956256866455078125">
        <ele>507.20001220703125</ele>
        <time>2026-05-24T13:29:31.000Z</time>
        <extensions>
          <ns3:TrackPointExtension>
            <ns3:hr>129</ns3:hr>
            <ns3:cad>56</ns3:cad>
          </ns3:TrackPointExtension>
        </extensions>
      </trkpt>
      <trkpt lat="52.54615106619894504547119140625" lon="-2.8613535873591899871826171875">
        <ele>507.399993896484375</ele>
        <time>2026-05-24T13:29:39.000Z</time>
        <extensions>
          <ns3:TrackPointExtension>
            <ns3:hr>130</ns3:hr>
            <ns3:cad>55</ns3:cad>
          </ns3:TrackPointExtension>
        </extensions>
      </trkpt>
      <trkpt lat="52.54608116112649440765380859375" lon="-2.8614551760256290435791015625">
        <ele>507.399993896484375</ele>
        <time>2026-05-24T13:29:46.000Z</time>
        <extensions>
          <ns3:TrackPointExtension>
            <ns3:hr>131</ns3:hr>
            <ns3:cad>56</ns3:cad>
          </ns3:TrackPointExtension>
        </extensions>
      </trkpt>
      <trkpt lat="52.5460284389555454254150390625" lon="-2.8615436889231204986572265625">
        <ele>508.20001220703125</ele>
        <time>2026-05-24T13:29:53.000Z</time>
        <extensions>
          <ns3:TrackPointExtension>
            <ns3:hr>131</ns3:hr>
            <ns3:cad>59</ns3:cad>
          </ns3:TrackPointExtension>
        </extensions>
      </trkpt>
      <trkpt lat="52.54599549807608127593994140625" lon="-2.861600182950496673583984375">
        <ele>508.20001220703125</ele>
        <time>2026-05-24T13:29:57.000Z</time>
        <extensions>
          <ns3:TrackPointExtension>
            <ns3:hr>131</ns3:hr>
            <ns3:cad>56</ns3:cad>
          </ns3:TrackPointExtension>
        </extensions>
      </trkpt>
      <trkpt lat="52.54596683196723461151123046875" lon="-2.8616436012089252471923828125">
        <ele>508.399993896484375</ele>
        <time>2026-05-24T13:30:00.000Z</time>
        <extensions>
          <ns3:TrackPointExtension>
            <ns3:hr>132</ns3:hr>
            <ns3:cad>56</ns3:cad>
          </ns3:TrackPointExtension>
        </extensions>
      </trkpt>
      <trkpt lat="52.54591670818626880645751953125" lon="-2.8617254085838794708251953125">
        <ele>508.399993896484375</ele>
        <time>2026-05-24T13:30:06.000Z</time>
        <extensions>
          <ns3:TrackPointExtension>
            <ns3:hr>135</ns3:hr>
            <ns3:cad>58</ns3:cad>
          </ns3:TrackPointExtension>
        </extensions>
      </trkpt>
      <trkpt lat="52.54589659161865711212158203125" lon="-2.86176773719489574432373046875">
        <ele>509.399993896484375</ele>
        <time>2026-05-24T13:30:09.000Z</time>
        <extensions>
          <ns3:TrackPointExtension>
            <ns3:hr>135</ns3:hr>
            <ns3:cad>55</ns3:cad>
          </ns3:TrackPointExtension>
        </extensions>
      </trkpt>
      <trkpt lat="52.54585568793118000030517578125" lon="-2.86183982156217098236083984375">
        <ele>510</ele>
        <time>2026-05-24T13:30:14.000Z</time>
        <extensions>
          <ns3:TrackPointExtension>
            <ns3:hr>136</ns3:hr>
            <ns3:cad>54</ns3:cad>
          </ns3:TrackPointExtension>
        </extensions>
      </trkpt>
      <trkpt lat="52.5458105094730854034423828125" lon="-2.86192439496517181396484375">
        <ele>510.20001220703125</ele>
        <time>2026-05-24T13:30:20.000Z</time>
        <extensions>
          <ns3:TrackPointExtension>
            <ns3:hr>137</ns3:hr>
            <ns3:cad>56</ns3:cad>
          </ns3:TrackPointExtension>
        </extensions>
      </trkpt>
      <trkpt lat="52.5457488186657428741455078125" lon="-2.8620243072509765625">
        <ele>510.399993896484375</ele>
        <time>2026-05-24T13:30:27.000Z</time>
        <extensions>
          <ns3:TrackPointExtension>
            <ns3:hr>136</ns3:hr>
            <ns3:cad>54</ns3:cad>
          </ns3:TrackPointExtension>
        </extensions>
      </trkpt>
      <trkpt lat="52.545732893049716949462890625" lon="-2.86205020733177661895751953125">
        <ele>510.600006103515625</ele>
        <time>2026-05-24T13:30:29.000Z</time>
        <extensions>
          <ns3:TrackPointExtension>
            <ns3:hr>137</ns3:hr>
            <ns3:cad>55</ns3:cad>
          </ns3:TrackPointExtension>
        </extensions>
      </trkpt>
      <trkpt lat="52.54566843621432781219482421875" lon="-2.86217442713677883148193359375">
        <ele>511.20001220703125</ele>
        <time>2026-05-24T13:30:37.000Z</time>
        <extensions>
          <ns3:TrackPointExtension>
            <ns3:hr>137</ns3:hr>
            <ns3:cad>56</ns3:cad>
          </ns3:TrackPointExtension>
        </extensions>
      </trkpt>
      <trkpt lat="52.54565418697893619537353515625" lon="-2.86219571717083454132080078125">
        <ele>511.600006103515625</ele>
        <time>2026-05-24T13:30:39.000Z</time>
        <extensions>
          <ns3:TrackPointExtension>
            <ns3:hr>136</ns3:hr>
            <ns3:cad>56</ns3:cad>
          </ns3:TrackPointExtension>
        </extensions>
      </trkpt>
      <trkpt lat="52.54562149755656719207763671875" lon="-2.86226562224328517913818359375">
        <ele>512.4000244140625</ele>
        <time>2026-05-24T13:30:44.000Z</time>
        <extensions>
          <ns3:TrackPointExtension>
            <ns3:hr>138</ns3:hr>
            <ns3:cad>53</ns3:cad>
          </ns3:TrackPointExtension>
        </extensions>
      </trkpt>
      <trkpt lat="52.54560423083603382110595703125" lon="-2.86229479126632213592529296875">
        <ele>512.79998779296875</ele>
        <time>2026-05-24T13:30:46.000Z</time>
        <extensions>
          <ns3:TrackPointExtension>
            <ns3:hr>138</ns3:hr>
            <ns3:cad>106</ns3:cad>
          </ns3:TrackPointExtension>
        </extensions>
      </trkpt>
      <trkpt lat="52.545586712658405303955078125" lon="-2.86232077516615390777587890625">
        <ele>513</ele>
        <time>2026-05-24T13:30:48.000Z</time>
        <extensions>
          <ns3:TrackPointExtension>
            <ns3:hr>139</ns3:hr>
            <ns3:cad>53</ns3:cad>
          </ns3:TrackPointExtension>
        </extensions>
      </trkpt>
      <trkpt lat="52.54553466103971004486083984375" lon="-2.8624110482633113861083984375">
        <ele>513.79998779296875</ele>
        <time>2026-05-24T13:30:55.000Z</time>
        <extensions>
          <ns3:TrackPointExtension>
            <ns3:hr>141</ns3:hr>
            <ns3:cad>54</ns3:cad>
          </ns3:TrackPointExtension>
        </extensions>
      </trkpt>
      <trkpt lat="52.5455268658697605133056640625" lon="-2.86242471076548099517822265625">
        <ele>514</ele>
        <time>2026-05-24T13:30:56.000Z</time>
        <extensions>
          <ns3:TrackPointExtension>
            <ns3:hr>141</ns3:hr>
            <ns3:cad>54</ns3:cad>
          </ns3:TrackPointExtension>
        </extensions>
      </trkpt>
      <trkpt lat="52.545484788715839385986328125" lon="-2.86250031553208827972412109375">
        <ele>514.4000244140625</ele>
        <time>2026-05-24T13:31:02.000Z</time>
        <extensions>
          <ns3:TrackPointExtension>
            <ns3:hr>142</ns3:hr>
            <ns3:cad>54</ns3:cad>
          </ns3:TrackPointExtension>
        </extensions>
      </trkpt>
      <trkpt lat="52.54542469047009944915771484375" lon="-2.86260223947465419769287109375">
        <ele>514.79998779296875</ele>
        <time>2026-05-24T13:31:09.000Z</time>
        <extensions>
          <ns3:TrackPointExtension>
            <ns3:hr>142</ns3:hr>
            <ns3:cad>55</ns3:cad>
          </ns3:TrackPointExtension>
        </extensions>
      </trkpt>
      <trkpt lat="52.54540407098829746246337890625" lon="-2.8626376949250698089599609375">
        <ele>515.20001220703125</ele>
        <time>2026-05-24T13:31:12.000Z</time>
        <extensions>
          <ns3:TrackPointExtension>
            <ns3:hr>142</ns3:hr>
            <ns3:cad>53</ns3:cad>
          </ns3:TrackPointExtension>
        </extensions>
      </trkpt>
      <trkpt lat="52.54536551423370838165283203125" lon="-2.86270894110202789306640625">
        <ele>515.4000244140625</ele>
        <time>2026-05-24T13:31:17.000Z</time>
        <extensions>
          <ns3:TrackPointExtension>
            <ns3:hr>144</ns3:hr>
            <ns3:cad>54</ns3:cad>
          </ns3:TrackPointExtension>
        </extensions>
      </trkpt>
      <trkpt lat="52.54529443569481372833251953125" lon="-2.8628277964890003204345703125">
        <ele>515.79998779296875</ele>
        <time>2026-05-24T13:31:25.000Z</time>
        <extensions>
          <ns3:TrackPointExtension>
            <ns3:hr>144</ns3:hr>
            <ns3:cad>57</ns3:cad>
          </ns3:TrackPointExtension>
        </extensions>
      </trkpt>
      <trkpt lat="52.54525017924606800079345703125" lon="-2.8629203327000141143798828125">
        <ele>516.20001220703125</ele>
        <time>2026-05-24T13:31:31.000Z</time>
        <extensions>
          <ns3:TrackPointExtension>
            <ns3:hr>144</ns3:hr>
            <ns3:cad>56</ns3:cad>
          </ns3:TrackPointExtension>
        </extensions>
      </trkpt>
      <trkpt lat="52.545225955545902252197265625" lon="-2.86296903155744075775146484375">
        <ele>516.20001220703125</ele>
        <time>2026-05-24T13:31:34.000Z</time>
        <extensions>
          <ns3:TrackPointExtension>
            <ns3:hr>144</ns3:hr>
            <ns3:cad>55</ns3:cad>
          </ns3:TrackPointExtension>
        </extensions>
      </trkpt>
      <trkpt lat="52.5451513566076755523681640625" lon="-2.86310590803623199462890625">
        <ele>516.5999755859375</ele>
        <time>2026-05-24T13:31:43.000Z</time>
        <extensions>
          <ns3:TrackPointExtension>
            <ns3:hr>143</ns3:hr>
            <ns3:cad>57</ns3:cad>
          </ns3:TrackPointExtension>
        </extensions>
      </trkpt>
      <trkpt lat="52.54508413374423980712890625" lon="-2.86323389969766139984130859375">
        <ele>517</ele>
        <time>2026-05-24T13:31:51.000Z</time>
        <extensions>
          <ns3:TrackPointExtension>
            <ns3:hr>140</ns3:hr>
            <ns3:cad>57</ns3:cad>
          </ns3:TrackPointExtension>
        </extensions>
      </trkpt>
      <trkpt lat="52.5450759194791316986083984375" lon="-2.8632512502372264862060546875">
        <ele>517</ele>
        <time>2026-05-24T13:31:52.000Z</time>
        <extensions>
          <ns3:TrackPointExtension>
            <ns3:hr>141</ns3:hr>
            <ns3:cad>57</ns3:cad>
          </ns3:TrackPointExtension>
        </extensions>
      </trkpt>
      <trkpt lat="52.545023448765277862548828125" lon="-2.86336566321551799774169921875">
        <ele>517</ele>
        <time>2026-05-24T13:32:00.000Z</time>
        <extensions>
          <ns3:TrackPointExtension>
            <ns3:hr>141</ns3:hr>
            <ns3:cad>57</ns3:cad>
          </ns3:TrackPointExtension>
        </extensions>
      </trkpt>
      <trkpt lat="52.54501464776694774627685546875" lon="-2.86337924189865589141845703125">
        <ele>517.20001220703125</ele>
        <time>2026-05-24T13:32:01.000Z</time>
        <extensions>
          <ns3:TrackPointExtension>
            <ns3:hr>142</ns3:hr>
            <ns3:cad>57</ns3:cad>
          </ns3:TrackPointExtension>
        </extensions>
      </trkpt>
      <trkpt lat="52.54496184177696704864501953125" lon="-2.86345618776977062225341796875">
        <ele>517.5999755859375</ele>
        <time>2026-05-24T13:32:07.000Z</time>
        <extensions>
          <ns3:TrackPointExtension>
            <ns3:hr>141</ns3:hr>
            <ns3:cad>55</ns3:cad>
          </ns3:TrackPointExtension>
        </extensions>
      </trkpt>
      <trkpt lat="52.54489839076995849609375" lon="-2.8635358996689319610595703125">
        <ele>518.20001220703125</ele>
        <time>2026-05-24T13:32:14.000Z</time>
        <extensions>
          <ns3:TrackPointExtension>
            <ns3:hr>140</ns3:hr>
            <ns3:cad>54</ns3:cad>
          </ns3:TrackPointExtension>
        </extensions>
      </trkpt>
      <trkpt lat="52.544887997210025787353515625" lon="-2.8635472990572452545166015625">
        <ele>518.4000244140625</ele>
        <time>2026-05-24T13:32:15.000Z</time>
        <extensions>
          <ns3:TrackPointExtension>
            <ns3:hr>140</ns3:hr>
            <ns3:cad>54</ns3:cad>
          </ns3:TrackPointExtension>
        </extensions>
      </trkpt>
      <trkpt lat="52.5448224507272243499755859375" lon="-2.8636188805103302001953125">
        <ele>519</ele>
        <time>2026-05-24T13:32:22.000Z</time>
        <extensions>
          <ns3:TrackPointExtension>
            <ns3:hr>140</ns3:hr>
            <ns3:cad>53</ns3:cad>
          </ns3:TrackPointExtension>
        </extensions>
      </trkpt>
      <trkpt lat="52.54476503469049930572509765625" lon="-2.8636716865003108978271484375">
        <ele>518.79998779296875</ele>
        <time>2026-05-24T13:32:28.000Z</time>
        <extensions>
          <ns3:TrackPointExtension>
            <ns3:hr>138</ns3:hr>
            <ns3:cad>53</ns3:cad>
          </ns3:TrackPointExtension>
        </extensions>
      </trkpt>
      <trkpt lat="52.544704265892505645751953125" lon="-2.863742597401142120361328125">
        <ele>518.4000244140625</ele>
        <time>2026-05-24T13:32:35.000Z</time>
        <extensions>
          <ns3:TrackPointExtension>
            <ns3:hr>138</ns3:hr>
            <ns3:cad>54</ns3:cad>
          </ns3:TrackPointExtension>
        </extensions>
      </trkpt>
      <trkpt lat="52.54469043575227260589599609375" lon="-2.86374963819980621337890625">
        <ele>519.4000244140625</ele>
        <time>2026-05-24T13:32:39.000Z</time>
        <extensions>
          <ns3:TrackPointExtension>
            <ns3:hr>137</ns3:hr>
            <ns3:cad>55</ns3:cad>
          </ns3:TrackPointExtension>
        </extensions>
      </trkpt>
      <trkpt lat="52.5446886755526065826416015625" lon="-2.863748967647552490234375">
        <ele>519.4000244140625</ele>
        <time>2026-05-24T13:32:40.000Z</time>
        <extensions>
          <ns3:TrackPointExtension>
            <ns3:hr>137</ns3:hr>
            <ns3:cad>55</ns3:cad>
          </ns3:TrackPointExtension>
        </extensions>
      </trkpt>
      <trkpt lat="52.5446851551532745361328125" lon="-2.8637474589049816131591796875">
        <ele>519.20001220703125</ele>
        <time>2026-05-24T13:32:42.000Z</time>
        <extensions>
          <ns3:TrackPointExtension>
            <ns3:hr>137</ns3:hr>
            <ns3:cad>0</ns3:cad>
          </ns3:TrackPointExtension>
        </extensions>
      </trkpt>
      <trkpt lat="52.5446812994778156280517578125" lon="-2.863750644028186798095703125">
        <ele>519</ele>
        <time>2026-05-24T13:32:47.000Z</time>
        <extensions>
          <ns3:TrackPointExtension>
            <ns3:hr>138</ns3:hr>
            <ns3:cad>0</ns3:cad>
          </ns3:TrackPointExtension>
        </extensions>
      </trkpt>
      <trkpt lat="52.54469043575227260589599609375" lon="-2.86371334455907344818115234375">
        <ele>519</ele>
        <time>2026-05-24T13:32:55.000Z</time>
        <extensions>
          <ns3:TrackPointExtension>
            <ns3:hr>137</ns3:hr>
            <ns3:cad>0</ns3:cad>
          </ns3:TrackPointExtension>
        </extensions>
      </trkpt>
      <trkpt lat="52.544702254235744476318359375" lon="-2.86369490437209606170654296875">
        <ele>518.79998779296875</ele>
        <time>2026-05-24T13:32:58.000Z</time>
        <extensions>
          <ns3:TrackPointExtension>
            <ns3:hr>136</ns3:hr>
            <ns3:cad>0</ns3:cad>
          </ns3:TrackPointExtension>
        </extensions>
      </trkpt>
      <trkpt lat="52.54474458284676074981689453125" lon="-2.86367612890899181365966796875">
        <ele>518.79998779296875</ele>
        <time>2026-05-24T13:33:02.000Z</time>
        <extensions>
          <ns3:TrackPointExtension>
            <ns3:hr>137</ns3:hr>
            <ns3:cad>51</ns3:cad>
          </ns3:TrackPointExtension>
        </extensions>
      </trkpt>
      <trkpt lat="52.5447892583906650543212890625" lon="-2.86364025436341762542724609375">
        <ele>518.5999755859375</ele>
        <time>2026-05-24T13:33:08.000Z</time>
        <extensions>
          <ns3:TrackPointExtension>
            <ns3:hr>136</ns3:hr>
            <ns3:cad>55</ns3:cad>
          </ns3:TrackPointExtension>
        </extensions>
      </trkpt>
      <trkpt lat="52.54479034803807735443115234375" lon="-2.86363899707794189453125">
        <ele>518.4000244140625</ele>
        <time>2026-05-24T13:33:09.000Z</time>
        <extensions>
          <ns3:TrackPointExtension>
            <ns3:hr>136</ns3:hr>
            <ns3:cad>55</ns3:cad>
          </ns3:TrackPointExtension>
        </extensions>
      </trkpt>
      <trkpt lat="52.54479353316128253936767578125" lon="-2.863633967936038970947265625">
        <ele>518</ele>
        <time>2026-05-24T13:33:13.000Z</time>
        <extensions>
          <ns3:TrackPointExtension>
            <ns3:hr>133</ns3:hr>
            <ns3:cad>0</ns3:cad>
          </ns3:TrackPointExtension>
        </extensions>
      </trkpt>
      <trkpt lat="52.5447952933609485626220703125" lon="-2.8636331297457218170166015625">
        <ele>518.5999755859375</ele>
        <time>2026-05-24T13:33:16.000Z</time>
        <extensions>
          <ns3:TrackPointExtension>
            <ns3:hr>131</ns3:hr>
            <ns3:cad>0</ns3:cad>
          </ns3:TrackPointExtension>
        </extensions>
      </trkpt>
      <trkpt lat="52.54479713737964630126953125" lon="-2.863631956279277801513671875">
        <ele>518.20001220703125</ele>
        <time>2026-05-24T13:33:27.000Z</time>
        <extensions>
          <ns3:TrackPointExtension>
            <ns3:hr>130</ns3:hr>
            <ns3:cad>0</ns3:cad>
          </ns3:TrackPointExtension>
        </extensions>
      </trkpt>
      <trkpt lat="52.5448241271078586578369140625" lon="-2.8636099956929683685302734375">
        <ele>518.4000244140625</ele>
        <time>2026-05-24T13:33:35.000Z</time>
        <extensions>
          <ns3:TrackPointExtension>
            <ns3:hr>130</ns3:hr>
            <ns3:cad>0</ns3:cad>
          </ns3:TrackPointExtension>
        </extensions>
      </trkpt>
      <trkpt lat="52.5448675453662872314453125" lon="-2.8635610453784465789794921875">
        <ele>518.79998779296875</ele>
        <time>2026-05-24T13:33:40.000Z</time>
        <extensions>
          <ns3:TrackPointExtension>
            <ns3:hr>129</ns3:hr>
            <ns3:cad>0</ns3:cad>
          </ns3:TrackPointExtension>
        </extensions>
      </trkpt>
      <trkpt lat="52.54492881707847118377685546875" lon="-2.863478399813175201416015625">
        <ele>518.20001220703125</ele>
        <time>2026-05-24T13:33:47.000Z</time>
        <extensions>
          <ns3:TrackPointExtension>
            <ns3:hr>129</ns3:hr>
            <ns3:cad>58</ns3:cad>
          </ns3:TrackPointExtension>
        </extensions>
      </trkpt>
      <trkpt lat="52.544963769614696502685546875" lon="-2.8634257614612579345703125">
        <ele>517.4000244140625</ele>
        <time>2026-05-24T13:33:51.000Z</time>
        <extensions>
          <ns3:TrackPointExtension>
            <ns3:hr>130</ns3:hr>
            <ns3:cad>57</ns3:cad>
          </ns3:TrackPointExtension>
        </extensions>
      </trkpt>
      <trkpt lat="52.54498145543038845062255859375" lon="-2.86339650861918926239013671875">
        <ele>517.4000244140625</ele>
        <time>2026-05-24T13:33:53.000Z</time>
        <extensions>
          <ns3:TrackPointExtension>
            <ns3:hr>132</ns3:hr>
            <ns3:cad>57</ns3:cad>
          </ns3:TrackPointExtension>
        </extensions>
      </trkpt>
      <trkpt lat="52.54504431970417499542236328125" lon="-2.8632867895066738128662109375">
        <ele>516.4000244140625</ele>
        <time>2026-05-24T13:34:00.000Z</time>
        <extensions>
          <ns3:TrackPointExtension>
            <ns3:hr>134</ns3:hr>
            <ns3:cad>59</ns3:cad>
          </ns3:TrackPointExtension>
        </extensions>
      </trkpt>
      <trkpt lat="52.545060329139232635498046875" lon="-2.86326005123555660247802734375">
        <ele>516.20001220703125</ele>
        <time>2026-05-24T13:34:02.000Z</time>
        <extensions>
          <ns3:TrackPointExtension>
            <ns3:hr>134</ns3:hr>
            <ns3:cad>59</ns3:cad>
          </ns3:TrackPointExtension>
        </extensions>
      </trkpt>
      <trkpt lat="52.54510047845542430877685546875" lon="-2.8631774894893169403076171875">
        <ele>517</ele>
        <time>2026-05-24T13:34:07.000Z</time>
        <extensions>
          <ns3:TrackPointExtension>
            <ns3:hr>133</ns3:hr>
            <ns3:cad>62</ns3:cad>
          </ns3:TrackPointExtension>
        </extensions>
      </trkpt>
      <trkpt lat="52.545127384364604949951171875" lon="-2.8631298802793025970458984375">
        <ele>516.5999755859375</ele>
        <time>2026-05-24T13:34:10.000Z</time>
        <extensions>
          <ns3:TrackPointExtension>
            <ns3:hr>129</ns3:hr>
            <ns3:cad>57</ns3:cad>
          </ns3:TrackPointExtension>
        </extensions>
      </trkpt>
      <trkpt lat="52.5451594032347202301025390625" lon="-2.86306726746261119842529296875">
        <ele>516.4000244140625</ele>
        <time>2026-05-24T13:34:14.000Z</time>
        <extensions>
          <ns3:TrackPointExtension>
            <ns3:hr>126</ns3:hr>
            <ns3:cad>59</ns3:cad>
          </ns3:TrackPointExtension>
        </extensions>
      </trkpt>
      <trkpt lat="52.54517457447946071624755859375" lon="-2.8630373440682888031005859375">
        <ele>516.4000244140625</ele>
        <time>2026-05-24T13:34:16.000Z</time>
        <extensions>
          <ns3:TrackPointExtension>
            <ns3:hr>125</ns3:hr>
            <ns3:cad>58</ns3:cad>
          </ns3:TrackPointExtension>
        </extensions>
      </trkpt>
      <trkpt lat="52.54520407877862453460693359375" lon="-2.86298059858381748199462890625">
        <ele>516.20001220703125</ele>
        <time>2026-05-24T13:34:20.000Z</time>
        <extensions>
          <ns3:TrackPointExtension>
            <ns3:hr>122</ns3:hr>
            <ns3:cad>59</ns3:cad>
          </ns3:TrackPointExtension>
        </extensions>
      </trkpt>
      <trkpt lat="52.54523509182035923004150390625" lon="-2.8629220090806484222412109375">
        <ele>516.20001220703125</ele>
        <time>2026-05-24T13:34:24.000Z</time>
        <extensions>
          <ns3:TrackPointExtension>
            <ns3:hr>121</ns3:hr>
            <ns3:cad>58</ns3:cad>
          </ns3:TrackPointExtension>
        </extensions>
      </trkpt>
      <trkpt lat="52.54529711790382862091064453125" lon="-2.86279267631471157073974609375">
        <ele>515.79998779296875</ele>
        <time>2026-05-24T13:34:32.000Z</time>
        <extensions>
          <ns3:TrackPointExtension>
            <ns3:hr>123</ns3:hr>
            <ns3:cad>57</ns3:cad>
          </ns3:TrackPointExtension>
        </extensions>
      </trkpt>
      <trkpt lat="52.54531480371952056884765625" lon="-2.86276468075811862945556640625">
        <ele>515.79998779296875</ele>
        <time>2026-05-24T13:34:34.000Z</time>
        <extensions>
          <ns3:TrackPointExtension>
            <ns3:hr>127</ns3:hr>
            <ns3:cad>57</ns3:cad>
          </ns3:TrackPointExtension>
        </extensions>
      </trkpt>
      <trkpt lat="52.5453548692166805267333984375" lon="-2.8627013973891735076904296875">
        <ele>515.5999755859375</ele>
        <time>2026-05-24T13:34:39.000Z</time>
        <extensions>
          <ns3:TrackPointExtension>
            <ns3:hr>127</ns3:hr>
            <ns3:cad>58</ns3:cad>
          </ns3:TrackPointExtension>
        </extensions>
      </trkpt>
      <trkpt lat="52.5454185716807842254638671875" lon="-2.8625920973718166351318359375">
        <ele>515.20001220703125</ele>
        <time>2026-05-24T13:34:47.000Z</time>
        <extensions>
          <ns3:TrackPointExtension>
            <ns3:hr>126</ns3:hr>
            <ns3:cad>57</ns3:cad>
          </ns3:TrackPointExtension>
        </extensions>
      </trkpt>
      <trkpt lat="52.54544514231383800506591796875" lon="-2.86254993639886379241943359375">
        <ele>515</ele>
        <time>2026-05-24T13:34:50.000Z</time>
        <extensions>
          <ns3:TrackPointExtension>
            <ns3:hr>125</ns3:hr>
            <ns3:cad>57</ns3:cad>
          </ns3:TrackPointExtension>
        </extensions>
      </trkpt>
      <trkpt lat="52.54548721946775913238525390625" lon="-2.86247483454644680023193359375">
        <ele>514.5999755859375</ele>
        <time>2026-05-24T13:34:55.000Z</time>
        <extensions>
          <ns3:TrackPointExtension>
            <ns3:hr>124</ns3:hr>
            <ns3:cad>59</ns3:cad>
          </ns3:TrackPointExtension>
        </extensions>
      </trkpt>
      <trkpt lat="52.54555025137960910797119140625" lon="-2.86236519925296306610107421875">
        <ele>514</ele>
        <time>2026-05-24T13:35:03.000Z</time>
        <extensions>
          <ns3:TrackPointExtension>
            <ns3:hr>124</ns3:hr>
            <ns3:cad>56</ns3:cad>
          </ns3:TrackPointExtension>
        </extensions>
      </trkpt>
      <trkpt lat="52.54555846564471721649169921875" lon="-2.86235153675079345703125">
        <ele>513.79998779296875</ele>
        <time>2026-05-24T13:35:04.000Z</time>
        <extensions>
          <ns3:TrackPointExtension>
            <ns3:hr>124</ns3:hr>
            <ns3:cad>56</ns3:cad>
          </ns3:TrackPointExtension>
        </extensions>
      </trkpt>
      <trkpt lat="52.54561630077660083770751953125" lon="-2.8622444160282611846923828125">
        <ele>513</ele>
        <time>2026-05-24T13:35:12.000Z</time>
        <extensions>
          <ns3:TrackPointExtension>
            <ns3:hr>123</ns3:hr>
            <ns3:cad>57</ns3:cad>
          </ns3:TrackPointExtension>
        </extensions>
      </trkpt>
      <trkpt lat="52.54567530937492847442626953125" lon="-2.8621163405478000640869140625">
        <ele>512</ele>
        <time>2026-05-24T13:35:20.000Z</time>
        <extensions>
          <ns3:TrackPointExtension>
            <ns3:hr>122</ns3:hr>
            <ns3:cad>57</ns3:cad>
          </ns3:TrackPointExtension>
        </extensions>
      </trkpt>
      <trkpt lat="52.5457317195832729339599609375" lon="-2.862028665840625762939453125">
        <ele>511</ele>
        <time>2026-05-24T13:35:27.000Z</time>
        <extensions>
          <ns3:TrackPointExtension>
            <ns3:hr>123</ns3:hr>
            <ns3:cad>57</ns3:cad>
          </ns3:TrackPointExtension>
        </extensions>
      </trkpt>
      <trkpt lat="52.545740269124507904052734375" lon="-2.8620160929858684539794921875">
        <ele>511</ele>
        <time>2026-05-24T13:35:28.000Z</time>
        <extensions>
          <ns3:TrackPointExtension>
            <ns3:hr>123</ns3:hr>
            <ns3:cad>57</ns3:cad>
          </ns3:TrackPointExtension>
        </extensions>
      </trkpt>
      <trkpt lat="52.545774467289447784423828125" lon="-2.86196353845298290252685546875">
        <ele>510.79998779296875</ele>
        <time>2026-05-24T13:35:32.000Z</time>
        <extensions>
          <ns3:TrackPointExtension>
            <ns3:hr>123</ns3:hr>
            <ns3:cad>57</ns3:cad>
          </ns3:TrackPointExtension>
        </extensions>
      </trkpt>
      <trkpt lat="52.54579768516123294830322265625" lon="-2.86192196421325206756591796875">
        <ele>510.600006103515625</ele>
        <time>2026-05-24T13:35:35.000Z</time>
        <extensions>
          <ns3:TrackPointExtension>
            <ns3:hr>119</ns3:hr>
            <ns3:cad>58</ns3:cad>
          </ns3:TrackPointExtension>
        </extensions>
      </trkpt>
      <trkpt lat="52.54580506123602390289306640625" lon="-2.86190821789205074310302734375">
        <ele>510.399993896484375</ele>
        <time>2026-05-24T13:35:36.000Z</time>
        <extensions>
          <ns3:TrackPointExtension>
            <ns3:hr>116</ns3:hr>
            <ns3:cad>58</ns3:cad>
          </ns3:TrackPointExtension>
        </extensions>
      </trkpt>
      <trkpt lat="52.5458121858537197113037109375" lon="-2.8618923760950565338134765625">
        <ele>510.399993896484375</ele>
        <time>2026-05-24T13:35:37.000Z</time>
        <extensions>
          <ns3:TrackPointExtension>
            <ns3:hr>116</ns3:hr>
            <ns3:cad>58</ns3:cad>
          </ns3:TrackPointExtension>
        </extensions>
      </trkpt>
      <trkpt lat="52.54582710564136505126953125" lon="-2.86185868084430694580078125">
        <ele>510.399993896484375</ele>
        <time>2026-05-24T13:35:39.000Z</time>
        <extensions>
          <ns3:TrackPointExtension>
            <ns3:hr>115</ns3:hr>
            <ns3:cad>57</ns3:cad>
          </ns3:TrackPointExtension>
        </extensions>
      </trkpt>
      <trkpt lat="52.54587915726006031036376953125" lon="-2.86175164394080638885498046875">
        <ele>509.79998779296875</ele>
        <time>2026-05-24T13:35:46.000Z</time>
        <extensions>
          <ns3:TrackPointExtension>
            <ns3:hr>114</ns3:hr>
            <ns3:cad>57</ns3:cad>
          </ns3:TrackPointExtension>
        </extensions>
      </trkpt>
      <trkpt lat="52.545896507799625396728515625" lon="-2.86172322928905487060546875">
        <ele>509.600006103515625</ele>
        <time>2026-05-24T13:35:48.000Z</time>
        <extensions>
          <ns3:TrackPointExtension>
            <ns3:hr>115</ns3:hr>
            <ns3:cad>57</ns3:cad>
          </ns3:TrackPointExtension>
        </extensions>
      </trkpt>
      <trkpt lat="52.5459556840360164642333984375" lon="-2.8616358898580074310302734375">
        <ele>509.20001220703125</ele>
        <time>2026-05-24T13:35:55.000Z</time>
        <extensions>
          <ns3:TrackPointExtension>
            <ns3:hr>115</ns3:hr>
            <ns3:cad>57</ns3:cad>
          </ns3:TrackPointExtension>
        </extensions>
      </trkpt>
      <trkpt lat="52.5459996052086353302001953125" lon="-2.86156204529106616973876953125">
        <ele>508.79998779296875</ele>
        <time>2026-05-24T13:36:00.000Z</time>
        <extensions>
          <ns3:TrackPointExtension>
            <ns3:hr>114</ns3:hr>
            <ns3:cad>57</ns3:cad>
          </ns3:TrackPointExtension>
        </extensions>
      </trkpt>
      <trkpt lat="52.54603640176355838775634765625" lon="-2.86149951629340648651123046875">
        <ele>508.79998779296875</ele>
        <time>2026-05-24T13:36:04.000Z</time>
        <extensions>
          <ns3:TrackPointExtension>
            <ns3:hr>114</ns3:hr>
            <ns3:cad>57</ns3:cad>
          </ns3:TrackPointExtension>
        </extensions>
      </trkpt>
      <trkpt lat="52.5461008585989475250244140625" lon="-2.8614055551588535308837890625">
        <ele>508.399993896484375</ele>
        <time>2026-05-24T13:36:11.000Z</time>
        <extensions>
          <ns3:TrackPointExtension>
            <ns3:hr>117</ns3:hr>
            <ns3:cad>57</ns3:cad>
          </ns3:TrackPointExtension>
        </extensions>
      </trkpt>
      <trkpt lat="52.546118795871734619140625" lon="-2.86138124763965606689453125">
        <ele>508.20001220703125</ele>
        <time>2026-05-24T13:36:13.000Z</time>
        <extensions>
          <ns3:TrackPointExtension>
            <ns3:hr>117</ns3:hr>
            <ns3:cad>58</ns3:cad>
          </ns3:TrackPointExtension>
        </extensions>
      </trkpt>
      <trkpt lat="52.54615860991179943084716796875" lon="-2.8613254241645336151123046875">
        <ele>507.79998779296875</ele>
        <time>2026-05-24T13:36:18.000Z</time>
        <extensions>
          <ns3:TrackPointExtension>
            <ns3:hr>118</ns3:hr>
            <ns3:cad>57</ns3:cad>
          </ns3:TrackPointExtension>
        </extensions>
      </trkpt>
      <trkpt lat="52.54618459381163120269775390625" lon="-2.86129139363765716552734375">
        <ele>507.600006103515625</ele>
        <time>2026-05-24T13:36:21.000Z</time>
        <extensions>
          <ns3:TrackPointExtension>
            <ns3:hr>119</ns3:hr>
            <ns3:cad>57</ns3:cad>
          </ns3:TrackPointExtension>
        </extensions>
      </trkpt>
      <trkpt lat="52.54627126269042491912841796875" lon="-2.86117077805101871490478515625">
        <ele>507.20001220703125</ele>
        <time>2026-05-24T13:36:30.000Z</time>
        <extensions>
          <ns3:TrackPointExtension>
            <ns3:hr>119</ns3:hr>
            <ns3:cad>57</ns3:cad>
          </ns3:TrackPointExtension>
        </extensions>
      </trkpt>
      <trkpt lat="52.5463231466710567474365234375" lon="-2.86110841669142246246337890625">
        <ele>506.79998779296875</ele>
        <time>2026-05-24T13:36:35.000Z</time>
        <extensions>
          <ns3:TrackPointExtension>
            <ns3:hr>119</ns3:hr>
            <ns3:cad>58</ns3:cad>
          </ns3:TrackPointExtension>
        </extensions>
      </trkpt>
      <trkpt lat="52.5463630445301532745361328125" lon="-2.86105996929109096527099609375">
        <ele>506.20001220703125</ele>
        <time>2026-05-24T13:36:39.000Z</time>
        <extensions>
          <ns3:TrackPointExtension>
            <ns3:hr>120</ns3:hr>
            <ns3:cad>59</ns3:cad>
          </ns3:TrackPointExtension>
        </extensions>
      </trkpt>
      <trkpt lat="52.54638391546905040740966796875" lon="-2.86104463040828704833984375">
        <ele>505.79998779296875</ele>
        <time>2026-05-24T13:36:41.000Z</time>
        <extensions>
          <ns3:TrackPointExtension>
            <ns3:hr>119</ns3:hr>
            <ns3:cad>59</ns3:cad>
          </ns3:TrackPointExtension>
        </extensions>
      </trkpt>
      <trkpt lat="52.54642364569008350372314453125" lon="-2.8610085882246494293212890625">
        <ele>506</ele>
        <time>2026-05-24T13:36:45.000Z</time>
        <extensions>
          <ns3:TrackPointExtension>
            <ns3:hr>120</ns3:hr>
            <ns3:cad>57</ns3:cad>
          </ns3:TrackPointExtension>
        </extensions>
      </trkpt>
      <trkpt lat="52.54646874032914638519287109375" lon="-2.8609438799321651458740234375">
        <ele>505.79998779296875</ele>
        <time>2026-05-24T13:36:50.000Z</time>
        <extensions>
          <ns3:TrackPointExtension>
            <ns3:hr>120</ns3:hr>
            <ns3:cad>59</ns3:cad>
          </ns3:TrackPointExtension>
        </extensions>
      </trkpt>
      <trkpt lat="52.546472847461700439453125" lon="-2.86088093183934688568115234375">
        <ele>505.399993896484375</ele>
        <time>2026-05-24T13:36:53.000Z</time>
        <extensions>
          <ns3:TrackPointExtension>
            <ns3:hr>119</ns3:hr>
            <ns3:cad>58</ns3:cad>
          </ns3:TrackPointExtension>
        </extensions>
      </trkpt>
      <trkpt lat="52.5464649684727191925048828125" lon="-2.860759980976581573486328125">
        <ele>505.20001220703125</ele>
        <time>2026-05-24T13:36:59.000Z</time>
        <extensions>
          <ns3:TrackPointExtension>
            <ns3:hr>115</ns3:hr>
            <ns3:cad>57</ns3:cad>
          </ns3:TrackPointExtension>
        </extensions>
      </trkpt>
      <trkpt lat="52.54646144807338714599609375" lon="-2.8607393614947795867919921875">
        <ele>505.20001220703125</ele>
        <time>2026-05-24T13:37:00.000Z</time>
        <extensions>
          <ns3:TrackPointExtension>
            <ns3:hr>114</ns3:hr>
            <ns3:cad>57</ns3:cad>
          </ns3:TrackPointExtension>
        </extensions>
      </trkpt>
      <trkpt lat="52.546456754207611083984375" lon="-2.8607195802032947540283203125">
        <ele>505.399993896484375</ele>
        <time>2026-05-24T13:37:01.000Z</time>
        <extensions>
          <ns3:TrackPointExtension>
            <ns3:hr>113</ns3:hr>
            <ns3:cad>57</ns3:cad>
          </ns3:TrackPointExtension>
        </extensions>
      </trkpt>
      <trkpt lat="52.5464404933154582977294921875" lon="-2.86061941646039485931396484375">
        <ele>505.20001220703125</ele>
        <time>2026-05-24T13:37:06.000Z</time>
        <extensions>
          <ns3:TrackPointExtension>
            <ns3:hr>113</ns3:hr>
            <ns3:cad>57</ns3:cad>
          </ns3:TrackPointExtension>
        </extensions>
      </trkpt>
      <trkpt lat="52.54643102176487445831298828125" lon="-2.860498130321502685546875">
        <ele>505.20001220703125</ele>
        <time>2026-05-24T13:37:12.000Z</time>
        <extensions>
          <ns3:TrackPointExtension>
            <ns3:hr>114</ns3:hr>
            <ns3:cad>58</ns3:cad>
          </ns3:TrackPointExtension>
        </extensions>
      </trkpt>
      <trkpt lat="52.54641048610210418701171875" lon="-2.86032236181199550628662109375">
        <ele>504.79998779296875</ele>
        <time>2026-05-24T13:37:20.000Z</time>
        <extensions>
          <ns3:TrackPointExtension>
            <ns3:hr>113</ns3:hr>
            <ns3:cad>58</ns3:cad>
          </ns3:TrackPointExtension>
        </extensions>
      </trkpt>
      <trkpt lat="52.5464046187698841094970703125" lon="-2.86029403097927570343017578125">
        <ele>504.600006103515625</ele>
        <time>2026-05-24T13:37:21.000Z</time>
        <extensions>
          <ns3:TrackPointExtension>
            <ns3:hr>113</ns3:hr>
            <ns3:cad>58</ns3:cad>
          </ns3:TrackPointExtension>
        </extensions>
      </trkpt>
      <trkpt lat="52.546381652355194091796875" lon="-2.86017986945807933807373046875">
        <ele>504</ele>
        <time>2026-05-24T13:37:26.000Z</time>
        <extensions>
          <ns3:TrackPointExtension>
            <ns3:hr>113</ns3:hr>
            <ns3:cad>0</ns3:cad>
          </ns3:TrackPointExtension>
        </extensions>
      </trkpt>
      <trkpt lat="52.546357177197933197021484375" lon="-2.86004458554089069366455078125">
        <ele>504.600006103515625</ele>
        <time>2026-05-24T13:37:30.000Z</time>
        <extensions>
          <ns3:TrackPointExtension>
            <ns3:hr>116</ns3:hr>
            <ns3:cad>79</ns3:cad>
          </ns3:TrackPointExtension>
        </extensions>
      </trkpt>
      <trkpt lat="52.54634938202798366546630859375" lon="-2.86000569351017475128173828125">
        <ele>504.600006103515625</ele>
        <time>2026-05-24T13:37:31.000Z</time>
        <extensions>
          <ns3:TrackPointExtension>
            <ns3:hr>116</ns3:hr>
            <ns3:cad>79</ns3:cad>
          </ns3:TrackPointExtension>
        </extensions>
      </trkpt>
      <trkpt lat="52.54633362405002117156982421875" lon="-2.8599243052303791046142578125">
        <ele>504</ele>
        <time>2026-05-24T13:37:33.000Z</time>
        <extensions>
          <ns3:TrackPointExtension>
            <ns3:hr>119</ns3:hr>
            <ns3:cad>81</ns3:cad>
          </ns3:TrackPointExtension>
        </extensions>
      </trkpt>
      <trkpt lat="52.54631987772881984710693359375" lon="-2.8598435036838054656982421875">
        <ele>503.600006103515625</ele>
        <time>2026-05-24T13:37:35.000Z</time>
        <extensions>
          <ns3:TrackPointExtension>
            <ns3:hr>122</ns3:hr>
            <ns3:cad>81</ns3:cad>
          </ns3:TrackPointExtension>
        </extensions>
      </trkpt>
      <trkpt lat="52.54630713723599910736083984375" lon="-2.8597730956971645355224609375">
        <ele>503.600006103515625</ele>
        <time>2026-05-24T13:37:37.000Z</time>
        <extensions>
          <ns3:TrackPointExtension>
            <ns3:hr>125</ns3:hr>
            <ns3:cad>81</ns3:cad>
          </ns3:TrackPointExtension>
        </extensions>
      </trkpt>
      <trkpt lat="52.54628987051546573638916015625" lon="-2.85968835465610027313232421875">
        <ele>503.79998779296875</ele>
        <time>2026-05-24T13:37:41.000Z</time>
        <extensions>
          <ns3:TrackPointExtension>
            <ns3:hr>128</ns3:hr>
            <ns3:cad>71</ns3:cad>
          </ns3:TrackPointExtension>
        </extensions>
      </trkpt>
      <trkpt lat="52.5462872721254825592041015625" lon="-2.859671674668788909912109375">
        <ele>503.600006103515625</ele>
        <time>2026-05-24T13:37:42.000Z</time>
        <extensions>
          <ns3:TrackPointExtension>
            <ns3:hr>129</ns3:hr>
            <ns3:cad>71</ns3:cad>
          </ns3:TrackPointExtension>
        </extensions>
      </trkpt>
      <trkpt lat="52.54628333263099193572998046875" lon="-2.859635464847087860107421875">
        <ele>503</ele>
        <time>2026-05-24T13:37:44.000Z</time>
        <extensions>
          <ns3:TrackPointExtension>
            <ns3:hr>132</ns3:hr>
            <ns3:cad>67</ns3:cad>
          </ns3:TrackPointExtension>
        </extensions>
      </trkpt>
      <trkpt lat="52.54627863876521587371826171875" lon="-2.85957075655460357666015625">
        <ele>503.399993896484375</ele>
        <time>2026-05-24T13:37:47.000Z</time>
        <extensions>
          <ns3:TrackPointExtension>
            <ns3:hr>132</ns3:hr>
            <ns3:cad>0</ns3:cad>
          </ns3:TrackPointExtension>
        </extensions>
      </trkpt>
      <trkpt lat="52.54626472480595111846923828125" lon="-2.8594210557639598846435546875">
        <ele>503.600006103515625</ele>
        <time>2026-05-24T13:37:54.000Z</time>
        <extensions>
          <ns3:TrackPointExtension>
            <ns3:hr>131</ns3:hr>
            <ns3:cad>59</ns3:cad>
          </ns3:TrackPointExtension>
        </extensions>
      </trkpt>
      <trkpt lat="52.5462601147592067718505859375" lon="-2.8592980094254016876220703125">
        <ele>502.79998779296875</ele>
        <time>2026-05-24T13:38:00.000Z</time>
        <extensions>
          <ns3:TrackPointExtension>
            <ns3:hr>132</ns3:hr>
            <ns3:cad>58</ns3:cad>
          </ns3:TrackPointExtension>
        </extensions>
      </trkpt>
      <trkpt lat="52.54625223577022552490234375" lon="-2.8591719456017017364501953125">
        <ele>502.600006103515625</ele>
        <time>2026-05-24T13:38:06.000Z</time>
        <extensions>
          <ns3:TrackPointExtension>
            <ns3:hr>134</ns3:hr>
            <ns3:cad>59</ns3:cad>
          </ns3:TrackPointExtension>
        </extensions>
      </trkpt>
      <trkpt lat="52.54625064320862293243408203125" lon="-2.85915157757699489593505859375">
        <ele>502.399993896484375</ele>
        <time>2026-05-24T13:38:07.000Z</time>
        <extensions>
          <ns3:TrackPointExtension>
            <ns3:hr>134</ns3:hr>
            <ns3:cad>59</ns3:cad>
          </ns3:TrackPointExtension>
        </extensions>
      </trkpt>
      <trkpt lat="52.54624016582965850830078125" lon="-2.85904026590287685394287109375">
        <ele>501.79998779296875</ele>
        <time>2026-05-24T13:38:12.000Z</time>
        <extensions>
          <ns3:TrackPointExtension>
            <ns3:hr>134</ns3:hr>
            <ns3:cad>60</ns3:cad>
          </ns3:TrackPointExtension>
        </extensions>
      </trkpt>
      <trkpt lat="52.5462353043258190155029296875" lon="-2.858985029160976409912109375">
        <ele>501.399993896484375</ele>
        <time>2026-05-24T13:38:15.000Z</time>
        <extensions>
          <ns3:TrackPointExtension>
            <ns3:hr>134</ns3:hr>
            <ns3:cad>59</ns3:cad>
          </ns3:TrackPointExtension>
        </extensions>
      </trkpt>
      <trkpt lat="52.54622675478458404541015625" lon="-2.85890422761440277099609375">
        <ele>501</ele>
        <time>2026-05-24T13:38:19.000Z</time>
        <extensions>
          <ns3:TrackPointExtension>
            <ns3:hr>135</ns3:hr>
            <ns3:cad>58</ns3:cad>
          </ns3:TrackPointExtension>
        </extensions>
      </trkpt>
      <trkpt lat="52.54620202817022800445556640625" lon="-2.85877992399036884307861328125">
        <ele>500.399993896484375</ele>
        <time>2026-05-24T13:38:25.000Z</time>
        <extensions>
          <ns3:TrackPointExtension>
            <ns3:hr>133</ns3:hr>
            <ns3:cad>59</ns3:cad>
          </ns3:TrackPointExtension>
        </extensions>
      </trkpt>
      <trkpt lat="52.5461970828473567962646484375" lon="-2.8587602265179157257080078125">
        <ele>500.20001220703125</ele>
        <time>2026-05-24T13:38:26.000Z</time>
        <extensions>
          <ns3:TrackPointExtension>
            <ns3:hr>133</ns3:hr>
            <ns3:cad>59</ns3:cad>
          </ns3:TrackPointExtension>
        </extensions>
      </trkpt>
      <trkpt lat="52.54615928046405315399169921875" lon="-2.858603484928607940673828125">
        <ele>499.20001220703125</ele>
        <time>2026-05-24T13:38:34.000Z</time>
        <extensions>
          <ns3:TrackPointExtension>
            <ns3:hr>132</ns3:hr>
            <ns3:cad>60</ns3:cad>
          </ns3:TrackPointExtension>
        </extensions>
      </trkpt>
      <trkpt lat="52.54615433514118194580078125" lon="-2.8585862182080745697021484375">
        <ele>499.20001220703125</ele>
        <time>2026-05-24T13:38:35.000Z</time>
        <extensions>
          <ns3:TrackPointExtension>
            <ns3:hr>131</ns3:hr>
            <ns3:cad>60</ns3:cad>
          </ns3:TrackPointExtension>
        </extensions>
      </trkpt>
      <trkpt lat="52.5461367331445217132568359375" lon="-2.85849250853061676025390625">
        <ele>498.20001220703125</ele>
        <time>2026-05-24T13:38:40.000Z</time>
        <extensions>
          <ns3:TrackPointExtension>
            <ns3:hr>130</ns3:hr>
            <ns3:cad>61</ns3:cad>
          </ns3:TrackPointExtension>
        </extensions>
      </trkpt>
      <trkpt lat="52.54612508229911327362060546875" lon="-2.85840927623212337493896484375">
        <ele>497.79998779296875</ele>
        <time>2026-05-24T13:38:44.000Z</time>
        <extensions>
          <ns3:TrackPointExtension>
            <ns3:hr>130</ns3:hr>
            <ns3:cad>62</ns3:cad>
          </ns3:TrackPointExtension>
        </extensions>
      </trkpt>
      <trkpt lat="52.54611183889210224151611328125" lon="-2.85833668895065784454345703125">
        <ele>497.20001220703125</ele>
        <time>2026-05-24T13:38:48.000Z</time>
        <extensions>
          <ns3:TrackPointExtension>
            <ns3:hr>129</ns3:hr>
            <ns3:cad>59</ns3:cad>
          </ns3:TrackPointExtension>
        </extensions>
      </trkpt>
      <trkpt lat="52.54609591327607631683349609375" lon="-2.8582625091075897216796875">
        <ele>496.600006103515625</ele>
        <time>2026-05-24T13:38:52.000Z</time>
        <extensions>
          <ns3:TrackPointExtension>
            <ns3:hr>129</ns3:hr>
            <ns3:cad>118</ns3:cad>
          </ns3:TrackPointExtension>
        </extensions>
      </trkpt>
      <trkpt lat="52.54606758244335651397705078125" lon="-2.8581708110868930816650390625">
        <ele>496.20001220703125</ele>
        <time>2026-05-24T13:38:57.000Z</time>
        <extensions>
          <ns3:TrackPointExtension>
            <ns3:hr>129</ns3:hr>
            <ns3:cad>58</ns3:cad>
          </ns3:TrackPointExtension>
        </extensions>
      </trkpt>
      <trkpt lat="52.54603908397257328033447265625" lon="-2.85810082219541072845458984375">
        <ele>495.399993896484375</ele>
        <time>2026-05-24T13:39:01.000Z</time>
        <extensions>
          <ns3:TrackPointExtension>
            <ns3:hr>128</ns3:hr>
            <ns3:cad>58</ns3:cad>
          </ns3:TrackPointExtension>
        </extensions>
      </trkpt>
      <trkpt lat="52.5460338033735752105712890625" lon="-2.8580843098461627960205078125">
        <ele>495</ele>
        <time>2026-05-24T13:39:02.000Z</time>
        <extensions>
          <ns3:TrackPointExtension>
            <ns3:hr>128</ns3:hr>
            <ns3:cad>58</ns3:cad>
          </ns3:TrackPointExtension>
        </extensions>
      </trkpt>
      <trkpt lat="52.546011172235012054443359375" lon="-2.85799688659608364105224609375">
        <ele>494</ele>
        <time>2026-05-24T13:39:07.000Z</time>
        <extensions>
          <ns3:TrackPointExtension>
            <ns3:hr>127</ns3:hr>
            <ns3:cad>57</ns3:cad>
          </ns3:TrackPointExtension>
        </extensions>
      </trkpt>
      <trkpt lat="52.5459868647158145904541015625" lon="-2.8578774444758892059326171875">
        <ele>494.20001220703125</ele>
        <time>2026-05-24T13:39:13.000Z</time>
        <extensions>
          <ns3:TrackPointExtension>
            <ns3:hr>126</ns3:hr>
            <ns3:cad>57</ns3:cad>
          </ns3:TrackPointExtension>
        </extensions>
      </trkpt>
      <trkpt lat="52.545973621308803558349609375" lon="-2.8577322699129581451416015625">
        <ele>493</ele>
        <time>2026-05-24T13:39:20.000Z</time>
        <extensions>
          <ns3:TrackPointExtension>
            <ns3:hr>126</ns3:hr>
            <ns3:cad>58</ns3:cad>
          </ns3:TrackPointExtension>
        </extensions>
      </trkpt>
      <trkpt lat="52.54597052000463008880615234375" lon="-2.8576870076358318328857421875">
        <ele>493</ele>
        <time>2026-05-24T13:39:22.000Z</time>
        <extensions>
          <ns3:TrackPointExtension>
            <ns3:hr>127</ns3:hr>
            <ns3:cad>57</ns3:cad>
          </ns3:TrackPointExtension>
        </extensions>
      </trkpt>
      <trkpt lat="52.5459674187004566192626953125" lon="-2.85760595463216304779052734375">
        <ele>492.399993896484375</ele>
        <time>2026-05-24T13:39:26.000Z</time>
        <extensions>
          <ns3:TrackPointExtension>
            <ns3:hr>124</ns3:hr>
            <ns3:cad>57</ns3:cad>
          </ns3:TrackPointExtension>
        </extensions>
      </trkpt>
      <trkpt lat="52.54596800543367862701416015625" lon="-2.85758801735937595367431640625">
        <ele>492.399993896484375</ele>
        <time>2026-05-24T13:39:27.000Z</time>
        <extensions>
          <ns3:TrackPointExtension>
            <ns3:hr>124</ns3:hr>
            <ns3:cad>57</ns3:cad>
          </ns3:TrackPointExtension>
        </extensions>
      </trkpt>
      <trkpt lat="52.545964904129505157470703125" lon="-2.85751559771597385406494140625">
        <ele>491.79998779296875</ele>
        <time>2026-05-24T13:39:31.000Z</time>
        <extensions>
          <ns3:TrackPointExtension>
            <ns3:hr>123</ns3:hr>
            <ns3:cad>59</ns3:cad>
          </ns3:TrackPointExtension>
        </extensions>
      </trkpt>
      <trkpt lat="52.54596331156790256500244140625" lon="-2.8574509732425212860107421875">
        <ele>491.20001220703125</ele>
        <time>2026-05-24T13:39:34.000Z</time>
        <extensions>
          <ns3:TrackPointExtension>
            <ns3:hr>123</ns3:hr>
            <ns3:cad>58</ns3:cad>
          </ns3:TrackPointExtension>
        </extensions>
      </trkpt>
      <trkpt lat="52.54596364684402942657470703125" lon="-2.8574095666408538818359375">
        <ele>490.600006103515625</ele>
        <time>2026-05-24T13:39:36.000Z</time>
        <extensions>
          <ns3:TrackPointExtension>
            <ns3:hr>123</ns3:hr>
            <ns3:cad>58</ns3:cad>
          </ns3:TrackPointExtension>
        </extensions>
      </trkpt>
      <trkpt lat="52.54596733488142490386962890625" lon="-2.85728677175939083099365234375">
        <ele>489.600006103515625</ele>
        <time>2026-05-24T13:39:43.000Z</time>
        <extensions>
          <ns3:TrackPointExtension>
            <ns3:hr>122</ns3:hr>
            <ns3:cad>59</ns3:cad>
          </ns3:TrackPointExtension>
        </extensions>
      </trkpt>
      <trkpt lat="52.54597672261297702789306640625" lon="-2.85719892941415309906005859375">
        <ele>488.79998779296875</ele>
        <time>2026-05-24T13:39:48.000Z</time>
        <extensions>
          <ns3:TrackPointExtension>
            <ns3:hr>122</ns3:hr>
            <ns3:cad>58</ns3:cad>
          </ns3:TrackPointExtension>
        </extensions>
      </trkpt>
      <trkpt lat="52.54598024301230907440185546875" lon="-2.85717931576073169708251953125">
        <ele>488.600006103515625</ele>
        <time>2026-05-24T13:39:49.000Z</time>
        <extensions>
          <ns3:TrackPointExtension>
            <ns3:hr>121</ns3:hr>
            <ns3:cad>58</ns3:cad>
          </ns3:TrackPointExtension>
        </extensions>
      </trkpt>
      <trkpt lat="52.54598275758326053619384765625" lon="-2.85715945065021514892578125">
        <ele>488.399993896484375</ele>
        <time>2026-05-24T13:39:50.000Z</time>
        <extensions>
          <ns3:TrackPointExtension>
            <ns3:hr>121</ns3:hr>
            <ns3:cad>58</ns3:cad>
          </ns3:TrackPointExtension>
        </extensions>
      </trkpt>
      <trkpt lat="52.54598309285938739776611328125" lon="-2.857071273028850555419921875">
        <ele>487.399993896484375</ele>
        <time>2026-05-24T13:39:55.000Z</time>
        <extensions>
          <ns3:TrackPointExtension>
            <ns3:hr>120</ns3:hr>
            <ns3:cad>58</ns3:cad>
          </ns3:TrackPointExtension>
        </extensions>
      </trkpt>
      <trkpt lat="52.5459831766784191131591796875" lon="-2.8570315428078174591064453125">
        <ele>487.20001220703125</ele>
        <time>2026-05-24T13:39:57.000Z</time>
        <extensions>
          <ns3:TrackPointExtension>
            <ns3:hr>121</ns3:hr>
            <ns3:cad>58</ns3:cad>
          </ns3:TrackPointExtension>
        </extensions>
      </trkpt>
      <trkpt lat="52.54599633626639842987060546875" lon="-2.85687019117176532745361328125">
        <ele>486.399993896484375</ele>
        <time>2026-05-24T13:40:05.000Z</time>
        <extensions>
          <ns3:TrackPointExtension>
            <ns3:hr>121</ns3:hr>
            <ns3:cad>59</ns3:cad>
          </ns3:TrackPointExtension>
        </extensions>
      </trkpt>
      <trkpt lat="52.5459975935518741607666015625" lon="-2.85684940405189990997314453125">
        <ele>486.20001220703125</ele>
        <time>2026-05-24T13:40:06.000Z</time>
        <extensions>
          <ns3:TrackPointExtension>
            <ns3:hr>121</ns3:hr>
            <ns3:cad>59</ns3:cad>
          </ns3:TrackPointExtension>
        </extensions>
      </trkpt>
      <trkpt lat="52.54600949585437774658203125" lon="-2.8566905669867992401123046875">
        <ele>485.20001220703125</ele>
        <time>2026-05-24T13:40:14.000Z</time>
        <extensions>
          <ns3:TrackPointExtension>
            <ns3:hr>120</ns3:hr>
            <ns3:cad>58</ns3:cad>
          </ns3:TrackPointExtension>
        </extensions>
      </trkpt>
      <trkpt lat="52.546031959354877471923828125" lon="-2.8565309755504131317138671875">
        <ele>484.399993896484375</ele>
        <time>2026-05-24T13:40:22.000Z</time>
        <extensions>
          <ns3:TrackPointExtension>
            <ns3:hr>118</ns3:hr>
            <ns3:cad>58</ns3:cad>
          </ns3:TrackPointExtension>
        </extensions>
      </trkpt>
      <trkpt lat="52.54603631794452667236328125" lon="-2.8564947657287120819091796875">
        <ele>484</ele>
        <time>2026-05-24T13:40:24.000Z</time>
        <extensions>
          <ns3:TrackPointExtension>
            <ns3:hr>117</ns3:hr>
            <ns3:cad>58</ns3:cad>
          </ns3:TrackPointExtension>
        </extensions>
      </trkpt>
      <trkpt lat="52.54605182446539402008056640625" lon="-2.85638772882521152496337890625">
        <ele>483.399993896484375</ele>
        <time>2026-05-24T13:40:30.000Z</time>
        <extensions>
          <ns3:TrackPointExtension>
            <ns3:hr>114</ns3:hr>
            <ns3:cad>61</ns3:cad>
          </ns3:TrackPointExtension>
        </extensions>
      </trkpt>
      <trkpt lat="52.5460666604340076446533203125" lon="-2.8562681190669536590576171875">
        <ele>483.399993896484375</ele>
        <time>2026-05-24T13:40:37.000Z</time>
        <extensions>
          <ns3:TrackPointExtension>
            <ns3:hr>114</ns3:hr>
            <ns3:cad>59</ns3:cad>
          </ns3:TrackPointExtension>
        </extensions>
      </trkpt>
      <trkpt lat="52.54607244394719600677490234375" lon="-2.85617449320852756500244140625">
        <ele>483</ele>
        <time>2026-05-24T13:40:42.000Z</time>
        <extensions>
          <ns3:TrackPointExtension>
            <ns3:hr>115</ns3:hr>
            <ns3:cad>57</ns3:cad>
          </ns3:TrackPointExtension>
        </extensions>
      </trkpt>
      <trkpt lat="52.54607378505170345306396484375" lon="-2.85615387372672557830810546875">
        <ele>483</ele>
        <time>2026-05-24T13:40:43.000Z</time>
        <extensions>
          <ns3:TrackPointExtension>
            <ns3:hr>117</ns3:hr>
            <ns3:cad>57</ns3:cad>
          </ns3:TrackPointExtension>
        </extensions>
      </trkpt>
      <trkpt lat="52.5460767187178134918212890625" lon="-2.8561195917427539825439453125">
        <ele>483</ele>
        <time>2026-05-24T13:40:45.000Z</time>
        <extensions>
          <ns3:TrackPointExtension>
            <ns3:hr>120</ns3:hr>
            <ns3:cad>57</ns3:cad>
          </ns3:TrackPointExtension>
        </extensions>
      </trkpt>
      <trkpt lat="52.5460854358971118927001953125" lon="-2.85601238720118999481201171875">
        <ele>482.399993896484375</ele>
        <time>2026-05-24T13:40:51.000Z</time>
        <extensions>
          <ns3:TrackPointExtension>
            <ns3:hr>121</ns3:hr>
            <ns3:cad>57</ns3:cad>
          </ns3:TrackPointExtension>
        </extensions>
      </trkpt>
      <trkpt lat="52.54608593881130218505859375" lon="-2.8559539653360843658447265625">
        <ele>482</ele>
        <time>2026-05-24T13:40:54.000Z</time>
        <extensions>
          <ns3:TrackPointExtension>
            <ns3:hr>122</ns3:hr>
            <ns3:cad>57</ns3:cad>
          </ns3:TrackPointExtension>
        </extensions>
      </trkpt>
      <trkpt lat="52.54608183167874813079833984375" lon="-2.8559006564319133758544921875">
        <ele>482.20001220703125</ele>
        <time>2026-05-24T13:40:57.000Z</time>
        <extensions>
          <ns3:TrackPointExtension>
            <ns3:hr>122</ns3:hr>
            <ns3:cad>57</ns3:cad>
          </ns3:TrackPointExtension>
        </extensions>
      </trkpt>
      <trkpt lat="52.54608116112649440765380859375" lon="-2.8557876683771610260009765625">
        <ele>482</ele>
        <time>2026-05-24T13:41:03.000Z</time>
        <extensions>
          <ns3:TrackPointExtension>
            <ns3:hr>121</ns3:hr>
            <ns3:cad>55</ns3:cad>
          </ns3:TrackPointExtension>
        </extensions>
      </trkpt>
      <trkpt lat="52.54609934985637664794921875" lon="-2.85562120378017425537109375">
        <ele>481.600006103515625</ele>
        <time>2026-05-24T13:41:11.000Z</time>
        <extensions>
          <ns3:TrackPointExtension>
            <ns3:hr>121</ns3:hr>
            <ns3:cad>59</ns3:cad>
          </ns3:TrackPointExtension>
        </extensions>
      </trkpt>
      <trkpt lat="52.5461129285395145416259765625" lon="-2.855511568486690521240234375">
        <ele>481</ele>
        <time>2026-05-24T13:41:17.000Z</time>
        <extensions>
          <ns3:TrackPointExtension>
            <ns3:hr>122</ns3:hr>
            <ns3:cad>57</ns3:cad>
          </ns3:TrackPointExtension>
        </extensions>
      </trkpt>
      <trkpt lat="52.54611502401530742645263671875" lon="-2.85549455322325229644775390625">
        <ele>481</ele>
        <time>2026-05-24T13:41:18.000Z</time>
        <extensions>
          <ns3:TrackPointExtension>
            <ns3:hr>122</ns3:hr>
            <ns3:cad>57</ns3:cad>
          </ns3:TrackPointExtension>
        </extensions>
      </trkpt>
      <trkpt lat="52.5461219809949398040771484375" lon="-2.8553933836519718170166015625">
        <ele>480.600006103515625</ele>
        <time>2026-05-24T13:41:23.000Z</time>
        <extensions>
          <ns3:TrackPointExtension>
            <ns3:hr>123</ns3:hr>
            <ns3:cad>57</ns3:cad>
          </ns3:TrackPointExtension>
        </extensions>
      </trkpt>
      <trkpt lat="52.54613245837390422821044921875" lon="-2.85522700287401676177978515625">
        <ele>480.399993896484375</ele>
        <time>2026-05-24T13:41:31.000Z</time>
        <extensions>
          <ns3:TrackPointExtension>
            <ns3:hr>123</ns3:hr>
            <ns3:cad>57</ns3:cad>
          </ns3:TrackPointExtension>
        </extensions>
      </trkpt>
      <trkpt lat="52.54613195545971393585205078125" lon="-2.85520755685865879058837890625">
        <ele>480.20001220703125</ele>
        <time>2026-05-24T13:41:32.000Z</time>
        <extensions>
          <ns3:TrackPointExtension>
            <ns3:hr>123</ns3:hr>
            <ns3:cad>57</ns3:cad>
          </ns3:TrackPointExtension>
        </extensions>
      </trkpt>
      <trkpt lat="52.546132542192935943603515625" lon="-2.855120636522769927978515625">
        <ele>480</ele>
        <time>2026-05-24T13:41:36.000Z</time>
        <extensions>
          <ns3:TrackPointExtension>
            <ns3:hr>124</ns3:hr>
            <ns3:cad>58</ns3:cad>
          </ns3:TrackPointExtension>
        </extensions>
      </trkpt>
      <trkpt lat="52.5461420975625514984130859375" lon="-2.85503380000591278076171875">
        <ele>479.79998779296875</ele>
        <time>2026-05-24T13:41:41.000Z</time>
        <extensions>
          <ns3:TrackPointExtension>
            <ns3:hr>123</ns3:hr>
            <ns3:cad>58</ns3:cad>
          </ns3:TrackPointExtension>
        </extensions>
      </trkpt>
      <trkpt lat="52.5461415946483612060546875" lon="-2.85501946695148944854736328125">
        <ele>479.79998779296875</ele>
        <time>2026-05-24T13:41:42.000Z</time>
        <extensions>
          <ns3:TrackPointExtension>
            <ns3:hr>123</ns3:hr>
            <ns3:cad>58</ns3:cad>
          </ns3:TrackPointExtension>
        </extensions>
      </trkpt>
      <trkpt lat="52.54614000208675861358642578125" lon="-2.85494235344231128692626953125">
        <ele>480.20001220703125</ele>
        <time>2026-05-24T13:41:46.000Z</time>
        <extensions>
          <ns3:TrackPointExtension>
            <ns3:hr>122</ns3:hr>
            <ns3:cad>57</ns3:cad>
          </ns3:TrackPointExtension>
        </extensions>
      </trkpt>
      <trkpt lat="52.54614452831447124481201171875" lon="-2.854816876351833343505859375">
        <ele>480</ele>
        <time>2026-05-24T13:41:52.000Z</time>
        <extensions>
          <ns3:TrackPointExtension>
            <ns3:hr>121</ns3:hr>
            <ns3:cad>56</ns3:cad>
          </ns3:TrackPointExtension>
        </extensions>
      </trkpt>
      <trkpt lat="52.54613899625837802886962890625" lon="-2.8546953387558460235595703125">
        <ele>480</ele>
        <time>2026-05-24T13:41:58.000Z</time>
        <extensions>
          <ns3:TrackPointExtension>
            <ns3:hr>121</ns3:hr>
            <ns3:cad>57</ns3:cad>
          </ns3:TrackPointExtension>
        </extensions>
      </trkpt>
      <trkpt lat="52.546112425625324249267578125" lon="-2.85458897240459918975830078125">
        <ele>479.600006103515625</ele>
        <time>2026-05-24T13:42:04.000Z</time>
        <extensions>
          <ns3:TrackPointExtension>
            <ns3:hr>120</ns3:hr>
            <ns3:cad>58</ns3:cad>
          </ns3:TrackPointExtension>
        </extensions>
      </trkpt>
      <trkpt lat="52.5460840947926044464111328125" lon="-2.85442401655018329620361328125">
        <ele>480</ele>
        <time>2026-05-24T13:42:12.000Z</time>
        <extensions>
          <ns3:TrackPointExtension>
            <ns3:hr>120</ns3:hr>
            <ns3:cad>57</ns3:cad>
          </ns3:TrackPointExtension>
        </extensions>
      </trkpt>
      <trkpt lat="52.5460448674857616424560546875" lon="-2.85430465824902057647705078125">
        <ele>480.399993896484375</ele>
        <time>2026-05-24T13:42:19.000Z</time>
        <extensions>
          <ns3:TrackPointExtension>
            <ns3:hr>118</ns3:hr>
            <ns3:cad>56</ns3:cad>
          </ns3:TrackPointExtension>
        </extensions>
      </trkpt>
      <trkpt lat="52.54601561464369297027587890625" lon="-2.85424229688942432403564453125">
        <ele>481</ele>
        <time>2026-05-24T13:42:23.000Z</time>
        <extensions>
          <ns3:TrackPointExtension>
            <ns3:hr>118</ns3:hr>
            <ns3:cad>57</ns3:cad>
          </ns3:TrackPointExtension>
        </extensions>
      </trkpt>
      <trkpt lat="52.5459882058203220367431640625" lon="-2.85417415201663970947265625">
        <ele>481.20001220703125</ele>
        <time>2026-05-24T13:42:27.000Z</time>
        <extensions>
          <ns3:TrackPointExtension>
            <ns3:hr>121</ns3:hr>
            <ns3:cad>56</ns3:cad>
          </ns3:TrackPointExtension>
        </extensions>
      </trkpt>
      <trkpt lat="52.54597001709043979644775390625" lon="-2.8540970385074615478515625">
        <ele>481.20001220703125</ele>
        <time>2026-05-24T13:42:31.000Z</time>
        <extensions>
          <ns3:TrackPointExtension>
            <ns3:hr>124</ns3:hr>
            <ns3:cad>57</ns3:cad>
          </ns3:TrackPointExtension>
        </extensions>
      </trkpt>
      <trkpt lat="52.54595861770212650299072265625" lon="-2.8540143929421901702880859375">
        <ele>481.20001220703125</ele>
        <time>2026-05-24T13:42:35.000Z</time>
        <extensions>
          <ns3:TrackPointExtension>
            <ns3:hr>127</ns3:hr>
            <ns3:cad>58</ns3:cad>
          </ns3:TrackPointExtension>
        </extensions>
      </trkpt>
      <trkpt lat="52.5459446199238300323486328125" lon="-2.85393753089010715484619140625">
        <ele>481.399993896484375</ele>
        <time>2026-05-24T13:42:39.000Z</time>
        <extensions>
          <ns3:TrackPointExtension>
            <ns3:hr>130</ns3:hr>
            <ns3:cad>58</ns3:cad>
          </ns3:TrackPointExtension>
        </extensions>
      </trkpt>
      <trkpt lat="52.54592760466039180755615234375" lon="-2.85384465940296649932861328125">
        <ele>481.399993896484375</ele>
        <time>2026-05-24T13:42:44.000Z</time>
        <extensions>
          <ns3:TrackPointExtension>
            <ns3:hr>133</ns3:hr>
            <ns3:cad>57</ns3:cad>
          </ns3:TrackPointExtension>
        </extensions>
      </trkpt>
      <trkpt lat="52.54588871262967586517333984375" lon="-2.853720523416996002197265625">
        <ele>481.399993896484375</ele>
        <time>2026-05-24T13:42:51.000Z</time>
        <extensions>
          <ns3:TrackPointExtension>
            <ns3:hr>133</ns3:hr>
            <ns3:cad>57</ns3:cad>
          </ns3:TrackPointExtension>
        </extensions>
      </trkpt>
      <trkpt lat="52.545840851962566375732421875" lon="-2.8536142408847808837890625">
        <ele>481.600006103515625</ele>
        <time>2026-05-24T13:42:58.000Z</time>
        <extensions>
          <ns3:TrackPointExtension>
            <ns3:hr>133</ns3:hr>
            <ns3:cad>56</ns3:cad>
          </ns3:TrackPointExtension>
        </extensions>
      </trkpt>
      <trkpt lat="52.54578243009746074676513671875" lon="-2.853494547307491302490234375">
        <ele>481.399993896484375</ele>
        <time>2026-05-24T13:43:06.000Z</time>
        <extensions>
          <ns3:TrackPointExtension>
            <ns3:hr>132</ns3:hr>
            <ns3:cad>56</ns3:cad>
          </ns3:TrackPointExtension>
        </extensions>
      </trkpt>
      <trkpt lat="52.54574202932417392730712890625" lon="-2.85342539660632610321044921875">
        <ele>481.399993896484375</ele>
        <time>2026-05-24T13:43:11.000Z</time>
        <extensions>
          <ns3:TrackPointExtension>
            <ns3:hr>132</ns3:hr>
            <ns3:cad>55</ns3:cad>
          </ns3:TrackPointExtension>
        </extensions>
      </trkpt>
      <trkpt lat="52.54566692747175693511962890625" lon="-2.853310815989971160888671875">
        <ele>481.399993896484375</ele>
        <time>2026-05-24T13:43:19.000Z</time>
        <extensions>
          <ns3:TrackPointExtension>
            <ns3:hr>132</ns3:hr>
            <ns3:cad>56</ns3:cad>
          </ns3:TrackPointExtension>
        </extensions>
      </trkpt>
      <trkpt lat="52.545608170330524444580078125" lon="-2.85319271497428417205810546875">
        <ele>481.600006103515625</ele>
        <time>2026-05-24T13:43:27.000Z</time>
        <extensions>
          <ns3:TrackPointExtension>
            <ns3:hr>131</ns3:hr>
            <ns3:cad>57</ns3:cad>
          </ns3:TrackPointExtension>
        </extensions>
      </trkpt>
      <trkpt lat="52.545551843941211700439453125" lon="-2.85310906358063220977783203125">
        <ele>481.600006103515625</ele>
        <time>2026-05-24T13:43:33.000Z</time>
        <extensions>
          <ns3:TrackPointExtension>
            <ns3:hr>132</ns3:hr>
            <ns3:cad>57</ns3:cad>
          </ns3:TrackPointExtension>
        </extensions>
      </trkpt>
      <trkpt lat="52.54546634852886199951171875" lon="-2.85297654569149017333984375">
        <ele>481.600006103515625</ele>
        <time>2026-05-24T13:43:42.000Z</time>
        <extensions>
          <ns3:TrackPointExtension>
            <ns3:hr>131</ns3:hr>
            <ns3:cad>57</ns3:cad>
          </ns3:TrackPointExtension>
        </extensions>
      </trkpt>
      <trkpt lat="52.54541194997727870941162109375" lon="-2.8528808243572711944580078125">
        <ele>481.600006103515625</ele>
        <time>2026-05-24T13:43:49.000Z</time>
        <extensions>
          <ns3:TrackPointExtension>
            <ns3:hr>130</ns3:hr>
            <ns3:cad>57</ns3:cad>
          </ns3:TrackPointExtension>
        </extensions>
      </trkpt>
      <trkpt lat="52.5453575514256954193115234375" lon="-2.85274009220302104949951171875">
        <ele>481.600006103515625</ele>
        <time>2026-05-24T13:43:57.000Z</time>
        <extensions>
          <ns3:TrackPointExtension>
            <ns3:hr>129</ns3:hr>
            <ns3:cad>57</ns3:cad>
          </ns3:TrackPointExtension>
        </extensions>
      </trkpt>
      <trkpt lat="52.54532326944172382354736328125" lon="-2.852594666182994842529296875">
        <ele>481.600006103515625</ele>
        <time>2026-05-24T13:44:05.000Z</time>
        <extensions>
          <ns3:TrackPointExtension>
            <ns3:hr>129</ns3:hr>
            <ns3:cad>57</ns3:cad>
          </ns3:TrackPointExtension>
        </extensions>
      </trkpt>
      <trkpt lat="52.54528471268713474273681640625" lon="-2.8524758107960224151611328125">
        <ele>481.79998779296875</ele>
        <time>2026-05-24T13:44:12.000Z</time>
        <extensions>
          <ns3:TrackPointExtension>
            <ns3:hr>128</ns3:hr>
            <ns3:cad>56</ns3:cad>
          </ns3:TrackPointExtension>
        </extensions>
      </trkpt>
      <trkpt lat="52.54528127610683441162109375" lon="-2.8523463942110538482666015625">
        <ele>481.79998779296875</ele>
        <time>2026-05-24T13:44:18.000Z</time>
        <extensions>
          <ns3:TrackPointExtension>
            <ns3:hr>128</ns3:hr>
            <ns3:cad>57</ns3:cad>
          </ns3:TrackPointExtension>
        </extensions>
      </trkpt>
      <trkpt lat="52.54527322947978973388671875" lon="-2.85221370868384838104248046875">
        <ele>482.20001220703125</ele>
        <time>2026-05-24T13:44:25.000Z</time>
        <extensions>
          <ns3:TrackPointExtension>
            <ns3:hr>129</ns3:hr>
            <ns3:cad>57</ns3:cad>
          </ns3:TrackPointExtension>
        </extensions>
      </trkpt>
      <trkpt lat="52.5452698767185211181640625" lon="-2.8521985374391078948974609375">
        <ele>482.20001220703125</ele>
        <time>2026-05-24T13:44:26.000Z</time>
        <extensions>
          <ns3:TrackPointExtension>
            <ns3:hr>129</ns3:hr>
            <ns3:cad>57</ns3:cad>
          </ns3:TrackPointExtension>
        </extensions>
      </trkpt>
      <trkpt lat="52.54526543430984020233154296875" lon="-2.85218286328017711639404296875">
        <ele>482.20001220703125</ele>
        <time>2026-05-24T13:44:27.000Z</time>
        <extensions>
          <ns3:TrackPointExtension>
            <ns3:hr>130</ns3:hr>
            <ns3:cad>57</ns3:cad>
          </ns3:TrackPointExtension>
        </extensions>
      </trkpt>
      <trkpt lat="52.5452403724193572998046875" lon="-2.8520912490785121917724609375">
        <ele>482.399993896484375</ele>
        <time>2026-05-24T13:44:32.000Z</time>
        <extensions>
          <ns3:TrackPointExtension>
            <ns3:hr>130</ns3:hr>
            <ns3:cad>56</ns3:cad>
          </ns3:TrackPointExtension>
        </extensions>
      </trkpt>
      <trkpt lat="52.5452242791652679443359375" lon="-2.851978428661823272705078125">
        <ele>482.600006103515625</ele>
        <time>2026-05-24T13:44:38.000Z</time>
        <extensions>
          <ns3:TrackPointExtension>
            <ns3:hr>131</ns3:hr>
            <ns3:cad>56</ns3:cad>
          </ns3:TrackPointExtension>
        </extensions>
      </trkpt>
      <trkpt lat="52.545178346335887908935546875" lon="-2.851832918822765350341796875">
        <ele>482.79998779296875</ele>
        <time>2026-05-24T13:44:46.000Z</time>
        <extensions>
          <ns3:TrackPointExtension>
            <ns3:hr>132</ns3:hr>
            <ns3:cad>57</ns3:cad>
          </ns3:TrackPointExtension>
        </extensions>
      </trkpt>
      <trkpt lat="52.54514716565608978271484375" lon="-2.851720266044139862060546875">
        <ele>483</ele>
        <time>2026-05-24T13:44:52.000Z</time>
        <extensions>
          <ns3:TrackPointExtension>
            <ns3:hr>132</ns3:hr>
            <ns3:cad>56</ns3:cad>
          </ns3:TrackPointExtension>
        </extensions>
      </trkpt>
      <trkpt lat="52.545137107372283935546875" lon="-2.851682715117931365966796875">
        <ele>483.20001220703125</ele>
        <time>2026-05-24T13:44:54.000Z</time>
        <extensions>
          <ns3:TrackPointExtension>
            <ns3:hr>133</ns3:hr>
            <ns3:cad>56</ns3:cad>
          </ns3:TrackPointExtension>
        </extensions>
      </trkpt>
      <trkpt lat="52.54511908628046512603759765625" lon="-2.8516141511499881744384765625">
        <ele>483.399993896484375</ele>
        <time>2026-05-24T13:44:58.000Z</time>
        <extensions>
          <ns3:TrackPointExtension>
            <ns3:hr>133</ns3:hr>
            <ns3:cad>56</ns3:cad>
          </ns3:TrackPointExtension>
        </extensions>
      </trkpt>
      <trkpt lat="52.54510936327278614044189453125" lon="-2.8515864908695220947265625">
        <ele>483.600006103515625</ele>
        <time>2026-05-24T13:45:00.000Z</time>
        <extensions>
          <ns3:TrackPointExtension>
            <ns3:hr>134</ns3:hr>
            <ns3:cad>56</ns3:cad>
          </ns3:TrackPointExtension>
        </extensions>
      </trkpt>
      <trkpt lat="52.54508874379098415374755859375" lon="-2.85152454860508441925048828125">
        <ele>483.79998779296875</ele>
        <time>2026-05-24T13:45:04.000Z</time>
        <extensions>
          <ns3:TrackPointExtension>
            <ns3:hr>134</ns3:hr>
            <ns3:cad>55</ns3:cad>
          </ns3:TrackPointExtension>
        </extensions>
      </trkpt>
      <trkpt lat="52.5450675375759601593017578125" lon="-2.85145581699907779693603515625">
        <ele>484.399993896484375</ele>
        <time>2026-05-24T13:45:08.000Z</time>
        <extensions>
          <ns3:TrackPointExtension>
            <ns3:hr>135</ns3:hr>
            <ns3:cad>54</ns3:cad>
          </ns3:TrackPointExtension>
        </extensions>
      </trkpt>
      <trkpt lat="52.5450457446277141571044921875" lon="-2.85139949060976505279541015625">
        <ele>484.600006103515625</ele>
        <time>2026-05-24T13:45:12.000Z</time>
        <extensions>
          <ns3:TrackPointExtension>
            <ns3:hr>136</ns3:hr>
            <ns3:cad>55</ns3:cad>
          </ns3:TrackPointExtension>
        </extensions>
      </trkpt>
      <trkpt lat="52.5450284779071807861328125" lon="-2.85134316422045230865478515625">
        <ele>484.79998779296875</ele>
        <time>2026-05-24T13:45:15.000Z</time>
        <extensions>
          <ns3:TrackPointExtension>
            <ns3:hr>136</ns3:hr>
            <ns3:cad>55</ns3:cad>
          </ns3:TrackPointExtension>
        </extensions>
      </trkpt>
      <trkpt lat="52.54500442184507846832275390625" lon="-2.8512632846832275390625">
        <ele>485.399993896484375</ele>
        <time>2026-05-24T13:45:20.000Z</time>
        <extensions>
          <ns3:TrackPointExtension>
            <ns3:hr>137</ns3:hr>
            <ns3:cad>54</ns3:cad>
          </ns3:TrackPointExtension>
        </extensions>
      </trkpt>
      <trkpt lat="52.54497173242270946502685546875" lon="-2.85115842707455158233642578125">
        <ele>485.600006103515625</ele>
        <time>2026-05-24T13:45:26.000Z</time>
        <extensions>
          <ns3:TrackPointExtension>
            <ns3:hr>139</ns3:hr>
            <ns3:cad>55</ns3:cad>
          </ns3:TrackPointExtension>
        </extensions>
      </trkpt>
      <trkpt lat="52.54496611654758453369140625" lon="-2.85114417783915996551513671875">
        <ele>485.600006103515625</ele>
        <time>2026-05-24T13:45:27.000Z</time>
        <extensions>
          <ns3:TrackPointExtension>
            <ns3:hr>139</ns3:hr>
            <ns3:cad>55</ns3:cad>
          </ns3:TrackPointExtension>
        </extensions>
      </trkpt>
      <trkpt lat="52.544926889240741729736328125" lon="-2.85107879899442195892333984375">
        <ele>485.79998779296875</ele>
        <time>2026-05-24T13:45:32.000Z</time>
        <extensions>
          <ns3:TrackPointExtension>
            <ns3:hr>140</ns3:hr>
            <ns3:cad>54</ns3:cad>
          </ns3:TrackPointExtension>
        </extensions>
      </trkpt>
      <trkpt lat="52.54488573409616947174072265625" lon="-2.85097503103315830230712890625">
        <ele>486.20001220703125</ele>
        <time>2026-05-24T13:45:39.000Z</time>
        <extensions>
          <ns3:TrackPointExtension>
            <ns3:hr>140</ns3:hr>
            <ns3:cad>53</ns3:cad>
          </ns3:TrackPointExtension>
        </extensions>
      </trkpt>
      <trkpt lat="52.544831000268459320068359375" lon="-2.85086874850094318389892578125">
        <ele>486.399993896484375</ele>
        <time>2026-05-24T13:45:47.000Z</time>
        <extensions>
          <ns3:TrackPointExtension>
            <ns3:hr>139</ns3:hr>
            <ns3:cad>55</ns3:cad>
          </ns3:TrackPointExtension>
        </extensions>
      </trkpt>
      <trkpt lat="52.54481515847146511077880859375" lon="-2.85084460861980915069580078125">
        <ele>486.399993896484375</ele>
        <time>2026-05-24T13:45:49.000Z</time>
        <extensions>
          <ns3:TrackPointExtension>
            <ns3:hr>140</ns3:hr>
            <ns3:cad>54</ns3:cad>
          </ns3:TrackPointExtension>
        </extensions>
      </trkpt>
      <trkpt lat="52.54478917457163333892822265625" lon="-2.8507923893630504608154296875">
        <ele>486.79998779296875</ele>
        <time>2026-05-24T13:45:53.000Z</time>
        <extensions>
          <ns3:TrackPointExtension>
            <ns3:hr>140</ns3:hr>
            <ns3:cad>54</ns3:cad>
          </ns3:TrackPointExtension>
        </extensions>
      </trkpt>
      <trkpt lat="52.544741146266460418701171875" lon="-2.8506825864315032958984375">
        <ele>487.399993896484375</ele>
        <time>2026-05-24T13:46:01.000Z</time>
        <extensions>
          <ns3:TrackPointExtension>
            <ns3:hr>140</ns3:hr>
            <ns3:cad>53</ns3:cad>
          </ns3:TrackPointExtension>
        </extensions>
      </trkpt>
      <trkpt lat="52.544735111296176910400390625" lon="-2.8506680019199848175048828125">
        <ele>487.399993896484375</ele>
        <time>2026-05-24T13:46:02.000Z</time>
        <extensions>
          <ns3:TrackPointExtension>
            <ns3:hr>139</ns3:hr>
            <ns3:cad>53</ns3:cad>
          </ns3:TrackPointExtension>
        </extensions>
      </trkpt>
      <trkpt lat="52.54469077102839946746826171875" lon="-2.85056716762483119964599609375">
        <ele>487.79998779296875</ele>
        <time>2026-05-24T13:46:08.000Z</time>
        <extensions>
          <ns3:TrackPointExtension>
            <ns3:hr>139</ns3:hr>
            <ns3:cad>54</ns3:cad>
          </ns3:TrackPointExtension>
        </extensions>
      </trkpt>
      <trkpt lat="52.5446420721709728240966796875" lon="-2.8504809178411960601806640625">
        <ele>488.20001220703125</ele>
        <time>2026-05-24T13:46:15.000Z</time>
        <extensions>
          <ns3:TrackPointExtension>
            <ns3:hr>139</ns3:hr>
            <ns3:cad>54</ns3:cad>
          </ns3:TrackPointExtension>
        </extensions>
      </trkpt>
      <trkpt lat="52.54460913129150867462158203125" lon="-2.8504058159887790679931640625">
        <ele>488.399993896484375</ele>
        <time>2026-05-24T13:46:20.000Z</time>
        <extensions>
          <ns3:TrackPointExtension>
            <ns3:hr>139</ns3:hr>
            <ns3:cad>54</ns3:cad>
          </ns3:TrackPointExtension>
        </extensions>
      </trkpt>
      <trkpt lat="52.544550038874149322509765625" lon="-2.85028670914471149444580078125">
        <ele>488.600006103515625</ele>
        <time>2026-05-24T13:46:28.000Z</time>
        <extensions>
          <ns3:TrackPointExtension>
            <ns3:hr>139</ns3:hr>
            <ns3:cad>59</ns3:cad>
          </ns3:TrackPointExtension>
        </extensions>
      </trkpt>
      <trkpt lat="52.544482313096523284912109375" lon="-2.8501697815954685211181640625">
        <ele>489.20001220703125</ele>
        <time>2026-05-24T13:46:37.000Z</time>
        <extensions>
          <ns3:TrackPointExtension>
            <ns3:hr>140</ns3:hr>
            <ns3:cad>56</ns3:cad>
          </ns3:TrackPointExtension>
        </extensions>
      </trkpt>
      <trkpt lat="52.54443026147782802581787109375" lon="-2.850033827126026153564453125">
        <ele>489.20001220703125</ele>
        <time>2026-05-24T13:46:45.000Z</time>
        <extensions>
          <ns3:TrackPointExtension>
            <ns3:hr>139</ns3:hr>
            <ns3:cad>55</ns3:cad>
          </ns3:TrackPointExtension>
        </extensions>
      </trkpt>
      <trkpt lat="52.54440595395863056182861328125" lon="-2.84997381269931793212890625">
        <ele>489.600006103515625</ele>
        <time>2026-05-24T13:46:49.000Z</time>
        <extensions>
          <ns3:TrackPointExtension>
            <ns3:hr>138</ns3:hr>
            <ns3:cad>56</ns3:cad>
          </ns3:TrackPointExtension>
        </extensions>
      </trkpt>
      <trkpt lat="52.54436873830854892730712890625" lon="-2.84989996813237667083740234375">
        <ele>490</ele>
        <time>2026-05-24T13:46:54.000Z</time>
        <extensions>
          <ns3:TrackPointExtension>
            <ns3:hr>137</ns3:hr>
            <ns3:cad>56</ns3:cad>
          </ns3:TrackPointExtension>
        </extensions>
      </trkpt>
      <trkpt lat="52.544299922883510589599609375" lon="-2.84977323375642299652099609375">
        <ele>490.399993896484375</ele>
        <time>2026-05-24T13:47:03.000Z</time>
        <extensions>
          <ns3:TrackPointExtension>
            <ns3:hr>138</ns3:hr>
            <ns3:cad>55</ns3:cad>
          </ns3:TrackPointExtension>
        </extensions>
      </trkpt>
      <trkpt lat="52.54426605999469757080078125" lon="-2.84973233006894588470458984375">
        <ele>490.600006103515625</ele>
        <time>2026-05-24T13:47:07.000Z</time>
        <extensions>
          <ns3:TrackPointExtension>
            <ns3:hr>138</ns3:hr>
            <ns3:cad>56</ns3:cad>
          </ns3:TrackPointExtension>
        </extensions>
      </trkpt>
      <trkpt lat="52.54421702586114406585693359375" lon="-2.8496792726218700408935546875">
        <ele>491</ele>
        <time>2026-05-24T13:47:12.000Z</time>
        <extensions>
          <ns3:TrackPointExtension>
            <ns3:hr>139</ns3:hr>
            <ns3:cad>55</ns3:cad>
          </ns3:TrackPointExtension>
        </extensions>
      </trkpt>
      <trkpt lat="52.5441720150411128997802734375" lon="-2.84963141195476055145263671875">
        <ele>491.600006103515625</ele>
        <time>2026-05-24T13:47:17.000Z</time>
        <extensions>
          <ns3:TrackPointExtension>
            <ns3:hr>140</ns3:hr>
            <ns3:cad>55</ns3:cad>
          </ns3:TrackPointExtension>
        </extensions>
      </trkpt>
      <trkpt lat="52.5441441871225833892822265625" lon="-2.84959830343723297119140625">
        <ele>492</ele>
        <time>2026-05-24T13:47:20.000Z</time>
        <extensions>
          <ns3:TrackPointExtension>
            <ns3:hr>140</ns3:hr>
            <ns3:cad>54</ns3:cad>
          </ns3:TrackPointExtension>
        </extensions>
      </trkpt>
      <trkpt lat="52.5440784730017185211181640625" lon="-2.8495404683053493499755859375">
        <ele>492.600006103515625</ele>
        <time>2026-05-24T13:47:27.000Z</time>
        <extensions>
          <ns3:TrackPointExtension>
            <ns3:hr>140</ns3:hr>
            <ns3:cad>55</ns3:cad>
          </ns3:TrackPointExtension>
        </extensions>
      </trkpt>
      <trkpt lat="52.54406757652759552001953125" lon="-2.8495337627828121185302734375">
        <ele>492.79998779296875</ele>
        <time>2026-05-24T13:47:28.000Z</time>
        <extensions>
          <ns3:TrackPointExtension>
            <ns3:hr>140</ns3:hr>
            <ns3:cad>53</ns3:cad>
          </ns3:TrackPointExtension>
        </extensions>
      </trkpt>
      <trkpt lat="52.5440271757543087005615234375" lon="-2.849502079188823699951171875">
        <ele>492.79998779296875</ele>
        <time>2026-05-24T13:47:32.000Z</time>
        <extensions>
          <ns3:TrackPointExtension>
            <ns3:hr>141</ns3:hr>
            <ns3:cad>53</ns3:cad>
          </ns3:TrackPointExtension>
        </extensions>
      </trkpt>
      <trkpt lat="52.54396690987050533294677734375" lon="-2.84943678416311740875244140625">
        <ele>493.20001220703125</ele>
        <time>2026-05-24T13:47:38.000Z</time>
        <extensions>
          <ns3:TrackPointExtension>
            <ns3:hr>140</ns3:hr>
            <ns3:cad>54</ns3:cad>
          </ns3:TrackPointExtension>
        </extensions>
      </trkpt>
      <trkpt lat="52.54391041584312915802001953125" lon="-2.84937358461320400238037109375">
        <ele>493.79998779296875</ele>
        <time>2026-05-24T13:47:44.000Z</time>
        <extensions>
          <ns3:TrackPointExtension>
            <ns3:hr>141</ns3:hr>
            <ns3:cad>52</ns3:cad>
          </ns3:TrackPointExtension>
        </extensions>
      </trkpt>
      <trkpt lat="52.54389029927551746368408203125" lon="-2.84935154020786285400390625">
        <ele>493.79998779296875</ele>
        <time>2026-05-24T13:47:46.000Z</time>
        <extensions>
          <ns3:TrackPointExtension>
            <ns3:hr>141</ns3:hr>
            <ns3:cad>56</ns3:cad>
          </ns3:TrackPointExtension>
        </extensions>
      </trkpt>
      <trkpt lat="52.543835900723934173583984375" lon="-2.84928624518215656280517578125">
        <ele>494.20001220703125</ele>
        <time>2026-05-24T13:47:52.000Z</time>
        <extensions>
          <ns3:TrackPointExtension>
            <ns3:hr>142</ns3:hr>
            <ns3:cad>55</ns3:cad>
          </ns3:TrackPointExtension>
        </extensions>
      </trkpt>
      <trkpt lat="52.54375300370156764984130859375" lon="-2.8491885960102081298828125">
        <ele>494.399993896484375</ele>
        <time>2026-05-24T13:48:00.000Z</time>
        <extensions>
          <ns3:TrackPointExtension>
            <ns3:hr>142</ns3:hr>
            <ns3:cad>56</ns3:cad>
          </ns3:TrackPointExtension>
        </extensions>
      </trkpt>
      <trkpt lat="52.5436979345977306365966796875" lon="-2.84911257214844226837158203125">
        <ele>494.399993896484375</ele>
        <time>2026-05-24T13:48:06.000Z</time>
        <extensions>
          <ns3:TrackPointExtension>
            <ns3:hr>142</ns3:hr>
            <ns3:cad>57</ns3:cad>
          </ns3:TrackPointExtension>
        </extensions>
      </trkpt>
      <trkpt lat="52.5436349026858806610107421875" lon="-2.8490087203681468963623046875">
        <ele>494.20001220703125</ele>
        <time>2026-05-24T13:48:14.000Z</time>
        <extensions>
          <ns3:TrackPointExtension>
            <ns3:hr>141</ns3:hr>
            <ns3:cad>57</ns3:cad>
          </ns3:TrackPointExtension>
        </extensions>
      </trkpt>
      <trkpt lat="52.5435698591172695159912109375" lon="-2.8489111550152301788330078125">
        <ele>494</ele>
        <time>2026-05-24T13:48:21.000Z</time>
        <extensions>
          <ns3:TrackPointExtension>
            <ns3:hr>140</ns3:hr>
            <ns3:cad>57</ns3:cad>
          </ns3:TrackPointExtension>
        </extensions>
      </trkpt>
      <trkpt lat="52.54350238479673862457275390625" lon="-2.848812080919742584228515625">
        <ele>493.600006103515625</ele>
        <time>2026-05-24T13:48:28.000Z</time>
        <extensions>
          <ns3:TrackPointExtension>
            <ns3:hr>138</ns3:hr>
            <ns3:cad>59</ns3:cad>
          </ns3:TrackPointExtension>
        </extensions>
      </trkpt>
      <trkpt lat="52.5434387661516666412353515625" lon="-2.84870873205363750457763671875">
        <ele>493.399993896484375</ele>
        <time>2026-05-24T13:48:35.000Z</time>
        <extensions>
          <ns3:TrackPointExtension>
            <ns3:hr>136</ns3:hr>
            <ns3:cad>58</ns3:cad>
          </ns3:TrackPointExtension>
        </extensions>
      </trkpt>
      <trkpt lat="52.5433884747326374053955078125" lon="-2.84859758801758289337158203125">
        <ele>493</ele>
        <time>2026-05-24T13:48:42.000Z</time>
        <extensions>
          <ns3:TrackPointExtension>
            <ns3:hr>136</ns3:hr>
            <ns3:cad>58</ns3:cad>
          </ns3:TrackPointExtension>
        </extensions>
      </trkpt>
      <trkpt lat="52.54337154328823089599609375" lon="-2.848553918302059173583984375">
        <ele>492.79998779296875</ele>
        <time>2026-05-24T13:48:45.000Z</time>
        <extensions>
          <ns3:TrackPointExtension>
            <ns3:hr>135</ns3:hr>
            <ns3:cad>57</ns3:cad>
          </ns3:TrackPointExtension>
        </extensions>
      </trkpt>
      <trkpt lat="52.54334983415901660919189453125" lon="-2.8484900481998920440673828125">
        <ele>492.399993896484375</ele>
        <time>2026-05-24T13:48:49.000Z</time>
        <extensions>
          <ns3:TrackPointExtension>
            <ns3:hr>133</ns3:hr>
            <ns3:cad>57</ns3:cad>
          </ns3:TrackPointExtension>
        </extensions>
      </trkpt>
      <trkpt lat="52.54328914918005466461181640625" lon="-2.848373539745807647705078125">
        <ele>492</ele>
        <time>2026-05-24T13:48:57.000Z</time>
        <extensions>
          <ns3:TrackPointExtension>
            <ns3:hr>132</ns3:hr>
            <ns3:cad>57</ns3:cad>
          </ns3:TrackPointExtension>
        </extensions>
      </trkpt>
      <trkpt lat="52.54325008951127529144287109375" lon="-2.848302461206912994384765625">
        <ele>491.600006103515625</ele>
        <time>2026-05-24T13:49:02.000Z</time>
        <extensions>
          <ns3:TrackPointExtension>
            <ns3:hr>131</ns3:hr>
            <ns3:cad>56</ns3:cad>
          </ns3:TrackPointExtension>
        </extensions>
      </trkpt>
      <trkpt lat="52.5432332418859004974365234375" lon="-2.848275639116764068603515625">
        <ele>491.399993896484375</ele>
        <time>2026-05-24T13:49:04.000Z</time>
        <extensions>
          <ns3:TrackPointExtension>
            <ns3:hr>131</ns3:hr>
            <ns3:cad>56</ns3:cad>
          </ns3:TrackPointExtension>
        </extensions>
      </trkpt>
      <trkpt lat="52.54316090606153011322021484375" lon="-2.84818821586668491363525390625">
        <ele>490.79998779296875</ele>
        <time>2026-05-24T13:49:12.000Z</time>
        <extensions>
          <ns3:TrackPointExtension>
            <ns3:hr>129</ns3:hr>
            <ns3:cad>56</ns3:cad>
          </ns3:TrackPointExtension>
        </extensions>
      </trkpt>
      <trkpt lat="52.543141543865203857421875" lon="-2.84816072322428226470947265625">
        <ele>490.600006103515625</ele>
        <time>2026-05-24T13:49:14.000Z</time>
        <extensions>
          <ns3:TrackPointExtension>
            <ns3:hr>128</ns3:hr>
            <ns3:cad>57</ns3:cad>
          </ns3:TrackPointExtension>
        </extensions>
      </trkpt>
      <trkpt lat="52.54309200681746006011962890625" lon="-2.8480446338653564453125">
        <ele>489.79998779296875</ele>
        <time>2026-05-24T13:49:21.000Z</time>
        <extensions>
          <ns3:TrackPointExtension>
            <ns3:hr>127</ns3:hr>
            <ns3:cad>58</ns3:cad>
          </ns3:TrackPointExtension>
        </extensions>
      </trkpt>
      <trkpt lat="52.54308563657104969024658203125" lon="-2.8480263613164424896240234375">
        <ele>489.600006103515625</ele>
        <time>2026-05-24T13:49:22.000Z</time>
        <extensions>
          <ns3:TrackPointExtension>
            <ns3:hr>127</ns3:hr>
            <ns3:cad>58</ns3:cad>
          </ns3:TrackPointExtension>
        </extensions>
      </trkpt>
      <trkpt lat="52.54305914975702762603759765625" lon="-2.847947739064693450927734375">
        <ele>489.399993896484375</ele>
        <time>2026-05-24T13:49:27.000Z</time>
        <extensions>
          <ns3:TrackPointExtension>
            <ns3:hr>127</ns3:hr>
            <ns3:cad>57</ns3:cad>
          </ns3:TrackPointExtension>
        </extensions>
      </trkpt>
      <trkpt lat="52.54302662797272205352783203125" lon="-2.84785109572112560272216796875">
        <ele>488.600006103515625</ele>
        <time>2026-05-24T13:49:33.000Z</time>
        <extensions>
          <ns3:TrackPointExtension>
            <ns3:hr>126</ns3:hr>
            <ns3:cad>57</ns3:cad>
          </ns3:TrackPointExtension>
        </extensions>
      </trkpt>
      <trkpt lat="52.542978934943675994873046875" lon="-2.84772972576320171356201171875">
        <ele>487.79998779296875</ele>
        <time>2026-05-24T13:49:40.000Z</time>
        <extensions>
          <ns3:TrackPointExtension>
            <ns3:hr>126</ns3:hr>
            <ns3:cad>57</ns3:cad>
          </ns3:TrackPointExtension>
        </extensions>
      </trkpt>
      <trkpt lat="52.54296845756471157073974609375" lon="-2.84769334830343723297119140625">
        <ele>487.399993896484375</ele>
        <time>2026-05-24T13:49:45.000Z</time>
        <extensions>
          <ns3:TrackPointExtension>
            <ns3:hr>126</ns3:hr>
            <ns3:cad>0</ns3:cad>
          </ns3:TrackPointExtension>
        </extensions>
      </trkpt>
      <trkpt lat="52.542951442301273345947265625" lon="-2.84762394614517688751220703125">
        <ele>487</ele>
        <time>2026-05-24T13:49:55.000Z</time>
        <extensions>
          <ns3:TrackPointExtension>
            <ns3:hr>126</ns3:hr>
            <ns3:cad>0</ns3:cad>
          </ns3:TrackPointExtension>
        </extensions>
      </trkpt>
      <trkpt lat="52.54292629659175872802734375" lon="-2.84751313738524913787841796875">
        <ele>486.79998779296875</ele>
        <time>2026-05-24T13:50:02.000Z</time>
        <extensions>
          <ns3:TrackPointExtension>
            <ns3:hr>127</ns3:hr>
            <ns3:cad>55</ns3:cad>
          </ns3:TrackPointExtension>
        </extensions>
      </trkpt>
      <trkpt lat="52.5429003126919269561767578125" lon="-2.8474386222660541534423828125">
        <ele>486.399993896484375</ele>
        <time>2026-05-24T13:50:06.000Z</time>
        <extensions>
          <ns3:TrackPointExtension>
            <ns3:hr>125</ns3:hr>
            <ns3:cad>55</ns3:cad>
          </ns3:TrackPointExtension>
        </extensions>
      </trkpt>
      <trkpt lat="52.5428822077810764312744140625" lon="-2.847383804619312286376953125">
        <ele>486.20001220703125</ele>
        <time>2026-05-24T13:50:09.000Z</time>
        <extensions>
          <ns3:TrackPointExtension>
            <ns3:hr>124</ns3:hr>
            <ns3:cad>57</ns3:cad>
          </ns3:TrackPointExtension>
        </extensions>
      </trkpt>
      <trkpt lat="52.54284641705453395843505859375" lon="-2.84722748212516307830810546875">
        <ele>485.399993896484375</ele>
        <time>2026-05-24T13:50:17.000Z</time>
        <extensions>
          <ns3:TrackPointExtension>
            <ns3:hr>124</ns3:hr>
            <ns3:cad>57</ns3:cad>
          </ns3:TrackPointExtension>
        </extensions>
      </trkpt>
      <trkpt lat="52.54282143898308277130126953125" lon="-2.84712187014520168304443359375">
        <ele>484.600006103515625</ele>
        <time>2026-05-24T13:50:23.000Z</time>
        <extensions>
          <ns3:TrackPointExtension>
            <ns3:hr>125</ns3:hr>
            <ns3:cad>57</ns3:cad>
          </ns3:TrackPointExtension>
        </extensions>
      </trkpt>
      <trkpt lat="52.5428121350705623626708984375" lon="-2.84708750434219837188720703125">
        <ele>484.399993896484375</ele>
        <time>2026-05-24T13:50:25.000Z</time>
        <extensions>
          <ns3:TrackPointExtension>
            <ns3:hr>126</ns3:hr>
            <ns3:cad>58</ns3:cad>
          </ns3:TrackPointExtension>
        </extensions>
      </trkpt>
      <trkpt lat="52.542787492275238037109375" lon="-2.84699966199696063995361328125">
        <ele>483.600006103515625</ele>
        <time>2026-05-24T13:50:30.000Z</time>
        <extensions>
          <ns3:TrackPointExtension>
            <ns3:hr>127</ns3:hr>
            <ns3:cad>58</ns3:cad>
          </ns3:TrackPointExtension>
        </extensions>
      </trkpt>
      <trkpt lat="52.5427675433456897735595703125" lon="-2.84694702364504337310791015625">
        <ele>483.399993896484375</ele>
        <time>2026-05-24T13:50:33.000Z</time>
        <extensions>
          <ns3:TrackPointExtension>
            <ns3:hr>127</ns3:hr>
            <ns3:cad>57</ns3:cad>
          </ns3:TrackPointExtension>
        </extensions>
      </trkpt>
      <trkpt lat="52.5427336804568767547607421875" lon="-2.84685708582401275634765625">
        <ele>482.600006103515625</ele>
        <time>2026-05-24T13:50:38.000Z</time>
        <extensions>
          <ns3:TrackPointExtension>
            <ns3:hr>128</ns3:hr>
            <ns3:cad>57</ns3:cad>
          </ns3:TrackPointExtension>
        </extensions>
      </trkpt>
      <trkpt lat="52.5427179224789142608642578125" lon="-2.84680168144404888153076171875">
        <ele>482.20001220703125</ele>
        <time>2026-05-24T13:50:41.000Z</time>
        <extensions>
          <ns3:TrackPointExtension>
            <ns3:hr>127</ns3:hr>
            <ns3:cad>58</ns3:cad>
          </ns3:TrackPointExtension>
        </extensions>
      </trkpt>
      <trkpt lat="52.5426988117396831512451171875" lon="-2.84670445136725902557373046875">
        <ele>481.600006103515625</ele>
        <time>2026-05-24T13:50:46.000Z</time>
        <extensions>
          <ns3:TrackPointExtension>
            <ns3:hr>128</ns3:hr>
            <ns3:cad>57</ns3:cad>
          </ns3:TrackPointExtension>
        </extensions>
      </trkpt>
      <trkpt lat="52.54268447868525981903076171875" lon="-2.846649549901485443115234375">
        <ele>481.20001220703125</ele>
        <time>2026-05-24T13:50:49.000Z</time>
        <extensions>
          <ns3:TrackPointExtension>
            <ns3:hr>127</ns3:hr>
            <ns3:cad>58</ns3:cad>
          </ns3:TrackPointExtension>
        </extensions>
      </trkpt>
      <trkpt lat="52.54266679286956787109375" lon="-2.8465970791876316070556640625">
        <ele>481</ele>
        <time>2026-05-24T13:50:52.000Z</time>
        <extensions>
          <ns3:TrackPointExtension>
            <ns3:hr>127</ns3:hr>
            <ns3:cad>58</ns3:cad>
          </ns3:TrackPointExtension>
        </extensions>
      </trkpt>
      <trkpt lat="52.542639635503292083740234375" lon="-2.84648518078029155731201171875">
        <ele>480.399993896484375</ele>
        <time>2026-05-24T13:50:58.000Z</time>
        <extensions>
          <ns3:TrackPointExtension>
            <ns3:hr>126</ns3:hr>
            <ns3:cad>57</ns3:cad>
          </ns3:TrackPointExtension>
        </extensions>
      </trkpt>
      <trkpt lat="52.5426337681710720062255859375" lon="-2.846467494964599609375">
        <ele>480.20001220703125</ele>
        <time>2026-05-24T13:50:59.000Z</time>
        <extensions>
          <ns3:TrackPointExtension>
            <ns3:hr>127</ns3:hr>
            <ns3:cad>57</ns3:cad>
          </ns3:TrackPointExtension>
        </extensions>
      </trkpt>
      <trkpt lat="52.542616836726665496826171875" lon="-2.84640924073755741119384765625">
        <ele>480.20001220703125</ele>
        <time>2026-05-24T13:51:02.000Z</time>
        <extensions>
          <ns3:TrackPointExtension>
            <ns3:hr>126</ns3:hr>
            <ns3:cad>58</ns3:cad>
          </ns3:TrackPointExtension>
        </extensions>
      </trkpt>
      <trkpt lat="52.54259864799678325653076171875" lon="-2.8463291935622692108154296875">
        <ele>479.79998779296875</ele>
        <time>2026-05-24T13:51:06.000Z</time>
        <extensions>
          <ns3:TrackPointExtension>
            <ns3:hr>126</ns3:hr>
            <ns3:cad>59</ns3:cad>
          </ns3:TrackPointExtension>
        </extensions>
      </trkpt>
      <trkpt lat="52.542582638561725616455078125" lon="-2.8462125174701213836669921875">
        <ele>479</ele>
        <time>2026-05-24T13:51:12.000Z</time>
        <extensions>
          <ns3:TrackPointExtension>
            <ns3:hr>126</ns3:hr>
            <ns3:cad>57</ns3:cad>
          </ns3:TrackPointExtension>
        </extensions>
      </trkpt>
      <trkpt lat="52.5425801239907741546630859375" lon="-2.84616985358297824859619140625">
        <ele>478.79998779296875</ele>
        <time>2026-05-24T13:51:14.000Z</time>
        <extensions>
          <ns3:TrackPointExtension>
            <ns3:hr>126</ns3:hr>
            <ns3:cad>57</ns3:cad>
          </ns3:TrackPointExtension>
        </extensions>
      </trkpt>
      <trkpt lat="52.5425784476101398468017578125" lon="-2.8460204042494297027587890625">
        <ele>478.20001220703125</ele>
        <time>2026-05-24T13:51:21.000Z</time>
        <extensions>
          <ns3:TrackPointExtension>
            <ns3:hr>126</ns3:hr>
            <ns3:cad>57</ns3:cad>
          </ns3:TrackPointExtension>
        </extensions>
      </trkpt>
      <trkpt lat="52.5425818003714084625244140625" lon="-2.84596784971654415130615234375">
        <ele>478</ele>
        <time>2026-05-24T13:51:24.000Z</time>
        <extensions>
          <ns3:TrackPointExtension>
            <ns3:hr>126</ns3:hr>
            <ns3:cad>57</ns3:cad>
          </ns3:TrackPointExtension>
        </extensions>
      </trkpt>
      <trkpt lat="52.54258037544786930084228515625" lon="-2.84588520415127277374267578125">
        <ele>477.600006103515625</ele>
        <time>2026-05-24T13:51:28.000Z</time>
        <extensions>
          <ns3:TrackPointExtension>
            <ns3:hr>126</ns3:hr>
            <ns3:cad>57</ns3:cad>
          </ns3:TrackPointExtension>
        </extensions>
      </trkpt>
      <trkpt lat="52.54258272238075733184814453125" lon="-2.84573818556964397430419921875">
        <ele>477.20001220703125</ele>
        <time>2026-05-24T13:51:35.000Z</time>
        <extensions>
          <ns3:TrackPointExtension>
            <ns3:hr>125</ns3:hr>
            <ns3:cad>57</ns3:cad>
          </ns3:TrackPointExtension>
        </extensions>
      </trkpt>
      <trkpt lat="52.54258833825588226318359375" lon="-2.8456532768905162811279296875">
        <ele>477</ele>
        <time>2026-05-24T13:51:39.000Z</time>
        <extensions>
          <ns3:TrackPointExtension>
            <ns3:hr>125</ns3:hr>
            <ns3:cad>57</ns3:cad>
          </ns3:TrackPointExtension>
        </extensions>
      </trkpt>
      <trkpt lat="52.54259110428392887115478515625" lon="-2.84559066407382488250732421875">
        <ele>476.600006103515625</ele>
        <time>2026-05-24T13:51:42.000Z</time>
        <extensions>
          <ns3:TrackPointExtension>
            <ns3:hr>125</ns3:hr>
            <ns3:cad>57</ns3:cad>
          </ns3:TrackPointExtension>
        </extensions>
      </trkpt>
      <trkpt lat="52.54259428940713405609130859375" lon="-2.845427133142948150634765625">
        <ele>476.20001220703125</ele>
        <time>2026-05-24T13:51:50.000Z</time>
        <extensions>
          <ns3:TrackPointExtension>
            <ns3:hr>124</ns3:hr>
            <ns3:cad>58</ns3:cad>
          </ns3:TrackPointExtension>
        </extensions>
      </trkpt>
      <trkpt lat="52.54258775152266025543212890625" lon="-2.8453481756150722503662109375">
        <ele>476</ele>
        <time>2026-05-24T13:51:54.000Z</time>
        <extensions>
          <ns3:TrackPointExtension>
            <ns3:hr>124</ns3:hr>
            <ns3:cad>58</ns3:cad>
          </ns3:TrackPointExtension>
        </extensions>
      </trkpt>
      <trkpt lat="52.54258439876139163970947265625" lon="-2.84528405405580997467041015625">
        <ele>475.79998779296875</ele>
        <time>2026-05-24T13:51:57.000Z</time>
        <extensions>
          <ns3:TrackPointExtension>
            <ns3:hr>124</ns3:hr>
            <ns3:cad>59</ns3:cad>
          </ns3:TrackPointExtension>
        </extensions>
      </trkpt>
      <trkpt lat="52.5425764359533786773681640625" lon="-2.845146842300891876220703125">
        <ele>475.600006103515625</ele>
        <time>2026-05-24T13:52:04.000Z</time>
        <extensions>
          <ns3:TrackPointExtension>
            <ns3:hr>123</ns3:hr>
            <ns3:cad>58</ns3:cad>
          </ns3:TrackPointExtension>
        </extensions>
      </trkpt>
      <trkpt lat="52.54255405627191066741943359375" lon="-2.84500795416533946990966796875">
        <ele>475.399993896484375</ele>
        <time>2026-05-24T13:52:11.000Z</time>
        <extensions>
          <ns3:TrackPointExtension>
            <ns3:hr>123</ns3:hr>
            <ns3:cad>57</ns3:cad>
          </ns3:TrackPointExtension>
        </extensions>
      </trkpt>
      <trkpt lat="52.5425375439226627349853515625" lon="-2.8448943793773651123046875">
        <ele>474.79998779296875</ele>
        <time>2026-05-24T13:52:17.000Z</time>
        <extensions>
          <ns3:TrackPointExtension>
            <ns3:hr>125</ns3:hr>
            <ns3:cad>60</ns3:cad>
          </ns3:TrackPointExtension>
        </extensions>
      </trkpt>
      <trkpt lat="52.5425278209149837493896484375" lon="-2.844835035502910614013671875">
        <ele>474.600006103515625</ele>
        <time>2026-05-24T13:52:20.000Z</time>
        <extensions>
          <ns3:TrackPointExtension>
            <ns3:hr>126</ns3:hr>
            <ns3:cad>57</ns3:cad>
          </ns3:TrackPointExtension>
        </extensions>
      </trkpt>
      <trkpt lat="52.54248415119946002960205078125" lon="-2.8446736000478267669677734375">
        <ele>474.20001220703125</ele>
        <time>2026-05-24T13:52:29.000Z</time>
        <extensions>
          <ns3:TrackPointExtension>
            <ns3:hr>127</ns3:hr>
            <ns3:cad>58</ns3:cad>
          </ns3:TrackPointExtension>
        </extensions>
      </trkpt>
      <trkpt lat="52.54247702658176422119140625" lon="-2.84465767443180084228515625">
        <ele>474</ele>
        <time>2026-05-24T13:52:30.000Z</time>
        <extensions>
          <ns3:TrackPointExtension>
            <ns3:hr>130</ns3:hr>
            <ns3:cad>58</ns3:cad>
          </ns3:TrackPointExtension>
        </extensions>
      </trkpt>
      <trkpt lat="52.54246872849762439727783203125" lon="-2.84464334137737751007080078125">
        <ele>473.79998779296875</ele>
        <time>2026-05-24T13:52:31.000Z</time>
        <extensions>
          <ns3:TrackPointExtension>
            <ns3:hr>130</ns3:hr>
            <ns3:cad>58</ns3:cad>
          </ns3:TrackPointExtension>
        </extensions>
      </trkpt>
      <trkpt lat="52.5424315966665744781494140625" lon="-2.84457989037036895751953125">
        <ele>473.600006103515625</ele>
        <time>2026-05-24T13:52:35.000Z</time>
        <extensions>
          <ns3:TrackPointExtension>
            <ns3:hr>130</ns3:hr>
            <ns3:cad>60</ns3:cad>
          </ns3:TrackPointExtension>
        </extensions>
      </trkpt>
      <trkpt lat="52.54237367771565914154052734375" lon="-2.84443848766386508941650390625">
        <ele>472.79998779296875</ele>
        <time>2026-05-24T13:52:43.000Z</time>
        <extensions>
          <ns3:TrackPointExtension>
            <ns3:hr>130</ns3:hr>
            <ns3:cad>57</ns3:cad>
          </ns3:TrackPointExtension>
        </extensions>
      </trkpt>
      <trkpt lat="52.54235875792801380157470703125" lon="-2.8443825803697109222412109375">
        <ele>472.600006103515625</ele>
        <time>2026-05-24T13:52:46.000Z</time>
        <extensions>
          <ns3:TrackPointExtension>
            <ns3:hr>130</ns3:hr>
            <ns3:cad>57</ns3:cad>
          </ns3:TrackPointExtension>
        </extensions>
      </trkpt>
      <trkpt lat="52.5423395633697509765625" lon="-2.84428677521646022796630859375">
        <ele>472.20001220703125</ele>
        <time>2026-05-24T13:52:51.000Z</time>
        <extensions>
          <ns3:TrackPointExtension>
            <ns3:hr>131</ns3:hr>
            <ns3:cad>57</ns3:cad>
          </ns3:TrackPointExtension>
        </extensions>
      </trkpt>
      <trkpt lat="52.5422944687306880950927734375" lon="-2.84411779604852199554443359375">
        <ele>472</ele>
        <time>2026-05-24T13:53:00.000Z</time>
        <extensions>
          <ns3:TrackPointExtension>
            <ns3:hr>129</ns3:hr>
            <ns3:cad>58</ns3:cad>
          </ns3:TrackPointExtension>
        </extensions>
      </trkpt>
      <trkpt lat="52.5422458536922931671142578125" lon="-2.84396692179143428802490234375">
        <ele>471.600006103515625</ele>
        <time>2026-05-24T13:53:08.000Z</time>
        <extensions>
          <ns3:TrackPointExtension>
            <ns3:hr>127</ns3:hr>
            <ns3:cad>60</ns3:cad>
          </ns3:TrackPointExtension>
        </extensions>
      </trkpt>
      <trkpt lat="52.54223872907459735870361328125" lon="-2.84395149908959865570068359375">
        <ele>471.600006103515625</ele>
        <time>2026-05-24T13:53:09.000Z</time>
        <extensions>
          <ns3:TrackPointExtension>
            <ns3:hr>127</ns3:hr>
            <ns3:cad>60</ns3:cad>
          </ns3:TrackPointExtension>
        </extensions>
      </trkpt>
      <trkpt lat="52.54219028167426586151123046875" lon="-2.84382275305688381195068359375">
        <ele>470.79998779296875</ele>
        <time>2026-05-24T13:53:16.000Z</time>
        <extensions>
          <ns3:TrackPointExtension>
            <ns3:hr>126</ns3:hr>
            <ns3:cad>59</ns3:cad>
          </ns3:TrackPointExtension>
        </extensions>
      </trkpt>
      <trkpt lat="52.542160861194133758544921875" lon="-2.84374781884253025054931640625">
        <ele>470.399993896484375</ele>
        <time>2026-05-24T13:53:20.000Z</time>
        <extensions>
          <ns3:TrackPointExtension>
            <ns3:hr>126</ns3:hr>
            <ns3:cad>58</ns3:cad>
          </ns3:TrackPointExtension>
        </extensions>
      </trkpt>
      <trkpt lat="52.542148791253566741943359375" lon="-2.8437080048024654388427734375">
        <ele>470.20001220703125</ele>
        <time>2026-05-24T13:53:22.000Z</time>
        <extensions>
          <ns3:TrackPointExtension>
            <ns3:hr>125</ns3:hr>
            <ns3:cad>59</ns3:cad>
          </ns3:TrackPointExtension>
        </extensions>
      </trkpt>
      <trkpt lat="52.542111240327358245849609375" lon="-2.84356056712567806243896484375">
        <ele>469.79998779296875</ele>
        <time>2026-05-24T13:53:30.000Z</time>
        <extensions>
          <ns3:TrackPointExtension>
            <ns3:hr>125</ns3:hr>
            <ns3:cad>57</ns3:cad>
          </ns3:TrackPointExtension>
        </extensions>
      </trkpt>
      <trkpt lat="52.5421033613383769989013671875" lon="-2.84352846443653106689453125">
        <ele>469.399993896484375</ele>
        <time>2026-05-24T13:53:32.000Z</time>
        <extensions>
          <ns3:TrackPointExtension>
            <ns3:hr>125</ns3:hr>
            <ns3:cad>57</ns3:cad>
          </ns3:TrackPointExtension>
        </extensions>
      </trkpt>
      <trkpt lat="52.5420839153230190277099609375" lon="-2.84342394210398197174072265625">
        <ele>469</ele>
        <time>2026-05-24T13:53:38.000Z</time>
        <extensions>
          <ns3:TrackPointExtension>
            <ns3:hr>122</ns3:hr>
            <ns3:cad>57</ns3:cad>
          </ns3:TrackPointExtension>
        </extensions>
      </trkpt>
      <trkpt lat="52.54207360558211803436279296875" lon="-2.84332252107560634613037109375">
        <ele>468.399993896484375</ele>
        <time>2026-05-24T13:53:43.000Z</time>
        <extensions>
          <ns3:TrackPointExtension>
            <ns3:hr>121</ns3:hr>
            <ns3:cad>58</ns3:cad>
          </ns3:TrackPointExtension>
        </extensions>
      </trkpt>
      <trkpt lat="52.54207226447761058807373046875" lon="-2.84330257214605808258056640625">
        <ele>468.20001220703125</ele>
        <time>2026-05-24T13:53:44.000Z</time>
        <extensions>
          <ns3:TrackPointExtension>
            <ns3:hr>121</ns3:hr>
            <ns3:cad>58</ns3:cad>
          </ns3:TrackPointExtension>
        </extensions>
      </trkpt>
      <trkpt lat="52.54205591976642608642578125" lon="-2.8431440703570842742919921875">
        <ele>467.79998779296875</ele>
        <time>2026-05-24T13:53:52.000Z</time>
        <extensions>
          <ns3:TrackPointExtension>
            <ns3:hr>121</ns3:hr>
            <ns3:cad>58</ns3:cad>
          </ns3:TrackPointExtension>
        </extensions>
      </trkpt>
      <trkpt lat="52.54205147735774517059326171875" lon="-2.8430786915123462677001953125">
        <ele>467.20001220703125</ele>
        <time>2026-05-24T13:53:55.000Z</time>
        <extensions>
          <ns3:TrackPointExtension>
            <ns3:hr>120</ns3:hr>
            <ns3:cad>57</ns3:cad>
          </ns3:TrackPointExtension>
        </extensions>
      </trkpt>
      <trkpt lat="52.54204946570098400115966796875" lon="-2.84299478866159915924072265625">
        <ele>467</ele>
        <time>2026-05-24T13:53:59.000Z</time>
        <extensions>
          <ns3:TrackPointExtension>
            <ns3:hr>120</ns3:hr>
            <ns3:cad>59</ns3:cad>
          </ns3:TrackPointExtension>
        </extensions>
      </trkpt>
      <trkpt lat="52.54205323755741119384765625" lon="-2.84290024079382419586181640625">
        <ele>466.20001220703125</ele>
        <time>2026-05-24T13:54:04.000Z</time>
        <extensions>
          <ns3:TrackPointExtension>
            <ns3:hr>121</ns3:hr>
            <ns3:cad>58</ns3:cad>
          </ns3:TrackPointExtension>
        </extensions>
      </trkpt>
      <trkpt lat="52.542050890624523162841796875" lon="-2.8428631089627742767333984375">
        <ele>466</ele>
        <time>2026-05-24T13:54:06.000Z</time>
        <extensions>
          <ns3:TrackPointExtension>
            <ns3:hr>121</ns3:hr>
            <ns3:cad>58</ns3:cad>
          </ns3:TrackPointExtension>
        </extensions>
      </trkpt>
      <trkpt lat="52.5420346297323703765869140625" lon="-2.84274048171937465667724609375">
        <ele>465.600006103515625</ele>
        <time>2026-05-24T13:54:12.000Z</time>
        <extensions>
          <ns3:TrackPointExtension>
            <ns3:hr>121</ns3:hr>
            <ns3:cad>57</ns3:cad>
          </ns3:TrackPointExtension>
        </extensions>
      </trkpt>
      <trkpt lat="52.54200420342385768890380859375" lon="-2.8426297567784786224365234375">
        <ele>465.20001220703125</ele>
        <time>2026-05-24T13:54:18.000Z</time>
        <extensions>
          <ns3:TrackPointExtension>
            <ns3:hr>124</ns3:hr>
            <ns3:cad>58</ns3:cad>
          </ns3:TrackPointExtension>
        </extensions>
      </trkpt>
      <trkpt lat="52.5419761240482330322265625" lon="-2.842488773167133331298828125">
        <ele>464.600006103515625</ele>
        <time>2026-05-24T13:54:25.000Z</time>
        <extensions>
          <ns3:TrackPointExtension>
            <ns3:hr>125</ns3:hr>
            <ns3:cad>57</ns3:cad>
          </ns3:TrackPointExtension>
        </extensions>
      </trkpt>
      <trkpt lat="52.5419734418392181396484375" lon="-2.8424463607370853424072265625">
        <ele>464.20001220703125</ele>
        <time>2026-05-24T13:54:27.000Z</time>
        <extensions>
          <ns3:TrackPointExtension>
            <ns3:hr>125</ns3:hr>
            <ns3:cad>57</ns3:cad>
          </ns3:TrackPointExtension>
        </extensions>
      </trkpt>
      <trkpt lat="52.54197067581117153167724609375" lon="-2.84233731217682361602783203125">
        <ele>463.600006103515625</ele>
        <time>2026-05-24T13:54:33.000Z</time>
        <extensions>
          <ns3:TrackPointExtension>
            <ns3:hr>125</ns3:hr>
            <ns3:cad>57</ns3:cad>
          </ns3:TrackPointExtension>
        </extensions>
      </trkpt>
      <trkpt lat="52.54195944406092166900634765625" lon="-2.842260785400867462158203125">
        <ele>463</ele>
        <time>2026-05-24T13:54:37.000Z</time>
        <extensions>
          <ns3:TrackPointExtension>
            <ns3:hr>125</ns3:hr>
            <ns3:cad>57</ns3:cad>
          </ns3:TrackPointExtension>
        </extensions>
      </trkpt>
      <trkpt lat="52.54195399582386016845703125" lon="-2.84220077097415924072265625">
        <ele>462.600006103515625</ele>
        <time>2026-05-24T13:54:40.000Z</time>
        <extensions>
          <ns3:TrackPointExtension>
            <ns3:hr>124</ns3:hr>
            <ns3:cad>57</ns3:cad>
          </ns3:TrackPointExtension>
        </extensions>
      </trkpt>
      <trkpt lat="52.541938237845897674560546875" lon="-2.8421020321547985076904296875">
        <ele>462</ele>
        <time>2026-05-24T13:54:45.000Z</time>
        <extensions>
          <ns3:TrackPointExtension>
            <ns3:hr>123</ns3:hr>
            <ns3:cad>58</ns3:cad>
          </ns3:TrackPointExtension>
        </extensions>
      </trkpt>
      <trkpt lat="52.5419313646852970123291015625" lon="-2.8420617990195751190185546875">
        <ele>461.600006103515625</ele>
        <time>2026-05-24T13:54:47.000Z</time>
        <extensions>
          <ns3:TrackPointExtension>
            <ns3:hr>123</ns3:hr>
            <ns3:cad>58</ns3:cad>
          </ns3:TrackPointExtension>
        </extensions>
      </trkpt>
      <trkpt lat="52.54190982319414615631103515625" lon="-2.84191637299954891204833984375">
        <ele>461.20001220703125</ele>
        <time>2026-05-24T13:54:54.000Z</time>
        <extensions>
          <ns3:TrackPointExtension>
            <ns3:hr>122</ns3:hr>
            <ns3:cad>57</ns3:cad>
          </ns3:TrackPointExtension>
        </extensions>
      </trkpt>
      <trkpt lat="52.54190697334706783294677734375" lon="-2.84189499914646148681640625">
        <ele>461</ele>
        <time>2026-05-24T13:54:55.000Z</time>
        <extensions>
          <ns3:TrackPointExtension>
            <ns3:hr>122</ns3:hr>
            <ns3:cad>57</ns3:cad>
          </ns3:TrackPointExtension>
        </extensions>
      </trkpt>
      <trkpt lat="52.54190839827060699462890625" lon="-2.84181377850472927093505859375">
        <ele>460.79998779296875</ele>
        <time>2026-05-24T13:54:59.000Z</time>
        <extensions>
          <ns3:TrackPointExtension>
            <ns3:hr>122</ns3:hr>
            <ns3:cad>58</ns3:cad>
          </ns3:TrackPointExtension>
        </extensions>
      </trkpt>
      <trkpt lat="52.54190437495708465576171875" lon="-2.84167614765465259552001953125">
        <ele>460.600006103515625</ele>
        <time>2026-05-24T13:55:06.000Z</time>
        <extensions>
          <ns3:TrackPointExtension>
            <ns3:hr>119</ns3:hr>
            <ns3:cad>57</ns3:cad>
          </ns3:TrackPointExtension>
        </extensions>
      </trkpt>
      <trkpt lat="52.5418998487293720245361328125" lon="-2.84161780960857868194580078125">
        <ele>460.399993896484375</ele>
        <time>2026-05-24T13:55:09.000Z</time>
        <extensions>
          <ns3:TrackPointExtension>
            <ns3:hr>119</ns3:hr>
            <ns3:cad>57</ns3:cad>
          </ns3:TrackPointExtension>
        </extensions>
      </trkpt>
      <trkpt lat="52.541868500411510467529296875" lon="-2.84148571081459522247314453125">
        <ele>460.20001220703125</ele>
        <time>2026-05-24T13:55:16.000Z</time>
        <extensions>
          <ns3:TrackPointExtension>
            <ns3:hr>120</ns3:hr>
            <ns3:cad>57</ns3:cad>
          </ns3:TrackPointExtension>
        </extensions>
      </trkpt>
      <trkpt lat="52.54184662364423274993896484375" lon="-2.84142988733947277069091796875">
        <ele>460</ele>
        <time>2026-05-24T13:55:19.000Z</time>
        <extensions>
          <ns3:TrackPointExtension>
            <ns3:hr>120</ns3:hr>
            <ns3:cad>58</ns3:cad>
          </ns3:TrackPointExtension>
        </extensions>
      </trkpt>
      <trkpt lat="52.54181762225925922393798828125" lon="-2.84136752597987651824951171875">
        <ele>459.79998779296875</ele>
        <time>2026-05-24T13:55:23.000Z</time>
        <extensions>
          <ns3:TrackPointExtension>
            <ns3:hr>120</ns3:hr>
            <ns3:cad>59</ns3:cad>
          </ns3:TrackPointExtension>
        </extensions>
      </trkpt>
      <trkpt lat="52.54177697002887725830078125" lon="-2.841274403035640716552734375">
        <ele>458.79998779296875</ele>
        <time>2026-05-24T13:55:29.000Z</time>
        <extensions>
          <ns3:TrackPointExtension>
            <ns3:hr>121</ns3:hr>
            <ns3:cad>57</ns3:cad>
          </ns3:TrackPointExtension>
        </extensions>
      </trkpt>
      <trkpt lat="52.54176816903054714202880859375" lon="-2.841256968677043914794921875">
        <ele>458.600006103515625</ele>
        <time>2026-05-24T13:55:30.000Z</time>
        <extensions>
          <ns3:TrackPointExtension>
            <ns3:hr>120</ns3:hr>
            <ns3:cad>57</ns3:cad>
          </ns3:TrackPointExtension>
        </extensions>
      </trkpt>
      <trkpt lat="52.5417043827474117279052734375" lon="-2.84115605056285858154296875">
        <ele>457.79998779296875</ele>
        <time>2026-05-24T13:55:37.000Z</time>
        <extensions>
          <ns3:TrackPointExtension>
            <ns3:hr>122</ns3:hr>
            <ns3:cad>58</ns3:cad>
          </ns3:TrackPointExtension>
        </extensions>
      </trkpt>
      <trkpt lat="52.5416379980742931365966796875" lon="-2.84106644801795482635498046875">
        <ele>457.399993896484375</ele>
        <time>2026-05-24T13:55:44.000Z</time>
        <extensions>
          <ns3:TrackPointExtension>
            <ns3:hr>121</ns3:hr>
            <ns3:cad>59</ns3:cad>
          </ns3:TrackPointExtension>
        </extensions>
      </trkpt>
      <trkpt lat="52.541575133800506591796875" lon="-2.841007523238658905029296875">
        <ele>456.79998779296875</ele>
        <time>2026-05-24T13:55:49.000Z</time>
        <extensions>
          <ns3:TrackPointExtension>
            <ns3:hr>119</ns3:hr>
            <ns3:cad>59</ns3:cad>
          </ns3:TrackPointExtension>
        </extensions>
      </trkpt>
      <trkpt lat="52.5415521673858165740966796875" lon="-2.84098581410944461822509765625">
        <ele>456.20001220703125</ele>
        <time>2026-05-24T13:55:51.000Z</time>
        <extensions>
          <ns3:TrackPointExtension>
            <ns3:hr>118</ns3:hr>
            <ns3:cad>60</ns3:cad>
          </ns3:TrackPointExtension>
        </extensions>
      </trkpt>
      <trkpt lat="52.54153498448431491851806640625" lon="-2.84096536226570606231689453125">
        <ele>455.600006103515625</ele>
        <time>2026-05-24T13:55:53.000Z</time>
        <extensions>
          <ns3:TrackPointExtension>
            <ns3:hr>117</ns3:hr>
            <ns3:cad>60</ns3:cad>
          </ns3:TrackPointExtension>
        </extensions>
      </trkpt>
      <trkpt lat="52.54150740802288055419921875" lon="-2.84093166701495647430419921875">
        <ele>455.600006103515625</ele>
        <time>2026-05-24T13:55:56.000Z</time>
        <extensions>
          <ns3:TrackPointExtension>
            <ns3:hr>116</ns3:hr>
            <ns3:cad>60</ns3:cad>
          </ns3:TrackPointExtension>
        </extensions>
      </trkpt>
      <trkpt lat="52.54141948185861110687255859375" lon="-2.84085840918123722076416015625">
        <ele>456</ele>
        <time>2026-05-24T13:56:03.000Z</time>
        <extensions>
          <ns3:TrackPointExtension>
            <ns3:hr>117</ns3:hr>
            <ns3:cad>59</ns3:cad>
          </ns3:TrackPointExtension>
        </extensions>
      </trkpt>
      <trkpt lat="52.541324011981487274169921875" lon="-2.84079470671713352203369140625">
        <ele>455.20001220703125</ele>
        <time>2026-05-24T13:56:11.000Z</time>
        <extensions>
          <ns3:TrackPointExtension>
            <ns3:hr>118</ns3:hr>
            <ns3:cad>60</ns3:cad>
          </ns3:TrackPointExtension>
        </extensions>
      </trkpt>
      <trkpt lat="52.54123625345528125762939453125" lon="-2.8407434932887554168701171875">
        <ele>455</ele>
        <time>2026-05-24T13:56:18.000Z</time>
        <extensions>
          <ns3:TrackPointExtension>
            <ns3:hr>118</ns3:hr>
            <ns3:cad>59</ns3:cad>
          </ns3:TrackPointExtension>
        </extensions>
      </trkpt>
      <trkpt lat="52.54115478135645389556884765625" lon="-2.840703092515468597412109375">
        <ele>454.79998779296875</ele>
        <time>2026-05-24T13:56:25.000Z</time>
        <extensions>
          <ns3:TrackPointExtension>
            <ns3:hr>117</ns3:hr>
            <ns3:cad>57</ns3:cad>
          </ns3:TrackPointExtension>
        </extensions>
      </trkpt>
      <trkpt lat="52.5410936772823333740234375" lon="-2.84066931344568729400634765625">
        <ele>454.600006103515625</ele>
        <time>2026-05-24T13:56:30.000Z</time>
        <extensions>
          <ns3:TrackPointExtension>
            <ns3:hr>118</ns3:hr>
            <ns3:cad>59</ns3:cad>
          </ns3:TrackPointExtension>
        </extensions>
      </trkpt>
      <trkpt lat="52.5410834513604640960693359375" lon="-2.8406660445034503936767578125">
        <ele>454.600006103515625</ele>
        <time>2026-05-24T13:56:31.000Z</time>
        <extensions>
          <ns3:TrackPointExtension>
            <ns3:hr>118</ns3:hr>
            <ns3:cad>59</ns3:cad>
          </ns3:TrackPointExtension>
        </extensions>
      </trkpt>
      <trkpt lat="52.541051097214221954345703125" lon="-2.84066193737089633941650390625">
        <ele>454.399993896484375</ele>
        <time>2026-05-24T13:56:34.000Z</time>
        <extensions>
          <ns3:TrackPointExtension>
            <ns3:hr>122</ns3:hr>
            <ns3:cad>57</ns3:cad>
          </ns3:TrackPointExtension>
        </extensions>
      </trkpt>
      <trkpt lat="52.54100373946130275726318359375" lon="-2.84066176973283290863037109375">
        <ele>454.79998779296875</ele>
        <time>2026-05-24T13:56:38.000Z</time>
        <extensions>
          <ns3:TrackPointExtension>
            <ns3:hr>124</ns3:hr>
            <ns3:cad>57</ns3:cad>
          </ns3:TrackPointExtension>
        </extensions>
      </trkpt>
      <trkpt lat="52.540912628173828125" lon="-2.84065908752381801605224609375">
        <ele>455.20001220703125</ele>
        <time>2026-05-24T13:56:45.000Z</time>
        <extensions>
          <ns3:TrackPointExtension>
            <ns3:hr>126</ns3:hr>
            <ns3:cad>57</ns3:cad>
          </ns3:TrackPointExtension>
        </extensions>
      </trkpt>
      <trkpt lat="52.5408370234072208404541015625" lon="-2.840649448335170745849609375">
        <ele>455.399993896484375</ele>
        <time>2026-05-24T13:56:51.000Z</time>
        <extensions>
          <ns3:TrackPointExtension>
            <ns3:hr>129</ns3:hr>
            <ns3:cad>55</ns3:cad>
          </ns3:TrackPointExtension>
        </extensions>
      </trkpt>
      <trkpt lat="52.54081313498318195343017578125" lon="-2.84064651466906070709228515625">
        <ele>455.399993896484375</ele>
        <time>2026-05-24T13:56:53.000Z</time>
        <extensions>
          <ns3:TrackPointExtension>
            <ns3:hr>130</ns3:hr>
            <ns3:cad>55</ns3:cad>
          </ns3:TrackPointExtension>
        </extensions>
      </trkpt>
      <trkpt lat="52.5407793559134006500244140625" lon="-2.84064232371747493743896484375">
        <ele>455.79998779296875</ele>
        <time>2026-05-24T13:56:56.000Z</time>
        <extensions>
          <ns3:TrackPointExtension>
            <ns3:hr>132</ns3:hr>
            <ns3:cad>55</ns3:cad>
          </ns3:TrackPointExtension>
        </extensions>
      </trkpt>
      <trkpt lat="52.540743313729763031005859375" lon="-2.8406281583011150360107421875">
        <ele>456</ele>
        <time>2026-05-24T13:56:59.000Z</time>
        <extensions>
          <ns3:TrackPointExtension>
            <ns3:hr>133</ns3:hr>
            <ns3:cad>57</ns3:cad>
          </ns3:TrackPointExtension>
        </extensions>
      </trkpt>
      <trkpt lat="52.54067902453243732452392578125" lon="-2.8405758552253246307373046875">
        <ele>456.399993896484375</ele>
        <time>2026-05-24T13:57:05.000Z</time>
        <extensions>
          <ns3:TrackPointExtension>
            <ns3:hr>135</ns3:hr>
            <ns3:cad>57</ns3:cad>
          </ns3:TrackPointExtension>
        </extensions>
      </trkpt>
      <trkpt lat="52.540614567697048187255859375" lon="-2.84048147499561309814453125">
        <ele>455.79998779296875</ele>
        <time>2026-05-24T13:57:12.000Z</time>
        <extensions>
          <ns3:TrackPointExtension>
            <ns3:hr>137</ns3:hr>
            <ns3:cad>60</ns3:cad>
          </ns3:TrackPointExtension>
        </extensions>
      </trkpt>
      <trkpt lat="52.54052764736115932464599609375" lon="-2.84038382582366466522216796875">
        <ele>455.20001220703125</ele>
        <time>2026-05-24T13:57:20.000Z</time>
        <extensions>
          <ns3:TrackPointExtension>
            <ns3:hr>137</ns3:hr>
            <ns3:cad>0</ns3:cad>
          </ns3:TrackPointExtension>
        </extensions>
      </trkpt>
      <trkpt lat="52.54045464098453521728515625" lon="-2.840315513312816619873046875">
        <ele>454.79998779296875</ele>
        <time>2026-05-24T13:57:26.000Z</time>
        <extensions>
          <ns3:TrackPointExtension>
            <ns3:hr>137</ns3:hr>
            <ns3:cad>62</ns3:cad>
          </ns3:TrackPointExtension>
        </extensions>
      </trkpt>
      <trkpt lat="52.5404427386820316314697265625" lon="-2.8403024375438690185546875">
        <ele>454.600006103515625</ele>
        <time>2026-05-24T13:57:27.000Z</time>
        <extensions>
          <ns3:TrackPointExtension>
            <ns3:hr>137</ns3:hr>
            <ns3:cad>61</ns3:cad>
          </ns3:TrackPointExtension>
        </extensions>
      </trkpt>
      <trkpt lat="52.54038414917886257171630859375" lon="-2.84024317748844623565673828125">
        <ele>453.600006103515625</ele>
        <time>2026-05-24T13:57:32.000Z</time>
        <extensions>
          <ns3:TrackPointExtension>
            <ns3:hr>137</ns3:hr>
            <ns3:cad>61</ns3:cad>
          </ns3:TrackPointExtension>
        </extensions>
      </trkpt>
      <trkpt lat="52.5403719954192638397216796875" lon="-2.84023345448076725006103515625">
        <ele>453.399993896484375</ele>
        <time>2026-05-24T13:57:33.000Z</time>
        <extensions>
          <ns3:TrackPointExtension>
            <ns3:hr>136</ns3:hr>
            <ns3:cad>61</ns3:cad>
          </ns3:TrackPointExtension>
        </extensions>
      </trkpt>
      <trkpt lat="52.54029395990073680877685546875" lon="-2.840170674026012420654296875">
        <ele>453</ele>
        <time>2026-05-24T13:57:40.000Z</time>
        <extensions>
          <ns3:TrackPointExtension>
            <ns3:hr>137</ns3:hr>
            <ns3:cad>60</ns3:cad>
          </ns3:TrackPointExtension>
        </extensions>
      </trkpt>
      <trkpt lat="52.54021592438220977783203125" lon="-2.84009431488811969757080078125">
        <ele>453</ele>
        <time>2026-05-24T13:57:47.000Z</time>
        <extensions>
          <ns3:TrackPointExtension>
            <ns3:hr>137</ns3:hr>
            <ns3:cad>59</ns3:cad>
          </ns3:TrackPointExtension>
        </extensions>
      </trkpt>
      <trkpt lat="52.5401802174746990203857421875" lon="-2.8400575183331966400146484375">
        <ele>452.600006103515625</ele>
        <time>2026-05-24T13:57:50.000Z</time>
        <extensions>
          <ns3:TrackPointExtension>
            <ns3:hr>137</ns3:hr>
            <ns3:cad>59</ns3:cad>
          </ns3:TrackPointExtension>
        </extensions>
      </trkpt>
      <trkpt lat="52.54012699238955974578857421875" lon="-2.84000060521066188812255859375">
        <ele>452.20001220703125</ele>
        <time>2026-05-24T13:57:55.000Z</time>
        <extensions>
          <ns3:TrackPointExtension>
            <ns3:hr>136</ns3:hr>
            <ns3:cad>60</ns3:cad>
          </ns3:TrackPointExtension>
        </extensions>
      </trkpt>
      <trkpt lat="52.5400601886212825775146484375" lon="-2.8399217315018177032470703125">
        <ele>452.600006103515625</ele>
        <time>2026-05-24T13:58:02.000Z</time>
        <extensions>
          <ns3:TrackPointExtension>
            <ns3:hr>133</ns3:hr>
            <ns3:cad>61</ns3:cad>
          </ns3:TrackPointExtension>
        </extensions>
      </trkpt>
      <trkpt lat="52.5399931333959102630615234375" lon="-2.839836739003658294677734375">
        <ele>452.20001220703125</ele>
        <time>2026-05-24T13:58:09.000Z</time>
        <extensions>
          <ns3:TrackPointExtension>
            <ns3:hr>131</ns3:hr>
            <ns3:cad>60</ns3:cad>
          </ns3:TrackPointExtension>
        </extensions>
      </trkpt>
      <trkpt lat="52.53994761966168880462646484375" lon="-2.83979348838329315185546875">
        <ele>451.600006103515625</ele>
        <time>2026-05-24T13:58:13.000Z</time>
        <extensions>
          <ns3:TrackPointExtension>
            <ns3:hr>129</ns3:hr>
            <ns3:cad>59</ns3:cad>
          </ns3:TrackPointExtension>
        </extensions>
      </trkpt>
      <trkpt lat="52.539936639368534088134765625" lon="-2.83978468738496303558349609375">
        <ele>451.399993896484375</ele>
        <time>2026-05-24T13:58:14.000Z</time>
        <extensions>
          <ns3:TrackPointExtension>
            <ns3:hr>129</ns3:hr>
            <ns3:cad>59</ns3:cad>
          </ns3:TrackPointExtension>
        </extensions>
      </trkpt>
      <trkpt lat="52.5398372299969196319580078125" lon="-2.8396977670490741729736328125">
        <ele>451.79998779296875</ele>
        <time>2026-05-24T13:58:23.000Z</time>
        <extensions>
          <ns3:TrackPointExtension>
            <ns3:hr>129</ns3:hr>
            <ns3:cad>57</ns3:cad>
          </ns3:TrackPointExtension>
        </extensions>
      </trkpt>
      <trkpt lat="52.539751231670379638671875" lon="-2.83960632048547267913818359375">
        <ele>450.79998779296875</ele>
        <time>2026-05-24T13:58:31.000Z</time>
        <extensions>
          <ns3:TrackPointExtension>
            <ns3:hr>128</ns3:hr>
            <ns3:cad>57</ns3:cad>
          </ns3:TrackPointExtension>
        </extensions>
      </trkpt>
      <trkpt lat="52.539661042392253875732421875" lon="-2.83951990306377410888671875">
        <ele>450.79998779296875</ele>
        <time>2026-05-24T13:58:39.000Z</time>
        <extensions>
          <ns3:TrackPointExtension>
            <ns3:hr>128</ns3:hr>
            <ns3:cad>58</ns3:cad>
          </ns3:TrackPointExtension>
        </extensions>
      </trkpt>
      <trkpt lat="52.53958200104534626007080078125" lon="-2.83944119699299335479736328125">
        <ele>450.399993896484375</ele>
        <time>2026-05-24T13:58:46.000Z</time>
        <extensions>
          <ns3:TrackPointExtension>
            <ns3:hr>130</ns3:hr>
            <ns3:cad>57</ns3:cad>
          </ns3:TrackPointExtension>
        </extensions>
      </trkpt>
      <trkpt lat="52.53956205211579799652099609375" lon="-2.83942066133022308349609375">
        <ele>450</ele>
        <time>2026-05-24T13:58:48.000Z</time>
        <extensions>
          <ns3:TrackPointExtension>
            <ns3:hr>131</ns3:hr>
            <ns3:cad>57</ns3:cad>
          </ns3:TrackPointExtension>
        </extensions>
      </trkpt>
      <trkpt lat="52.53951963968575000762939453125" lon="-2.83937782980501651763916015625">
        <ele>449.399993896484375</ele>
        <time>2026-05-24T13:58:52.000Z</time>
        <extensions>
          <ns3:TrackPointExtension>
            <ns3:hr>133</ns3:hr>
            <ns3:cad>57</ns3:cad>
          </ns3:TrackPointExtension>
        </extensions>
      </trkpt>
      <trkpt lat="52.539488710463047027587890625" lon="-2.8393396921455860137939453125">
        <ele>449.20001220703125</ele>
        <time>2026-05-24T13:58:55.000Z</time>
        <extensions>
          <ns3:TrackPointExtension>
            <ns3:hr>133</ns3:hr>
            <ns3:cad>57</ns3:cad>
          </ns3:TrackPointExtension>
        </extensions>
      </trkpt>
      <trkpt lat="52.5394633971154689788818359375" lon="-2.83929937519133090972900390625">
        <ele>448.399993896484375</ele>
        <time>2026-05-24T13:58:58.000Z</time>
        <extensions>
          <ns3:TrackPointExtension>
            <ns3:hr>132</ns3:hr>
            <ns3:cad>59</ns3:cad>
          </ns3:TrackPointExtension>
        </extensions>
      </trkpt>
      <trkpt lat="52.539456188678741455078125" lon="-2.839286215603351593017578125">
        <ele>448.399993896484375</ele>
        <time>2026-05-24T13:58:59.000Z</time>
        <extensions>
          <ns3:TrackPointExtension>
            <ns3:hr>132</ns3:hr>
            <ns3:cad>59</ns3:cad>
          </ns3:TrackPointExtension>
        </extensions>
      </trkpt>
      <trkpt lat="52.53940514288842678070068359375" lon="-2.8392223455011844635009765625">
        <ele>448.20001220703125</ele>
        <time>2026-05-24T13:59:05.000Z</time>
        <extensions>
          <ns3:TrackPointExtension>
            <ns3:hr>131</ns3:hr>
            <ns3:cad>60</ns3:cad>
          </ns3:TrackPointExtension>
        </extensions>
      </trkpt>
      <trkpt lat="52.5393529236316680908203125" lon="-2.839166857302188873291015625">
        <ele>447.20001220703125</ele>
        <time>2026-05-24T13:59:10.000Z</time>
        <extensions>
          <ns3:TrackPointExtension>
            <ns3:hr>131</ns3:hr>
            <ns3:cad>58</ns3:cad>
          </ns3:TrackPointExtension>
        </extensions>
      </trkpt>
      <trkpt lat="52.53933372907340526580810546875" lon="-2.8391442261636257171630859375">
        <ele>447</ele>
        <time>2026-05-24T13:59:12.000Z</time>
        <extensions>
          <ns3:TrackPointExtension>
            <ns3:hr>131</ns3:hr>
            <ns3:cad>58</ns3:cad>
          </ns3:TrackPointExtension>
        </extensions>
      </trkpt>
      <trkpt lat="52.53927522338926792144775390625" lon="-2.839095778763294219970703125">
        <ele>447</ele>
        <time>2026-05-24T13:59:18.000Z</time>
        <extensions>
          <ns3:TrackPointExtension>
            <ns3:hr>130</ns3:hr>
            <ns3:cad>58</ns3:cad>
          </ns3:TrackPointExtension>
        </extensions>
      </trkpt>
      <trkpt lat="52.539242617785930633544921875" lon="-2.839066274464130401611328125">
        <ele>446.399993896484375</ele>
        <time>2026-05-24T13:59:21.000Z</time>
        <extensions>
          <ns3:TrackPointExtension>
            <ns3:hr>130</ns3:hr>
            <ns3:cad>58</ns3:cad>
          </ns3:TrackPointExtension>
        </extensions>
      </trkpt>
      <trkpt lat="52.53923415206372737884521484375" lon="-2.83905428834259510040283203125">
        <ele>446.20001220703125</ele>
        <time>2026-05-24T13:59:22.000Z</time>
        <extensions>
          <ns3:TrackPointExtension>
            <ns3:hr>130</ns3:hr>
            <ns3:cad>58</ns3:cad>
          </ns3:TrackPointExtension>
        </extensions>
      </trkpt>
      <trkpt lat="52.5392132811248302459716796875" lon="-2.8390322439372539520263671875">
        <ele>445.79998779296875</ele>
        <time>2026-05-24T13:59:24.000Z</time>
        <extensions>
          <ns3:TrackPointExtension>
            <ns3:hr>130</ns3:hr>
            <ns3:cad>58</ns3:cad>
          </ns3:TrackPointExtension>
        </extensions>
      </trkpt>
      <trkpt lat="52.53915402106940746307373046875" lon="-2.83895722590386867523193359375">
        <ele>445</ele>
        <time>2026-05-24T13:59:30.000Z</time>
        <extensions>
          <ns3:TrackPointExtension>
            <ns3:hr>130</ns3:hr>
            <ns3:cad>59</ns3:cad>
          </ns3:TrackPointExtension>
        </extensions>
      </trkpt>
      <trkpt lat="52.53907338716089725494384765625" lon="-2.83887617290019989013671875">
        <ele>444.399993896484375</ele>
        <time>2026-05-24T13:59:38.000Z</time>
        <extensions>
          <ns3:TrackPointExtension>
            <ns3:hr>130</ns3:hr>
            <ns3:cad>58</ns3:cad>
          </ns3:TrackPointExtension>
        </extensions>
      </trkpt>
      <trkpt lat="52.53903885371983051300048828125" lon="-2.83884474076330661773681640625">
        <ele>444</ele>
        <time>2026-05-24T13:59:41.000Z</time>
        <extensions>
          <ns3:TrackPointExtension>
            <ns3:hr>130</ns3:hr>
            <ns3:cad>58</ns3:cad>
          </ns3:TrackPointExtension>
        </extensions>
      </trkpt>
      <trkpt lat="52.53897749818861484527587890625" lon="-2.8388009034097194671630859375">
        <ele>443.600006103515625</ele>
        <time>2026-05-24T13:59:46.000Z</time>
        <extensions>
          <ns3:TrackPointExtension>
            <ns3:hr>130</ns3:hr>
            <ns3:cad>60</ns3:cad>
          </ns3:TrackPointExtension>
        </extensions>
      </trkpt>
      <trkpt lat="52.5389071740210056304931640625" lon="-2.8387226164340972900390625">
        <ele>443.399993896484375</ele>
        <time>2026-05-24T13:59:53.000Z</time>
        <extensions>
          <ns3:TrackPointExtension>
            <ns3:hr>128</ns3:hr>
            <ns3:cad>58</ns3:cad>
          </ns3:TrackPointExtension>
        </extensions>
      </trkpt>
      <trkpt lat="52.5388578884303569793701171875" lon="-2.83864458091557025909423828125">
        <ele>443</ele>
        <time>2026-05-24T13:59:59.000Z</time>
        <extensions>
          <ns3:TrackPointExtension>
            <ns3:hr>128</ns3:hr>
            <ns3:cad>59</ns3:cad>
          </ns3:TrackPointExtension>
        </extensions>
      </trkpt>
      <trkpt lat="52.53884942270815372467041015625" lon="-2.838631086051464080810546875">
        <ele>442.600006103515625</ele>
        <time>2026-05-24T14:00:01.000Z</time>
        <extensions>
          <ns3:TrackPointExtension>
            <ns3:hr>127</ns3:hr>
            <ns3:cad>57</ns3:cad>
          </ns3:TrackPointExtension>
        </extensions>
      </trkpt>
      <trkpt lat="52.538845650851726531982421875" lon="-2.8386305831372737884521484375">
        <ele>442.399993896484375</ele>
        <time>2026-05-24T14:00:04.000Z</time>
        <extensions>
          <ns3:TrackPointExtension>
            <ns3:hr>127</ns3:hr>
            <ns3:cad>59</ns3:cad>
          </ns3:TrackPointExtension>
        </extensions>
      </trkpt>
      <trkpt lat="52.53884322009980678558349609375" lon="-2.83862647600471973419189453125">
        <ele>442.399993896484375</ele>
        <time>2026-05-24T14:00:07.000Z</time>
        <extensions>
          <ns3:TrackPointExtension>
            <ns3:hr>127</ns3:hr>
            <ns3:cad>56</ns3:cad>
          </ns3:TrackPointExtension>
        </extensions>
      </trkpt>
      <trkpt lat="52.5388407893478870391845703125" lon="-2.83862530253827571868896484375">
        <ele>442.399993896484375</ele>
        <time>2026-05-24T14:00:16.000Z</time>
        <extensions>
          <ns3:TrackPointExtension>
            <ns3:hr>127</ns3:hr>
            <ns3:cad>0</ns3:cad>
          </ns3:TrackPointExtension>
        </extensions>
      </trkpt>
      <trkpt lat="52.5388371013104915618896484375" lon="-2.8386255539953708648681640625">
        <ele>442.399993896484375</ele>
        <time>2026-05-24T14:00:19.000Z</time>
        <extensions>
          <ns3:TrackPointExtension>
            <ns3:hr>130</ns3:hr>
            <ns3:cad>0</ns3:cad>
          </ns3:TrackPointExtension>
        </extensions>
      </trkpt>
      <trkpt lat="52.5388290546834468841552734375" lon="-2.83861189149320125579833984375">
        <ele>442.399993896484375</ele>
        <time>2026-05-24T14:00:22.000Z</time>
        <extensions>
          <ns3:TrackPointExtension>
            <ns3:hr>130</ns3:hr>
            <ns3:cad>0</ns3:cad>
          </ns3:TrackPointExtension>
        </extensions>
      </trkpt>
      <trkpt lat="52.53880248405039310455322265625" lon="-2.8385294973850250244140625">
        <ele>442.20001220703125</ele>
        <time>2026-05-24T14:00:27.000Z</time>
        <extensions>
          <ns3:TrackPointExtension>
            <ns3:hr>131</ns3:hr>
            <ns3:cad>61</ns3:cad>
          </ns3:TrackPointExtension>
        </extensions>
      </trkpt>
      <trkpt lat="52.53879175521433353424072265625" lon="-2.83849873580038547515869140625">
        <ele>441.79998779296875</ele>
        <time>2026-05-24T14:00:29.000Z</time>
        <extensions>
          <ns3:TrackPointExtension>
            <ns3:hr>132</ns3:hr>
            <ns3:cad>63</ns3:cad>
          </ns3:TrackPointExtension>
        </extensions>
      </trkpt>
      <trkpt lat="52.538759149610996246337890625" lon="-2.8384260646998882293701171875">
        <ele>440.600006103515625</ele>
        <time>2026-05-24T14:00:34.000Z</time>
        <extensions>
          <ns3:TrackPointExtension>
            <ns3:hr>132</ns3:hr>
            <ns3:cad>62</ns3:cad>
          </ns3:TrackPointExtension>
        </extensions>
      </trkpt>
      <trkpt lat="52.53871212713420391082763671875" lon="-2.83833243884146213531494140625">
        <ele>439.399993896484375</ele>
        <time>2026-05-24T14:00:40.000Z</time>
        <extensions>
          <ns3:TrackPointExtension>
            <ns3:hr>133</ns3:hr>
            <ns3:cad>61</ns3:cad>
          </ns3:TrackPointExtension>
        </extensions>
      </trkpt>
      <trkpt lat="52.5386982969939708709716796875" lon="-2.8382932953536510467529296875">
        <ele>439</ele>
        <time>2026-05-24T14:00:42.000Z</time>
        <extensions>
          <ns3:TrackPointExtension>
            <ns3:hr>133</ns3:hr>
            <ns3:cad>61</ns3:cad>
          </ns3:TrackPointExtension>
        </extensions>
      </trkpt>
      <trkpt lat="52.53867633640766143798828125" lon="-2.8382309339940547943115234375">
        <ele>438.20001220703125</ele>
        <time>2026-05-24T14:00:46.000Z</time>
        <extensions>
          <ns3:TrackPointExtension>
            <ns3:hr>133</ns3:hr>
            <ns3:cad>63</ns3:cad>
          </ns3:TrackPointExtension>
        </extensions>
      </trkpt>
      <trkpt lat="52.5386570580303668975830078125" lon="-2.8381893597543239593505859375">
        <ele>437.600006103515625</ele>
        <time>2026-05-24T14:00:49.000Z</time>
        <extensions>
          <ns3:TrackPointExtension>
            <ns3:hr>133</ns3:hr>
            <ns3:cad>65</ns3:cad>
          </ns3:TrackPointExtension>
        </extensions>
      </trkpt>
      <trkpt lat="52.5386423058807849884033203125" lon="-2.8381625376641750335693359375">
        <ele>437.20001220703125</ele>
        <time>2026-05-24T14:00:51.000Z</time>
        <extensions>
          <ns3:TrackPointExtension>
            <ns3:hr>133</ns3:hr>
            <ns3:cad>63</ns3:cad>
          </ns3:TrackPointExtension>
        </extensions>
      </trkpt>
      <trkpt lat="52.5386071018874645233154296875" lon="-2.83808718435466289520263671875">
        <ele>436.399993896484375</ele>
        <time>2026-05-24T14:00:56.000Z</time>
        <extensions>
          <ns3:TrackPointExtension>
            <ns3:hr>133</ns3:hr>
            <ns3:cad>58</ns3:cad>
          </ns3:TrackPointExtension>
        </extensions>
      </trkpt>
      <trkpt lat="52.538592852652072906494140625" lon="-2.83804192207753658294677734375">
        <ele>436</ele>
        <time>2026-05-24T14:00:59.000Z</time>
        <extensions>
          <ns3:TrackPointExtension>
            <ns3:hr>133</ns3:hr>
            <ns3:cad>58</ns3:cad>
          </ns3:TrackPointExtension>
        </extensions>
      </trkpt>
      <trkpt lat="52.53858723677694797515869140625" lon="-2.83794200979173183441162109375">
        <ele>435</ele>
        <time>2026-05-24T14:01:04.000Z</time>
        <extensions>
          <ns3:TrackPointExtension>
            <ns3:hr>131</ns3:hr>
            <ns3:cad>61</ns3:cad>
          </ns3:TrackPointExtension>
        </extensions>
      </trkpt>
      <trkpt lat="52.5385884940624237060546875" lon="-2.8379221446812152862548828125">
        <ele>434.79998779296875</ele>
        <time>2026-05-24T14:01:05.000Z</time>
        <extensions>
          <ns3:TrackPointExtension>
            <ns3:hr>131</ns3:hr>
            <ns3:cad>61</ns3:cad>
          </ns3:TrackPointExtension>
        </extensions>
      </trkpt>
      <trkpt lat="52.5385826267302036285400390625" lon="-2.8378185443580150604248046875">
        <ele>434.399993896484375</ele>
        <time>2026-05-24T14:01:10.000Z</time>
        <extensions>
          <ns3:TrackPointExtension>
            <ns3:hr>131</ns3:hr>
            <ns3:cad>60</ns3:cad>
          </ns3:TrackPointExtension>
        </extensions>
      </trkpt>
      <trkpt lat="52.53857332281768321990966796875" lon="-2.83773916773498058319091796875">
        <ele>433.79998779296875</ele>
        <time>2026-05-24T14:01:14.000Z</time>
        <extensions>
          <ns3:TrackPointExtension>
            <ns3:hr>131</ns3:hr>
            <ns3:cad>60</ns3:cad>
          </ns3:TrackPointExtension>
        </extensions>
      </trkpt>
      <trkpt lat="52.53856879658997058868408203125" lon="-2.83769105561077594757080078125">
        <ele>433</ele>
        <time>2026-05-24T14:01:17.000Z</time>
        <extensions>
          <ns3:TrackPointExtension>
            <ns3:hr>131</ns3:hr>
            <ns3:cad>60</ns3:cad>
          </ns3:TrackPointExtension>
        </extensions>
      </trkpt>
      <trkpt lat="52.53856359981000423431396484375" lon="-2.83765635453164577484130859375">
        <ele>432.399993896484375</ele>
        <time>2026-05-24T14:01:19.000Z</time>
        <extensions>
          <ns3:TrackPointExtension>
            <ns3:hr>131</ns3:hr>
            <ns3:cad>60</ns3:cad>
          </ns3:TrackPointExtension>
        </extensions>
      </trkpt>
      <trkpt lat="52.5385615043342113494873046875" lon="-2.837577648460865020751953125">
        <ele>431.600006103515625</ele>
        <time>2026-05-24T14:01:23.000Z</time>
        <extensions>
          <ns3:TrackPointExtension>
            <ns3:hr>130</ns3:hr>
            <ns3:cad>61</ns3:cad>
          </ns3:TrackPointExtension>
        </extensions>
      </trkpt>
      <trkpt lat="52.53855940885841846466064453125" lon="-2.8375422768294811248779296875">
        <ele>431.399993896484375</ele>
        <time>2026-05-24T14:01:25.000Z</time>
        <extensions>
          <ns3:TrackPointExtension>
            <ns3:hr>130</ns3:hr>
            <ns3:cad>61</ns3:cad>
          </ns3:TrackPointExtension>
        </extensions>
      </trkpt>
      <trkpt lat="52.53855161368846893310546875" lon="-2.83746206201612949371337890625">
        <ele>430.399993896484375</ele>
        <time>2026-05-24T14:01:29.000Z</time>
        <extensions>
          <ns3:TrackPointExtension>
            <ns3:hr>129</ns3:hr>
            <ns3:cad>62</ns3:cad>
          </ns3:TrackPointExtension>
        </extensions>
      </trkpt>
      <trkpt lat="52.53854759037494659423828125" lon="-2.83744144253432750701904296875">
        <ele>430.399993896484375</ele>
        <time>2026-05-24T14:01:30.000Z</time>
        <extensions>
          <ns3:TrackPointExtension>
            <ns3:hr>129</ns3:hr>
            <ns3:cad>62</ns3:cad>
          </ns3:TrackPointExtension>
        </extensions>
      </trkpt>
      <trkpt lat="52.5385269708931446075439453125" lon="-2.837361730635166168212890625">
        <ele>429.20001220703125</ele>
        <time>2026-05-24T14:01:35.000Z</time>
        <extensions>
          <ns3:TrackPointExtension>
            <ns3:hr>128</ns3:hr>
            <ns3:cad>61</ns3:cad>
          </ns3:TrackPointExtension>
        </extensions>
      </trkpt>
      <trkpt lat="52.538524456322193145751953125" lon="-2.83734521828591823577880859375">
        <ele>429</ele>
        <time>2026-05-24T14:01:36.000Z</time>
        <extensions>
          <ns3:TrackPointExtension>
            <ns3:hr>129</ns3:hr>
            <ns3:cad>61</ns3:cad>
          </ns3:TrackPointExtension>
        </extensions>
      </trkpt>
      <trkpt lat="52.5385128892958164215087890625" lon="-2.83727212809026241302490234375">
        <ele>428.20001220703125</ele>
        <time>2026-05-24T14:01:40.000Z</time>
        <extensions>
          <ns3:TrackPointExtension>
            <ns3:hr>127</ns3:hr>
            <ns3:cad>61</ns3:cad>
          </ns3:TrackPointExtension>
        </extensions>
      </trkpt>
      <trkpt lat="52.53850894980132579803466796875" lon="-2.83722686581313610076904296875">
        <ele>427.79998779296875</ele>
        <time>2026-05-24T14:01:42.000Z</time>
        <extensions>
          <ns3:TrackPointExtension>
            <ns3:hr>126</ns3:hr>
            <ns3:cad>60</ns3:cad>
          </ns3:TrackPointExtension>
        </extensions>
      </trkpt>
      <trkpt lat="52.53850660286843776702880859375" lon="-2.8371691145002841949462890625">
        <ele>427</ele>
        <time>2026-05-24T14:01:44.000Z</time>
        <extensions>
          <ns3:TrackPointExtension>
            <ns3:hr>125</ns3:hr>
            <ns3:cad>60</ns3:cad>
          </ns3:TrackPointExtension>
        </extensions>
      </trkpt>
      <trkpt lat="52.538502998650074005126953125" lon="-2.8370812721550464630126953125">
        <ele>426</ele>
        <time>2026-05-24T14:01:47.000Z</time>
        <extensions>
          <ns3:TrackPointExtension>
            <ns3:hr>125</ns3:hr>
            <ns3:cad>73</ns3:cad>
          </ns3:TrackPointExtension>
        </extensions>
      </trkpt>
      <trkpt lat="52.5385024957358837127685546875" lon="-2.8370601497590541839599609375">
        <ele>425.79998779296875</ele>
        <time>2026-05-24T14:01:48.000Z</time>
        <extensions>
          <ns3:TrackPointExtension>
            <ns3:hr>125</ns3:hr>
            <ns3:cad>73</ns3:cad>
          </ns3:TrackPointExtension>
        </extensions>
      </trkpt>
      <trkpt lat="52.53849755041301250457763671875" lon="-2.83700105734169483184814453125">
        <ele>425</ele>
        <time>2026-05-24T14:01:52.000Z</time>
        <extensions>
          <ns3:TrackPointExtension>
            <ns3:hr>125</ns3:hr>
            <ns3:cad>73</ns3:cad>
          </ns3:TrackPointExtension>
        </extensions>
      </trkpt>
      <trkpt lat="52.5384884141385555267333984375" lon="-2.83695395104587078094482421875">
        <ele>424.79998779296875</ele>
        <time>2026-05-24T14:01:55.000Z</time>
        <extensions>
          <ns3:TrackPointExtension>
            <ns3:hr>125</ns3:hr>
            <ns3:cad>56</ns3:cad>
          </ns3:TrackPointExtension>
        </extensions>
      </trkpt>
      <trkpt lat="52.5384719856083393096923828125" lon="-2.836823277175426483154296875">
        <ele>424.399993896484375</ele>
        <time>2026-05-24T14:02:02.000Z</time>
        <extensions>
          <ns3:TrackPointExtension>
            <ns3:hr>126</ns3:hr>
            <ns3:cad>60</ns3:cad>
          </ns3:TrackPointExtension>
        </extensions>
      </trkpt>
      <trkpt lat="52.5384706445038318634033203125" lon="-2.836768291890621185302734375">
        <ele>424</ele>
        <time>2026-05-24T14:02:05.000Z</time>
        <extensions>
          <ns3:TrackPointExtension>
            <ns3:hr>126</ns3:hr>
            <ns3:cad>60</ns3:cad>
          </ns3:TrackPointExtension>
        </extensions>
      </trkpt>
      <trkpt lat="52.53847391344606876373291015625" lon="-2.83671305514872074127197265625">
        <ele>423.399993896484375</ele>
        <time>2026-05-24T14:02:08.000Z</time>
        <extensions>
          <ns3:TrackPointExtension>
            <ns3:hr>126</ns3:hr>
            <ns3:cad>59</ns3:cad>
          </ns3:TrackPointExtension>
        </extensions>
      </trkpt>
      <trkpt lat="52.5384770147502422332763671875" lon="-2.8366782702505588531494140625">
        <ele>422.79998779296875</ele>
        <time>2026-05-24T14:02:10.000Z</time>
        <extensions>
          <ns3:TrackPointExtension>
            <ns3:hr>128</ns3:hr>
            <ns3:cad>59</ns3:cad>
          </ns3:TrackPointExtension>
        </extensions>
      </trkpt>
      <trkpt lat="52.5384812057018280029296875" lon="-2.83664457499980926513671875">
        <ele>422.399993896484375</ele>
        <time>2026-05-24T14:02:12.000Z</time>
        <extensions>
          <ns3:TrackPointExtension>
            <ns3:hr>132</ns3:hr>
            <ns3:cad>60</ns3:cad>
          </ns3:TrackPointExtension>
        </extensions>
      </trkpt>
      <trkpt lat="52.53849034197628498077392578125" lon="-2.8365967981517314910888671875">
        <ele>421.399993896484375</ele>
        <time>2026-05-24T14:02:15.000Z</time>
        <extensions>
          <ns3:TrackPointExtension>
            <ns3:hr>132</ns3:hr>
            <ns3:cad>60</ns3:cad>
          </ns3:TrackPointExtension>
        </extensions>
      </trkpt>
      <trkpt lat="52.53850174136459827423095703125" lon="-2.83653385005891323089599609375">
        <ele>421</ele>
        <time>2026-05-24T14:02:19.000Z</time>
        <extensions>
          <ns3:TrackPointExtension>
            <ns3:hr>129</ns3:hr>
            <ns3:cad>59</ns3:cad>
          </ns3:TrackPointExtension>
        </extensions>
      </trkpt>
      <trkpt lat="52.53851498477160930633544921875" lon="-2.836460508406162261962890625">
        <ele>420.399993896484375</ele>
        <time>2026-05-24T14:02:23.000Z</time>
        <extensions>
          <ns3:TrackPointExtension>
            <ns3:hr>128</ns3:hr>
            <ns3:cad>59</ns3:cad>
          </ns3:TrackPointExtension>
        </extensions>
      </trkpt>
      <trkpt lat="52.53854063339531421661376953125" lon="-2.83637098968029022216796875">
        <ele>419.600006103515625</ele>
        <time>2026-05-24T14:02:29.000Z</time>
        <extensions>
          <ns3:TrackPointExtension>
            <ns3:hr>129</ns3:hr>
            <ns3:cad>56</ns3:cad>
          </ns3:TrackPointExtension>
        </extensions>
      </trkpt>
      <trkpt lat="52.5385531224310398101806640625" lon="-2.83634207211434841156005859375">
        <ele>419.20001220703125</ele>
        <time>2026-05-24T14:02:31.000Z</time>
        <extensions>
          <ns3:TrackPointExtension>
            <ns3:hr>129</ns3:hr>
            <ns3:cad>57</ns3:cad>
          </ns3:TrackPointExtension>
        </extensions>
      </trkpt>
      <trkpt lat="52.5385809503495693206787109375" lon="-2.836266718804836273193359375">
        <ele>418.20001220703125</ele>
        <time>2026-05-24T14:02:36.000Z</time>
        <extensions>
          <ns3:TrackPointExtension>
            <ns3:hr>129</ns3:hr>
            <ns3:cad>58</ns3:cad>
          </ns3:TrackPointExtension>
        </extensions>
      </trkpt>
      <trkpt lat="52.53858589567244052886962890625" lon="-2.8362496197223663330078125">
        <ele>418.20001220703125</ele>
        <time>2026-05-24T14:02:37.000Z</time>
        <extensions>
          <ns3:TrackPointExtension>
            <ns3:hr>129</ns3:hr>
            <ns3:cad>58</ns3:cad>
          </ns3:TrackPointExtension>
        </extensions>
      </trkpt>
      <trkpt lat="52.5386228598654270172119140625" lon="-2.83616068772971630096435546875">
        <ele>417.20001220703125</ele>
        <time>2026-05-24T14:02:42.000Z</time>
        <extensions>
          <ns3:TrackPointExtension>
            <ns3:hr>129</ns3:hr>
            <ns3:cad>60</ns3:cad>
          </ns3:TrackPointExtension>
        </extensions>
      </trkpt>
      <trkpt lat="52.53863199613988399505615234375" lon="-2.8361408226191997528076171875">
        <ele>417.20001220703125</ele>
        <time>2026-05-24T14:02:43.000Z</time>
        <extensions>
          <ns3:TrackPointExtension>
            <ns3:hr>128</ns3:hr>
            <ns3:cad>60</ns3:cad>
          </ns3:TrackPointExtension>
        </extensions>
      </trkpt>
      <trkpt lat="52.5386832095682621002197265625" lon="-2.8360570035874843597412109375">
        <ele>416</ele>
        <time>2026-05-24T14:02:49.000Z</time>
        <extensions>
          <ns3:TrackPointExtension>
            <ns3:hr>126</ns3:hr>
            <ns3:cad>61</ns3:cad>
          </ns3:TrackPointExtension>
        </extensions>
      </trkpt>
      <trkpt lat="52.53869251348078250885009765625" lon="-2.83604376018047332763671875">
        <ele>415.79998779296875</ele>
        <time>2026-05-24T14:02:50.000Z</time>
        <extensions>
          <ns3:TrackPointExtension>
            <ns3:hr>125</ns3:hr>
            <ns3:cad>62</ns3:cad>
          </ns3:TrackPointExtension>
        </extensions>
      </trkpt>
      <trkpt lat="52.538730315864086151123046875" lon="-2.836008556187152862548828125">
        <ele>414.79998779296875</ele>
        <time>2026-05-24T14:02:54.000Z</time>
        <extensions>
          <ns3:TrackPointExtension>
            <ns3:hr>124</ns3:hr>
            <ns3:cad>63</ns3:cad>
          </ns3:TrackPointExtension>
        </extensions>
      </trkpt>
      <trkpt lat="52.5387609936296939849853515625" lon="-2.83599522896111011505126953125">
        <ele>414.20001220703125</ele>
        <time>2026-05-24T14:02:57.000Z</time>
        <extensions>
          <ns3:TrackPointExtension>
            <ns3:hr>123</ns3:hr>
            <ns3:cad>61</ns3:cad>
          </ns3:TrackPointExtension>
        </extensions>
      </trkpt>
      <trkpt lat="52.53877985291182994842529296875" lon="-2.83598835580050945281982421875">
        <ele>413.79998779296875</ele>
        <time>2026-05-24T14:02:59.000Z</time>
        <extensions>
          <ns3:TrackPointExtension>
            <ns3:hr>124</ns3:hr>
            <ns3:cad>62</ns3:cad>
          </ns3:TrackPointExtension>
        </extensions>
      </trkpt>
      <trkpt lat="52.53883861005306243896484375" lon="-2.83599187619984149932861328125">
        <ele>412.600006103515625</ele>
        <time>2026-05-24T14:03:04.000Z</time>
        <extensions>
          <ns3:TrackPointExtension>
            <ns3:hr>123</ns3:hr>
            <ns3:cad>62</ns3:cad>
          </ns3:TrackPointExtension>
        </extensions>
      </trkpt>
      <trkpt lat="52.53887674771249294281005859375" lon="-2.83599573187530040740966796875">
        <ele>412</ele>
        <time>2026-05-24T14:03:09.000Z</time>
        <extensions>
          <ns3:TrackPointExtension>
            <ns3:hr>124</ns3:hr>
            <ns3:cad>61</ns3:cad>
          </ns3:TrackPointExtension>
        </extensions>
      </trkpt>
      <trkpt lat="52.53888160921633243560791015625" lon="-2.83599003218114376068115234375">
        <ele>411.600006103515625</ele>
        <time>2026-05-24T14:03:13.000Z</time>
        <extensions>
          <ns3:TrackPointExtension>
            <ns3:hr>124</ns3:hr>
            <ns3:cad>0</ns3:cad>
          </ns3:TrackPointExtension>
        </extensions>
      </trkpt>
      <trkpt lat="52.53889803774654865264892578125" lon="-2.8359886072576045989990234375">
        <ele>411.20001220703125</ele>
        <time>2026-05-24T14:03:18.000Z</time>
        <extensions>
          <ns3:TrackPointExtension>
            <ns3:hr>125</ns3:hr>
            <ns3:cad>0</ns3:cad>
          </ns3:TrackPointExtension>
        </extensions>
      </trkpt>
      <trkpt lat="52.53890910185873508453369140625" lon="-2.8359812311828136444091796875">
        <ele>411</ele>
        <time>2026-05-24T14:03:20.000Z</time>
        <extensions>
          <ns3:TrackPointExtension>
            <ns3:hr>128</ns3:hr>
            <ns3:cad>0</ns3:cad>
          </ns3:TrackPointExtension>
        </extensions>
      </trkpt>
      <trkpt lat="52.5389175675809383392333984375" lon="-2.835976369678974151611328125">
        <ele>410.79998779296875</ele>
        <time>2026-05-24T14:03:26.000Z</time>
        <extensions>
          <ns3:TrackPointExtension>
            <ns3:hr>128</ns3:hr>
            <ns3:cad>0</ns3:cad>
          </ns3:TrackPointExtension>
        </extensions>
      </trkpt>
      <trkpt lat="52.53893642686307430267333984375" lon="-2.8359921276569366455078125">
        <ele>411</ele>
        <time>2026-05-24T14:03:36.000Z</time>
        <extensions>
          <ns3:TrackPointExtension>
            <ns3:hr>128</ns3:hr>
            <ns3:cad>0</ns3:cad>
          </ns3:TrackPointExtension>
        </extensions>
      </trkpt>
      <trkpt lat="52.53896157257258892059326171875" lon="-2.83602439798414707183837890625">
        <ele>410.600006103515625</ele>
        <time>2026-05-24T14:03:40.000Z</time>
        <extensions>
          <ns3:TrackPointExtension>
            <ns3:hr>131</ns3:hr>
            <ns3:cad>0</ns3:cad>
          </ns3:TrackPointExtension>
        </extensions>
      </trkpt>
      <trkpt lat="52.53896777518093585968017578125" lon="-2.8360358811914920806884765625">
        <ele>410.79998779296875</ele>
        <time>2026-05-24T14:03:41.000Z</time>
        <extensions>
          <ns3:TrackPointExtension>
            <ns3:hr>131</ns3:hr>
            <ns3:cad>52</ns3:cad>
          </ns3:TrackPointExtension>
        </extensions>
      </trkpt>
      <trkpt lat="52.53898772411048412322998046875" lon="-2.836094386875629425048828125">
        <ele>410.79998779296875</ele>
        <time>2026-05-24T14:03:47.000Z</time>
        <extensions>
          <ns3:TrackPointExtension>
            <ns3:hr>132</ns3:hr>
            <ns3:cad>55</ns3:cad>
          </ns3:TrackPointExtension>
        </extensions>
      </trkpt>
      <trkpt lat="52.53899023868143558502197265625" lon="-2.836099080741405487060546875">
        <ele>410.600006103515625</ele>
        <time>2026-05-24T14:03:48.000Z</time>
        <extensions>
          <ns3:TrackPointExtension>
            <ns3:hr>132</ns3:hr>
            <ns3:cad>55</ns3:cad>
          </ns3:TrackPointExtension>
        </extensions>
      </trkpt>
      <trkpt lat="52.53899283707141876220703125" lon="-2.83610737882554531097412109375">
        <ele>410.399993896484375</ele>
        <time>2026-05-24T14:03:49.000Z</time>
        <extensions>
          <ns3:TrackPointExtension>
            <ns3:hr>131</ns3:hr>
            <ns3:cad>0</ns3:cad>
          </ns3:TrackPointExtension>
        </extensions>
      </trkpt>
      <trkpt lat="52.53900683484971523284912109375" lon="-2.836129255592823028564453125">
        <ele>410</ele>
        <time>2026-05-24T14:03:52.000Z</time>
        <extensions>
          <ns3:TrackPointExtension>
            <ns3:hr>130</ns3:hr>
            <ns3:cad>0</ns3:cad>
          </ns3:TrackPointExtension>
        </extensions>
      </trkpt>
      <trkpt lat="52.5390149652957916259765625" lon="-2.83611777238547801971435546875">
        <ele>409.399993896484375</ele>
        <time>2026-05-24T14:03:56.000Z</time>
        <extensions>
          <ns3:TrackPointExtension>
            <ns3:hr>128</ns3:hr>
            <ns3:cad>0</ns3:cad>
          </ns3:TrackPointExtension>
        </extensions>
      </trkpt>
      <trkpt lat="52.5390308909118175506591796875" lon="-2.83612263388931751251220703125">
        <ele>408.600006103515625</ele>
        <time>2026-05-24T14:04:06.000Z</time>
        <extensions>
          <ns3:TrackPointExtension>
            <ns3:hr>129</ns3:hr>
            <ns3:cad>0</ns3:cad>
          </ns3:TrackPointExtension>
        </extensions>
      </trkpt>
      <trkpt lat="52.5390712916851043701171875" lon="-2.83609547652304172515869140625">
        <ele>409.600006103515625</ele>
        <time>2026-05-24T14:04:10.000Z</time>
        <extensions>
          <ns3:TrackPointExtension>
            <ns3:hr>130</ns3:hr>
            <ns3:cad>0</ns3:cad>
          </ns3:TrackPointExtension>
        </extensions>
      </trkpt>
      <trkpt lat="52.5390821881592273712158203125" lon="-2.8360895253717899322509765625">
        <ele>409.79998779296875</ele>
        <time>2026-05-24T14:04:11.000Z</time>
        <extensions>
          <ns3:TrackPointExtension>
            <ns3:hr>130</ns3:hr>
            <ns3:cad>0</ns3:cad>
          </ns3:TrackPointExtension>
        </extensions>
      </trkpt>
      <trkpt lat="52.53911596722900867462158203125" lon="-2.83608525060117244720458984375">
        <ele>409.600006103515625</ele>
        <time>2026-05-24T14:04:14.000Z</time>
        <extensions>
          <ns3:TrackPointExtension>
            <ns3:hr>130</ns3:hr>
            <ns3:cad>0</ns3:cad>
          </ns3:TrackPointExtension>
        </extensions>
      </trkpt>
      <trkpt lat="52.53915670327842235565185546875" lon="-2.83606144599616527557373046875">
        <ele>409.600006103515625</ele>
        <time>2026-05-24T14:04:19.000Z</time>
        <extensions>
          <ns3:TrackPointExtension>
            <ns3:hr>131</ns3:hr>
            <ns3:cad>55</ns3:cad>
          </ns3:TrackPointExtension>
        </extensions>
      </trkpt>
      <trkpt lat="52.53915905021131038665771484375" lon="-2.836057506501674652099609375">
        <ele>409.399993896484375</ele>
        <time>2026-05-24T14:04:20.000Z</time>
        <extensions>
          <ns3:TrackPointExtension>
            <ns3:hr>130</ns3:hr>
            <ns3:cad>0</ns3:cad>
          </ns3:TrackPointExtension>
        </extensions>
      </trkpt>
      <trkpt lat="52.53916122950613498687744140625" lon="-2.83605038188397884368896484375">
        <ele>408.20001220703125</ele>
        <time>2026-05-24T14:04:24.000Z</time>
        <extensions>
          <ns3:TrackPointExtension>
            <ns3:hr>130</ns3:hr>
            <ns3:cad>0</ns3:cad>
          </ns3:TrackPointExtension>
        </extensions>
      </trkpt>
      <trkpt lat="52.53916181623935699462890625" lon="-2.83605038188397884368896484375">
        <ele>409</ele>
        <time>2026-05-24T14:04:32.000Z</time>
        <extensions>
          <ns3:TrackPointExtension>
            <ns3:hr>131</ns3:hr>
            <ns3:cad>0</ns3:cad>
          </ns3:TrackPointExtension>
        </extensions>
      </trkpt>
      <trkpt lat="52.5391670130193233489990234375" lon="-2.83604510128498077392578125">
        <ele>409</ele>
        <time>2026-05-24T14:04:38.000Z</time>
        <extensions>
          <ns3:TrackPointExtension>
            <ns3:hr>132</ns3:hr>
            <ns3:cad>0</ns3:cad>
          </ns3:TrackPointExtension>
        </extensions>
      </trkpt>
      <trkpt lat="52.539209090173244476318359375" lon="-2.83602632582187652587890625">
        <ele>408.600006103515625</ele>
        <time>2026-05-24T14:04:43.000Z</time>
        <extensions>
          <ns3:TrackPointExtension>
            <ns3:hr>135</ns3:hr>
            <ns3:cad>0</ns3:cad>
          </ns3:TrackPointExtension>
        </extensions>
      </trkpt>
      <trkpt lat="52.5392152927815914154052734375" lon="-2.8360224701464176177978515625">
        <ele>408.399993896484375</ele>
        <time>2026-05-24T14:04:44.000Z</time>
        <extensions>
          <ns3:TrackPointExtension>
            <ns3:hr>135</ns3:hr>
            <ns3:cad>0</ns3:cad>
          </ns3:TrackPointExtension>
        </extensions>
      </trkpt>
      <trkpt lat="52.539223842322826385498046875" lon="-2.83601383678615093231201171875">
        <ele>407.600006103515625</ele>
        <time>2026-05-24T14:04:52.000Z</time>
        <extensions>
          <ns3:TrackPointExtension>
            <ns3:hr>137</ns3:hr>
            <ns3:cad>0</ns3:cad>
          </ns3:TrackPointExtension>
        </extensions>
      </trkpt>
      <trkpt lat="52.53925074823200702667236328125" lon="-2.83599472604691982269287109375">
        <ele>408</ele>
        <time>2026-05-24T14:05:00.000Z</time>
        <extensions>
          <ns3:TrackPointExtension>
            <ns3:hr>138</ns3:hr>
            <ns3:cad>0</ns3:cad>
          </ns3:TrackPointExtension>
        </extensions>
      </trkpt>
      <trkpt lat="52.539278157055377960205078125" lon="-2.83597410656511783599853515625">
        <ele>408</ele>
        <time>2026-05-24T14:05:02.000Z</time>
        <extensions>
          <ns3:TrackPointExtension>
            <ns3:hr>135</ns3:hr>
            <ns3:cad>0</ns3:cad>
          </ns3:TrackPointExtension>
        </extensions>
      </trkpt>
      <trkpt lat="52.5393125228583812713623046875" lon="-2.835942171514034271240234375">
        <ele>407</ele>
        <time>2026-05-24T14:05:04.000Z</time>
        <extensions>
          <ns3:TrackPointExtension>
            <ns3:hr>134</ns3:hr>
            <ns3:cad>0</ns3:cad>
          </ns3:TrackPointExtension>
        </extensions>
      </trkpt>
      <trkpt lat="52.53935133107006549835205078125" lon="-2.83590872772037982940673828125">
        <ele>405.600006103515625</ele>
        <time>2026-05-24T14:05:06.000Z</time>
        <extensions>
          <ns3:TrackPointExtension>
            <ns3:hr>133</ns3:hr>
            <ns3:cad>76</ns3:cad>
          </ns3:TrackPointExtension>
        </extensions>
      </trkpt>
      <trkpt lat="52.53941805101931095123291015625" lon="-2.83586514182388782501220703125">
        <ele>404.600006103515625</ele>
        <time>2026-05-24T14:05:09.000Z</time>
        <extensions>
          <ns3:TrackPointExtension>
            <ns3:hr>135</ns3:hr>
            <ns3:cad>76</ns3:cad>
          </ns3:TrackPointExtension>
        </extensions>
      </trkpt>
      <trkpt lat="52.53948896192014217376708984375" lon="-2.835845611989498138427734375">
        <ele>403.79998779296875</ele>
        <time>2026-05-24T14:05:12.000Z</time>
        <extensions>
          <ns3:TrackPointExtension>
            <ns3:hr>133</ns3:hr>
            <ns3:cad>80</ns3:cad>
          </ns3:TrackPointExtension>
        </extensions>
      </trkpt>
      <trkpt lat="52.5395418517291545867919921875" lon="-2.83584670163691043853759765625">
        <ele>403.600006103515625</ele>
        <time>2026-05-24T14:05:14.000Z</time>
        <extensions>
          <ns3:TrackPointExtension>
            <ns3:hr>134</ns3:hr>
            <ns3:cad>80</ns3:cad>
          </ns3:TrackPointExtension>
        </extensions>
      </trkpt>
      <trkpt lat="52.5395941548049449920654296875" lon="-2.83583723008632659912109375">
        <ele>403.600006103515625</ele>
        <time>2026-05-24T14:05:17.000Z</time>
        <extensions>
          <ns3:TrackPointExtension>
            <ns3:hr>134</ns3:hr>
            <ns3:cad>81</ns3:cad>
          </ns3:TrackPointExtension>
        </extensions>
      </trkpt>
      <trkpt lat="52.5396157801151275634765625" lon="-2.83582222647964954376220703125">
        <ele>403.399993896484375</ele>
        <time>2026-05-24T14:05:19.000Z</time>
        <extensions>
          <ns3:TrackPointExtension>
            <ns3:hr>134</ns3:hr>
            <ns3:cad>81</ns3:cad>
          </ns3:TrackPointExtension>
        </extensions>
      </trkpt>
      <trkpt lat="52.53963916562497615814208984375" lon="-2.8357830829918384552001953125">
        <ele>403</ele>
        <time>2026-05-24T14:05:21.000Z</time>
        <extensions>
          <ns3:TrackPointExtension>
            <ns3:hr>135</ns3:hr>
            <ns3:cad>81</ns3:cad>
          </ns3:TrackPointExtension>
        </extensions>
      </trkpt>
      <trkpt lat="52.5396605394780635833740234375" lon="-2.83575131557881832122802734375">
        <ele>402.399993896484375</ele>
        <time>2026-05-24T14:05:23.000Z</time>
        <extensions>
          <ns3:TrackPointExtension>
            <ns3:hr>133</ns3:hr>
            <ns3:cad>75</ns3:cad>
          </ns3:TrackPointExtension>
        </extensions>
      </trkpt>
      <trkpt lat="52.53968442790210247039794921875" lon="-2.83573354594409465789794921875">
        <ele>402.399993896484375</ele>
        <time>2026-05-24T14:05:25.000Z</time>
        <extensions>
          <ns3:TrackPointExtension>
            <ns3:hr>134</ns3:hr>
            <ns3:cad>75</ns3:cad>
          </ns3:TrackPointExtension>
        </extensions>
      </trkpt>
      <trkpt lat="52.53976036794483661651611328125" lon="-2.83567403443157672882080078125">
        <ele>401.399993896484375</ele>
        <time>2026-05-24T14:05:32.000Z</time>
        <extensions>
          <ns3:TrackPointExtension>
            <ns3:hr>135</ns3:hr>
            <ns3:cad>59</ns3:cad>
          </ns3:TrackPointExtension>
        </extensions>
      </trkpt>
      <trkpt lat="52.5397886149585247039794921875" lon="-2.8356654010713100433349609375">
        <ele>401</ele>
        <time>2026-05-24T14:05:37.000Z</time>
        <extensions>
          <ns3:TrackPointExtension>
            <ns3:hr>136</ns3:hr>
            <ns3:cad>115</ns3:cad>
          </ns3:TrackPointExtension>
        </extensions>
      </trkpt>
      <trkpt lat="52.539811916649341583251953125" lon="-2.83565752208232879638671875">
        <ele>400.399993896484375</ele>
        <time>2026-05-24T14:05:41.000Z</time>
        <extensions>
          <ns3:TrackPointExtension>
            <ns3:hr>136</ns3:hr>
            <ns3:cad>0</ns3:cad>
          </ns3:TrackPointExtension>
        </extensions>
      </trkpt>
      <trkpt lat="52.53983580507338047027587890625" lon="-2.83563229255378246307373046875">
        <ele>400.20001220703125</ele>
        <time>2026-05-24T14:05:43.000Z</time>
        <extensions>
          <ns3:TrackPointExtension>
            <ns3:hr>139</ns3:hr>
            <ns3:cad>0</ns3:cad>
          </ns3:TrackPointExtension>
        </extensions>
      </trkpt>
      <trkpt lat="52.53989447839558124542236328125" lon="-2.83556439913809299468994140625">
        <ele>398.79998779296875</ele>
        <time>2026-05-24T14:05:46.000Z</time>
        <extensions>
          <ns3:TrackPointExtension>
            <ns3:hr>140</ns3:hr>
            <ns3:cad>68</ns3:cad>
          </ns3:TrackPointExtension>
        </extensions>
      </trkpt>
      <trkpt lat="52.53991057164967060089111328125" lon="-2.83552768640220165252685546875">
        <ele>398</ele>
        <time>2026-05-24T14:05:47.000Z</time>
        <extensions>
          <ns3:TrackPointExtension>
            <ns3:hr>140</ns3:hr>
            <ns3:cad>90</ns3:cad>
          </ns3:TrackPointExtension>
        </extensions>
      </trkpt>
      <trkpt lat="52.53992331214249134063720703125" lon="-2.83549013547599315643310546875">
        <ele>397.600006103515625</ele>
        <time>2026-05-24T14:05:48.000Z</time>
        <extensions>
          <ns3:TrackPointExtension>
            <ns3:hr>140</ns3:hr>
            <ns3:cad>90</ns3:cad>
          </ns3:TrackPointExtension>
        </extensions>
      </trkpt>
      <trkpt lat="52.53995046950876712799072265625" lon="-2.83540380187332630157470703125">
        <ele>397.20001220703125</ele>
        <time>2026-05-24T14:05:51.000Z</time>
        <extensions>
          <ns3:TrackPointExtension>
            <ns3:hr>141</ns3:hr>
            <ns3:cad>90</ns3:cad>
          </ns3:TrackPointExtension>
        </extensions>
      </trkpt>
      <trkpt lat="52.5399867631494998931884765625" lon="-2.83533775247633457183837890625">
        <ele>398</ele>
        <time>2026-05-24T14:05:57.000Z</time>
        <extensions>
          <ns3:TrackPointExtension>
            <ns3:hr>140</ns3:hr>
            <ns3:cad>0</ns3:cad>
          </ns3:TrackPointExtension>
        </extensions>
      </trkpt>
      <trkpt lat="52.540051303803920745849609375" lon="-2.835276313126087188720703125">
        <ele>396.79998779296875</ele>
        <time>2026-05-24T14:06:04.000Z</time>
        <extensions>
          <ns3:TrackPointExtension>
            <ns3:hr>138</ns3:hr>
            <ns3:cad>0</ns3:cad>
          </ns3:TrackPointExtension>
        </extensions>
      </trkpt>
      <trkpt lat="52.54006303846836090087890625" lon="-2.8352598845958709716796875">
        <ele>396.399993896484375</ele>
        <time>2026-05-24T14:06:06.000Z</time>
        <extensions>
          <ns3:TrackPointExtension>
            <ns3:hr>137</ns3:hr>
            <ns3:cad>58</ns3:cad>
          </ns3:TrackPointExtension>
        </extensions>
      </trkpt>
      <trkpt lat="52.5400930456817150115966796875" lon="-2.8352054022252559661865234375">
        <ele>395.399993896484375</ele>
        <time>2026-05-24T14:06:10.000Z</time>
        <extensions>
          <ns3:TrackPointExtension>
            <ns3:hr>139</ns3:hr>
            <ns3:cad>61</ns3:cad>
          </ns3:TrackPointExtension>
        </extensions>
      </trkpt>
      <trkpt lat="52.5400994159281253814697265625" lon="-2.8351913206279277801513671875">
        <ele>395.20001220703125</ele>
        <time>2026-05-24T14:06:11.000Z</time>
        <extensions>
          <ns3:TrackPointExtension>
            <ns3:hr>141</ns3:hr>
            <ns3:cad>61</ns3:cad>
          </ns3:TrackPointExtension>
        </extensions>
      </trkpt>
      <trkpt lat="52.54011793993413448333740234375" lon="-2.83514061011373996734619140625">
        <ele>394.79998779296875</ele>
        <time>2026-05-24T14:06:14.000Z</time>
        <extensions>
          <ns3:TrackPointExtension>
            <ns3:hr>144</ns3:hr>
            <ns3:cad>63</ns3:cad>
          </ns3:TrackPointExtension>
        </extensions>
      </trkpt>
      <trkpt lat="52.54013705067336559295654296875" lon="-2.8351044841110706329345703125">
        <ele>394.399993896484375</ele>
        <time>2026-05-24T14:06:17.000Z</time>
        <extensions>
          <ns3:TrackPointExtension>
            <ns3:hr>145</ns3:hr>
            <ns3:cad>63</ns3:cad>
          </ns3:TrackPointExtension>
        </extensions>
      </trkpt>
      <trkpt lat="52.54015146754682064056396484375" lon="-2.835076488554477691650390625">
        <ele>394.20001220703125</ele>
        <time>2026-05-24T14:06:19.000Z</time>
        <extensions>
          <ns3:TrackPointExtension>
            <ns3:hr>145</ns3:hr>
            <ns3:cad>62</ns3:cad>
          </ns3:TrackPointExtension>
        </extensions>
      </trkpt>
      <trkpt lat="52.54018516279757022857666015625" lon="-2.8350092656910419464111328125">
        <ele>393</ele>
        <time>2026-05-24T14:06:24.000Z</time>
        <extensions>
          <ns3:TrackPointExtension>
            <ns3:hr>144</ns3:hr>
            <ns3:cad>57</ns3:cad>
          </ns3:TrackPointExtension>
        </extensions>
      </trkpt>
      <trkpt lat="52.54020930267870426177978515625" lon="-2.83493307419121265411376953125">
        <ele>391.79998779296875</ele>
        <time>2026-05-24T14:06:30.000Z</time>
        <extensions>
          <ns3:TrackPointExtension>
            <ns3:hr>142</ns3:hr>
            <ns3:cad>60</ns3:cad>
          </ns3:TrackPointExtension>
        </extensions>
      </trkpt>
      <trkpt lat="52.54021248780190944671630859375" lon="-2.83492368645966053009033203125">
        <ele>391.79998779296875</ele>
        <time>2026-05-24T14:06:31.000Z</time>
        <extensions>
          <ns3:TrackPointExtension>
            <ns3:hr>142</ns3:hr>
            <ns3:cad>60</ns3:cad>
          </ns3:TrackPointExtension>
        </extensions>
      </trkpt>
      <trkpt lat="52.54022221080958843231201171875" lon="-2.834878005087375640869140625">
        <ele>391</ele>
        <time>2026-05-24T14:06:35.000Z</time>
        <extensions>
          <ns3:TrackPointExtension>
            <ns3:hr>140</ns3:hr>
            <ns3:cad>58</ns3:cad>
          </ns3:TrackPointExtension>
        </extensions>
      </trkpt>
      <trkpt lat="52.540225982666015625" lon="-2.8348684497177600860595703125">
        <ele>390.79998779296875</ele>
        <time>2026-05-24T14:06:36.000Z</time>
        <extensions>
          <ns3:TrackPointExtension>
            <ns3:hr>140</ns3:hr>
            <ns3:cad>58</ns3:cad>
          </ns3:TrackPointExtension>
        </extensions>
      </trkpt>
      <trkpt lat="52.54023595713078975677490234375" lon="-2.83484338782727718353271484375">
        <ele>390.20001220703125</ele>
        <time>2026-05-24T14:06:38.000Z</time>
        <extensions>
          <ns3:TrackPointExtension>
            <ns3:hr>140</ns3:hr>
            <ns3:cad>58</ns3:cad>
          </ns3:TrackPointExtension>
        </extensions>
      </trkpt>
      <trkpt lat="52.540245763957500457763671875" lon="-2.83481237478554248809814453125">
        <ele>389.79998779296875</ele>
        <time>2026-05-24T14:06:41.000Z</time>
        <extensions>
          <ns3:TrackPointExtension>
            <ns3:hr>140</ns3:hr>
            <ns3:cad>59</ns3:cad>
          </ns3:TrackPointExtension>
        </extensions>
      </trkpt>
      <trkpt lat="52.5402626954019069671630859375" lon="-2.83476979471743106842041015625">
        <ele>389</ele>
        <time>2026-05-24T14:06:45.000Z</time>
        <extensions>
          <ns3:TrackPointExtension>
            <ns3:hr>139</ns3:hr>
            <ns3:cad>59</ns3:cad>
          </ns3:TrackPointExtension>
        </extensions>
      </trkpt>
      <trkpt lat="52.5402730889618396759033203125" lon="-2.8347410447895526885986328125">
        <ele>388.600006103515625</ele>
        <time>2026-05-24T14:06:48.000Z</time>
        <extensions>
          <ns3:TrackPointExtension>
            <ns3:hr>139</ns3:hr>
            <ns3:cad>58</ns3:cad>
          </ns3:TrackPointExtension>
        </extensions>
      </trkpt>
      <trkpt lat="52.5402814708650112152099609375" lon="-2.83471472561359405517578125">
        <ele>388</ele>
        <time>2026-05-24T14:06:51.000Z</time>
        <extensions>
          <ns3:TrackPointExtension>
            <ns3:hr>138</ns3:hr>
            <ns3:cad>59</ns3:cad>
          </ns3:TrackPointExtension>
        </extensions>
      </trkpt>
      <trkpt lat="52.540291361510753631591796875" lon="-2.83468564040958881378173828125">
        <ele>387.399993896484375</ele>
        <time>2026-05-24T14:06:54.000Z</time>
        <extensions>
          <ns3:TrackPointExtension>
            <ns3:hr>137</ns3:hr>
            <ns3:cad>60</ns3:cad>
          </ns3:TrackPointExtension>
        </extensions>
      </trkpt>
      <trkpt lat="52.540309466421604156494140625" lon="-2.83464523963630199432373046875">
        <ele>386.79998779296875</ele>
        <time>2026-05-24T14:06:57.000Z</time>
        <extensions>
          <ns3:TrackPointExtension>
            <ns3:hr>137</ns3:hr>
            <ns3:cad>60</ns3:cad>
          </ns3:TrackPointExtension>
        </extensions>
      </trkpt>
      <trkpt lat="52.54032681696116924285888671875" lon="-2.8346019051969051361083984375">
        <ele>386.399993896484375</ele>
        <time>2026-05-24T14:07:00.000Z</time>
        <extensions>
          <ns3:TrackPointExtension>
            <ns3:hr>136</ns3:hr>
            <ns3:cad>60</ns3:cad>
          </ns3:TrackPointExtension>
        </extensions>
      </trkpt>
      <trkpt lat="52.540353722870349884033203125" lon="-2.83453233540058135986328125">
        <ele>385.600006103515625</ele>
        <time>2026-05-24T14:07:04.000Z</time>
        <extensions>
          <ns3:TrackPointExtension>
            <ns3:hr>135</ns3:hr>
            <ns3:cad>119</ns3:cad>
          </ns3:TrackPointExtension>
        </extensions>
      </trkpt>
      <trkpt lat="52.5403659604489803314208984375" lon="-2.83449419774115085601806640625">
        <ele>385.20001220703125</ele>
        <time>2026-05-24T14:07:06.000Z</time>
        <extensions>
          <ns3:TrackPointExtension>
            <ns3:hr>135</ns3:hr>
            <ns3:cad>119</ns3:cad>
          </ns3:TrackPointExtension>
        </extensions>
      </trkpt>
      <trkpt lat="52.540385238826274871826171875" lon="-2.83445513807237148284912109375">
        <ele>384.600006103515625</ele>
        <time>2026-05-24T14:07:10.000Z</time>
        <extensions>
          <ns3:TrackPointExtension>
            <ns3:hr>135</ns3:hr>
            <ns3:cad>61</ns3:cad>
          </ns3:TrackPointExtension>
        </extensions>
      </trkpt>
      <trkpt lat="52.54039202816784381866455078125" lon="-2.83443535678088665008544921875">
        <ele>384.399993896484375</ele>
        <time>2026-05-24T14:07:12.000Z</time>
        <extensions>
          <ns3:TrackPointExtension>
            <ns3:hr>135</ns3:hr>
            <ns3:cad>61</ns3:cad>
          </ns3:TrackPointExtension>
        </extensions>
      </trkpt>
      <trkpt lat="52.54039269872009754180908203125" lon="-2.83441431820392608642578125">
        <ele>384</ele>
        <time>2026-05-24T14:07:14.000Z</time>
        <extensions>
          <ns3:TrackPointExtension>
            <ns3:hr>134</ns3:hr>
            <ns3:cad>61</ns3:cad>
          </ns3:TrackPointExtension>
        </extensions>
      </trkpt>
      <trkpt lat="52.54039169289171695709228515625" lon="-2.83440970815718173980712890625">
        <ele>384</ele>
        <time>2026-05-24T14:07:15.000Z</time>
        <extensions>
          <ns3:TrackPointExtension>
            <ns3:hr>134</ns3:hr>
            <ns3:cad>61</ns3:cad>
          </ns3:TrackPointExtension>
        </extensions>
      </trkpt>
      <trkpt lat="52.540389597415924072265625" lon="-2.83440233208239078521728515625">
        <ele>383.600006103515625</ele>
        <time>2026-05-24T14:07:18.000Z</time>
        <extensions>
          <ns3:TrackPointExtension>
            <ns3:hr>133</ns3:hr>
            <ns3:cad>0</ns3:cad>
          </ns3:TrackPointExtension>
        </extensions>
      </trkpt>
      <trkpt lat="52.54040527157485485076904296875" lon="-2.8343665413558483123779296875">
        <ele>383.20001220703125</ele>
        <time>2026-05-24T14:07:21.000Z</time>
        <extensions>
          <ns3:TrackPointExtension>
            <ns3:hr>133</ns3:hr>
            <ns3:cad>59</ns3:cad>
          </ns3:TrackPointExtension>
        </extensions>
      </trkpt>
      <trkpt lat="52.54042035900056362152099609375" lon="-2.834332175552845001220703125">
        <ele>383</ele>
        <time>2026-05-24T14:07:24.000Z</time>
        <extensions>
          <ns3:TrackPointExtension>
            <ns3:hr>132</ns3:hr>
            <ns3:cad>59</ns3:cad>
          </ns3:TrackPointExtension>
        </extensions>
      </trkpt>
      <trkpt lat="52.54043762572109699249267578125" lon="-2.83428599126636981964111328125">
        <ele>382.20001220703125</ele>
        <time>2026-05-24T14:07:28.000Z</time>
        <extensions>
          <ns3:TrackPointExtension>
            <ns3:hr>131</ns3:hr>
            <ns3:cad>59</ns3:cad>
          </ns3:TrackPointExtension>
        </extensions>
      </trkpt>
      <trkpt lat="52.5404427386820316314697265625" lon="-2.8342763520777225494384765625">
        <ele>382</ele>
        <time>2026-05-24T14:07:29.000Z</time>
        <extensions>
          <ns3:TrackPointExtension>
            <ns3:hr>131</ns3:hr>
            <ns3:cad>60</ns3:cad>
          </ns3:TrackPointExtension>
        </extensions>
      </trkpt>
      <trkpt lat="52.5404829718172550201416015625" lon="-2.834216840565204620361328125">
        <ele>381</ele>
        <time>2026-05-24T14:07:35.000Z</time>
        <extensions>
          <ns3:TrackPointExtension>
            <ns3:hr>130</ns3:hr>
            <ns3:cad>60</ns3:cad>
          </ns3:TrackPointExtension>
        </extensions>
      </trkpt>
      <trkpt lat="52.540489174425601959228515625" lon="-2.83420619554817676544189453125">
        <ele>380.79998779296875</ele>
        <time>2026-05-24T14:07:36.000Z</time>
        <extensions>
          <ns3:TrackPointExtension>
            <ns3:hr>129</ns3:hr>
            <ns3:cad>59</ns3:cad>
          </ns3:TrackPointExtension>
        </extensions>
      </trkpt>
      <trkpt lat="52.540522031486034393310546875" lon="-2.8341472707688808441162109375">
        <ele>379.600006103515625</ele>
        <time>2026-05-24T14:07:41.000Z</time>
        <extensions>
          <ns3:TrackPointExtension>
            <ns3:hr>131</ns3:hr>
            <ns3:cad>59</ns3:cad>
          </ns3:TrackPointExtension>
        </extensions>
      </trkpt>
      <trkpt lat="52.54053284414112567901611328125" lon="-2.8340446762740612030029296875">
        <ele>379.20001220703125</ele>
        <time>2026-05-24T14:07:48.000Z</time>
        <extensions>
          <ns3:TrackPointExtension>
            <ns3:hr>132</ns3:hr>
            <ns3:cad>58</ns3:cad>
          </ns3:TrackPointExtension>
        </extensions>
      </trkpt>
      <trkpt lat="52.5405352748930454254150390625" lon="-2.83400528132915496826171875">
        <ele>378.600006103515625</ele>
        <time>2026-05-24T14:07:52.000Z</time>
        <extensions>
          <ns3:TrackPointExtension>
            <ns3:hr>131</ns3:hr>
            <ns3:cad>59</ns3:cad>
          </ns3:TrackPointExtension>
        </extensions>
      </trkpt>
      <trkpt lat="52.54053837619721889495849609375" lon="-2.83399455249309539794921875">
        <ele>378.399993896484375</ele>
        <time>2026-05-24T14:07:53.000Z</time>
        <extensions>
          <ns3:TrackPointExtension>
            <ns3:hr>131</ns3:hr>
            <ns3:cad>59</ns3:cad>
          </ns3:TrackPointExtension>
        </extensions>
      </trkpt>
      <trkpt lat="52.54054424352943897247314453125" lon="-2.8339772857725620269775390625">
        <ele>378</ele>
        <time>2026-05-24T14:07:55.000Z</time>
        <extensions>
          <ns3:TrackPointExtension>
            <ns3:hr>131</ns3:hr>
            <ns3:cad>59</ns3:cad>
          </ns3:TrackPointExtension>
        </extensions>
      </trkpt>
      <trkpt lat="52.5405543856322765350341796875" lon="-2.8339402377605438232421875">
        <ele>377.399993896484375</ele>
        <time>2026-05-24T14:07:58.000Z</time>
        <extensions>
          <ns3:TrackPointExtension>
            <ns3:hr>130</ns3:hr>
            <ns3:cad>57</ns3:cad>
          </ns3:TrackPointExtension>
        </extensions>
      </trkpt>
      <trkpt lat="52.540564946830272674560546875" lon="-2.8339028544723987579345703125">
        <ele>376.399993896484375</ele>
        <time>2026-05-24T14:08:02.000Z</time>
        <extensions>
          <ns3:TrackPointExtension>
            <ns3:hr>130</ns3:hr>
            <ns3:cad>56</ns3:cad>
          </ns3:TrackPointExtension>
        </extensions>
      </trkpt>
      <trkpt lat="52.54059503786265850067138671875" lon="-2.83382079564034938812255859375">
        <ele>376</ele>
        <time>2026-05-24T14:08:08.000Z</time>
        <extensions>
          <ns3:TrackPointExtension>
            <ns3:hr>130</ns3:hr>
            <ns3:cad>53</ns3:cad>
          </ns3:TrackPointExtension>
        </extensions>
      </trkpt>
      <trkpt lat="52.54060006700456142425537109375" lon="-2.83378089778125286102294921875">
        <ele>375.399993896484375</ele>
        <time>2026-05-24T14:08:11.000Z</time>
        <extensions>
          <ns3:TrackPointExtension>
            <ns3:hr>130</ns3:hr>
            <ns3:cad>54</ns3:cad>
          </ns3:TrackPointExtension>
        </extensions>
      </trkpt>
      <trkpt lat="52.54060174338519573211669921875" lon="-2.83375491388142108917236328125">
        <ele>375.20001220703125</ele>
        <time>2026-05-24T14:08:13.000Z</time>
        <extensions>
          <ns3:TrackPointExtension>
            <ns3:hr>130</ns3:hr>
            <ns3:cad>54</ns3:cad>
          </ns3:TrackPointExtension>
        </extensions>
      </trkpt>
      <trkpt lat="52.54061616025865077972412109375" lon="-2.83370763994753360748291015625">
        <ele>374.600006103515625</ele>
        <time>2026-05-24T14:08:17.000Z</time>
        <extensions>
          <ns3:TrackPointExtension>
            <ns3:hr>130</ns3:hr>
            <ns3:cad>56</ns3:cad>
          </ns3:TrackPointExtension>
        </extensions>
      </trkpt>
      <trkpt lat="52.5406211055815219879150390625" lon="-2.8336969949305057525634765625">
        <ele>374.399993896484375</ele>
        <time>2026-05-24T14:08:18.000Z</time>
        <extensions>
          <ns3:TrackPointExtension>
            <ns3:hr>130</ns3:hr>
            <ns3:cad>56</ns3:cad>
          </ns3:TrackPointExtension>
        </extensions>
      </trkpt>
      <trkpt lat="52.54063124768435955047607421875" lon="-2.83367268741130828857421875">
        <ele>373.79998779296875</ele>
        <time>2026-05-24T14:08:22.000Z</time>
        <extensions>
          <ns3:TrackPointExtension>
            <ns3:hr>130</ns3:hr>
            <ns3:cad>0</ns3:cad>
          </ns3:TrackPointExtension>
        </extensions>
      </trkpt>
      <trkpt lat="52.54063577391207218170166015625" lon="-2.8336547501385211944580078125">
        <ele>373.600006103515625</ele>
        <time>2026-05-24T14:08:24.000Z</time>
        <extensions>
          <ns3:TrackPointExtension>
            <ns3:hr>130</ns3:hr>
            <ns3:cad>59</ns3:cad>
          </ns3:TrackPointExtension>
        </extensions>
      </trkpt>
      <trkpt lat="52.5406475923955440521240234375" lon="-2.83361979760229587554931640625">
        <ele>373.20001220703125</ele>
        <time>2026-05-24T14:08:27.000Z</time>
        <extensions>
          <ns3:TrackPointExtension>
            <ns3:hr>131</ns3:hr>
            <ns3:cad>56</ns3:cad>
          </ns3:TrackPointExtension>
        </extensions>
      </trkpt>
      <trkpt lat="52.540659494698047637939453125" lon="-2.83359465189278125762939453125">
        <ele>373</ele>
        <time>2026-05-24T14:08:29.000Z</time>
        <extensions>
          <ns3:TrackPointExtension>
            <ns3:hr>131</ns3:hr>
            <ns3:cad>55</ns3:cad>
          </ns3:TrackPointExtension>
        </extensions>
      </trkpt>
      <trkpt lat="52.54067935980856418609619140625" lon="-2.8335486352443695068359375">
        <ele>372.20001220703125</ele>
        <time>2026-05-24T14:08:33.000Z</time>
        <extensions>
          <ns3:TrackPointExtension>
            <ns3:hr>131</ns3:hr>
            <ns3:cad>56</ns3:cad>
          </ns3:TrackPointExtension>
        </extensions>
      </trkpt>
      <trkpt lat="52.540686316788196563720703125" lon="-2.83350278623402118682861328125">
        <ele>371.79998779296875</ele>
        <time>2026-05-24T14:08:36.000Z</time>
        <extensions>
          <ns3:TrackPointExtension>
            <ns3:hr>131</ns3:hr>
            <ns3:cad>56</ns3:cad>
          </ns3:TrackPointExtension>
        </extensions>
      </trkpt>
      <trkpt lat="52.54069930873811244964599609375" lon="-2.83342726528644561767578125">
        <ele>371.20001220703125</ele>
        <time>2026-05-24T14:08:41.000Z</time>
        <extensions>
          <ns3:TrackPointExtension>
            <ns3:hr>132</ns3:hr>
            <ns3:cad>57</ns3:cad>
          </ns3:TrackPointExtension>
        </extensions>
      </trkpt>
      <trkpt lat="52.5407035835087299346923828125" lon="-2.8334133513271808624267578125">
        <ele>371</ele>
        <time>2026-05-24T14:08:42.000Z</time>
        <extensions>
          <ns3:TrackPointExtension>
            <ns3:hr>133</ns3:hr>
            <ns3:cad>58</ns3:cad>
          </ns3:TrackPointExtension>
        </extensions>
      </trkpt>
      <trkpt lat="52.54073560237884521484375" lon="-2.833338417112827301025390625">
        <ele>370</ele>
        <time>2026-05-24T14:08:48.000Z</time>
        <extensions>
          <ns3:TrackPointExtension>
            <ns3:hr>134</ns3:hr>
            <ns3:cad>59</ns3:cad>
          </ns3:TrackPointExtension>
        </extensions>
      </trkpt>
      <trkpt lat="52.54074105061590671539306640625" lon="-2.833327017724514007568359375">
        <ele>370</ele>
        <time>2026-05-24T14:08:49.000Z</time>
        <extensions>
          <ns3:TrackPointExtension>
            <ns3:hr>135</ns3:hr>
            <ns3:cad>57</ns3:cad>
          </ns3:TrackPointExtension>
        </extensions>
      </trkpt>
      <trkpt lat="52.54075999371707439422607421875" lon="-2.833277396857738494873046875">
        <ele>368.79998779296875</ele>
        <time>2026-05-24T14:08:54.000Z</time>
        <extensions>
          <ns3:TrackPointExtension>
            <ns3:hr>133</ns3:hr>
            <ns3:cad>56</ns3:cad>
          </ns3:TrackPointExtension>
        </extensions>
      </trkpt>
      <trkpt lat="52.54076485522091388702392578125" lon="-2.8332507424056529998779296875">
        <ele>368.399993896484375</ele>
        <time>2026-05-24T14:08:56.000Z</time>
        <extensions>
          <ns3:TrackPointExtension>
            <ns3:hr>132</ns3:hr>
            <ns3:cad>58</ns3:cad>
          </ns3:TrackPointExtension>
        </extensions>
      </trkpt>
      <trkpt lat="52.54078228957951068878173828125" lon="-2.83315778709948062896728515625">
        <ele>368.20001220703125</ele>
        <time>2026-05-24T14:09:02.000Z</time>
        <extensions>
          <ns3:TrackPointExtension>
            <ns3:hr>131</ns3:hr>
            <ns3:cad>54</ns3:cad>
          </ns3:TrackPointExtension>
        </extensions>
      </trkpt>
      <trkpt lat="52.5407880730926990509033203125" lon="-2.83312828280031681060791015625">
        <ele>367.600006103515625</ele>
        <time>2026-05-24T14:09:04.000Z</time>
        <extensions>
          <ns3:TrackPointExtension>
            <ns3:hr>132</ns3:hr>
            <ns3:cad>54</ns3:cad>
          </ns3:TrackPointExtension>
        </extensions>
      </trkpt>
      <trkpt lat="52.54080626182258129119873046875" lon="-2.83307648263871669769287109375">
        <ele>366.600006103515625</ele>
        <time>2026-05-24T14:09:08.000Z</time>
        <extensions>
          <ns3:TrackPointExtension>
            <ns3:hr>131</ns3:hr>
            <ns3:cad>57</ns3:cad>
          </ns3:TrackPointExtension>
        </extensions>
      </trkpt>
      <trkpt lat="52.5408128835260868072509765625" lon="-2.83306256867945194244384765625">
        <ele>366.399993896484375</ele>
        <time>2026-05-24T14:09:09.000Z</time>
        <extensions>
          <ns3:TrackPointExtension>
            <ns3:hr>130</ns3:hr>
            <ns3:cad>57</ns3:cad>
          </ns3:TrackPointExtension>
        </extensions>
      </trkpt>
      <trkpt lat="52.5408375263214111328125" lon="-2.83300054259598255157470703125">
        <ele>365.600006103515625</ele>
        <time>2026-05-24T14:09:14.000Z</time>
        <extensions>
          <ns3:TrackPointExtension>
            <ns3:hr>131</ns3:hr>
            <ns3:cad>57</ns3:cad>
          </ns3:TrackPointExtension>
        </extensions>
      </trkpt>
      <trkpt lat="52.54084289073944091796875" lon="-2.83298528753221035003662109375">
        <ele>365.399993896484375</ele>
        <time>2026-05-24T14:09:15.000Z</time>
        <extensions>
          <ns3:TrackPointExtension>
            <ns3:hr>131</ns3:hr>
            <ns3:cad>57</ns3:cad>
          </ns3:TrackPointExtension>
        </extensions>
      </trkpt>
      <trkpt lat="52.54085697233676910400390625" lon="-2.83293499611318111419677734375">
        <ele>364.600006103515625</ele>
        <time>2026-05-24T14:09:19.000Z</time>
        <extensions>
          <ns3:TrackPointExtension>
            <ns3:hr>132</ns3:hr>
            <ns3:cad>57</ns3:cad>
          </ns3:TrackPointExtension>
        </extensions>
      </trkpt>
      <trkpt lat="52.54087700508534908294677734375" lon="-2.83287875354290008544921875">
        <ele>364.20001220703125</ele>
        <time>2026-05-24T14:09:24.000Z</time>
        <extensions>
          <ns3:TrackPointExtension>
            <ns3:hr>131</ns3:hr>
            <ns3:cad>57</ns3:cad>
          </ns3:TrackPointExtension>
        </extensions>
      </trkpt>
      <trkpt lat="52.5408883206546306610107421875" lon="-2.83284522593021392822265625">
        <ele>363.600006103515625</ele>
        <time>2026-05-24T14:09:27.000Z</time>
        <extensions>
          <ns3:TrackPointExtension>
            <ns3:hr>131</ns3:hr>
            <ns3:cad>57</ns3:cad>
          </ns3:TrackPointExtension>
        </extensions>
      </trkpt>
      <trkpt lat="52.54089695401489734649658203125" lon="-2.83282100223004817962646484375">
        <ele>363.20001220703125</ele>
        <time>2026-05-24T14:09:29.000Z</time>
        <extensions>
          <ns3:TrackPointExtension>
            <ns3:hr>131</ns3:hr>
            <ns3:cad>57</ns3:cad>
          </ns3:TrackPointExtension>
        </extensions>
      </trkpt>
      <trkpt lat="52.54091304726898670196533203125" lon="-2.83277791924774646759033203125">
        <ele>362</ele>
        <time>2026-05-24T14:09:33.000Z</time>
        <extensions>
          <ns3:TrackPointExtension>
            <ns3:hr>131</ns3:hr>
            <ns3:cad>57</ns3:cad>
          </ns3:TrackPointExtension>
        </extensions>
      </trkpt>
      <trkpt lat="52.540918327867984771728515625" lon="-2.83275847323238849639892578125">
        <ele>361.600006103515625</ele>
        <time>2026-05-24T14:09:35.000Z</time>
        <extensions>
          <ns3:TrackPointExtension>
            <ns3:hr>131</ns3:hr>
            <ns3:cad>60</ns3:cad>
          </ns3:TrackPointExtension>
        </extensions>
      </trkpt>
      <trkpt lat="52.540921680629253387451171875" lon="-2.832734920084476470947265625">
        <ele>361.399993896484375</ele>
        <time>2026-05-24T14:09:37.000Z</time>
        <extensions>
          <ns3:TrackPointExtension>
            <ns3:hr>131</ns3:hr>
            <ns3:cad>57</ns3:cad>
          </ns3:TrackPointExtension>
        </extensions>
      </trkpt>
      <trkpt lat="52.54092846997082233428955078125" lon="-2.832706086337566375732421875">
        <ele>361</ele>
        <time>2026-05-24T14:09:39.000Z</time>
        <extensions>
          <ns3:TrackPointExtension>
            <ns3:hr>131</ns3:hr>
            <ns3:cad>56</ns3:cad>
          </ns3:TrackPointExtension>
        </extensions>
      </trkpt>
      <trkpt lat="52.54095847718417644500732421875" lon="-2.83262285403907299041748046875">
        <ele>360</ele>
        <time>2026-05-24T14:09:45.000Z</time>
        <extensions>
          <ns3:TrackPointExtension>
            <ns3:hr>132</ns3:hr>
            <ns3:cad>59</ns3:cad>
          </ns3:TrackPointExtension>
        </extensions>
      </trkpt>
      <trkpt lat="52.540963925421237945556640625" lon="-2.83260743133723735809326171875">
        <ele>360</ele>
        <time>2026-05-24T14:09:46.000Z</time>
        <extensions>
          <ns3:TrackPointExtension>
            <ns3:hr>132</ns3:hr>
            <ns3:cad>59</ns3:cad>
          </ns3:TrackPointExtension>
        </extensions>
      </trkpt>
      <trkpt lat="52.5409902445971965789794921875" lon="-2.83252595923840999603271484375">
        <ele>359</ele>
        <time>2026-05-24T14:09:52.000Z</time>
        <extensions>
          <ns3:TrackPointExtension>
            <ns3:hr>132</ns3:hr>
            <ns3:cad>58</ns3:cad>
          </ns3:TrackPointExtension>
        </extensions>
      </trkpt>
      <trkpt lat="52.5410254485905170440673828125" lon="-2.8324474208056926727294921875">
        <ele>358</ele>
        <time>2026-05-24T14:09:58.000Z</time>
        <extensions>
          <ns3:TrackPointExtension>
            <ns3:hr>131</ns3:hr>
            <ns3:cad>58</ns3:cad>
          </ns3:TrackPointExtension>
        </extensions>
      </trkpt>
      <trkpt lat="52.54105034284293651580810546875" lon="-2.8323877416551113128662109375">
        <ele>356.79998779296875</ele>
        <time>2026-05-24T14:10:03.000Z</time>
        <extensions>
          <ns3:TrackPointExtension>
            <ns3:hr>131</ns3:hr>
            <ns3:cad>56</ns3:cad>
          </ns3:TrackPointExtension>
        </extensions>
      </trkpt>
      <trkpt lat="52.5410572998225688934326171875" lon="-2.8323630988597869873046875">
        <ele>356.399993896484375</ele>
        <time>2026-05-24T14:10:05.000Z</time>
        <extensions>
          <ns3:TrackPointExtension>
            <ns3:hr>131</ns3:hr>
            <ns3:cad>56</ns3:cad>
          </ns3:TrackPointExtension>
        </extensions>
      </trkpt>
      <trkpt lat="52.54106811247766017913818359375" lon="-2.83231959678232669830322265625">
        <ele>355.600006103515625</ele>
        <time>2026-05-24T14:10:09.000Z</time>
        <extensions>
          <ns3:TrackPointExtension>
            <ns3:hr>131</ns3:hr>
            <ns3:cad>60</ns3:cad>
          </ns3:TrackPointExtension>
        </extensions>
      </trkpt>
      <trkpt lat="52.54107020795345306396484375" lon="-2.832305766642093658447265625">
        <ele>355.399993896484375</ele>
        <time>2026-05-24T14:10:10.000Z</time>
        <extensions>
          <ns3:TrackPointExtension>
            <ns3:hr>131</ns3:hr>
            <ns3:cad>61</ns3:cad>
          </ns3:TrackPointExtension>
        </extensions>
      </trkpt>
      <trkpt lat="52.5410807691514492034912109375" lon="-2.832266874611377716064453125">
        <ele>354.600006103515625</ele>
        <time>2026-05-24T14:10:13.000Z</time>
        <extensions>
          <ns3:TrackPointExtension>
            <ns3:hr>130</ns3:hr>
            <ns3:cad>61</ns3:cad>
          </ns3:TrackPointExtension>
        </extensions>
      </trkpt>
      <trkpt lat="52.54109434783458709716796875" lon="-2.83222320489585399627685546875">
        <ele>354.20001220703125</ele>
        <time>2026-05-24T14:10:16.000Z</time>
        <extensions>
          <ns3:TrackPointExtension>
            <ns3:hr>130</ns3:hr>
            <ns3:cad>59</ns3:cad>
          </ns3:TrackPointExtension>
        </extensions>
      </trkpt>
      <trkpt lat="52.5411136262118816375732421875" lon="-2.83215723931789398193359375">
        <ele>354</ele>
        <time>2026-05-24T14:10:21.000Z</time>
        <extensions>
          <ns3:TrackPointExtension>
            <ns3:hr>130</ns3:hr>
            <ns3:cad>57</ns3:cad>
          </ns3:TrackPointExtension>
        </extensions>
      </trkpt>
      <trkpt lat="52.54113600589334964752197265625" lon="-2.832089848816394805908203125">
        <ele>353.399993896484375</ele>
        <time>2026-05-24T14:10:26.000Z</time>
        <extensions>
          <ns3:TrackPointExtension>
            <ns3:hr>129</ns3:hr>
            <ns3:cad>57</ns3:cad>
          </ns3:TrackPointExtension>
        </extensions>
      </trkpt>
      <trkpt lat="52.5411511771380901336669921875" lon="-2.83206327818334102630615234375">
        <ele>353</ele>
        <time>2026-05-24T14:10:28.000Z</time>
        <extensions>
          <ns3:TrackPointExtension>
            <ns3:hr>129</ns3:hr>
            <ns3:cad>57</ns3:cad>
          </ns3:TrackPointExtension>
        </extensions>
      </trkpt>
      <trkpt lat="52.54118830896914005279541015625" lon="-2.832005023956298828125">
        <ele>352.20001220703125</ele>
        <time>2026-05-24T14:10:33.000Z</time>
        <extensions>
          <ns3:TrackPointExtension>
            <ns3:hr>129</ns3:hr>
            <ns3:cad>58</ns3:cad>
          </ns3:TrackPointExtension>
        </extensions>
      </trkpt>
      <trkpt lat="52.54120834171772003173828125" lon="-2.8319776989519596099853515625">
        <ele>351.79998779296875</ele>
        <time>2026-05-24T14:10:35.000Z</time>
        <extensions>
          <ns3:TrackPointExtension>
            <ns3:hr>130</ns3:hr>
            <ns3:cad>58</ns3:cad>
          </ns3:TrackPointExtension>
        </extensions>
      </trkpt>
      <trkpt lat="52.5412349961698055267333984375" lon="-2.831918187439441680908203125">
        <ele>351.20001220703125</ele>
        <time>2026-05-24T14:10:39.000Z</time>
        <extensions>
          <ns3:TrackPointExtension>
            <ns3:hr>131</ns3:hr>
            <ns3:cad>59</ns3:cad>
          </ns3:TrackPointExtension>
        </extensions>
      </trkpt>
      <trkpt lat="52.541241534054279327392578125" lon="-2.83188893459737300872802734375">
        <ele>350.79998779296875</ele>
        <time>2026-05-24T14:10:41.000Z</time>
        <extensions>
          <ns3:TrackPointExtension>
            <ns3:hr>131</ns3:hr>
            <ns3:cad>59</ns3:cad>
          </ns3:TrackPointExtension>
        </extensions>
      </trkpt>
      <trkpt lat="52.541250251233577728271484375" lon="-2.83183026127517223358154296875">
        <ele>350</ele>
        <time>2026-05-24T14:10:45.000Z</time>
        <extensions>
          <ns3:TrackPointExtension>
            <ns3:hr>132</ns3:hr>
            <ns3:cad>60</ns3:cad>
          </ns3:TrackPointExtension>
        </extensions>
      </trkpt>
      <trkpt lat="52.54125419072806835174560546875" lon="-2.83180327154695987701416015625">
        <ele>349.79998779296875</ele>
        <time>2026-05-24T14:10:47.000Z</time>
        <extensions>
          <ns3:TrackPointExtension>
            <ns3:hr>132</ns3:hr>
            <ns3:cad>60</ns3:cad>
          </ns3:TrackPointExtension>
        </extensions>
      </trkpt>
      <trkpt lat="52.54126776941120624542236328125" lon="-2.83173873089253902435302734375">
        <ele>349</ele>
        <time>2026-05-24T14:10:52.000Z</time>
        <extensions>
          <ns3:TrackPointExtension>
            <ns3:hr>132</ns3:hr>
            <ns3:cad>59</ns3:cad>
          </ns3:TrackPointExtension>
        </extensions>
      </trkpt>
      <trkpt lat="52.5412745587527751922607421875" lon="-2.83171609975397586822509765625">
        <ele>348.79998779296875</ele>
        <time>2026-05-24T14:10:54.000Z</time>
        <extensions>
          <ns3:TrackPointExtension>
            <ns3:hr>132</ns3:hr>
            <ns3:cad>60</ns3:cad>
          </ns3:TrackPointExtension>
        </extensions>
      </trkpt>
      <trkpt lat="52.541316635906696319580078125" lon="-2.83161601983010768890380859375">
        <ele>348</ele>
        <time>2026-05-24T14:11:01.000Z</time>
        <extensions>
          <ns3:TrackPointExtension>
            <ns3:hr>131</ns3:hr>
            <ns3:cad>58</ns3:cad>
          </ns3:TrackPointExtension>
        </extensions>
      </trkpt>
      <trkpt lat="52.5413466431200504302978515625" lon="-2.83156019635498523712158203125">
        <ele>347</ele>
        <time>2026-05-24T14:11:06.000Z</time>
        <extensions>
          <ns3:TrackPointExtension>
            <ns3:hr>130</ns3:hr>
            <ns3:cad>59</ns3:cad>
          </ns3:TrackPointExtension>
        </extensions>
      </trkpt>
      <trkpt lat="52.541354857385158538818359375" lon="-2.83153052441775798797607421875">
        <ele>346.399993896484375</ele>
        <time>2026-05-24T14:11:08.000Z</time>
        <extensions>
          <ns3:TrackPointExtension>
            <ns3:hr>130</ns3:hr>
            <ns3:cad>57</ns3:cad>
          </ns3:TrackPointExtension>
        </extensions>
      </trkpt>
      <trkpt lat="52.541360557079315185546875" lon="-2.83148911781609058380126953125">
        <ele>345.79998779296875</ele>
        <time>2026-05-24T14:11:11.000Z</time>
        <extensions>
          <ns3:TrackPointExtension>
            <ns3:hr>130</ns3:hr>
            <ns3:cad>58</ns3:cad>
          </ns3:TrackPointExtension>
        </extensions>
      </trkpt>
      <trkpt lat="52.5413640774786472320556640625" lon="-2.831466235220432281494140625">
        <ele>345.399993896484375</ele>
        <time>2026-05-24T14:11:13.000Z</time>
        <extensions>
          <ns3:TrackPointExtension>
            <ns3:hr>130</ns3:hr>
            <ns3:cad>57</ns3:cad>
          </ns3:TrackPointExtension>
        </extensions>
      </trkpt>
      <trkpt lat="52.5413620658218860626220703125" lon="-2.83142122440040111541748046875">
        <ele>344.79998779296875</ele>
        <time>2026-05-24T14:11:16.000Z</time>
        <extensions>
          <ns3:TrackPointExtension>
            <ns3:hr>130</ns3:hr>
            <ns3:cad>57</ns3:cad>
          </ns3:TrackPointExtension>
        </extensions>
      </trkpt>
      <trkpt lat="52.541361562907695770263671875" lon="-2.8313983418047428131103515625">
        <ele>344.79998779296875</ele>
        <time>2026-05-24T14:11:18.000Z</time>
        <extensions>
          <ns3:TrackPointExtension>
            <ns3:hr>129</ns3:hr>
            <ns3:cad>57</ns3:cad>
          </ns3:TrackPointExtension>
        </extensions>
      </trkpt>
      <trkpt lat="52.5413647480309009552001953125" lon="-2.83137411810457706451416015625">
        <ele>344.399993896484375</ele>
        <time>2026-05-24T14:11:21.000Z</time>
        <extensions>
          <ns3:TrackPointExtension>
            <ns3:hr>130</ns3:hr>
            <ns3:cad>0</ns3:cad>
          </ns3:TrackPointExtension>
        </extensions>
      </trkpt>
      <trkpt lat="52.54136768169701099395751953125" lon="-2.83135928213596343994140625">
        <ele>344.399993896484375</ele>
        <time>2026-05-24T14:11:24.000Z</time>
        <extensions>
          <ns3:TrackPointExtension>
            <ns3:hr>130</ns3:hr>
            <ns3:cad>0</ns3:cad>
          </ns3:TrackPointExtension>
        </extensions>
      </trkpt>
      <trkpt lat="52.54137069918215274810791015625" lon="-2.8313465416431427001953125">
        <ele>344.399993896484375</ele>
        <time>2026-05-24T14:11:32.000Z</time>
        <extensions>
          <ns3:TrackPointExtension>
            <ns3:hr>133</ns3:hr>
            <ns3:cad>0</ns3:cad>
          </ns3:TrackPointExtension>
        </extensions>
      </trkpt>
      <trkpt lat="52.5413811765611171722412109375" lon="-2.83131100237369537353515625">
        <ele>344.399993896484375</ele>
        <time>2026-05-24T14:11:39.000Z</time>
        <extensions>
          <ns3:TrackPointExtension>
            <ns3:hr>132</ns3:hr>
            <ns3:cad>0</ns3:cad>
          </ns3:TrackPointExtension>
        </extensions>
      </trkpt>
      <trkpt lat="52.54138209857046604156494140625" lon="-2.831309325993061065673828125">
        <ele>344</ele>
        <time>2026-05-24T14:11:49.000Z</time>
        <extensions>
          <ns3:TrackPointExtension>
            <ns3:hr>131</ns3:hr>
            <ns3:cad>0</ns3:cad>
          </ns3:TrackPointExtension>
        </extensions>
      </trkpt>
      <trkpt lat="52.541383691132068634033203125" lon="-2.8312970884144306182861328125">
        <ele>344.20001220703125</ele>
        <time>2026-05-24T14:11:57.000Z</time>
        <extensions>
          <ns3:TrackPointExtension>
            <ns3:hr>134</ns3:hr>
            <ns3:cad>0</ns3:cad>
          </ns3:TrackPointExtension>
        </extensions>
      </trkpt>
      <trkpt lat="52.541393078863620758056640625" lon="-2.83126867376267910003662109375">
        <ele>343.79998779296875</ele>
        <time>2026-05-24T14:12:00.000Z</time>
        <extensions>
          <ns3:TrackPointExtension>
            <ns3:hr>136</ns3:hr>
            <ns3:cad>75</ns3:cad>
          </ns3:TrackPointExtension>
        </extensions>
      </trkpt>
      <trkpt lat="52.541400454938411712646484375" lon="-2.8312575258314609527587890625">
        <ele>343.399993896484375</ele>
        <time>2026-05-24T14:12:02.000Z</time>
        <extensions>
          <ns3:TrackPointExtension>
            <ns3:hr>137</ns3:hr>
            <ns3:cad>0</ns3:cad>
          </ns3:TrackPointExtension>
        </extensions>
      </trkpt>
      <trkpt lat="52.5414307974278926849365234375" lon="-2.83123531378805637359619140625">
        <ele>342.79998779296875</ele>
        <time>2026-05-24T14:12:08.000Z</time>
        <extensions>
          <ns3:TrackPointExtension>
            <ns3:hr>136</ns3:hr>
            <ns3:cad>0</ns3:cad>
          </ns3:TrackPointExtension>
        </extensions>
      </trkpt>
      <trkpt lat="52.5414331443607807159423828125" lon="-2.83123145811259746551513671875">
        <ele>342.79998779296875</ele>
        <time>2026-05-24T14:12:09.000Z</time>
        <extensions>
          <ns3:TrackPointExtension>
            <ns3:hr>135</ns3:hr>
            <ns3:cad>0</ns3:cad>
          </ns3:TrackPointExtension>
        </extensions>
      </trkpt>
      <trkpt lat="52.54145443439483642578125" lon="-2.831179909408092498779296875">
        <ele>342</ele>
        <time>2026-05-24T14:12:14.000Z</time>
        <extensions>
          <ns3:TrackPointExtension>
            <ns3:hr>135</ns3:hr>
            <ns3:cad>0</ns3:cad>
          </ns3:TrackPointExtension>
        </extensions>
      </trkpt>
      <trkpt lat="52.54146239720284938812255859375" lon="-2.83116004429757595062255859375">
        <ele>341.600006103515625</ele>
        <time>2026-05-24T14:12:15.000Z</time>
        <extensions>
          <ns3:TrackPointExtension>
            <ns3:hr>135</ns3:hr>
            <ns3:cad>0</ns3:cad>
          </ns3:TrackPointExtension>
        </extensions>
      </trkpt>
      <trkpt lat="52.54147815518081188201904296875" lon="-2.8311059810221195220947265625">
        <ele>340.79998779296875</ele>
        <time>2026-05-24T14:12:18.000Z</time>
        <extensions>
          <ns3:TrackPointExtension>
            <ns3:hr>134</ns3:hr>
            <ns3:cad>0</ns3:cad>
          </ns3:TrackPointExtension>
        </extensions>
      </trkpt>
      <trkpt lat="52.54149424843490123748779296875" lon="-2.83102107234299182891845703125">
        <ele>340.79998779296875</ele>
        <time>2026-05-24T14:12:24.000Z</time>
        <extensions>
          <ns3:TrackPointExtension>
            <ns3:hr>131</ns3:hr>
            <ns3:cad>0</ns3:cad>
          </ns3:TrackPointExtension>
        </extensions>
      </trkpt>
      <trkpt lat="52.54149667918682098388671875" lon="-2.830983437597751617431640625">
        <ele>340.600006103515625</ele>
        <time>2026-05-24T14:12:27.000Z</time>
        <extensions>
          <ns3:TrackPointExtension>
            <ns3:hr>129</ns3:hr>
            <ns3:cad>0</ns3:cad>
          </ns3:TrackPointExtension>
        </extensions>
      </trkpt>
      <trkpt lat="52.541495002806186676025390625" lon="-2.8309564478695392608642578125">
        <ele>340.399993896484375</ele>
        <time>2026-05-24T14:12:29.000Z</time>
        <extensions>
          <ns3:TrackPointExtension>
            <ns3:hr>129</ns3:hr>
            <ns3:cad>0</ns3:cad>
          </ns3:TrackPointExtension>
        </extensions>
      </trkpt>
      <trkpt lat="52.54149626009166240692138671875" lon="-2.83094622194766998291015625">
        <ele>340.20001220703125</ele>
        <time>2026-05-24T14:12:30.000Z</time>
        <extensions>
          <ns3:TrackPointExtension>
            <ns3:hr>129</ns3:hr>
            <ns3:cad>0</ns3:cad>
          </ns3:TrackPointExtension>
        </extensions>
      </trkpt>
      <trkpt lat="52.541498355567455291748046875" lon="-2.83090037293732166290283203125">
        <ele>339.399993896484375</ele>
        <time>2026-05-24T14:12:34.000Z</time>
        <extensions>
          <ns3:TrackPointExtension>
            <ns3:hr>131</ns3:hr>
            <ns3:cad>64</ns3:cad>
          </ns3:TrackPointExtension>
        </extensions>
      </trkpt>
      <trkpt lat="52.5415022112429141998291015625" lon="-2.8308897279202938079833984375">
        <ele>339.20001220703125</ele>
        <time>2026-05-24T14:12:35.000Z</time>
        <extensions>
          <ns3:TrackPointExtension>
            <ns3:hr>130</ns3:hr>
            <ns3:cad>64</ns3:cad>
          </ns3:TrackPointExtension>
        </extensions>
      </trkpt>
      <trkpt lat="52.54151880741119384765625" lon="-2.8308355808258056640625">
        <ele>338.20001220703125</ele>
        <time>2026-05-24T14:12:40.000Z</time>
        <extensions>
          <ns3:TrackPointExtension>
            <ns3:hr>130</ns3:hr>
            <ns3:cad>59</ns3:cad>
          </ns3:TrackPointExtension>
        </extensions>
      </trkpt>
      <trkpt lat="52.54151922650635242462158203125" lon="-2.83082996495068073272705078125">
        <ele>338</ele>
        <time>2026-05-24T14:12:41.000Z</time>
        <extensions>
          <ns3:TrackPointExtension>
            <ns3:hr>131</ns3:hr>
            <ns3:cad>59</ns3:cad>
          </ns3:TrackPointExtension>
        </extensions>
      </trkpt>
      <trkpt lat="52.54152375273406505584716796875" lon="-2.83079945482313632965087890625">
        <ele>337.600006103515625</ele>
        <time>2026-05-24T14:12:44.000Z</time>
        <extensions>
          <ns3:TrackPointExtension>
            <ns3:hr>131</ns3:hr>
            <ns3:cad>57</ns3:cad>
          </ns3:TrackPointExtension>
        </extensions>
      </trkpt>
      <trkpt lat="52.541521824896335601806640625" lon="-2.8307764045894145965576171875">
        <ele>337.20001220703125</ele>
        <time>2026-05-24T14:12:46.000Z</time>
        <extensions>
          <ns3:TrackPointExtension>
            <ns3:hr>132</ns3:hr>
            <ns3:cad>57</ns3:cad>
          </ns3:TrackPointExtension>
        </extensions>
      </trkpt>
      <trkpt lat="52.5415253452956676483154296875" lon="-2.83074514009058475494384765625">
        <ele>336.79998779296875</ele>
        <time>2026-05-24T14:12:48.000Z</time>
        <extensions>
          <ns3:TrackPointExtension>
            <ns3:hr>133</ns3:hr>
            <ns3:cad>55</ns3:cad>
          </ns3:TrackPointExtension>
        </extensions>
      </trkpt>
      <trkpt lat="52.54153733141720294952392578125" lon="-2.8306838683784008026123046875">
        <ele>336</ele>
        <time>2026-05-24T14:12:52.000Z</time>
        <extensions>
          <ns3:TrackPointExtension>
            <ns3:hr>136</ns3:hr>
            <ns3:cad>59</ns3:cad>
          </ns3:TrackPointExtension>
        </extensions>
      </trkpt>
      <trkpt lat="52.54154403693974018096923828125" lon="-2.83067020587623119354248046875">
        <ele>335.79998779296875</ele>
        <time>2026-05-24T14:12:53.000Z</time>
        <extensions>
          <ns3:TrackPointExtension>
            <ns3:hr>136</ns3:hr>
            <ns3:cad>59</ns3:cad>
          </ns3:TrackPointExtension>
        </extensions>
      </trkpt>
      <trkpt lat="52.54156172275543212890625" lon="-2.8306292183697223663330078125">
        <ele>335.399993896484375</ele>
        <time>2026-05-24T14:12:56.000Z</time>
        <extensions>
          <ns3:TrackPointExtension>
            <ns3:hr>135</ns3:hr>
            <ns3:cad>59</ns3:cad>
          </ns3:TrackPointExtension>
        </extensions>
      </trkpt>
      <trkpt lat="52.54157622344791889190673828125" lon="-2.8305829502642154693603515625">
        <ele>335</ele>
        <time>2026-05-24T14:12:59.000Z</time>
        <extensions>
          <ns3:TrackPointExtension>
            <ns3:hr>135</ns3:hr>
            <ns3:cad>57</ns3:cad>
          </ns3:TrackPointExtension>
        </extensions>
      </trkpt>
      <trkpt lat="52.54158812575042247772216796875" lon="-2.830536179244518280029296875">
        <ele>334.399993896484375</ele>
        <time>2026-05-24T14:13:02.000Z</time>
        <extensions>
          <ns3:TrackPointExtension>
            <ns3:hr>136</ns3:hr>
            <ns3:cad>61</ns3:cad>
          </ns3:TrackPointExtension>
        </extensions>
      </trkpt>
      <trkpt lat="52.54160522483289241790771484375" lon="-2.8304867260158061981201171875">
        <ele>333.79998779296875</ele>
        <time>2026-05-24T14:13:06.000Z</time>
        <extensions>
          <ns3:TrackPointExtension>
            <ns3:hr>136</ns3:hr>
            <ns3:cad>60</ns3:cad>
          </ns3:TrackPointExtension>
        </extensions>
      </trkpt>
      <trkpt lat="52.54161813296377658843994140625" lon="-2.8304434753954410552978515625">
        <ele>333.20001220703125</ele>
        <time>2026-05-24T14:13:09.000Z</time>
        <extensions>
          <ns3:TrackPointExtension>
            <ns3:hr>136</ns3:hr>
            <ns3:cad>60</ns3:cad>
          </ns3:TrackPointExtension>
        </extensions>
      </trkpt>
      <trkpt lat="52.541628777980804443359375" lon="-2.83040517009794712066650390625">
        <ele>332.79998779296875</ele>
        <time>2026-05-24T14:13:12.000Z</time>
        <extensions>
          <ns3:TrackPointExtension>
            <ns3:hr>136</ns3:hr>
            <ns3:cad>60</ns3:cad>
          </ns3:TrackPointExtension>
        </extensions>
      </trkpt>
      <trkpt lat="52.5416423566639423370361328125" lon="-2.83033660613000392913818359375">
        <ele>332</ele>
        <time>2026-05-24T14:13:17.000Z</time>
        <extensions>
          <ns3:TrackPointExtension>
            <ns3:hr>135</ns3:hr>
            <ns3:cad>61</ns3:cad>
          </ns3:TrackPointExtension>
        </extensions>
      </trkpt>
      <trkpt lat="52.5416483916342258453369140625" lon="-2.83030525781214237213134765625">
        <ele>331.600006103515625</ele>
        <time>2026-05-24T14:13:19.000Z</time>
        <extensions>
          <ns3:TrackPointExtension>
            <ns3:hr>135</ns3:hr>
            <ns3:cad>61</ns3:cad>
          </ns3:TrackPointExtension>
        </extensions>
      </trkpt>
      <trkpt lat="52.5416668318212032318115234375" lon="-2.83022562973201274871826171875">
        <ele>331</ele>
        <time>2026-05-24T14:13:24.000Z</time>
        <extensions>
          <ns3:TrackPointExtension>
            <ns3:hr>135</ns3:hr>
            <ns3:cad>57</ns3:cad>
          </ns3:TrackPointExtension>
        </extensions>
      </trkpt>
      <trkpt lat="52.54167630337178707122802734375" lon="-2.83018648624420166015625">
        <ele>330.600006103515625</ele>
        <time>2026-05-24T14:13:27.000Z</time>
        <extensions>
          <ns3:TrackPointExtension>
            <ns3:hr>135</ns3:hr>
            <ns3:cad>57</ns3:cad>
          </ns3:TrackPointExtension>
        </extensions>
      </trkpt>
      <trkpt lat="52.541681416332721710205078125" lon="-2.83015958033502101898193359375">
        <ele>330.399993896484375</ele>
        <time>2026-05-24T14:13:29.000Z</time>
        <extensions>
          <ns3:TrackPointExtension>
            <ns3:hr>134</ns3:hr>
            <ns3:cad>58</ns3:cad>
          </ns3:TrackPointExtension>
        </extensions>
      </trkpt>
      <trkpt lat="52.5416886247694492340087890625" lon="-2.8301125578582286834716796875">
        <ele>329.600006103515625</ele>
        <time>2026-05-24T14:13:32.000Z</time>
        <extensions>
          <ns3:TrackPointExtension>
            <ns3:hr>135</ns3:hr>
            <ns3:cad>57</ns3:cad>
          </ns3:TrackPointExtension>
        </extensions>
      </trkpt>
      <trkpt lat="52.54169340245425701141357421875" lon="-2.83008255064487457275390625">
        <ele>329.20001220703125</ele>
        <time>2026-05-24T14:13:34.000Z</time>
        <extensions>
          <ns3:TrackPointExtension>
            <ns3:hr>136</ns3:hr>
            <ns3:cad>57</ns3:cad>
          </ns3:TrackPointExtension>
        </extensions>
      </trkpt>
      <trkpt lat="52.54170128144323825836181640625" lon="-2.83004994504153728485107421875">
        <ele>328.79998779296875</ele>
        <time>2026-05-24T14:13:37.000Z</time>
        <extensions>
          <ns3:TrackPointExtension>
            <ns3:hr>136</ns3:hr>
            <ns3:cad>58</ns3:cad>
          </ns3:TrackPointExtension>
        </extensions>
      </trkpt>
      <trkpt lat="52.5417027063667774200439453125" lon="-2.8300424851477146148681640625">
        <ele>328.600006103515625</ele>
        <time>2026-05-24T14:13:39.000Z</time>
        <extensions>
          <ns3:TrackPointExtension>
            <ns3:hr>135</ns3:hr>
            <ns3:cad>57</ns3:cad>
          </ns3:TrackPointExtension>
        </extensions>
      </trkpt>
      <trkpt lat="52.54170161671936511993408203125" lon="-2.83003770746290683746337890625">
        <ele>328.399993896484375</ele>
        <time>2026-05-24T14:13:40.000Z</time>
        <extensions>
          <ns3:TrackPointExtension>
            <ns3:hr>134</ns3:hr>
            <ns3:cad>57</ns3:cad>
          </ns3:TrackPointExtension>
        </extensions>
      </trkpt>
      <trkpt lat="52.5417033769190311431884765625" lon="-2.83002982847392559051513671875">
        <ele>328</ele>
        <time>2026-05-24T14:13:49.000Z</time>
        <extensions>
          <ns3:TrackPointExtension>
            <ns3:hr>134</ns3:hr>
            <ns3:cad>0</ns3:cad>
          </ns3:TrackPointExtension>
        </extensions>
      </trkpt>
      <trkpt lat="52.5417027063667774200439453125" lon="-2.83002966083586215972900390625">
        <ele>328</ele>
        <time>2026-05-24T14:13:53.000Z</time>
        <extensions>
          <ns3:TrackPointExtension>
            <ns3:hr>137</ns3:hr>
            <ns3:cad>0</ns3:cad>
          </ns3:TrackPointExtension>
        </extensions>
      </trkpt>
      <trkpt lat="52.5417013652622699737548828125" lon="-2.8300290741026401519775390625">
        <ele>328</ele>
        <time>2026-05-24T14:14:01.000Z</time>
        <extensions>
          <ns3:TrackPointExtension>
            <ns3:hr>140</ns3:hr>
            <ns3:cad>0</ns3:cad>
          </ns3:TrackPointExtension>
        </extensions>
      </trkpt>
      <trkpt lat="52.5417023710906505584716796875" lon="-2.83001809380948543548583984375">
        <ele>328.399993896484375</ele>
        <time>2026-05-24T14:14:06.000Z</time>
        <extensions>
          <ns3:TrackPointExtension>
            <ns3:hr>140</ns3:hr>
            <ns3:cad>0</ns3:cad>
          </ns3:TrackPointExtension>
        </extensions>
      </trkpt>
      <trkpt lat="52.54172340966761112213134765625" lon="-2.82991826534271240234375">
        <ele>327.600006103515625</ele>
        <time>2026-05-24T14:14:13.000Z</time>
        <extensions>
          <ns3:TrackPointExtension>
            <ns3:hr>140</ns3:hr>
            <ns3:cad>58</ns3:cad>
          </ns3:TrackPointExtension>
        </extensions>
      </trkpt>
      <trkpt lat="52.54172994755208492279052734375" lon="-2.829893790185451507568359375">
        <ele>327.20001220703125</ele>
        <time>2026-05-24T14:14:15.000Z</time>
        <extensions>
          <ns3:TrackPointExtension>
            <ns3:hr>140</ns3:hr>
            <ns3:cad>59</ns3:cad>
          </ns3:TrackPointExtension>
        </extensions>
      </trkpt>
      <trkpt lat="52.54173137247562408447265625" lon="-2.82986939884722232818603515625">
        <ele>327</ele>
        <time>2026-05-24T14:14:17.000Z</time>
        <extensions>
          <ns3:TrackPointExtension>
            <ns3:hr>140</ns3:hr>
            <ns3:cad>61</ns3:cad>
          </ns3:TrackPointExtension>
        </extensions>
      </trkpt>
      <trkpt lat="52.54173246212303638458251953125" lon="-2.82984316349029541015625">
        <ele>326.600006103515625</ele>
        <time>2026-05-24T14:14:19.000Z</time>
        <extensions>
          <ns3:TrackPointExtension>
            <ns3:hr>140</ns3:hr>
            <ns3:cad>61</ns3:cad>
          </ns3:TrackPointExtension>
        </extensions>
      </trkpt>
      <trkpt lat="52.54173682071268558502197265625" lon="-2.8298051096498966217041015625">
        <ele>326</ele>
        <time>2026-05-24T14:14:23.000Z</time>
        <extensions>
          <ns3:TrackPointExtension>
            <ns3:hr>140</ns3:hr>
            <ns3:cad>58</ns3:cad>
          </ns3:TrackPointExtension>
        </extensions>
      </trkpt>
      <trkpt lat="52.5417402572929859161376953125" lon="-2.8297923691570758819580078125">
        <ele>326</ele>
        <time>2026-05-24T14:14:24.000Z</time>
        <extensions>
          <ns3:TrackPointExtension>
            <ns3:hr>140</ns3:hr>
            <ns3:cad>58</ns3:cad>
          </ns3:TrackPointExtension>
        </extensions>
      </trkpt>
      <trkpt lat="52.54175676964223384857177734375" lon="-2.829722799360752105712890625">
        <ele>325</ele>
        <time>2026-05-24T14:14:29.000Z</time>
        <extensions>
          <ns3:TrackPointExtension>
            <ns3:hr>141</ns3:hr>
            <ns3:cad>55</ns3:cad>
          </ns3:TrackPointExtension>
        </extensions>
      </trkpt>
      <trkpt lat="52.54175911657512187957763671875" lon="-2.82970913685858249664306640625">
        <ele>324.79998779296875</ele>
        <time>2026-05-24T14:14:30.000Z</time>
        <extensions>
          <ns3:TrackPointExtension>
            <ns3:hr>140</ns3:hr>
            <ns3:cad>55</ns3:cad>
          </ns3:TrackPointExtension>
        </extensions>
      </trkpt>
      <trkpt lat="52.541762553155422210693359375" lon="-2.82968415878713130950927734375">
        <ele>324.600006103515625</ele>
        <time>2026-05-24T14:14:32.000Z</time>
        <extensions>
          <ns3:TrackPointExtension>
            <ns3:hr>136</ns3:hr>
            <ns3:cad>56</ns3:cad>
          </ns3:TrackPointExtension>
        </extensions>
      </trkpt>
      <trkpt lat="52.5417640618979930877685546875" lon="-2.82967426814138889312744140625">
        <ele>324.399993896484375</ele>
        <time>2026-05-24T14:14:33.000Z</time>
        <extensions>
          <ns3:TrackPointExtension>
            <ns3:hr>136</ns3:hr>
            <ns3:cad>55</ns3:cad>
          </ns3:TrackPointExtension>
        </extensions>
      </trkpt>
      <trkpt lat="52.54176515154540538787841796875" lon="-2.8296485356986522674560546875">
        <ele>324</ele>
        <time>2026-05-24T14:14:35.000Z</time>
        <extensions>
          <ns3:TrackPointExtension>
            <ns3:hr>138</ns3:hr>
            <ns3:cad>55</ns3:cad>
          </ns3:TrackPointExtension>
        </extensions>
      </trkpt>
      <trkpt lat="52.54176481626927852630615234375" lon="-2.82963789068162441253662109375">
        <ele>323.79998779296875</ele>
        <time>2026-05-24T14:14:36.000Z</time>
        <extensions>
          <ns3:TrackPointExtension>
            <ns3:hr>137</ns3:hr>
            <ns3:cad>55</ns3:cad>
          </ns3:TrackPointExtension>
        </extensions>
      </trkpt>
      <trkpt lat="52.5417674146592617034912109375" lon="-2.82960855402052402496337890625">
        <ele>323.399993896484375</ele>
        <time>2026-05-24T14:14:38.000Z</time>
        <extensions>
          <ns3:TrackPointExtension>
            <ns3:hr>137</ns3:hr>
            <ns3:cad>53</ns3:cad>
          </ns3:TrackPointExtension>
        </extensions>
      </trkpt>
      <trkpt lat="52.5417757965624332427978515625" lon="-2.82956697978079319000244140625">
        <ele>323</ele>
        <time>2026-05-24T14:14:41.000Z</time>
        <extensions>
          <ns3:TrackPointExtension>
            <ns3:hr>137</ns3:hr>
            <ns3:cad>55</ns3:cad>
          </ns3:TrackPointExtension>
        </extensions>
      </trkpt>
      <trkpt lat="52.5417856872081756591796875" lon="-2.82952238805592060089111328125">
        <ele>322.79998779296875</ele>
        <time>2026-05-24T14:14:45.000Z</time>
        <extensions>
          <ns3:TrackPointExtension>
            <ns3:hr>136</ns3:hr>
            <ns3:cad>55</ns3:cad>
          </ns3:TrackPointExtension>
        </extensions>
      </trkpt>
      <trkpt lat="52.54178845323622226715087890625" lon="-2.82949405722320079803466796875">
        <ele>322.399993896484375</ele>
        <time>2026-05-24T14:14:47.000Z</time>
        <extensions>
          <ns3:TrackPointExtension>
            <ns3:hr>135</ns3:hr>
            <ns3:cad>55</ns3:cad>
          </ns3:TrackPointExtension>
        </extensions>
      </trkpt>
      <trkpt lat="52.5417969189584255218505859375" lon="-2.82945248298346996307373046875">
        <ele>321.79998779296875</ele>
        <time>2026-05-24T14:14:50.000Z</time>
        <extensions>
          <ns3:TrackPointExtension>
            <ns3:hr>134</ns3:hr>
            <ns3:cad>55</ns3:cad>
          </ns3:TrackPointExtension>
        </extensions>
      </trkpt>
      <trkpt lat="52.5418160296976566314697265625" lon="-2.8293917141854763031005859375">
        <ele>321</ele>
        <time>2026-05-24T14:14:55.000Z</time>
        <extensions>
          <ns3:TrackPointExtension>
            <ns3:hr>134</ns3:hr>
            <ns3:cad>55</ns3:cad>
          </ns3:TrackPointExtension>
        </extensions>
      </trkpt>
      <trkpt lat="52.541820891201496124267578125" lon="-2.82937151379883289337158203125">
        <ele>320.600006103515625</ele>
        <time>2026-05-24T14:14:57.000Z</time>
        <extensions>
          <ns3:TrackPointExtension>
            <ns3:hr>137</ns3:hr>
            <ns3:cad>56</ns3:cad>
          </ns3:TrackPointExtension>
        </extensions>
      </trkpt>
      <trkpt lat="52.5418284349143505096435546875" lon="-2.8293095715343952178955078125">
        <ele>320.20001220703125</ele>
        <time>2026-05-24T14:15:03.000Z</time>
        <extensions>
          <ns3:TrackPointExtension>
            <ns3:hr>135</ns3:hr>
            <ns3:cad>57</ns3:cad>
          </ns3:TrackPointExtension>
        </extensions>
      </trkpt>
      <trkpt lat="52.5418354757130146026611328125" lon="-2.8292482160031795501708984375">
        <ele>319.600006103515625</ele>
        <time>2026-05-24T14:15:08.000Z</time>
        <extensions>
          <ns3:TrackPointExtension>
            <ns3:hr>133</ns3:hr>
            <ns3:cad>57</ns3:cad>
          </ns3:TrackPointExtension>
        </extensions>
      </trkpt>
      <trkpt lat="52.5418358109891414642333984375" lon="-2.82923220656812191009521484375">
        <ele>319.20001220703125</ele>
        <time>2026-05-24T14:15:09.000Z</time>
        <extensions>
          <ns3:TrackPointExtension>
            <ns3:hr>133</ns3:hr>
            <ns3:cad>57</ns3:cad>
          </ns3:TrackPointExtension>
        </extensions>
      </trkpt>
      <trkpt lat="52.54183991812169551849365234375" lon="-2.82919163815677165985107421875">
        <ele>318.399993896484375</ele>
        <time>2026-05-24T14:15:12.000Z</time>
        <extensions>
          <ns3:TrackPointExtension>
            <ns3:hr>132</ns3:hr>
            <ns3:cad>58</ns3:cad>
          </ns3:TrackPointExtension>
        </extensions>
      </trkpt>
      <trkpt lat="52.54184092395007610321044921875" lon="-2.82914721406996250152587890625">
        <ele>317.600006103515625</ele>
        <time>2026-05-24T14:15:15.000Z</time>
        <extensions>
          <ns3:TrackPointExtension>
            <ns3:hr>132</ns3:hr>
            <ns3:cad>58</ns3:cad>
          </ns3:TrackPointExtension>
        </extensions>
      </trkpt>
      <trkpt lat="52.5418401695787906646728515625" lon="-2.82914109528064727783203125">
        <ele>317.20001220703125</ele>
        <time>2026-05-24T14:15:16.000Z</time>
        <extensions>
          <ns3:TrackPointExtension>
            <ns3:hr>131</ns3:hr>
            <ns3:cad>60</ns3:cad>
          </ns3:TrackPointExtension>
        </extensions>
      </trkpt>
      <trkpt lat="52.541838996112346649169921875" lon="-2.8291265107691287994384765625">
        <ele>316.399993896484375</ele>
        <time>2026-05-24T14:15:21.000Z</time>
        <extensions>
          <ns3:TrackPointExtension>
            <ns3:hr>130</ns3:hr>
            <ns3:cad>0</ns3:cad>
          </ns3:TrackPointExtension>
        </extensions>
      </trkpt>
      <trkpt lat="52.54185282625257968902587890625" lon="-2.829091139137744903564453125">
        <ele>316.399993896484375</ele>
        <time>2026-05-24T14:15:27.000Z</time>
        <extensions>
          <ns3:TrackPointExtension>
            <ns3:hr>129</ns3:hr>
            <ns3:cad>0</ns3:cad>
          </ns3:TrackPointExtension>
        </extensions>
      </trkpt>
      <trkpt lat="52.541859112679958343505859375" lon="-2.8290685079991817474365234375">
        <ele>316.20001220703125</ele>
        <time>2026-05-24T14:15:29.000Z</time>
        <extensions>
          <ns3:TrackPointExtension>
            <ns3:hr>129</ns3:hr>
            <ns3:cad>59</ns3:cad>
          </ns3:TrackPointExtension>
        </extensions>
      </trkpt>
      <trkpt lat="52.5418676622211933135986328125" lon="-2.8290232457220554351806640625">
        <ele>315.399993896484375</ele>
        <time>2026-05-24T14:15:33.000Z</time>
        <extensions>
          <ns3:TrackPointExtension>
            <ns3:hr>129</ns3:hr>
            <ns3:cad>59</ns3:cad>
          </ns3:TrackPointExtension>
        </extensions>
      </trkpt>
      <trkpt lat="52.54187445156276226043701171875" lon="-2.82898980192840099334716796875">
        <ele>315</ele>
        <time>2026-05-24T14:15:36.000Z</time>
        <extensions>
          <ns3:TrackPointExtension>
            <ns3:hr>128</ns3:hr>
            <ns3:cad>58</ns3:cad>
          </ns3:TrackPointExtension>
        </extensions>
      </trkpt>
      <trkpt lat="52.54187780432403087615966796875" lon="-2.82895241864025592803955078125">
        <ele>314</ele>
        <time>2026-05-24T14:15:40.000Z</time>
        <extensions>
          <ns3:TrackPointExtension>
            <ns3:hr>128</ns3:hr>
            <ns3:cad>58</ns3:cad>
          </ns3:TrackPointExtension>
        </extensions>
      </trkpt>
      <trkpt lat="52.54188836552202701568603515625" lon="-2.82889106310904026031494140625">
        <ele>313.20001220703125</ele>
        <time>2026-05-24T14:15:45.000Z</time>
        <extensions>
          <ns3:TrackPointExtension>
            <ns3:hr>131</ns3:hr>
            <ns3:cad>51</ns3:cad>
          </ns3:TrackPointExtension>
        </extensions>
      </trkpt>
      <trkpt lat="52.54189088009297847747802734375" lon="-2.8288589604198932647705078125">
        <ele>313</ele>
        <time>2026-05-24T14:15:47.000Z</time>
        <extensions>
          <ns3:TrackPointExtension>
            <ns3:hr>131</ns3:hr>
            <ns3:cad>49</ns3:cad>
          </ns3:TrackPointExtension>
        </extensions>
      </trkpt>
      <trkpt lat="52.54189272411167621612548828125" lon="-2.82884647138416767120361328125">
        <ele>313</ele>
        <time>2026-05-24T14:15:48.000Z</time>
        <extensions>
          <ns3:TrackPointExtension>
            <ns3:hr>132</ns3:hr>
            <ns3:cad>49</ns3:cad>
          </ns3:TrackPointExtension>
        </extensions>
      </trkpt>
      <trkpt lat="52.54189901053905487060546875" lon="-2.8287687711417675018310546875">
        <ele>312</ele>
        <time>2026-05-24T14:15:54.000Z</time>
        <extensions>
          <ns3:TrackPointExtension>
            <ns3:hr>132</ns3:hr>
            <ns3:cad>59</ns3:cad>
          </ns3:TrackPointExtension>
        </extensions>
      </trkpt>
      <trkpt lat="52.54190010018646717071533203125" lon="-2.82875410281121730804443359375">
        <ele>312</ele>
        <time>2026-05-24T14:15:55.000Z</time>
        <extensions>
          <ns3:TrackPointExtension>
            <ns3:hr>131</ns3:hr>
            <ns3:cad>57</ns3:cad>
          </ns3:TrackPointExtension>
        </extensions>
      </trkpt>
      <trkpt lat="52.54190412349998950958251953125" lon="-2.8286769054830074310302734375">
        <ele>311</ele>
        <time>2026-05-24T14:16:01.000Z</time>
        <extensions>
          <ns3:TrackPointExtension>
            <ns3:hr>131</ns3:hr>
            <ns3:cad>56</ns3:cad>
          </ns3:TrackPointExtension>
        </extensions>
      </trkpt>
      <trkpt lat="52.54190395586192607879638671875" lon="-2.82865201123058795928955078125">
        <ele>310.79998779296875</ele>
        <time>2026-05-24T14:16:03.000Z</time>
        <extensions>
          <ns3:TrackPointExtension>
            <ns3:hr>130</ns3:hr>
            <ns3:cad>57</ns3:cad>
          </ns3:TrackPointExtension>
        </extensions>
      </trkpt>
      <trkpt lat="52.541902028024196624755859375" lon="-2.82859216444194316864013671875">
        <ele>310</ele>
        <time>2026-05-24T14:16:08.000Z</time>
        <extensions>
          <ns3:TrackPointExtension>
            <ns3:hr>129</ns3:hr>
            <ns3:cad>54</ns3:cad>
          </ns3:TrackPointExtension>
        </extensions>
      </trkpt>
      <trkpt lat="52.54190261475741863250732421875" lon="-2.828570120036602020263671875">
        <ele>309.600006103515625</ele>
        <time>2026-05-24T14:16:10.000Z</time>
        <extensions>
          <ns3:TrackPointExtension>
            <ns3:hr>129</ns3:hr>
            <ns3:cad>53</ns3:cad>
          </ns3:TrackPointExtension>
        </extensions>
      </trkpt>
      <trkpt lat="52.54190077073872089385986328125" lon="-2.828505076467990875244140625">
        <ele>308.600006103515625</ele>
        <time>2026-05-24T14:16:17.000Z</time>
        <extensions>
          <ns3:TrackPointExtension>
            <ns3:hr>130</ns3:hr>
            <ns3:cad>54</ns3:cad>
          </ns3:TrackPointExtension>
        </extensions>
      </trkpt>
      <trkpt lat="52.54190328530967235565185546875" lon="-2.828447408974170684814453125">
        <ele>307.600006103515625</ele>
        <time>2026-05-24T14:16:23.000Z</time>
        <extensions>
          <ns3:TrackPointExtension>
            <ns3:hr>130</ns3:hr>
            <ns3:cad>0</ns3:cad>
          </ns3:TrackPointExtension>
        </extensions>
      </trkpt>
      <trkpt lat="52.5419052131474018096923828125" lon="-2.82840072177350521087646484375">
        <ele>306.600006103515625</ele>
        <time>2026-05-24T14:16:29.000Z</time>
        <extensions>
          <ns3:TrackPointExtension>
            <ns3:hr>130</ns3:hr>
            <ns3:cad>0</ns3:cad>
          </ns3:TrackPointExtension>
        </extensions>
      </trkpt>
      <trkpt lat="52.5419075600802898406982421875" lon="-2.8283880650997161865234375">
        <ele>306.399993896484375</ele>
        <time>2026-05-24T14:16:30.000Z</time>
        <extensions>
          <ns3:TrackPointExtension>
            <ns3:hr>130</ns3:hr>
            <ns3:cad>0</ns3:cad>
          </ns3:TrackPointExtension>
        </extensions>
      </trkpt>
      <trkpt lat="52.54191183485090732574462890625" lon="-2.828336097300052642822265625">
        <ele>305.20001220703125</ele>
        <time>2026-05-24T14:16:34.000Z</time>
        <extensions>
          <ns3:TrackPointExtension>
            <ns3:hr>130</ns3:hr>
            <ns3:cad>55</ns3:cad>
          </ns3:TrackPointExtension>
        </extensions>
      </trkpt>
      <trkpt lat="52.541920132935047149658203125" lon="-2.8282504342496395111083984375">
        <ele>304.79998779296875</ele>
        <time>2026-05-24T14:16:41.000Z</time>
        <extensions>
          <ns3:TrackPointExtension>
            <ns3:hr>130</ns3:hr>
            <ns3:cad>55</ns3:cad>
          </ns3:TrackPointExtension>
        </extensions>
      </trkpt>
      <trkpt lat="52.54192424006760120391845703125" lon="-2.82817826606333255767822265625">
        <ele>304.600006103515625</ele>
        <time>2026-05-24T14:16:47.000Z</time>
        <extensions>
          <ns3:TrackPointExtension>
            <ns3:hr>130</ns3:hr>
            <ns3:cad>56</ns3:cad>
          </ns3:TrackPointExtension>
        </extensions>
      </trkpt>
      <trkpt lat="52.54192650318145751953125" lon="-2.8281223587691783905029296875">
        <ele>304</ele>
        <time>2026-05-24T14:16:51.000Z</time>
        <extensions>
          <ns3:TrackPointExtension>
            <ns3:hr>132</ns3:hr>
            <ns3:cad>56</ns3:cad>
          </ns3:TrackPointExtension>
        </extensions>
      </trkpt>
      <trkpt lat="52.54193061031401157379150390625" lon="-2.82808388583362102508544921875">
        <ele>303.399993896484375</ele>
        <time>2026-05-24T14:16:54.000Z</time>
        <extensions>
          <ns3:TrackPointExtension>
            <ns3:hr>130</ns3:hr>
            <ns3:cad>59</ns3:cad>
          </ns3:TrackPointExtension>
        </extensions>
      </trkpt>
      <trkpt lat="52.54192977212369441986083984375" lon="-2.828051112592220306396484375">
        <ele>302.79998779296875</ele>
        <time>2026-05-24T14:16:56.000Z</time>
        <extensions>
          <ns3:TrackPointExtension>
            <ns3:hr>130</ns3:hr>
            <ns3:cad>59</ns3:cad>
          </ns3:TrackPointExtension>
        </extensions>
      </trkpt>
      <trkpt lat="52.5419260002672672271728515625" lon="-2.8280093707144260406494140625">
        <ele>302.20001220703125</ele>
        <time>2026-05-24T14:16:59.000Z</time>
        <extensions>
          <ns3:TrackPointExtension>
            <ns3:hr>131</ns3:hr>
            <ns3:cad>58</ns3:cad>
          </ns3:TrackPointExtension>
        </extensions>
      </trkpt>
      <trkpt lat="52.54192440770566463470458984375" lon="-2.82798564992845058441162109375">
        <ele>301.79998779296875</ele>
        <time>2026-05-24T14:17:01.000Z</time>
        <extensions>
          <ns3:TrackPointExtension>
            <ns3:hr>131</ns3:hr>
            <ns3:cad>58</ns3:cad>
          </ns3:TrackPointExtension>
        </extensions>
      </trkpt>
      <trkpt lat="52.54190831445157527923583984375" lon="-2.82790753059089183807373046875">
        <ele>301</ele>
        <time>2026-05-24T14:17:07.000Z</time>
        <extensions>
          <ns3:TrackPointExtension>
            <ns3:hr>131</ns3:hr>
            <ns3:cad>57</ns3:cad>
          </ns3:TrackPointExtension>
        </extensions>
      </trkpt>
      <trkpt lat="52.5418921373784542083740234375" lon="-2.82785355113446712493896484375">
        <ele>300.600006103515625</ele>
        <time>2026-05-24T14:17:11.000Z</time>
        <extensions>
          <ns3:TrackPointExtension>
            <ns3:hr>131</ns3:hr>
            <ns3:cad>57</ns3:cad>
          </ns3:TrackPointExtension>
        </extensions>
      </trkpt>
      <trkpt lat="52.54188082180917263031005859375" lon="-2.8278092108666896820068359375">
        <ele>300</ele>
        <time>2026-05-24T14:17:14.000Z</time>
        <extensions>
          <ns3:TrackPointExtension>
            <ns3:hr>131</ns3:hr>
            <ns3:cad>57</ns3:cad>
          </ns3:TrackPointExtension>
        </extensions>
      </trkpt>
      <trkpt lat="52.5418696738779544830322265625" lon="-2.82775900326669216156005859375">
        <ele>299.600006103515625</ele>
        <time>2026-05-24T14:17:17.000Z</time>
        <extensions>
          <ns3:TrackPointExtension>
            <ns3:hr>132</ns3:hr>
            <ns3:cad>57</ns3:cad>
          </ns3:TrackPointExtension>
        </extensions>
      </trkpt>
      <trkpt lat="52.541857771575450897216796875" lon="-2.82770686782896518707275390625">
        <ele>299.20001220703125</ele>
        <time>2026-05-24T14:17:20.000Z</time>
        <extensions>
          <ns3:TrackPointExtension>
            <ns3:hr>133</ns3:hr>
            <ns3:cad>57</ns3:cad>
          </ns3:TrackPointExtension>
        </extensions>
      </trkpt>
      <trkpt lat="52.5418527424335479736328125" lon="-2.82767183147370815277099609375">
        <ele>298.79998779296875</ele>
        <time>2026-05-24T14:17:22.000Z</time>
        <extensions>
          <ns3:TrackPointExtension>
            <ns3:hr>132</ns3:hr>
            <ns3:cad>57</ns3:cad>
          </ns3:TrackPointExtension>
        </extensions>
      </trkpt>
      <trkpt lat="52.54184444434940814971923828125" lon="-2.827642075717449188232421875">
        <ele>298.600006103515625</ele>
        <time>2026-05-24T14:17:24.000Z</time>
        <extensions>
          <ns3:TrackPointExtension>
            <ns3:hr>132</ns3:hr>
            <ns3:cad>58</ns3:cad>
          </ns3:TrackPointExtension>
        </extensions>
      </trkpt>
      <trkpt lat="52.54183891229331493377685546875" lon="-2.82762740738689899444580078125">
        <ele>298.399993896484375</ele>
        <time>2026-05-24T14:17:25.000Z</time>
        <extensions>
          <ns3:TrackPointExtension>
            <ns3:hr>132</ns3:hr>
            <ns3:cad>58</ns3:cad>
          </ns3:TrackPointExtension>
        </extensions>
      </trkpt>
      <trkpt lat="52.54181192256510257720947265625" lon="-2.827573679387569427490234375">
        <ele>297.79998779296875</ele>
        <time>2026-05-24T14:17:29.000Z</time>
        <extensions>
          <ns3:TrackPointExtension>
            <ns3:hr>129</ns3:hr>
            <ns3:cad>115</ns3:cad>
          </ns3:TrackPointExtension>
        </extensions>
      </trkpt>
      <trkpt lat="52.5417928956449031829833984375" lon="-2.82753637991845607757568359375">
        <ele>297.20001220703125</ele>
        <time>2026-05-24T14:17:31.000Z</time>
        <extensions>
          <ns3:TrackPointExtension>
            <ns3:hr>129</ns3:hr>
            <ns3:cad>120</ns3:cad>
          </ns3:TrackPointExtension>
        </extensions>
      </trkpt>
      <trkpt lat="52.54178493283689022064208984375" lon="-2.8275191970169544219970703125">
        <ele>296.79998779296875</ele>
        <time>2026-05-24T14:17:32.000Z</time>
        <extensions>
          <ns3:TrackPointExtension>
            <ns3:hr>129</ns3:hr>
            <ns3:cad>122</ns3:cad>
          </ns3:TrackPointExtension>
        </extensions>
      </trkpt>
      <trkpt lat="52.5417369045317173004150390625" lon="-2.827418781816959381103515625">
        <ele>296.20001220703125</ele>
        <time>2026-05-24T14:17:38.000Z</time>
        <extensions>
          <ns3:TrackPointExtension>
            <ns3:hr>128</ns3:hr>
            <ns3:cad>61</ns3:cad>
          </ns3:TrackPointExtension>
        </extensions>
      </trkpt>
      <trkpt lat="52.5416876189410686492919921875" lon="-2.8273358009755611419677734375">
        <ele>295.600006103515625</ele>
        <time>2026-05-24T14:17:44.000Z</time>
        <extensions>
          <ns3:TrackPointExtension>
            <ns3:hr>127</ns3:hr>
            <ns3:cad>58</ns3:cad>
          </ns3:TrackPointExtension>
        </extensions>
      </trkpt>
      <trkpt lat="52.54165937192738056182861328125" lon="-2.827274613082408905029296875">
        <ele>295.79998779296875</ele>
        <time>2026-05-24T14:17:48.000Z</time>
        <extensions>
          <ns3:TrackPointExtension>
            <ns3:hr>131</ns3:hr>
            <ns3:cad>58</ns3:cad>
          </ns3:TrackPointExtension>
        </extensions>
      </trkpt>
      <trkpt lat="52.54164512269198894500732421875" lon="-2.82723697833716869354248046875">
        <ele>295.600006103515625</ele>
        <time>2026-05-24T14:17:50.000Z</time>
        <extensions>
          <ns3:TrackPointExtension>
            <ns3:hr>132</ns3:hr>
            <ns3:cad>58</ns3:cad>
          </ns3:TrackPointExtension>
        </extensions>
      </trkpt>
      <trkpt lat="52.54162265919148921966552734375" lon="-2.8271923027932643890380859375">
        <ele>294.79998779296875</ele>
        <time>2026-05-24T14:17:53.000Z</time>
        <extensions>
          <ns3:TrackPointExtension>
            <ns3:hr>133</ns3:hr>
            <ns3:cad>60</ns3:cad>
          </ns3:TrackPointExtension>
        </extensions>
      </trkpt>
      <trkpt lat="52.541596926748752593994140625" lon="-2.82714360393583774566650390625">
        <ele>293.399993896484375</ele>
        <time>2026-05-24T14:17:57.000Z</time>
        <extensions>
          <ns3:TrackPointExtension>
            <ns3:hr>134</ns3:hr>
            <ns3:cad>59</ns3:cad>
          </ns3:TrackPointExtension>
        </extensions>
      </trkpt>
      <trkpt lat="52.5415598787367343902587890625" lon="-2.82705274410545825958251953125">
        <ele>294</ele>
        <time>2026-05-24T14:18:03.000Z</time>
        <extensions>
          <ns3:TrackPointExtension>
            <ns3:hr>135</ns3:hr>
            <ns3:cad>59</ns3:cad>
          </ns3:TrackPointExtension>
        </extensions>
      </trkpt>
      <trkpt lat="52.54153423011302947998046875" lon="-2.82694838941097259521484375">
        <ele>293</ele>
        <time>2026-05-24T14:18:10.000Z</time>
        <extensions>
          <ns3:TrackPointExtension>
            <ns3:hr>136</ns3:hr>
            <ns3:cad>58</ns3:cad>
          </ns3:TrackPointExtension>
        </extensions>
      </trkpt>
      <trkpt lat="52.541531883180141448974609375" lon="-2.8268865309655666351318359375">
        <ele>292.79998779296875</ele>
        <time>2026-05-24T14:18:13.000Z</time>
        <extensions>
          <ns3:TrackPointExtension>
            <ns3:hr>136</ns3:hr>
            <ns3:cad>60</ns3:cad>
          </ns3:TrackPointExtension>
        </extensions>
      </trkpt>
      <trkpt lat="52.5415250100195407867431640625" lon="-2.82685107551515102386474609375">
        <ele>292.399993896484375</ele>
        <time>2026-05-24T14:18:15.000Z</time>
        <extensions>
          <ns3:TrackPointExtension>
            <ns3:hr>137</ns3:hr>
            <ns3:cad>60</ns3:cad>
          </ns3:TrackPointExtension>
        </extensions>
      </trkpt>
      <trkpt lat="52.541499026119709014892578125" lon="-2.82674998976290225982666015625">
        <ele>292.600006103515625</ele>
        <time>2026-05-24T14:18:21.000Z</time>
        <extensions>
          <ns3:TrackPointExtension>
            <ns3:hr>138</ns3:hr>
            <ns3:cad>0</ns3:cad>
          </ns3:TrackPointExtension>
        </extensions>
      </trkpt>
      <trkpt lat="52.54145770333707332611083984375" lon="-2.826616130769252777099609375">
        <ele>291.399993896484375</ele>
        <time>2026-05-24T14:18:28.000Z</time>
        <extensions>
          <ns3:TrackPointExtension>
            <ns3:hr>137</ns3:hr>
            <ns3:cad>58</ns3:cad>
          </ns3:TrackPointExtension>
        </extensions>
      </trkpt>
      <trkpt lat="52.54144169390201568603515625" lon="-2.82654496841132640838623046875">
        <ele>290.600006103515625</ele>
        <time>2026-05-24T14:18:32.000Z</time>
        <extensions>
          <ns3:TrackPointExtension>
            <ns3:hr>138</ns3:hr>
            <ns3:cad>57</ns3:cad>
          </ns3:TrackPointExtension>
        </extensions>
      </trkpt>
      <trkpt lat="52.54139668308198451995849609375" lon="-2.8264406137168407440185546875">
        <ele>290.399993896484375</ele>
        <time>2026-05-24T14:18:38.000Z</time>
        <extensions>
          <ns3:TrackPointExtension>
            <ns3:hr>139</ns3:hr>
            <ns3:cad>60</ns3:cad>
          </ns3:TrackPointExtension>
        </extensions>
      </trkpt>
      <trkpt lat="52.54137740470468997955322265625" lon="-2.8263899870216846466064453125">
        <ele>290.20001220703125</ele>
        <time>2026-05-24T14:18:41.000Z</time>
        <extensions>
          <ns3:TrackPointExtension>
            <ns3:hr>139</ns3:hr>
            <ns3:cad>60</ns3:cad>
          </ns3:TrackPointExtension>
        </extensions>
      </trkpt>
      <trkpt lat="52.541360892355442047119140625" lon="-2.82631496898829936981201171875">
        <ele>289.20001220703125</ele>
        <time>2026-05-24T14:18:45.000Z</time>
        <extensions>
          <ns3:TrackPointExtension>
            <ns3:hr>139</ns3:hr>
            <ns3:cad>61</ns3:cad>
          </ns3:TrackPointExtension>
        </extensions>
      </trkpt>
      <trkpt lat="52.54133817739784717559814453125" lon="-2.826192677021026611328125">
        <ele>289.20001220703125</ele>
        <time>2026-05-24T14:18:52.000Z</time>
        <extensions>
          <ns3:TrackPointExtension>
            <ns3:hr>139</ns3:hr>
            <ns3:cad>61</ns3:cad>
          </ns3:TrackPointExtension>
        </extensions>
      </trkpt>
      <trkpt lat="52.54132501780986785888671875" lon="-2.8261170722544193267822265625">
        <ele>288.600006103515625</ele>
        <time>2026-05-24T14:18:56.000Z</time>
        <extensions>
          <ns3:TrackPointExtension>
            <ns3:hr>139</ns3:hr>
            <ns3:cad>61</ns3:cad>
          </ns3:TrackPointExtension>
        </extensions>
      </trkpt>
      <trkpt lat="52.541322000324726104736328125" lon="-2.8260939382016658782958984375">
        <ele>288.600006103515625</ele>
        <time>2026-05-24T14:18:57.000Z</time>
        <extensions>
          <ns3:TrackPointExtension>
            <ns3:hr>139</ns3:hr>
            <ns3:cad>61</ns3:cad>
          </ns3:TrackPointExtension>
        </extensions>
      </trkpt>
      <trkpt lat="52.5413013808429241180419921875" lon="-2.82598203979432582855224609375">
        <ele>288.20001220703125</ele>
        <time>2026-05-24T14:19:03.000Z</time>
        <extensions>
          <ns3:TrackPointExtension>
            <ns3:hr>139</ns3:hr>
            <ns3:cad>62</ns3:cad>
          </ns3:TrackPointExtension>
        </extensions>
      </trkpt>
      <trkpt lat="52.54128620959818363189697265625" lon="-2.82587089575827121734619140625">
        <ele>288.79998779296875</ele>
        <time>2026-05-24T14:19:09.000Z</time>
        <extensions>
          <ns3:TrackPointExtension>
            <ns3:hr>139</ns3:hr>
            <ns3:cad>0</ns3:cad>
          </ns3:TrackPointExtension>
        </extensions>
      </trkpt>
      <trkpt lat="52.541267015039920806884765625" lon="-2.825793363153934478759765625">
        <ele>288</ele>
        <time>2026-05-24T14:19:13.000Z</time>
        <extensions>
          <ns3:TrackPointExtension>
            <ns3:hr>139</ns3:hr>
            <ns3:cad>61</ns3:cad>
          </ns3:TrackPointExtension>
        </extensions>
      </trkpt>
      <trkpt lat="52.54126064479351043701171875" lon="-2.8257707320153713226318359375">
        <ele>287.600006103515625</ele>
        <time>2026-05-24T14:19:14.000Z</time>
        <extensions>
          <ns3:TrackPointExtension>
            <ns3:hr>140</ns3:hr>
            <ns3:cad>61</ns3:cad>
          </ns3:TrackPointExtension>
        </extensions>
      </trkpt>
      <trkpt lat="52.54122585989534854888916015625" lon="-2.8256456740200519561767578125">
        <ele>287.600006103515625</ele>
        <time>2026-05-24T14:19:21.000Z</time>
        <extensions>
          <ns3:TrackPointExtension>
            <ns3:hr>139</ns3:hr>
            <ns3:cad>64</ns3:cad>
          </ns3:TrackPointExtension>
        </extensions>
      </trkpt>
      <trkpt lat="52.541213370859622955322265625" lon="-2.8255368769168853759765625">
        <ele>287</ele>
        <time>2026-05-24T14:19:27.000Z</time>
        <extensions>
          <ns3:TrackPointExtension>
            <ns3:hr>139</ns3:hr>
            <ns3:cad>59</ns3:cad>
          </ns3:TrackPointExtension>
        </extensions>
      </trkpt>
      <trkpt lat="52.54121110774576663970947265625" lon="-2.8255140781402587890625">
        <ele>286.79998779296875</ele>
        <time>2026-05-24T14:19:28.000Z</time>
        <extensions>
          <ns3:TrackPointExtension>
            <ns3:hr>138</ns3:hr>
            <ns3:cad>60</ns3:cad>
          </ns3:TrackPointExtension>
        </extensions>
      </trkpt>
      <trkpt lat="52.5412014685571193695068359375" lon="-2.82543520443141460418701171875">
        <ele>286.399993896484375</ele>
        <time>2026-05-24T14:19:32.000Z</time>
        <extensions>
          <ns3:TrackPointExtension>
            <ns3:hr>138</ns3:hr>
            <ns3:cad>60</ns3:cad>
          </ns3:TrackPointExtension>
        </extensions>
      </trkpt>
      <trkpt lat="52.5411843694746494293212890625" lon="-2.82538709230720996856689453125">
        <ele>286.20001220703125</ele>
        <time>2026-05-24T14:19:35.000Z</time>
        <extensions>
          <ns3:TrackPointExtension>
            <ns3:hr>139</ns3:hr>
            <ns3:cad>62</ns3:cad>
          </ns3:TrackPointExtension>
        </extensions>
      </trkpt>
      <trkpt lat="52.54116970114409923553466796875" lon="-2.825350463390350341796875">
        <ele>285.79998779296875</ele>
        <time>2026-05-24T14:19:37.000Z</time>
        <extensions>
          <ns3:TrackPointExtension>
            <ns3:hr>136</ns3:hr>
            <ns3:cad>62</ns3:cad>
          </ns3:TrackPointExtension>
        </extensions>
      </trkpt>
      <trkpt lat="52.54116148687899112701416015625" lon="-2.82533126883208751678466796875">
        <ele>285.399993896484375</ele>
        <time>2026-05-24T14:19:38.000Z</time>
        <extensions>
          <ns3:TrackPointExtension>
            <ns3:hr>132</ns3:hr>
            <ns3:cad>62</ns3:cad>
          </ns3:TrackPointExtension>
        </extensions>
      </trkpt>
      <trkpt lat="52.54115444608032703399658203125" lon="-2.82531383447349071502685546875">
        <ele>285</ele>
        <time>2026-05-24T14:19:39.000Z</time>
        <extensions>
          <ns3:TrackPointExtension>
            <ns3:hr>126</ns3:hr>
            <ns3:cad>62</ns3:cad>
          </ns3:TrackPointExtension>
        </extensions>
      </trkpt>
      <trkpt lat="52.54114799201488494873046875" lon="-2.825296819210052490234375">
        <ele>284.79998779296875</ele>
        <time>2026-05-24T14:19:40.000Z</time>
        <extensions>
          <ns3:TrackPointExtension>
            <ns3:hr>126</ns3:hr>
            <ns3:cad>62</ns3:cad>
          </ns3:TrackPointExtension>
        </extensions>
      </trkpt>
      <trkpt lat="52.54112661816179752349853515625" lon="-2.8252456896007061004638671875">
        <ele>284.600006103515625</ele>
        <time>2026-05-24T14:19:43.000Z</time>
        <extensions>
          <ns3:TrackPointExtension>
            <ns3:hr>124</ns3:hr>
            <ns3:cad>68</ns3:cad>
          </ns3:TrackPointExtension>
        </extensions>
      </trkpt>
      <trkpt lat="52.54111253656446933746337890625" lon="-2.825211323797702789306640625">
        <ele>284.79998779296875</ele>
        <time>2026-05-24T14:19:45.000Z</time>
        <extensions>
          <ns3:TrackPointExtension>
            <ns3:hr>121</ns3:hr>
            <ns3:cad>68</ns3:cad>
          </ns3:TrackPointExtension>
        </extensions>
      </trkpt>
      <trkpt lat="52.5410901568830013275146484375" lon="-2.8251404128968715667724609375">
        <ele>284.399993896484375</ele>
        <time>2026-05-24T14:19:49.000Z</time>
        <extensions>
          <ns3:TrackPointExtension>
            <ns3:hr>121</ns3:hr>
            <ns3:cad>62</ns3:cad>
          </ns3:TrackPointExtension>
        </extensions>
      </trkpt>
      <trkpt lat="52.541062496602535247802734375" lon="-2.82500990666449069976806640625">
        <ele>283.79998779296875</ele>
        <time>2026-05-24T14:19:56.000Z</time>
        <extensions>
          <ns3:TrackPointExtension>
            <ns3:hr>119</ns3:hr>
            <ns3:cad>59</ns3:cad>
          </ns3:TrackPointExtension>
        </extensions>
      </trkpt>
      <trkpt lat="52.541057802736759185791015625" lon="-2.82496967352926731109619140625">
        <ele>284</ele>
        <time>2026-05-24T14:19:58.000Z</time>
        <extensions>
          <ns3:TrackPointExtension>
            <ns3:hr>124</ns3:hr>
            <ns3:cad>59</ns3:cad>
          </ns3:TrackPointExtension>
        </extensions>
      </trkpt>
      <trkpt lat="52.54105201922357082366943359375" lon="-2.82494687475264072418212890625">
        <ele>284</ele>
        <time>2026-05-24T14:19:59.000Z</time>
        <extensions>
          <ns3:TrackPointExtension>
            <ns3:hr>131</ns3:hr>
            <ns3:cad>59</ns3:cad>
          </ns3:TrackPointExtension>
        </extensions>
      </trkpt>
      <trkpt lat="52.5410448946058750152587890625" lon="-2.824924327433109283447265625">
        <ele>284</ele>
        <time>2026-05-24T14:20:00.000Z</time>
        <extensions>
          <ns3:TrackPointExtension>
            <ns3:hr>135</ns3:hr>
            <ns3:cad>59</ns3:cad>
          </ns3:TrackPointExtension>
        </extensions>
      </trkpt>
      <trkpt lat="52.5410294719040393829345703125" lon="-2.82488618977367877960205078125">
        <ele>284.20001220703125</ele>
        <time>2026-05-24T14:20:02.000Z</time>
        <extensions>
          <ns3:TrackPointExtension>
            <ns3:hr>138</ns3:hr>
            <ns3:cad>59</ns3:cad>
          </ns3:TrackPointExtension>
        </extensions>
      </trkpt>
      <trkpt lat="52.541022263467311859130859375" lon="-2.82486967742443084716796875">
        <ele>284.20001220703125</ele>
        <time>2026-05-24T14:20:03.000Z</time>
        <extensions>
          <ns3:TrackPointExtension>
            <ns3:hr>138</ns3:hr>
            <ns3:cad>59</ns3:cad>
          </ns3:TrackPointExtension>
        </extensions>
      </trkpt>
      <trkpt lat="52.54100122489035129547119140625" lon="-2.824791558086872100830078125">
        <ele>283.399993896484375</ele>
        <time>2026-05-24T14:20:07.000Z</time>
        <extensions>
          <ns3:TrackPointExtension>
            <ns3:hr>139</ns3:hr>
            <ns3:cad>60</ns3:cad>
          </ns3:TrackPointExtension>
        </extensions>
      </trkpt>
      <trkpt lat="52.5409878976643085479736328125" lon="-2.82473632134497165679931640625">
        <ele>282.79998779296875</ele>
        <time>2026-05-24T14:20:10.000Z</time>
        <extensions>
          <ns3:TrackPointExtension>
            <ns3:hr>140</ns3:hr>
            <ns3:cad>60</ns3:cad>
          </ns3:TrackPointExtension>
        </extensions>
      </trkpt>
      <trkpt lat="52.5409614108502864837646484375" lon="-2.8246354870498180389404296875">
        <ele>282.399993896484375</ele>
        <time>2026-05-24T14:20:15.000Z</time>
        <extensions>
          <ns3:TrackPointExtension>
            <ns3:hr>139</ns3:hr>
            <ns3:cad>61</ns3:cad>
          </ns3:TrackPointExtension>
        </extensions>
      </trkpt>
      <trkpt lat="52.5409493409097194671630859375" lon="-2.82459936104714870452880859375">
        <ele>282</ele>
        <time>2026-05-24T14:20:17.000Z</time>
        <extensions>
          <ns3:TrackPointExtension>
            <ns3:hr>140</ns3:hr>
            <ns3:cad>61</ns3:cad>
          </ns3:TrackPointExtension>
        </extensions>
      </trkpt>
      <trkpt lat="52.54090717993676662445068359375" lon="-2.8245231695473194122314453125">
        <ele>281.600006103515625</ele>
        <time>2026-05-24T14:20:22.000Z</time>
        <extensions>
          <ns3:TrackPointExtension>
            <ns3:hr>136</ns3:hr>
            <ns3:cad>60</ns3:cad>
          </ns3:TrackPointExtension>
        </extensions>
      </trkpt>
      <trkpt lat="52.5408574752509593963623046875" lon="-2.82443691976368427276611328125">
        <ele>281.600006103515625</ele>
        <time>2026-05-24T14:20:28.000Z</time>
        <extensions>
          <ns3:TrackPointExtension>
            <ns3:hr>137</ns3:hr>
            <ns3:cad>59</ns3:cad>
          </ns3:TrackPointExtension>
        </extensions>
      </trkpt>
      <trkpt lat="52.54084599204361438751220703125" lon="-2.8244034759700298309326171875">
        <ele>281.20001220703125</ele>
        <time>2026-05-24T14:20:30.000Z</time>
        <extensions>
          <ns3:TrackPointExtension>
            <ns3:hr>138</ns3:hr>
            <ns3:cad>60</ns3:cad>
          </ns3:TrackPointExtension>
        </extensions>
      </trkpt>
      <trkpt lat="52.5408189184963703155517578125" lon="-2.8243327327072620391845703125">
        <ele>280.600006103515625</ele>
        <time>2026-05-24T14:20:34.000Z</time>
        <extensions>
          <ns3:TrackPointExtension>
            <ns3:hr>137</ns3:hr>
            <ns3:cad>61</ns3:cad>
          </ns3:TrackPointExtension>
        </extensions>
      </trkpt>
      <trkpt lat="52.54078044556081295013427734375" lon="-2.824249081313610076904296875">
        <ele>280.20001220703125</ele>
        <time>2026-05-24T14:20:39.000Z</time>
        <extensions>
          <ns3:TrackPointExtension>
            <ns3:hr>138</ns3:hr>
            <ns3:cad>121</ns3:cad>
          </ns3:TrackPointExtension>
        </extensions>
      </trkpt>
      <trkpt lat="52.54077206365764141082763671875" lon="-2.8242338262498378753662109375">
        <ele>280.20001220703125</ele>
        <time>2026-05-24T14:20:40.000Z</time>
        <extensions>
          <ns3:TrackPointExtension>
            <ns3:hr>138</ns3:hr>
            <ns3:cad>121</ns3:cad>
          </ns3:TrackPointExtension>
        </extensions>
      </trkpt>
      <trkpt lat="52.540702410042285919189453125" lon="-2.8241506777703762054443359375">
        <ele>279.399993896484375</ele>
        <time>2026-05-24T14:20:46.000Z</time>
        <extensions>
          <ns3:TrackPointExtension>
            <ns3:hr>138</ns3:hr>
            <ns3:cad>61</ns3:cad>
          </ns3:TrackPointExtension>
        </extensions>
      </trkpt>
      <trkpt lat="52.54068254493176937103271484375" lon="-2.82412729226052761077880859375">
        <ele>279.20001220703125</ele>
        <time>2026-05-24T14:20:48.000Z</time>
        <extensions>
          <ns3:TrackPointExtension>
            <ns3:hr>138</ns3:hr>
            <ns3:cad>61</ns3:cad>
          </ns3:TrackPointExtension>
        </extensions>
      </trkpt>
      <trkpt lat="52.5406093709170818328857421875" lon="-2.82404632307589054107666015625">
        <ele>278.79998779296875</ele>
        <time>2026-05-24T14:20:55.000Z</time>
        <extensions>
          <ns3:TrackPointExtension>
            <ns3:hr>137</ns3:hr>
            <ns3:cad>59</ns3:cad>
          </ns3:TrackPointExtension>
        </extensions>
      </trkpt>
      <trkpt lat="52.54054457880556583404541015625" lon="-2.8239930979907512664794921875">
        <ele>278</ele>
        <time>2026-05-24T14:21:01.000Z</time>
        <extensions>
          <ns3:TrackPointExtension>
            <ns3:hr>138</ns3:hr>
            <ns3:cad>61</ns3:cad>
          </ns3:TrackPointExtension>
        </extensions>
      </trkpt>
      <trkpt lat="52.5404880009591579437255859375" lon="-2.82392880879342555999755859375">
        <ele>277.399993896484375</ele>
        <time>2026-05-24T14:21:06.000Z</time>
        <extensions>
          <ns3:TrackPointExtension>
            <ns3:hr>138</ns3:hr>
            <ns3:cad>60</ns3:cad>
          </ns3:TrackPointExtension>
        </extensions>
      </trkpt>
      <trkpt lat="52.5404477678239345550537109375" lon="-2.82389880158007144927978515625">
        <ele>277</ele>
        <time>2026-05-24T14:21:10.000Z</time>
        <extensions>
          <ns3:TrackPointExtension>
            <ns3:hr>138</ns3:hr>
            <ns3:cad>57</ns3:cad>
          </ns3:TrackPointExtension>
        </extensions>
      </trkpt>
      <trkpt lat="52.540438212454319000244140625" lon="-2.82388874329626560211181640625">
        <ele>277</ele>
        <time>2026-05-24T14:21:11.000Z</time>
        <extensions>
          <ns3:TrackPointExtension>
            <ns3:hr>138</ns3:hr>
            <ns3:cad>57</ns3:cad>
          </ns3:TrackPointExtension>
        </extensions>
      </trkpt>
      <trkpt lat="52.54041885025799274444580078125" lon="-2.82386946491897106170654296875">
        <ele>276.79998779296875</ele>
        <time>2026-05-24T14:21:13.000Z</time>
        <extensions>
          <ns3:TrackPointExtension>
            <ns3:hr>138</ns3:hr>
            <ns3:cad>59</ns3:cad>
          </ns3:TrackPointExtension>
        </extensions>
      </trkpt>
      <trkpt lat="52.54036084748804569244384765625" lon="-2.8238291479647159576416015625">
        <ele>276</ele>
        <time>2026-05-24T14:21:18.000Z</time>
        <extensions>
          <ns3:TrackPointExtension>
            <ns3:hr>137</ns3:hr>
            <ns3:cad>62</ns3:cad>
          </ns3:TrackPointExtension>
        </extensions>
      </trkpt>
      <trkpt lat="52.540348358452320098876953125" lon="-2.82382537610828876495361328125">
        <ele>275.79998779296875</ele>
        <time>2026-05-24T14:21:19.000Z</time>
        <extensions>
          <ns3:TrackPointExtension>
            <ns3:hr>137</ns3:hr>
            <ns3:cad>62</ns3:cad>
          </ns3:TrackPointExtension>
        </extensions>
      </trkpt>
      <trkpt lat="52.54028297960758209228515625" lon="-2.82379151321947574615478515625">
        <ele>275.20001220703125</ele>
        <time>2026-05-24T14:21:25.000Z</time>
        <extensions>
          <ns3:TrackPointExtension>
            <ns3:hr>137</ns3:hr>
            <ns3:cad>58</ns3:cad>
          </ns3:TrackPointExtension>
        </extensions>
      </trkpt>
      <trkpt lat="52.5402621924877166748046875" lon="-2.82376904971897602081298828125">
        <ele>275</ele>
        <time>2026-05-24T14:21:27.000Z</time>
        <extensions>
          <ns3:TrackPointExtension>
            <ns3:hr>137</ns3:hr>
            <ns3:cad>58</ns3:cad>
          </ns3:TrackPointExtension>
        </extensions>
      </trkpt>
      <trkpt lat="52.54023008979856967926025390625" lon="-2.82374138943850994110107421875">
        <ele>274.399993896484375</ele>
        <time>2026-05-24T14:21:30.000Z</time>
        <extensions>
          <ns3:TrackPointExtension>
            <ns3:hr>137</ns3:hr>
            <ns3:cad>58</ns3:cad>
          </ns3:TrackPointExtension>
        </extensions>
      </trkpt>
      <trkpt lat="52.5402058660984039306640625" lon="-2.823736779391765594482421875">
        <ele>273.79998779296875</ele>
        <time>2026-05-24T14:21:32.000Z</time>
        <extensions>
          <ns3:TrackPointExtension>
            <ns3:hr>137</ns3:hr>
            <ns3:cad>59</ns3:cad>
          </ns3:TrackPointExtension>
        </extensions>
      </trkpt>
      <trkpt lat="52.540169991552829742431640625" lon="-2.823739461600780487060546875">
        <ele>273.600006103515625</ele>
        <time>2026-05-24T14:21:35.000Z</time>
        <extensions>
          <ns3:TrackPointExtension>
            <ns3:hr>137</ns3:hr>
            <ns3:cad>60</ns3:cad>
          </ns3:TrackPointExtension>
        </extensions>
      </trkpt>
      <trkpt lat="52.540088854730129241943359375" lon="-2.82372429035604000091552734375">
        <ele>273.20001220703125</ele>
        <time>2026-05-24T14:21:42.000Z</time>
        <extensions>
          <ns3:TrackPointExtension>
            <ns3:hr>137</ns3:hr>
            <ns3:cad>58</ns3:cad>
          </ns3:TrackPointExtension>
        </extensions>
      </trkpt>
      <trkpt lat="52.54004317335784435272216796875" lon="-2.82369260676205158233642578125">
        <ele>272.79998779296875</ele>
        <time>2026-05-24T14:21:46.000Z</time>
        <extensions>
          <ns3:TrackPointExtension>
            <ns3:hr>137</ns3:hr>
            <ns3:cad>58</ns3:cad>
          </ns3:TrackPointExtension>
        </extensions>
      </trkpt>
      <trkpt lat="52.54002221859991550445556640625" lon="-2.8236698918044567108154296875">
        <ele>272.600006103515625</ele>
        <time>2026-05-24T14:21:48.000Z</time>
        <extensions>
          <ns3:TrackPointExtension>
            <ns3:hr>137</ns3:hr>
            <ns3:cad>58</ns3:cad>
          </ns3:TrackPointExtension>
        </extensions>
      </trkpt>
      <trkpt lat="52.53997393883764743804931640625" lon="-2.8235815465450286865234375">
        <ele>272</ele>
        <time>2026-05-24T14:21:54.000Z</time>
        <extensions>
          <ns3:TrackPointExtension>
            <ns3:hr>138</ns3:hr>
            <ns3:cad>58</ns3:cad>
          </ns3:TrackPointExtension>
        </extensions>
      </trkpt>
      <trkpt lat="52.53996941260993480682373046875" lon="-2.82354609109461307525634765625">
        <ele>271.600006103515625</ele>
        <time>2026-05-24T14:21:56.000Z</time>
        <extensions>
          <ns3:TrackPointExtension>
            <ns3:hr>137</ns3:hr>
            <ns3:cad>58</ns3:cad>
          </ns3:TrackPointExtension>
        </extensions>
      </trkpt>
      <trkpt lat="52.53995499573647975921630859375" lon="-2.82344886101782321929931640625">
        <ele>271.20001220703125</ele>
        <time>2026-05-24T14:22:01.000Z</time>
        <extensions>
          <ns3:TrackPointExtension>
            <ns3:hr>138</ns3:hr>
            <ns3:cad>58</ns3:cad>
          </ns3:TrackPointExtension>
        </extensions>
      </trkpt>
      <trkpt lat="52.5399233959615230560302734375" lon="-2.82336956821382045745849609375">
        <ele>270.600006103515625</ele>
        <time>2026-05-24T14:22:06.000Z</time>
        <extensions>
          <ns3:TrackPointExtension>
            <ns3:hr>138</ns3:hr>
            <ns3:cad>59</ns3:cad>
          </ns3:TrackPointExtension>
        </extensions>
      </trkpt>
      <trkpt lat="52.539883665740489959716796875" lon="-2.82326596789062023162841796875">
        <ele>270.20001220703125</ele>
        <time>2026-05-24T14:22:13.000Z</time>
        <extensions>
          <ns3:TrackPointExtension>
            <ns3:hr>138</ns3:hr>
            <ns3:cad>59</ns3:cad>
          </ns3:TrackPointExtension>
        </extensions>
      </trkpt>
      <trkpt lat="52.53985223360359668731689453125" lon="-2.82316052354872226715087890625">
        <ele>270</ele>
        <time>2026-05-24T14:22:19.000Z</time>
        <extensions>
          <ns3:TrackPointExtension>
            <ns3:hr>138</ns3:hr>
            <ns3:cad>57</ns3:cad>
          </ns3:TrackPointExtension>
        </extensions>
      </trkpt>
      <trkpt lat="52.53983312286436557769775390625" lon="-2.82302021048963069915771484375">
        <ele>270</ele>
        <time>2026-05-24T14:22:26.000Z</time>
        <extensions>
          <ns3:TrackPointExtension>
            <ns3:hr>136</ns3:hr>
            <ns3:cad>56</ns3:cad>
          </ns3:TrackPointExtension>
        </extensions>
      </trkpt>
      <trkpt lat="52.5398228131234645843505859375" lon="-2.8229738585650920867919921875">
        <ele>269.600006103515625</ele>
        <time>2026-05-24T14:22:29.000Z</time>
        <extensions>
          <ns3:TrackPointExtension>
            <ns3:hr>135</ns3:hr>
            <ns3:cad>56</ns3:cad>
          </ns3:TrackPointExtension>
        </extensions>
      </trkpt>
      <trkpt lat="52.53980278037488460540771484375" lon="-2.82291007228195667266845703125">
        <ele>269.399993896484375</ele>
        <time>2026-05-24T14:22:33.000Z</time>
        <extensions>
          <ns3:TrackPointExtension>
            <ns3:hr>134</ns3:hr>
            <ns3:cad>57</ns3:cad>
          </ns3:TrackPointExtension>
        </extensions>
      </trkpt>
      <trkpt lat="52.5397651456296443939208984375" lon="-2.82281971536576747894287109375">
        <ele>268.600006103515625</ele>
        <time>2026-05-24T14:22:39.000Z</time>
        <extensions>
          <ns3:TrackPointExtension>
            <ns3:hr>135</ns3:hr>
            <ns3:cad>58</ns3:cad>
          </ns3:TrackPointExtension>
        </extensions>
      </trkpt>
      <trkpt lat="52.53975835628807544708251953125" lon="-2.8227178752422332763671875">
        <ele>268.600006103515625</ele>
        <time>2026-05-24T14:22:44.000Z</time>
        <extensions>
          <ns3:TrackPointExtension>
            <ns3:hr>134</ns3:hr>
            <ns3:cad>56</ns3:cad>
          </ns3:TrackPointExtension>
        </extensions>
      </trkpt>
      <trkpt lat="52.53975919447839260101318359375" lon="-2.82269650138914585113525390625">
        <ele>268.600006103515625</ele>
        <time>2026-05-24T14:22:45.000Z</time>
        <extensions>
          <ns3:TrackPointExtension>
            <ns3:hr>135</ns3:hr>
            <ns3:cad>57</ns3:cad>
          </ns3:TrackPointExtension>
        </extensions>
      </trkpt>
      <trkpt lat="52.53975852392613887786865234375" lon="-2.82261771149933338165283203125">
        <ele>268.20001220703125</ele>
        <time>2026-05-24T14:22:49.000Z</time>
        <extensions>
          <ns3:TrackPointExtension>
            <ns3:hr>136</ns3:hr>
            <ns3:cad>57</ns3:cad>
          </ns3:TrackPointExtension>
        </extensions>
      </trkpt>
      <trkpt lat="52.5397570990025997161865234375" lon="-2.82250262796878814697265625">
        <ele>268</ele>
        <time>2026-05-24T14:22:55.000Z</time>
        <extensions>
          <ns3:TrackPointExtension>
            <ns3:hr>135</ns3:hr>
            <ns3:cad>58</ns3:cad>
          </ns3:TrackPointExtension>
        </extensions>
      </trkpt>
      <trkpt lat="52.5397601164877414703369140625" lon="-2.8223928250372409820556640625">
        <ele>267.399993896484375</ele>
        <time>2026-05-24T14:23:01.000Z</time>
        <extensions>
          <ns3:TrackPointExtension>
            <ns3:hr>135</ns3:hr>
            <ns3:cad>57</ns3:cad>
          </ns3:TrackPointExtension>
        </extensions>
      </trkpt>
      <trkpt lat="52.53976087085902690887451171875" lon="-2.8223532624542713165283203125">
        <ele>267.20001220703125</ele>
        <time>2026-05-24T14:23:03.000Z</time>
        <extensions>
          <ns3:TrackPointExtension>
            <ns3:hr>135</ns3:hr>
            <ns3:cad>57</ns3:cad>
          </ns3:TrackPointExtension>
        </extensions>
      </trkpt>
      <trkpt lat="52.5397638045251369476318359375" lon="-2.82221353612840175628662109375">
        <ele>266.600006103515625</ele>
        <time>2026-05-24T14:23:10.000Z</time>
        <extensions>
          <ns3:TrackPointExtension>
            <ns3:hr>135</ns3:hr>
            <ns3:cad>57</ns3:cad>
          </ns3:TrackPointExtension>
        </extensions>
      </trkpt>
      <trkpt lat="52.53976531326770782470703125" lon="-2.822105996310710906982421875">
        <ele>266.399993896484375</ele>
        <time>2026-05-24T14:23:16.000Z</time>
        <extensions>
          <ns3:TrackPointExtension>
            <ns3:hr>135</ns3:hr>
            <ns3:cad>57</ns3:cad>
          </ns3:TrackPointExtension>
        </extensions>
      </trkpt>
      <trkpt lat="52.53976455889642238616943359375" lon="-2.822088897228240966796875">
        <ele>266.20001220703125</ele>
        <time>2026-05-24T14:23:17.000Z</time>
        <extensions>
          <ns3:TrackPointExtension>
            <ns3:hr>135</ns3:hr>
            <ns3:cad>57</ns3:cad>
          </ns3:TrackPointExtension>
        </extensions>
      </trkpt>
      <trkpt lat="52.53976154141128063201904296875" lon="-2.8220124542713165283203125">
        <ele>265.399993896484375</ele>
        <time>2026-05-24T14:23:21.000Z</time>
        <extensions>
          <ns3:TrackPointExtension>
            <ns3:hr>135</ns3:hr>
            <ns3:cad>58</ns3:cad>
          </ns3:TrackPointExtension>
        </extensions>
      </trkpt>
      <trkpt lat="52.5397606194019317626953125" lon="-2.8219936788082122802734375">
        <ele>265.20001220703125</ele>
        <time>2026-05-24T14:23:22.000Z</time>
        <extensions>
          <ns3:TrackPointExtension>
            <ns3:hr>135</ns3:hr>
            <ns3:cad>58</ns3:cad>
          </ns3:TrackPointExtension>
        </extensions>
      </trkpt>
      <trkpt lat="52.53976187668740749359130859375" lon="-2.8219767473638057708740234375">
        <ele>265</ele>
        <time>2026-05-24T14:23:23.000Z</time>
        <extensions>
          <ns3:TrackPointExtension>
            <ns3:hr>135</ns3:hr>
            <ns3:cad>58</ns3:cad>
          </ns3:TrackPointExtension>
        </extensions>
      </trkpt>
      <trkpt lat="52.53976841457188129425048828125" lon="-2.82191849313676357269287109375">
        <ele>264.79998779296875</ele>
        <time>2026-05-24T14:23:27.000Z</time>
        <extensions>
          <ns3:TrackPointExtension>
            <ns3:hr>135</ns3:hr>
            <ns3:cad>57</ns3:cad>
          </ns3:TrackPointExtension>
        </extensions>
      </trkpt>
      <trkpt lat="52.5397926382720470428466796875" lon="-2.82181405462324619293212890625">
        <ele>264.79998779296875</ele>
        <time>2026-05-24T14:23:34.000Z</time>
        <extensions>
          <ns3:TrackPointExtension>
            <ns3:hr>136</ns3:hr>
            <ns3:cad>0</ns3:cad>
          </ns3:TrackPointExtension>
        </extensions>
      </trkpt>
      <trkpt lat="52.53982339985668659210205078125" lon="-2.82173283398151397705078125">
        <ele>264.399993896484375</ele>
        <time>2026-05-24T14:23:39.000Z</time>
        <extensions>
          <ns3:TrackPointExtension>
            <ns3:hr>135</ns3:hr>
            <ns3:cad>58</ns3:cad>
          </ns3:TrackPointExtension>
        </extensions>
      </trkpt>
      <trkpt lat="52.53982557915151119232177734375" lon="-2.82170995138585567474365234375">
        <ele>264.399993896484375</ele>
        <time>2026-05-24T14:23:40.000Z</time>
        <extensions>
          <ns3:TrackPointExtension>
            <ns3:hr>135</ns3:hr>
            <ns3:cad>54</ns3:cad>
          </ns3:TrackPointExtension>
        </extensions>
      </trkpt>
      <trkpt lat="52.5398228131234645843505859375" lon="-2.82165295444428920745849609375">
        <ele>264.600006103515625</ele>
        <time>2026-05-24T14:23:43.000Z</time>
        <extensions>
          <ns3:TrackPointExtension>
            <ns3:hr>135</ns3:hr>
            <ns3:cad>54</ns3:cad>
          </ns3:TrackPointExtension>
        </extensions>
      </trkpt>
      <trkpt lat="52.53981468267738819122314453125" lon="-2.82157994806766510009765625">
        <ele>264</ele>
        <time>2026-05-24T14:23:47.000Z</time>
        <extensions>
          <ns3:TrackPointExtension>
            <ns3:hr>135</ns3:hr>
            <ns3:cad>59</ns3:cad>
          </ns3:TrackPointExtension>
        </extensions>
      </trkpt>
      <trkpt lat="52.53980881534516811370849609375" lon="-2.82151163555681705474853515625">
        <ele>263.399993896484375</ele>
        <time>2026-05-24T14:23:50.000Z</time>
        <extensions>
          <ns3:TrackPointExtension>
            <ns3:hr>135</ns3:hr>
            <ns3:cad>61</ns3:cad>
          </ns3:TrackPointExtension>
        </extensions>
      </trkpt>
      <trkpt lat="52.5397969968616962432861328125" lon="-2.8213672153651714324951171875">
        <ele>263.600006103515625</ele>
        <time>2026-05-24T14:23:57.000Z</time>
        <extensions>
          <ns3:TrackPointExtension>
            <ns3:hr>136</ns3:hr>
            <ns3:cad>61</ns3:cad>
          </ns3:TrackPointExtension>
        </extensions>
      </trkpt>
      <trkpt lat="52.53979749977588653564453125" lon="-2.82127006910741329193115234375">
        <ele>263</ele>
        <time>2026-05-24T14:24:02.000Z</time>
        <extensions>
          <ns3:TrackPointExtension>
            <ns3:hr>135</ns3:hr>
            <ns3:cad>58</ns3:cad>
          </ns3:TrackPointExtension>
        </extensions>
      </trkpt>
      <trkpt lat="52.53979657776653766632080078125" lon="-2.82122866250574588775634765625">
        <ele>262.79998779296875</ele>
        <time>2026-05-24T14:24:04.000Z</time>
        <extensions>
          <ns3:TrackPointExtension>
            <ns3:hr>135</ns3:hr>
            <ns3:cad>58</ns3:cad>
          </ns3:TrackPointExtension>
        </extensions>
      </trkpt>
      <trkpt lat="52.53978903405368328094482421875" lon="-2.82110276632010936737060546875">
        <ele>262.20001220703125</ele>
        <time>2026-05-24T14:24:10.000Z</time>
        <extensions>
          <ns3:TrackPointExtension>
            <ns3:hr>138</ns3:hr>
            <ns3:cad>61</ns3:cad>
          </ns3:TrackPointExtension>
        </extensions>
      </trkpt>
      <trkpt lat="52.5397765450179576873779296875" lon="-2.82101961784064769744873046875">
        <ele>261.79998779296875</ele>
        <time>2026-05-24T14:24:14.000Z</time>
        <extensions>
          <ns3:TrackPointExtension>
            <ns3:hr>136</ns3:hr>
            <ns3:cad>60</ns3:cad>
          </ns3:TrackPointExtension>
        </extensions>
      </trkpt>
      <trkpt lat="52.539771012961864471435546875" lon="-2.820975780487060546875">
        <ele>261.79998779296875</ele>
        <time>2026-05-24T14:24:16.000Z</time>
        <extensions>
          <ns3:TrackPointExtension>
            <ns3:hr>137</ns3:hr>
            <ns3:cad>59</ns3:cad>
          </ns3:TrackPointExtension>
        </extensions>
      </trkpt>
      <trkpt lat="52.53975927829742431640625" lon="-2.82083957456052303314208984375">
        <ele>261.600006103515625</ele>
        <time>2026-05-24T14:24:23.000Z</time>
        <extensions>
          <ns3:TrackPointExtension>
            <ns3:hr>138</ns3:hr>
            <ns3:cad>60</ns3:cad>
          </ns3:TrackPointExtension>
        </extensions>
      </trkpt>
      <trkpt lat="52.53974947147071361541748046875" lon="-2.82071518711745738983154296875">
        <ele>261</ele>
        <time>2026-05-24T14:24:29.000Z</time>
        <extensions>
          <ns3:TrackPointExtension>
            <ns3:hr>138</ns3:hr>
            <ns3:cad>60</ns3:cad>
          </ns3:TrackPointExtension>
        </extensions>
      </trkpt>
      <trkpt lat="52.53974762745201587677001953125" lon="-2.8206748701632022857666015625">
        <ele>260.79998779296875</ele>
        <time>2026-05-24T14:24:31.000Z</time>
        <extensions>
          <ns3:TrackPointExtension>
            <ns3:hr>139</ns3:hr>
            <ns3:cad>59</ns3:cad>
          </ns3:TrackPointExtension>
        </extensions>
      </trkpt>
      <trkpt lat="52.53974385559558868408203125" lon="-2.82054134644567966461181640625">
        <ele>260.399993896484375</ele>
        <time>2026-05-24T14:24:37.000Z</time>
        <extensions>
          <ns3:TrackPointExtension>
            <ns3:hr>137</ns3:hr>
            <ns3:cad>61</ns3:cad>
          </ns3:TrackPointExtension>
        </extensions>
      </trkpt>
      <trkpt lat="52.53974695689976215362548828125" lon="-2.8203952498733997344970703125">
        <ele>259.79998779296875</ele>
        <time>2026-05-24T14:24:44.000Z</time>
        <extensions>
          <ns3:TrackPointExtension>
            <ns3:hr>137</ns3:hr>
            <ns3:cad>59</ns3:cad>
          </ns3:TrackPointExtension>
        </extensions>
      </trkpt>
      <trkpt lat="52.5397376529872417449951171875" lon="-2.82024965621531009674072265625">
        <ele>259</ele>
        <time>2026-05-24T14:24:51.000Z</time>
        <extensions>
          <ns3:TrackPointExtension>
            <ns3:hr>137</ns3:hr>
            <ns3:cad>60</ns3:cad>
          </ns3:TrackPointExtension>
        </extensions>
      </trkpt>
      <trkpt lat="52.53973178565502166748046875" lon="-2.8201515041291713714599609375">
        <ele>258.600006103515625</ele>
        <time>2026-05-24T14:24:56.000Z</time>
        <extensions>
          <ns3:TrackPointExtension>
            <ns3:hr>136</ns3:hr>
            <ns3:cad>59</ns3:cad>
          </ns3:TrackPointExtension>
        </extensions>
      </trkpt>
      <trkpt lat="52.53973044455051422119140625" lon="-2.8201253525912761688232421875">
        <ele>258.600006103515625</ele>
        <time>2026-05-24T14:24:57.000Z</time>
        <extensions>
          <ns3:TrackPointExtension>
            <ns3:hr>136</ns3:hr>
            <ns3:cad>60</ns3:cad>
          </ns3:TrackPointExtension>
        </extensions>
      </trkpt>
      <trkpt lat="52.5397222302854061126708984375" lon="-2.8199627436697483062744140625">
        <ele>257.79998779296875</ele>
        <time>2026-05-24T14:25:05.000Z</time>
        <extensions>
          <ns3:TrackPointExtension>
            <ns3:hr>136</ns3:hr>
            <ns3:cad>60</ns3:cad>
          </ns3:TrackPointExtension>
        </extensions>
      </trkpt>
      <trkpt lat="52.53972717560827732086181640625" lon="-2.819926701486110687255859375">
        <ele>257.600006103515625</ele>
        <time>2026-05-24T14:25:07.000Z</time>
        <extensions>
          <ns3:TrackPointExtension>
            <ns3:hr>136</ns3:hr>
            <ns3:cad>60</ns3:cad>
          </ns3:TrackPointExtension>
        </extensions>
      </trkpt>
      <trkpt lat="52.53973052836954593658447265625" lon="-2.8198722191154956817626953125">
        <ele>257.600006103515625</ele>
        <time>2026-05-24T14:25:10.000Z</time>
        <extensions>
          <ns3:TrackPointExtension>
            <ns3:hr>134</ns3:hr>
            <ns3:cad>61</ns3:cad>
          </ns3:TrackPointExtension>
        </extensions>
      </trkpt>
      <trkpt lat="52.53973019309341907501220703125" lon="-2.81972654163837432861328125">
        <ele>257.399993896484375</ele>
        <time>2026-05-24T14:25:17.000Z</time>
        <extensions>
          <ns3:TrackPointExtension>
            <ns3:hr>132</ns3:hr>
            <ns3:cad>59</ns3:cad>
          </ns3:TrackPointExtension>
        </extensions>
      </trkpt>
      <trkpt lat="52.53973103128373622894287109375" lon="-2.819706760346889495849609375">
        <ele>257.399993896484375</ele>
        <time>2026-05-24T14:25:18.000Z</time>
        <extensions>
          <ns3:TrackPointExtension>
            <ns3:hr>132</ns3:hr>
            <ns3:cad>60</ns3:cad>
          </ns3:TrackPointExtension>
        </extensions>
      </trkpt>
      <trkpt lat="52.53973254002630710601806640625" lon="-2.8196314908564090728759765625">
        <ele>257.399993896484375</ele>
        <time>2026-05-24T14:25:22.000Z</time>
        <extensions>
          <ns3:TrackPointExtension>
            <ns3:hr>133</ns3:hr>
            <ns3:cad>59</ns3:cad>
          </ns3:TrackPointExtension>
        </extensions>
      </trkpt>
      <trkpt lat="52.53971032798290252685546875" lon="-2.81953476369380950927734375">
        <ele>256.600006103515625</ele>
        <time>2026-05-24T14:25:26.000Z</time>
        <extensions>
          <ns3:TrackPointExtension>
            <ns3:hr>134</ns3:hr>
            <ns3:cad>59</ns3:cad>
          </ns3:TrackPointExtension>
        </extensions>
      </trkpt>
      <trkpt lat="52.53970588557422161102294921875" lon="-2.8194993920624256134033203125">
        <ele>256</ele>
        <time>2026-05-24T14:25:27.000Z</time>
        <extensions>
          <ns3:TrackPointExtension>
            <ns3:hr>134</ns3:hr>
            <ns3:cad>59</ns3:cad>
          </ns3:TrackPointExtension>
        </extensions>
      </trkpt>
      <trkpt lat="52.539703957736492156982421875" lon="-2.8194199316203594207763671875">
        <ele>255.1999969482421875</ele>
        <time>2026-05-24T14:25:29.000Z</time>
        <extensions>
          <ns3:TrackPointExtension>
            <ns3:hr>134</ns3:hr>
            <ns3:cad>79</ns3:cad>
          </ns3:TrackPointExtension>
        </extensions>
      </trkpt>
      <trkpt lat="52.5396940670907497406005859375" lon="-2.81930484808981418609619140625">
        <ele>254.8000030517578125</ele>
        <time>2026-05-24T14:25:32.000Z</time>
        <extensions>
          <ns3:TrackPointExtension>
            <ns3:hr>135</ns3:hr>
            <ns3:cad>78</ns3:cad>
          </ns3:TrackPointExtension>
        </extensions>
      </trkpt>
      <trkpt lat="52.539689876139163970947265625" lon="-2.8192801214754581451416015625">
        <ele>255</ele>
        <time>2026-05-24T14:25:33.000Z</time>
        <extensions>
          <ns3:TrackPointExtension>
            <ns3:hr>136</ns3:hr>
            <ns3:cad>79</ns3:cad>
          </ns3:TrackPointExtension>
        </extensions>
      </trkpt>
      <trkpt lat="52.53968828357756137847900390625" lon="-2.819210551679134368896484375">
        <ele>255.1999969482421875</ele>
        <time>2026-05-24T14:25:36.000Z</time>
        <extensions>
          <ns3:TrackPointExtension>
            <ns3:hr>139</ns3:hr>
            <ns3:cad>79</ns3:cad>
          </ns3:TrackPointExtension>
        </extensions>
      </trkpt>
      <trkpt lat="52.5396957434713840484619140625" lon="-2.8190849907696247100830078125">
        <ele>254.600006103515625</ele>
        <time>2026-05-24T14:25:42.000Z</time>
        <extensions>
          <ns3:TrackPointExtension>
            <ns3:hr>142</ns3:hr>
            <ns3:cad>60</ns3:cad>
          </ns3:TrackPointExtension>
        </extensions>
      </trkpt>
      <trkpt lat="52.53969515673816204071044921875" lon="-2.81906680203974246978759765625">
        <ele>254.399993896484375</ele>
        <time>2026-05-24T14:25:43.000Z</time>
        <extensions>
          <ns3:TrackPointExtension>
            <ns3:hr>141</ns3:hr>
            <ns3:cad>59</ns3:cad>
          </ns3:TrackPointExtension>
        </extensions>
      </trkpt>
      <trkpt lat="52.5396937318146228790283203125" lon="-2.819052636623382568359375">
        <ele>254</ele>
        <time>2026-05-24T14:25:44.000Z</time>
        <extensions>
          <ns3:TrackPointExtension>
            <ns3:hr>141</ns3:hr>
            <ns3:cad>59</ns3:cad>
          </ns3:TrackPointExtension>
        </extensions>
      </trkpt>
      <trkpt lat="52.5396890379488468170166015625" lon="-2.8190338611602783203125">
        <ele>253</ele>
        <time>2026-05-24T14:25:48.000Z</time>
        <extensions>
          <ns3:TrackPointExtension>
            <ns3:hr>143</ns3:hr>
            <ns3:cad>0</ns3:cad>
          </ns3:TrackPointExtension>
        </extensions>
      </trkpt>
      <trkpt lat="52.53968861885368824005126953125" lon="-2.8190323524177074432373046875">
        <ele>253</ele>
        <time>2026-05-24T14:25:50.000Z</time>
        <extensions>
          <ns3:TrackPointExtension>
            <ns3:hr>143</ns3:hr>
            <ns3:cad>0</ns3:cad>
          </ns3:TrackPointExtension>
        </extensions>
      </trkpt>
      <trkpt lat="52.5396903790533542633056640625" lon="-2.81896001659333705902099609375">
        <ele>253.1999969482421875</ele>
        <time>2026-05-24T14:26:00.000Z</time>
        <extensions>
          <ns3:TrackPointExtension>
            <ns3:hr>142</ns3:hr>
            <ns3:cad>0</ns3:cad>
          </ns3:TrackPointExtension>
        </extensions>
      </trkpt>
      <trkpt lat="52.53969733603298664093017578125" lon="-2.81881056725978851318359375">
        <ele>253.600006103515625</ele>
        <time>2026-05-24T14:26:08.000Z</time>
        <extensions>
          <ns3:TrackPointExtension>
            <ns3:hr>143</ns3:hr>
            <ns3:cad>57</ns3:cad>
          </ns3:TrackPointExtension>
        </extensions>
      </trkpt>
      <trkpt lat="52.539699934422969818115234375" lon="-2.81879179179668426513671875">
        <ele>254</ele>
        <time>2026-05-24T14:26:09.000Z</time>
        <extensions>
          <ns3:TrackPointExtension>
            <ns3:hr>143</ns3:hr>
            <ns3:cad>57</ns3:cad>
          </ns3:TrackPointExtension>
        </extensions>
      </trkpt>
      <trkpt lat="52.53970152698457241058349609375" lon="-2.81877075321972370147705078125">
        <ele>254.1999969482421875</ele>
        <time>2026-05-24T14:26:10.000Z</time>
        <extensions>
          <ns3:TrackPointExtension>
            <ns3:hr>143</ns3:hr>
            <ns3:cad>57</ns3:cad>
          </ns3:TrackPointExtension>
        </extensions>
      </trkpt>
      <trkpt lat="52.53971309401094913482666015625" lon="-2.81866748817265033721923828125">
        <ele>254</ele>
        <time>2026-05-24T14:26:15.000Z</time>
        <extensions>
          <ns3:TrackPointExtension>
            <ns3:hr>143</ns3:hr>
            <ns3:cad>59</ns3:cad>
          </ns3:TrackPointExtension>
        </extensions>
      </trkpt>
      <trkpt lat="52.539718709886074066162109375" lon="-2.81854243017733097076416015625">
        <ele>253.399993896484375</ele>
        <time>2026-05-24T14:26:21.000Z</time>
        <extensions>
          <ns3:TrackPointExtension>
            <ns3:hr>143</ns3:hr>
            <ns3:cad>59</ns3:cad>
          </ns3:TrackPointExtension>
        </extensions>
      </trkpt>
      <trkpt lat="52.539719045162200927734375" lon="-2.81838853843510150909423828125">
        <ele>253.1999969482421875</ele>
        <time>2026-05-24T14:26:28.000Z</time>
        <extensions>
          <ns3:TrackPointExtension>
            <ns3:hr>141</ns3:hr>
            <ns3:cad>59</ns3:cad>
          </ns3:TrackPointExtension>
        </extensions>
      </trkpt>
      <trkpt lat="52.5397202186286449432373046875" lon="-2.81821402721107006072998046875">
        <ele>252.399993896484375</ele>
        <time>2026-05-24T14:26:36.000Z</time>
        <extensions>
          <ns3:TrackPointExtension>
            <ns3:hr>140</ns3:hr>
            <ns3:cad>58</ns3:cad>
          </ns3:TrackPointExtension>
        </extensions>
      </trkpt>
      <trkpt lat="52.5397217273712158203125" lon="-2.8181328065693378448486328125">
        <ele>252.1999969482421875</ele>
        <time>2026-05-24T14:26:40.000Z</time>
        <extensions>
          <ns3:TrackPointExtension>
            <ns3:hr>137</ns3:hr>
            <ns3:cad>58</ns3:cad>
          </ns3:TrackPointExtension>
        </extensions>
      </trkpt>
      <trkpt lat="52.539720721542835235595703125" lon="-2.81811654567718505859375">
        <ele>252.1999969482421875</ele>
        <time>2026-05-24T14:26:41.000Z</time>
        <extensions>
          <ns3:TrackPointExtension>
            <ns3:hr>137</ns3:hr>
            <ns3:cad>59</ns3:cad>
          </ns3:TrackPointExtension>
        </extensions>
      </trkpt>
      <trkpt lat="52.53971971571445465087890625" lon="-2.81809919513761997222900390625">
        <ele>252</ele>
        <time>2026-05-24T14:26:42.000Z</time>
        <extensions>
          <ns3:TrackPointExtension>
            <ns3:hr>136</ns3:hr>
            <ns3:cad>59</ns3:cad>
          </ns3:TrackPointExtension>
        </extensions>
      </trkpt>
      <trkpt lat="52.5397286005318164825439453125" lon="-2.81792007386684417724609375">
        <ele>251.600006103515625</ele>
        <time>2026-05-24T14:26:51.000Z</time>
        <extensions>
          <ns3:TrackPointExtension>
            <ns3:hr>136</ns3:hr>
            <ns3:cad>57</ns3:cad>
          </ns3:TrackPointExtension>
        </extensions>
      </trkpt>
      <trkpt lat="52.5397386588156223297119140625" lon="-2.81783516518771648406982421875">
        <ele>251</ele>
        <time>2026-05-24T14:26:55.000Z</time>
        <extensions>
          <ns3:TrackPointExtension>
            <ns3:hr>135</ns3:hr>
            <ns3:cad>58</ns3:cad>
          </ns3:TrackPointExtension>
        </extensions>
      </trkpt>
      <trkpt lat="52.53974913619458675384521484375" lon="-2.81776676885783672332763671875">
        <ele>251</ele>
        <time>2026-05-24T14:26:58.000Z</time>
        <extensions>
          <ns3:TrackPointExtension>
            <ns3:hr>136</ns3:hr>
            <ns3:cad>58</ns3:cad>
          </ns3:TrackPointExtension>
        </extensions>
      </trkpt>
      <trkpt lat="52.53976556472480297088623046875" lon="-2.81760248355567455291748046875">
        <ele>250.8000030517578125</ele>
        <time>2026-05-24T14:27:06.000Z</time>
        <extensions>
          <ns3:TrackPointExtension>
            <ns3:hr>136</ns3:hr>
            <ns3:cad>59</ns3:cad>
          </ns3:TrackPointExtension>
        </extensions>
      </trkpt>
      <trkpt lat="52.539766989648342132568359375" lon="-2.817480526864528656005859375">
        <ele>251</ele>
        <time>2026-05-24T14:27:12.000Z</time>
        <extensions>
          <ns3:TrackPointExtension>
            <ns3:hr>136</ns3:hr>
            <ns3:cad>57</ns3:cad>
          </ns3:TrackPointExtension>
        </extensions>
      </trkpt>
      <trkpt lat="52.53976858220994472503662109375" lon="-2.81738220714032649993896484375">
        <ele>250.8000030517578125</ele>
        <time>2026-05-24T14:27:17.000Z</time>
        <extensions>
          <ns3:TrackPointExtension>
            <ns3:hr>136</ns3:hr>
            <ns3:cad>57</ns3:cad>
          </ns3:TrackPointExtension>
        </extensions>
      </trkpt>
      <trkpt lat="52.53976724110543727874755859375" lon="-2.8173601627349853515625">
        <ele>250.8000030517578125</ele>
        <time>2026-05-24T14:27:18.000Z</time>
        <extensions>
          <ns3:TrackPointExtension>
            <ns3:hr>136</ns3:hr>
            <ns3:cad>57</ns3:cad>
          </ns3:TrackPointExtension>
        </extensions>
      </trkpt>
      <trkpt lat="52.53977579064667224884033203125" lon="-2.8172118030488491058349609375">
        <ele>250.8000030517578125</ele>
        <time>2026-05-24T14:27:25.000Z</time>
        <extensions>
          <ns3:TrackPointExtension>
            <ns3:hr>136</ns3:hr>
            <ns3:cad>0</ns3:cad>
          </ns3:TrackPointExtension>
        </extensions>
      </trkpt>
      <trkpt lat="52.53979523666203022003173828125" lon="-2.81713829375803470611572265625">
        <ele>250</ele>
        <time>2026-05-24T14:27:30.000Z</time>
        <extensions>
          <ns3:TrackPointExtension>
            <ns3:hr>136</ns3:hr>
            <ns3:cad>57</ns3:cad>
          </ns3:TrackPointExtension>
        </extensions>
      </trkpt>
      <trkpt lat="52.5398037023842334747314453125" lon="-2.81711901538074016571044921875">
        <ele>249.399993896484375</ele>
        <time>2026-05-24T14:27:32.000Z</time>
        <extensions>
          <ns3:TrackPointExtension>
            <ns3:hr>136</ns3:hr>
            <ns3:cad>57</ns3:cad>
          </ns3:TrackPointExtension>
        </extensions>
      </trkpt>
      <trkpt lat="52.53980822861194610595703125" lon="-2.8171018324792385101318359375">
        <ele>249</ele>
        <time>2026-05-24T14:27:34.000Z</time>
        <extensions>
          <ns3:TrackPointExtension>
            <ns3:hr>136</ns3:hr>
            <ns3:cad>57</ns3:cad>
          </ns3:TrackPointExtension>
        </extensions>
      </trkpt>
      <trkpt lat="52.539809904992580413818359375" lon="-2.81705196015536785125732421875">
        <ele>249</ele>
        <time>2026-05-24T14:27:37.000Z</time>
        <extensions>
          <ns3:TrackPointExtension>
            <ns3:hr>135</ns3:hr>
            <ns3:cad>57</ns3:cad>
          </ns3:TrackPointExtension>
        </extensions>
      </trkpt>
      <trkpt lat="52.53981367684900760650634765625" lon="-2.81702161766588687896728515625">
        <ele>249.1999969482421875</ele>
        <time>2026-05-24T14:27:39.000Z</time>
        <extensions>
          <ns3:TrackPointExtension>
            <ns3:hr>135</ns3:hr>
            <ns3:cad>57</ns3:cad>
          </ns3:TrackPointExtension>
        </extensions>
      </trkpt>
      <trkpt lat="52.53982809372246265411376953125" lon="-2.81698691658675670623779296875">
        <ele>249</ele>
        <time>2026-05-24T14:27:42.000Z</time>
        <extensions>
          <ns3:TrackPointExtension>
            <ns3:hr>137</ns3:hr>
            <ns3:cad>57</ns3:cad>
          </ns3:TrackPointExtension>
        </extensions>
      </trkpt>
      <trkpt lat="52.53983236849308013916015625" lon="-2.81697384081780910491943359375">
        <ele>249</ele>
        <time>2026-05-24T14:27:43.000Z</time>
        <extensions>
          <ns3:TrackPointExtension>
            <ns3:hr>138</ns3:hr>
            <ns3:cad>57</ns3:cad>
          </ns3:TrackPointExtension>
        </extensions>
      </trkpt>
      <trkpt lat="52.539851479232311248779296875" lon="-2.81692472286522388458251953125">
        <ele>249.600006103515625</ele>
        <time>2026-05-24T14:27:48.000Z</time>
        <extensions>
          <ns3:TrackPointExtension>
            <ns3:hr>137</ns3:hr>
            <ns3:cad>54</ns3:cad>
          </ns3:TrackPointExtension>
        </extensions>
      </trkpt>
      <trkpt lat="52.53985977731645107269287109375" lon="-2.8169063664972782135009765625">
        <ele>250</ele>
        <time>2026-05-24T14:27:50.000Z</time>
        <extensions>
          <ns3:TrackPointExtension>
            <ns3:hr>136</ns3:hr>
            <ns3:cad>53</ns3:cad>
          </ns3:TrackPointExtension>
        </extensions>
      </trkpt>
      <trkpt lat="52.5398700870573520660400390625" lon="-2.8168758563697338104248046875">
        <ele>250.399993896484375</ele>
        <time>2026-05-24T14:27:52.000Z</time>
        <extensions>
          <ns3:TrackPointExtension>
            <ns3:hr>136</ns3:hr>
            <ns3:cad>52</ns3:cad>
          </ns3:TrackPointExtension>
        </extensions>
      </trkpt>
      <trkpt lat="52.539891041815280914306640625" lon="-2.816836126148700714111328125">
        <ele>251</ele>
        <time>2026-05-24T14:27:56.000Z</time>
        <extensions>
          <ns3:TrackPointExtension>
            <ns3:hr>137</ns3:hr>
            <ns3:cad>50</ns3:cad>
          </ns3:TrackPointExtension>
        </extensions>
      </trkpt>
      <trkpt lat="52.5398959033191204071044921875" lon="-2.81682564876973628997802734375">
        <ele>251.1999969482421875</ele>
        <time>2026-05-24T14:27:57.000Z</time>
        <extensions>
          <ns3:TrackPointExtension>
            <ns3:hr>137</ns3:hr>
            <ns3:cad>50</ns3:cad>
          </ns3:TrackPointExtension>
        </extensions>
      </trkpt>
      <trkpt lat="52.5399113260209560394287109375" lon="-2.81680251471698284149169921875">
        <ele>251.8000030517578125</ele>
        <time>2026-05-24T14:28:00.000Z</time>
        <extensions>
          <ns3:TrackPointExtension>
            <ns3:hr>140</ns3:hr>
            <ns3:cad>48</ns3:cad>
          </ns3:TrackPointExtension>
        </extensions>
      </trkpt>
      <trkpt lat="52.5399203784763813018798828125" lon="-2.8167856670916080474853515625">
        <ele>252.1999969482421875</ele>
        <time>2026-05-24T14:28:02.000Z</time>
        <extensions>
          <ns3:TrackPointExtension>
            <ns3:hr>140</ns3:hr>
            <ns3:cad>46</ns3:cad>
          </ns3:TrackPointExtension>
        </extensions>
      </trkpt>
      <trkpt lat="52.5399448536336421966552734375" lon="-2.8167524747550487518310546875">
        <ele>253.1999969482421875</ele>
        <time>2026-05-24T14:28:07.000Z</time>
        <extensions>
          <ns3:TrackPointExtension>
            <ns3:hr>140</ns3:hr>
            <ns3:cad>46</ns3:cad>
          </ns3:TrackPointExtension>
        </extensions>
      </trkpt>
      <trkpt lat="52.53994745202362537384033203125" lon="-2.816746942698955535888671875">
        <ele>253.600006103515625</ele>
        <time>2026-05-24T14:28:08.000Z</time>
        <extensions>
          <ns3:TrackPointExtension>
            <ns3:hr>140</ns3:hr>
            <ns3:cad>47</ns3:cad>
          </ns3:TrackPointExtension>
        </extensions>
      </trkpt>
      <trkpt lat="52.53996036015450954437255859375" lon="-2.8167380578815937042236328125">
        <ele>254</ele>
        <time>2026-05-24T14:28:10.000Z</time>
        <extensions>
          <ns3:TrackPointExtension>
            <ns3:hr>143</ns3:hr>
            <ns3:cad>47</ns3:cad>
          </ns3:TrackPointExtension>
        </extensions>
      </trkpt>
      <trkpt lat="52.5399773754179477691650390625" lon="-2.81672246754169464111328125">
        <ele>254</ele>
        <time>2026-05-24T14:28:12.000Z</time>
        <extensions>
          <ns3:TrackPointExtension>
            <ns3:hr>145</ns3:hr>
            <ns3:cad>45</ns3:cad>
          </ns3:TrackPointExtension>
        </extensions>
      </trkpt>
      <trkpt lat="52.53999195992946624755859375" lon="-2.8167031891644001007080078125">
        <ele>254.1999969482421875</ele>
        <time>2026-05-24T14:28:15.000Z</time>
        <extensions>
          <ns3:TrackPointExtension>
            <ns3:hr>146</ns3:hr>
            <ns3:cad>48</ns3:cad>
          </ns3:TrackPointExtension>
        </extensions>
      </trkpt>
      <trkpt lat="52.53999941982328891754150390625" lon="-2.816697321832180023193359375">
        <ele>254.399993896484375</ele>
        <time>2026-05-24T14:28:16.000Z</time>
        <extensions>
          <ns3:TrackPointExtension>
            <ns3:hr>146</ns3:hr>
            <ns3:cad>48</ns3:cad>
          </ns3:TrackPointExtension>
        </extensions>
      </trkpt>
      <trkpt lat="52.54004786722362041473388671875" lon="-2.81665164045989513397216796875">
        <ele>255.399993896484375</ele>
        <time>2026-05-24T14:28:22.000Z</time>
        <extensions>
          <ns3:TrackPointExtension>
            <ns3:hr>148</ns3:hr>
            <ns3:cad>43</ns3:cad>
          </ns3:TrackPointExtension>
        </extensions>
      </trkpt>
      <trkpt lat="52.5400739349424839019775390625" lon="-2.81663261353969573974609375">
        <ele>256</ele>
        <time>2026-05-24T14:28:27.000Z</time>
        <extensions>
          <ns3:TrackPointExtension>
            <ns3:hr>150</ns3:hr>
            <ns3:cad>42</ns3:cad>
          </ns3:TrackPointExtension>
        </extensions>
      </trkpt>
      <trkpt lat="52.540088854730129241943359375" lon="-2.8166223876178264617919921875">
        <ele>256.399993896484375</ele>
        <time>2026-05-24T14:28:30.000Z</time>
        <extensions>
          <ns3:TrackPointExtension>
            <ns3:hr>151</ns3:hr>
            <ns3:cad>43</ns3:cad>
          </ns3:TrackPointExtension>
        </extensions>
      </trkpt>
      <trkpt lat="52.54009916447103023529052734375" lon="-2.816607467830181121826171875">
        <ele>257</ele>
        <time>2026-05-24T14:28:33.000Z</time>
        <extensions>
          <ns3:TrackPointExtension>
            <ns3:hr>153</ns3:hr>
            <ns3:cad>43</ns3:cad>
          </ns3:TrackPointExtension>
        </extensions>
      </trkpt>
      <trkpt lat="52.540138475596904754638671875" lon="-2.8165788017213344573974609375">
        <ele>257.399993896484375</ele>
        <time>2026-05-24T14:28:38.000Z</time>
        <extensions>
          <ns3:TrackPointExtension>
            <ns3:hr>154</ns3:hr>
            <ns3:cad>76</ns3:cad>
          </ns3:TrackPointExtension>
        </extensions>
      </trkpt>
      <trkpt lat="52.54015331156551837921142578125" lon="-2.816567905247211456298828125">
        <ele>257.600006103515625</ele>
        <time>2026-05-24T14:28:40.000Z</time>
        <extensions>
          <ns3:TrackPointExtension>
            <ns3:hr>154</ns3:hr>
            <ns3:cad>45</ns3:cad>
          </ns3:TrackPointExtension>
        </extensions>
      </trkpt>
      <trkpt lat="52.5401765294373035430908203125" lon="-2.8165499679744243621826171875">
        <ele>258</ele>
        <time>2026-05-24T14:28:44.000Z</time>
        <extensions>
          <ns3:TrackPointExtension>
            <ns3:hr>156</ns3:hr>
            <ns3:cad>45</ns3:cad>
          </ns3:TrackPointExtension>
        </extensions>
      </trkpt>
      <trkpt lat="52.54019387997686862945556640625" lon="-2.8165355511009693145751953125">
        <ele>258.600006103515625</ele>
        <time>2026-05-24T14:28:47.000Z</time>
        <extensions>
          <ns3:TrackPointExtension>
            <ns3:hr>157</ns3:hr>
            <ns3:cad>44</ns3:cad>
          </ns3:TrackPointExtension>
        </extensions>
      </trkpt>
      <trkpt lat="52.5402134098112583160400390625" lon="-2.8165271691977977752685546875">
        <ele>259</ele>
        <time>2026-05-24T14:28:50.000Z</time>
        <extensions>
          <ns3:TrackPointExtension>
            <ns3:hr>157</ns3:hr>
            <ns3:cad>47</ns3:cad>
          </ns3:TrackPointExtension>
        </extensions>
      </trkpt>
      <trkpt lat="52.54023327492177486419677734375" lon="-2.81651836819946765899658203125">
        <ele>259.79998779296875</ele>
        <time>2026-05-24T14:28:53.000Z</time>
        <extensions>
          <ns3:TrackPointExtension>
            <ns3:hr>157</ns3:hr>
            <ns3:cad>47</ns3:cad>
          </ns3:TrackPointExtension>
        </extensions>
      </trkpt>
      <trkpt lat="52.54024584777653217315673828125" lon="-2.81651551835238933563232421875">
        <ele>260</ele>
        <time>2026-05-24T14:28:55.000Z</time>
        <extensions>
          <ns3:TrackPointExtension>
            <ns3:hr>158</ns3:hr>
            <ns3:cad>47</ns3:cad>
          </ns3:TrackPointExtension>
        </extensions>
      </trkpt>
      <trkpt lat="52.54028499126434326171875" lon="-2.816477715969085693359375">
        <ele>260.79998779296875</ele>
        <time>2026-05-24T14:29:01.000Z</time>
        <extensions>
          <ns3:TrackPointExtension>
            <ns3:hr>158</ns3:hr>
            <ns3:cad>47</ns3:cad>
          </ns3:TrackPointExtension>
        </extensions>
      </trkpt>
      <trkpt lat="52.54034358076751232147216796875" lon="-2.81643488444387912750244140625">
        <ele>261.600006103515625</ele>
        <time>2026-05-24T14:29:08.000Z</time>
        <extensions>
          <ns3:TrackPointExtension>
            <ns3:hr>158</ns3:hr>
            <ns3:cad>52</ns3:cad>
          </ns3:TrackPointExtension>
        </extensions>
      </trkpt>
      <trkpt lat="52.5403683073818683624267578125" lon="-2.81642013229429721832275390625">
        <ele>261.79998779296875</ele>
        <time>2026-05-24T14:29:10.000Z</time>
        <extensions>
          <ns3:TrackPointExtension>
            <ns3:hr>158</ns3:hr>
            <ns3:cad>53</ns3:cad>
          </ns3:TrackPointExtension>
        </extensions>
      </trkpt>
      <trkpt lat="52.5404517911374568939208984375" lon="-2.81636564992368221282958984375">
        <ele>262.399993896484375</ele>
        <time>2026-05-24T14:29:17.000Z</time>
        <extensions>
          <ns3:TrackPointExtension>
            <ns3:hr>159</ns3:hr>
            <ns3:cad>54</ns3:cad>
          </ns3:TrackPointExtension>
        </extensions>
      </trkpt>
      <trkpt lat="52.54052312113344669342041015625" lon="-2.81628970988094806671142578125">
        <ele>262.399993896484375</ele>
        <time>2026-05-24T14:29:25.000Z</time>
        <extensions>
          <ns3:TrackPointExtension>
            <ns3:hr>159</ns3:hr>
            <ns3:cad>56</ns3:cad>
          </ns3:TrackPointExtension>
        </extensions>
      </trkpt>
      <trkpt lat="52.5405808724462985992431640625" lon="-2.81622969545423984527587890625">
        <ele>262.600006103515625</ele>
        <time>2026-05-24T14:29:31.000Z</time>
        <extensions>
          <ns3:TrackPointExtension>
            <ns3:hr>159</ns3:hr>
            <ns3:cad>56</ns3:cad>
          </ns3:TrackPointExtension>
        </extensions>
      </trkpt>
      <trkpt lat="52.5406398810446262359619140625" lon="-2.81614847481250762939453125">
        <ele>262.79998779296875</ele>
        <time>2026-05-24T14:29:38.000Z</time>
        <extensions>
          <ns3:TrackPointExtension>
            <ns3:hr>158</ns3:hr>
            <ns3:cad>54</ns3:cad>
          </ns3:TrackPointExtension>
        </extensions>
      </trkpt>
      <trkpt lat="52.54066024906933307647705078125" lon="-2.81610782258212566375732421875">
        <ele>263</ele>
        <time>2026-05-24T14:29:41.000Z</time>
        <extensions>
          <ns3:TrackPointExtension>
            <ns3:hr>157</ns3:hr>
            <ns3:cad>57</ns3:cad>
          </ns3:TrackPointExtension>
        </extensions>
      </trkpt>
      <trkpt lat="52.54067148081958293914794921875" lon="-2.81609524972736835479736328125">
        <ele>263</ele>
        <time>2026-05-24T14:29:42.000Z</time>
        <extensions>
          <ns3:TrackPointExtension>
            <ns3:hr>157</ns3:hr>
            <ns3:cad>57</ns3:cad>
          </ns3:TrackPointExtension>
        </extensions>
      </trkpt>
      <trkpt lat="52.54069444723427295684814453125" lon="-2.816066332161426544189453125">
        <ele>263</ele>
        <time>2026-05-24T14:29:44.000Z</time>
        <extensions>
          <ns3:TrackPointExtension>
            <ns3:hr>157</ns3:hr>
            <ns3:cad>57</ns3:cad>
          </ns3:TrackPointExtension>
        </extensions>
      </trkpt>
      <trkpt lat="52.540781199932098388671875" lon="-2.815978825092315673828125">
        <ele>263.399993896484375</ele>
        <time>2026-05-24T14:29:51.000Z</time>
        <extensions>
          <ns3:TrackPointExtension>
            <ns3:hr>156</ns3:hr>
            <ns3:cad>57</ns3:cad>
          </ns3:TrackPointExtension>
        </extensions>
      </trkpt>
      <trkpt lat="52.5407967902719974517822265625" lon="-2.815954685211181640625">
        <ele>263.600006103515625</ele>
        <time>2026-05-24T14:29:53.000Z</time>
        <extensions>
          <ns3:TrackPointExtension>
            <ns3:hr>155</ns3:hr>
            <ns3:cad>56</ns3:cad>
          </ns3:TrackPointExtension>
        </extensions>
      </trkpt>
      <trkpt lat="52.5408174097537994384765625" lon="-2.81591688282787799835205078125">
        <ele>263.79998779296875</ele>
        <time>2026-05-24T14:29:56.000Z</time>
        <extensions>
          <ns3:TrackPointExtension>
            <ns3:hr>155</ns3:hr>
            <ns3:cad>56</ns3:cad>
          </ns3:TrackPointExtension>
        </extensions>
      </trkpt>
      <trkpt lat="52.54088270477950572967529296875" lon="-2.81579978764057159423828125">
        <ele>263.79998779296875</ele>
        <time>2026-05-24T14:30:04.000Z</time>
        <extensions>
          <ns3:TrackPointExtension>
            <ns3:hr>154</ns3:hr>
            <ns3:cad>57</ns3:cad>
          </ns3:TrackPointExtension>
        </extensions>
      </trkpt>
      <trkpt lat="52.54088823683559894561767578125" lon="-2.81578511931002140045166015625">
        <ele>264</ele>
        <time>2026-05-24T14:30:05.000Z</time>
        <extensions>
          <ns3:TrackPointExtension>
            <ns3:hr>154</ns3:hr>
            <ns3:cad>56</ns3:cad>
          </ns3:TrackPointExtension>
        </extensions>
      </trkpt>
      <trkpt lat="52.54092042334377765655517578125" lon="-2.81572795473039150238037109375">
        <ele>264.20001220703125</ele>
        <time>2026-05-24T14:30:09.000Z</time>
        <extensions>
          <ns3:TrackPointExtension>
            <ns3:hr>153</ns3:hr>
            <ns3:cad>56</ns3:cad>
          </ns3:TrackPointExtension>
        </extensions>
      </trkpt>
      <trkpt lat="52.54097289405763149261474609375" lon="-2.81563173048198223114013671875">
        <ele>264</ele>
        <time>2026-05-24T14:30:16.000Z</time>
        <extensions>
          <ns3:TrackPointExtension>
            <ns3:hr>152</ns3:hr>
            <ns3:cad>56</ns3:cad>
          </ns3:TrackPointExtension>
        </extensions>
      </trkpt>
      <trkpt lat="52.5410086847841739654541015625" lon="-2.81557381153106689453125">
        <ele>263.600006103515625</ele>
        <time>2026-05-24T14:30:21.000Z</time>
        <extensions>
          <ns3:TrackPointExtension>
            <ns3:hr>149</ns3:hr>
            <ns3:cad>56</ns3:cad>
          </ns3:TrackPointExtension>
        </extensions>
      </trkpt>
      <trkpt lat="52.54102754406630992889404296875" lon="-2.8155538626015186309814453125">
        <ele>263.79998779296875</ele>
        <time>2026-05-24T14:30:23.000Z</time>
        <extensions>
          <ns3:TrackPointExtension>
            <ns3:hr>148</ns3:hr>
            <ns3:cad>56</ns3:cad>
          </ns3:TrackPointExtension>
        </extensions>
      </trkpt>
      <trkpt lat="52.5410549528896808624267578125" lon="-2.81550901941955089569091796875">
        <ele>264</ele>
        <time>2026-05-24T14:30:27.000Z</time>
        <extensions>
          <ns3:TrackPointExtension>
            <ns3:hr>147</ns3:hr>
            <ns3:cad>54</ns3:cad>
          </ns3:TrackPointExtension>
        </extensions>
      </trkpt>
      <trkpt lat="52.54106040112674236297607421875" lon="-2.81549979932606220245361328125">
        <ele>264</ele>
        <time>2026-05-24T14:30:28.000Z</time>
        <extensions>
          <ns3:TrackPointExtension>
            <ns3:hr>147</ns3:hr>
            <ns3:cad>54</ns3:cad>
          </ns3:TrackPointExtension>
        </extensions>
      </trkpt>
      <trkpt lat="52.54110164009034633636474609375" lon="-2.815409190952777862548828125">
        <ele>263.79998779296875</ele>
        <time>2026-05-24T14:30:34.000Z</time>
        <extensions>
          <ns3:TrackPointExtension>
            <ns3:hr>147</ns3:hr>
            <ns3:cad>0</ns3:cad>
          </ns3:TrackPointExtension>
        </extensions>
      </trkpt>
      <trkpt lat="52.54114707000553607940673828125" lon="-2.81533568166196346282958984375">
        <ele>264</ele>
        <time>2026-05-24T14:30:39.000Z</time>
        <extensions>
          <ns3:TrackPointExtension>
            <ns3:hr>145</ns3:hr>
            <ns3:cad>0</ns3:cad>
          </ns3:TrackPointExtension>
        </extensions>
      </trkpt>
      <trkpt lat="52.5411857105791568756103515625" lon="-2.81530492007732391357421875">
        <ele>263.79998779296875</ele>
        <time>2026-05-24T14:30:42.000Z</time>
        <extensions>
          <ns3:TrackPointExtension>
            <ns3:hr>142</ns3:hr>
            <ns3:cad>58</ns3:cad>
          </ns3:TrackPointExtension>
        </extensions>
      </trkpt>
      <trkpt lat="52.54122653044760227203369140625" lon="-2.8152480907738208770751953125">
        <ele>263.79998779296875</ele>
        <time>2026-05-24T14:30:46.000Z</time>
        <extensions>
          <ns3:TrackPointExtension>
            <ns3:hr>142</ns3:hr>
            <ns3:cad>57</ns3:cad>
          </ns3:TrackPointExtension>
        </extensions>
      </trkpt>
      <trkpt lat="52.54124379716813564300537109375" lon="-2.8151971288025379180908203125">
        <ele>263.79998779296875</ele>
        <time>2026-05-24T14:30:49.000Z</time>
        <extensions>
          <ns3:TrackPointExtension>
            <ns3:hr>142</ns3:hr>
            <ns3:cad>58</ns3:cad>
          </ns3:TrackPointExtension>
        </extensions>
      </trkpt>
      <trkpt lat="52.5412698648869991302490234375" lon="-2.8151548840105533599853515625">
        <ele>263.600006103515625</ele>
        <time>2026-05-24T14:30:52.000Z</time>
        <extensions>
          <ns3:TrackPointExtension>
            <ns3:hr>142</ns3:hr>
            <ns3:cad>58</ns3:cad>
          </ns3:TrackPointExtension>
        </extensions>
      </trkpt>
      <trkpt lat="52.5413328967988491058349609375" lon="-2.81504885293543338775634765625">
        <ele>263.20001220703125</ele>
        <time>2026-05-24T14:30:59.000Z</time>
        <extensions>
          <ns3:TrackPointExtension>
            <ns3:hr>141</ns3:hr>
            <ns3:cad>58</ns3:cad>
          </ns3:TrackPointExtension>
        </extensions>
      </trkpt>
      <trkpt lat="52.541392743587493896484375" lon="-2.81493167392909526824951171875">
        <ele>263</ele>
        <time>2026-05-24T14:31:06.000Z</time>
        <extensions>
          <ns3:TrackPointExtension>
            <ns3:hr>140</ns3:hr>
            <ns3:cad>58</ns3:cad>
          </ns3:TrackPointExtension>
        </extensions>
      </trkpt>
      <trkpt lat="52.5414324738085269927978515625" lon="-2.814837209880352020263671875">
        <ele>261.79998779296875</ele>
        <time>2026-05-24T14:31:12.000Z</time>
        <extensions>
          <ns3:TrackPointExtension>
            <ns3:hr>141</ns3:hr>
            <ns3:cad>58</ns3:cad>
          </ns3:TrackPointExtension>
        </extensions>
      </trkpt>
      <trkpt lat="52.5414482317864894866943359375" lon="-2.8148055262863636016845703125">
        <ele>261.20001220703125</ele>
        <time>2026-05-24T14:31:14.000Z</time>
        <extensions>
          <ns3:TrackPointExtension>
            <ns3:hr>140</ns3:hr>
            <ns3:cad>58</ns3:cad>
          </ns3:TrackPointExtension>
        </extensions>
      </trkpt>
      <trkpt lat="52.5414941646158695220947265625" lon="-2.81470200978219509124755859375">
        <ele>261</ele>
        <time>2026-05-24T14:31:20.000Z</time>
        <extensions>
          <ns3:TrackPointExtension>
            <ns3:hr>138</ns3:hr>
            <ns3:cad>58</ns3:cad>
          </ns3:TrackPointExtension>
        </extensions>
      </trkpt>
      <trkpt lat="52.5415186397731304168701171875" lon="-2.814653478562831878662109375">
        <ele>260.600006103515625</ele>
        <time>2026-05-24T14:31:23.000Z</time>
        <extensions>
          <ns3:TrackPointExtension>
            <ns3:hr>140</ns3:hr>
            <ns3:cad>118</ns3:cad>
          </ns3:TrackPointExtension>
        </extensions>
      </trkpt>
      <trkpt lat="52.5415491499006748199462890625" lon="-2.81460092402994632720947265625">
        <ele>260.20001220703125</ele>
        <time>2026-05-24T14:31:26.000Z</time>
        <extensions>
          <ns3:TrackPointExtension>
            <ns3:hr>139</ns3:hr>
            <ns3:cad>58</ns3:cad>
          </ns3:TrackPointExtension>
        </extensions>
      </trkpt>
      <trkpt lat="52.54159449599683284759521484375" lon="-2.8144964016973972320556640625">
        <ele>259.600006103515625</ele>
        <time>2026-05-24T14:31:31.000Z</time>
        <extensions>
          <ns3:TrackPointExtension>
            <ns3:hr>137</ns3:hr>
            <ns3:cad>63</ns3:cad>
          </ns3:TrackPointExtension>
        </extensions>
      </trkpt>
      <trkpt lat="52.54161394201219081878662109375" lon="-2.81444518826901912689208984375">
        <ele>258.79998779296875</ele>
        <time>2026-05-24T14:31:34.000Z</time>
        <extensions>
          <ns3:TrackPointExtension>
            <ns3:hr>137</ns3:hr>
            <ns3:cad>123</ns3:cad>
          </ns3:TrackPointExtension>
        </extensions>
      </trkpt>
      <trkpt lat="52.54162031225860118865966796875" lon="-2.814428843557834625244140625">
        <ele>258.600006103515625</ele>
        <time>2026-05-24T14:31:35.000Z</time>
        <extensions>
          <ns3:TrackPointExtension>
            <ns3:hr>137</ns3:hr>
            <ns3:cad>62</ns3:cad>
          </ns3:TrackPointExtension>
        </extensions>
      </trkpt>
      <trkpt lat="52.54164948128163814544677734375" lon="-2.81438601203262805938720703125">
        <ele>258.20001220703125</ele>
        <time>2026-05-24T14:31:38.000Z</time>
        <extensions>
          <ns3:TrackPointExtension>
            <ns3:hr>136</ns3:hr>
            <ns3:cad>62</ns3:cad>
          </ns3:TrackPointExtension>
        </extensions>
      </trkpt>
      <trkpt lat="52.541669346392154693603515625" lon="-2.81436053104698657989501953125">
        <ele>258</ele>
        <time>2026-05-24T14:31:40.000Z</time>
        <extensions>
          <ns3:TrackPointExtension>
            <ns3:hr>135</ns3:hr>
            <ns3:cad>62</ns3:cad>
          </ns3:TrackPointExtension>
        </extensions>
      </trkpt>
      <trkpt lat="52.54170580767095088958740234375" lon="-2.81432432122528553009033203125">
        <ele>257.600006103515625</ele>
        <time>2026-05-24T14:31:43.000Z</time>
        <extensions>
          <ns3:TrackPointExtension>
            <ns3:hr>135</ns3:hr>
            <ns3:cad>62</ns3:cad>
          </ns3:TrackPointExtension>
        </extensions>
      </trkpt>
      <trkpt lat="52.5417642295360565185546875" lon="-2.81427067704498767852783203125">
        <ele>256.79998779296875</ele>
        <time>2026-05-24T14:31:48.000Z</time>
        <extensions>
          <ns3:TrackPointExtension>
            <ns3:hr>135</ns3:hr>
            <ns3:cad>61</ns3:cad>
          </ns3:TrackPointExtension>
        </extensions>
      </trkpt>
      <trkpt lat="52.5418016128242015838623046875" lon="-2.814219295978546142578125">
        <ele>256.399993896484375</ele>
        <time>2026-05-24T14:31:52.000Z</time>
        <extensions>
          <ns3:TrackPointExtension>
            <ns3:hr>135</ns3:hr>
            <ns3:cad>61</ns3:cad>
          </ns3:TrackPointExtension>
        </extensions>
      </trkpt>
      <trkpt lat="52.541824914515018463134765625" lon="-2.814179398119449615478515625">
        <ele>255.600006103515625</ele>
        <time>2026-05-24T14:31:55.000Z</time>
        <extensions>
          <ns3:TrackPointExtension>
            <ns3:hr>135</ns3:hr>
            <ns3:cad>61</ns3:cad>
          </ns3:TrackPointExtension>
        </extensions>
      </trkpt>
      <trkpt lat="52.54189322702586650848388671875" lon="-2.81413774006068706512451171875">
        <ele>255.8000030517578125</ele>
        <time>2026-05-24T14:32:01.000Z</time>
        <extensions>
          <ns3:TrackPointExtension>
            <ns3:hr>135</ns3:hr>
            <ns3:cad>57</ns3:cad>
          </ns3:TrackPointExtension>
        </extensions>
      </trkpt>
      <trkpt lat="52.54193195141851902008056640625" lon="-2.81412416137754917144775390625">
        <ele>255.8000030517578125</ele>
        <time>2026-05-24T14:32:04.000Z</time>
        <extensions>
          <ns3:TrackPointExtension>
            <ns3:hr>136</ns3:hr>
            <ns3:cad>58</ns3:cad>
          </ns3:TrackPointExtension>
        </extensions>
      </trkpt>
      <trkpt lat="52.5419519841670989990234375" lon="-2.814121060073375701904296875">
        <ele>255.600006103515625</ele>
        <time>2026-05-24T14:32:06.000Z</time>
        <extensions>
          <ns3:TrackPointExtension>
            <ns3:hr>136</ns3:hr>
            <ns3:cad>60</ns3:cad>
          </ns3:TrackPointExtension>
        </extensions>
      </trkpt>
      <trkpt lat="52.5419618748128414154052734375" lon="-2.81411846168339252471923828125">
        <ele>255.399993896484375</ele>
        <time>2026-05-24T14:32:07.000Z</time>
        <extensions>
          <ns3:TrackPointExtension>
            <ns3:hr>136</ns3:hr>
            <ns3:cad>60</ns3:cad>
          </ns3:TrackPointExtension>
        </extensions>
      </trkpt>
      <trkpt lat="52.54201292060315608978271484375" lon="-2.8141115047037601470947265625">
        <ele>254.399993896484375</ele>
        <time>2026-05-24T14:32:12.000Z</time>
        <extensions>
          <ns3:TrackPointExtension>
            <ns3:hr>136</ns3:hr>
            <ns3:cad>60</ns3:cad>
          </ns3:TrackPointExtension>
        </extensions>
      </trkpt>
      <trkpt lat="52.5420208834111690521240234375" lon="-2.814112342894077301025390625">
        <ele>254.1999969482421875</ele>
        <time>2026-05-24T14:32:13.000Z</time>
        <extensions>
          <ns3:TrackPointExtension>
            <ns3:hr>136</ns3:hr>
            <ns3:cad>59</ns3:cad>
          </ns3:TrackPointExtension>
        </extensions>
      </trkpt>
      <trkpt lat="52.54206874407827854156494140625" lon="-2.8141111694276332855224609375">
        <ele>254.1999969482421875</ele>
        <time>2026-05-24T14:32:18.000Z</time>
        <extensions>
          <ns3:TrackPointExtension>
            <ns3:hr>135</ns3:hr>
            <ns3:cad>0</ns3:cad>
          </ns3:TrackPointExtension>
        </extensions>
      </trkpt>
      <trkpt lat="52.5421647168695926666259765625" lon="-2.81411762349307537078857421875">
        <ele>254.399993896484375</ele>
        <time>2026-05-24T14:32:26.000Z</time>
        <extensions>
          <ns3:TrackPointExtension>
            <ns3:hr>136</ns3:hr>
            <ns3:cad>58</ns3:cad>
          </ns3:TrackPointExtension>
        </extensions>
      </trkpt>
      <trkpt lat="52.54222548566758632659912109375" lon="-2.81410119496285915374755859375">
        <ele>253.399993896484375</ele>
        <time>2026-05-24T14:32:31.000Z</time>
        <extensions>
          <ns3:TrackPointExtension>
            <ns3:hr>136</ns3:hr>
            <ns3:cad>59</ns3:cad>
          </ns3:TrackPointExtension>
        </extensions>
      </trkpt>
      <trkpt lat="52.54223520867526531219482421875" lon="-2.8140865266323089599609375">
        <ele>253</ele>
        <time>2026-05-24T14:32:32.000Z</time>
        <extensions>
          <ns3:TrackPointExtension>
            <ns3:hr>136</ns3:hr>
            <ns3:cad>59</ns3:cad>
          </ns3:TrackPointExtension>
        </extensions>
      </trkpt>
      <trkpt lat="52.54224526695907115936279296875" lon="-2.81403548084199428558349609375">
        <ele>252.1999969482421875</ele>
        <time>2026-05-24T14:32:35.000Z</time>
        <extensions>
          <ns3:TrackPointExtension>
            <ns3:hr>136</ns3:hr>
            <ns3:cad>59</ns3:cad>
          </ns3:TrackPointExtension>
        </extensions>
      </trkpt>
      <trkpt lat="52.54224007017910480499267578125" lon="-2.81401620246469974517822265625">
        <ele>252.1999969482421875</ele>
        <time>2026-05-24T14:32:36.000Z</time>
        <extensions>
          <ns3:TrackPointExtension>
            <ns3:hr>136</ns3:hr>
            <ns3:cad>59</ns3:cad>
          </ns3:TrackPointExtension>
        </extensions>
      </trkpt>
      <trkpt lat="52.54221157170832157135009765625" lon="-2.81396775506436824798583984375">
        <ele>252</ele>
        <time>2026-05-24T14:32:40.000Z</time>
        <extensions>
          <ns3:TrackPointExtension>
            <ns3:hr>136</ns3:hr>
            <ns3:cad>60</ns3:cad>
          </ns3:TrackPointExtension>
        </extensions>
      </trkpt>
      <trkpt lat="52.5422106496989727020263671875" lon="-2.8139670006930828094482421875">
        <ele>251.600006103515625</ele>
        <time>2026-05-24T14:32:42.000Z</time>
        <extensions>
          <ns3:TrackPointExtension>
            <ns3:hr>136</ns3:hr>
            <ns3:cad>0</ns3:cad>
          </ns3:TrackPointExtension>
        </extensions>
      </trkpt>
      <trkpt lat="52.5421969033777713775634765625" lon="-2.81394713558256626129150390625">
        <ele>251.1999969482421875</ele>
        <time>2026-05-24T14:32:50.000Z</time>
        <extensions>
          <ns3:TrackPointExtension>
            <ns3:hr>135</ns3:hr>
            <ns3:cad>0</ns3:cad>
          </ns3:TrackPointExtension>
        </extensions>
      </trkpt>
      <trkpt lat="52.54215516149997711181640625" lon="-2.813894748687744140625">
        <ele>250.8000030517578125</ele>
        <time>2026-05-24T14:32:55.000Z</time>
        <extensions>
          <ns3:TrackPointExtension>
            <ns3:hr>137</ns3:hr>
            <ns3:cad>48</ns3:cad>
          </ns3:TrackPointExtension>
        </extensions>
      </trkpt>
      <trkpt lat="52.5421161018311977386474609375" lon="-2.81384102068841457366943359375">
        <ele>249.8000030517578125</ele>
        <time>2026-05-24T14:33:00.000Z</time>
        <extensions>
          <ns3:TrackPointExtension>
            <ns3:hr>136</ns3:hr>
            <ns3:cad>60</ns3:cad>
          </ns3:TrackPointExtension>
        </extensions>
      </trkpt>
      <trkpt lat="52.54210864193737506866455078125" lon="-2.8138362430036067962646484375">
        <ele>249.399993896484375</ele>
        <time>2026-05-24T14:33:01.000Z</time>
        <extensions>
          <ns3:TrackPointExtension>
            <ns3:hr>136</ns3:hr>
            <ns3:cad>60</ns3:cad>
          </ns3:TrackPointExtension>
        </extensions>
      </trkpt>
      <trkpt lat="52.542090453207492828369140625" lon="-2.81377446837723255157470703125">
        <ele>248.8000030517578125</ele>
        <time>2026-05-24T14:33:05.000Z</time>
        <extensions>
          <ns3:TrackPointExtension>
            <ns3:hr>136</ns3:hr>
            <ns3:cad>0</ns3:cad>
          </ns3:TrackPointExtension>
        </extensions>
      </trkpt>
      <trkpt lat="52.54208483733236789703369140625" lon="-2.813759632408618927001953125">
        <ele>248.8000030517578125</ele>
        <time>2026-05-24T14:33:06.000Z</time>
        <extensions>
          <ns3:TrackPointExtension>
            <ns3:hr>137</ns3:hr>
            <ns3:cad>60</ns3:cad>
          </ns3:TrackPointExtension>
        </extensions>
      </trkpt>
      <trkpt lat="52.54205466248095035552978515625" lon="-2.813651673495769500732421875">
        <ele>247.8000030517578125</ele>
        <time>2026-05-24T14:33:12.000Z</time>
        <extensions>
          <ns3:TrackPointExtension>
            <ns3:hr>137</ns3:hr>
            <ns3:cad>0</ns3:cad>
          </ns3:TrackPointExtension>
        </extensions>
      </trkpt>
      <trkpt lat="52.542051561176776885986328125" lon="-2.81363717280328273773193359375">
        <ele>247.399993896484375</ele>
        <time>2026-05-24T14:33:13.000Z</time>
        <extensions>
          <ns3:TrackPointExtension>
            <ns3:hr>136</ns3:hr>
            <ns3:cad>58</ns3:cad>
          </ns3:TrackPointExtension>
        </extensions>
      </trkpt>
      <trkpt lat="52.54203136079013347625732421875" lon="-2.8135633282363414764404296875">
        <ele>246.399993896484375</ele>
        <time>2026-05-24T14:33:18.000Z</time>
        <extensions>
          <ns3:TrackPointExtension>
            <ns3:hr>134</ns3:hr>
            <ns3:cad>58</ns3:cad>
          </ns3:TrackPointExtension>
        </extensions>
      </trkpt>
      <trkpt lat="52.54201560281217098236083984375" lon="-2.81352099962532520294189453125">
        <ele>246</ele>
        <time>2026-05-24T14:33:21.000Z</time>
        <extensions>
          <ns3:TrackPointExtension>
            <ns3:hr>132</ns3:hr>
            <ns3:cad>58</ns3:cad>
          </ns3:TrackPointExtension>
        </extensions>
      </trkpt>
      <trkpt lat="52.541991882026195526123046875" lon="-2.813455872237682342529296875">
        <ele>245.399993896484375</ele>
        <time>2026-05-24T14:33:25.000Z</time>
        <extensions>
          <ns3:TrackPointExtension>
            <ns3:hr>132</ns3:hr>
            <ns3:cad>56</ns3:cad>
          </ns3:TrackPointExtension>
        </extensions>
      </trkpt>
      <trkpt lat="52.541966736316680908203125" lon="-2.8133920021355152130126953125">
        <ele>244.600006103515625</ele>
        <time>2026-05-24T14:33:29.000Z</time>
        <extensions>
          <ns3:TrackPointExtension>
            <ns3:hr>132</ns3:hr>
            <ns3:cad>56</ns3:cad>
          </ns3:TrackPointExtension>
        </extensions>
      </trkpt>
      <trkpt lat="52.54195475019514560699462890625" lon="-2.81336140818893909454345703125">
        <ele>244.1999969482421875</ele>
        <time>2026-05-24T14:33:31.000Z</time>
        <extensions>
          <ns3:TrackPointExtension>
            <ns3:hr>132</ns3:hr>
            <ns3:cad>57</ns3:cad>
          </ns3:TrackPointExtension>
        </extensions>
      </trkpt>
      <trkpt lat="52.5419367291033267974853515625" lon="-2.813310362398624420166015625">
        <ele>243.399993896484375</ele>
        <time>2026-05-24T14:33:35.000Z</time>
        <extensions>
          <ns3:TrackPointExtension>
            <ns3:hr>132</ns3:hr>
            <ns3:cad>57</ns3:cad>
          </ns3:TrackPointExtension>
        </extensions>
      </trkpt>
      <trkpt lat="52.54193329252302646636962890625" lon="-2.81329737044870853424072265625">
        <ele>243.1999969482421875</ele>
        <time>2026-05-24T14:33:36.000Z</time>
        <extensions>
          <ns3:TrackPointExtension>
            <ns3:hr>133</ns3:hr>
            <ns3:cad>57</ns3:cad>
          </ns3:TrackPointExtension>
        </extensions>
      </trkpt>
      <trkpt lat="52.5419062189757823944091796875" lon="-2.81322880648076534271240234375">
        <ele>242.1999969482421875</ele>
        <time>2026-05-24T14:33:41.000Z</time>
        <extensions>
          <ns3:TrackPointExtension>
            <ns3:hr>132</ns3:hr>
            <ns3:cad>57</ns3:cad>
          </ns3:TrackPointExtension>
        </extensions>
      </trkpt>
      <trkpt lat="52.54189490340650081634521484375" lon="-2.8131988830864429473876953125">
        <ele>241.8000030517578125</ele>
        <time>2026-05-24T14:33:43.000Z</time>
        <extensions>
          <ns3:TrackPointExtension>
            <ns3:hr>132</ns3:hr>
            <ns3:cad>56</ns3:cad>
          </ns3:TrackPointExtension>
        </extensions>
      </trkpt>
      <trkpt lat="52.541875205934047698974609375" lon="-2.81313710846006870269775390625">
        <ele>241.1999969482421875</ele>
        <time>2026-05-24T14:33:47.000Z</time>
        <extensions>
          <ns3:TrackPointExtension>
            <ns3:hr>132</ns3:hr>
            <ns3:cad>56</ns3:cad>
          </ns3:TrackPointExtension>
        </extensions>
      </trkpt>
      <trkpt lat="52.54186422564089298248291015625" lon="-2.8130929358303546905517578125">
        <ele>240.399993896484375</ele>
        <time>2026-05-24T14:33:50.000Z</time>
        <extensions>
          <ns3:TrackPointExtension>
            <ns3:hr>133</ns3:hr>
            <ns3:cad>57</ns3:cad>
          </ns3:TrackPointExtension>
        </extensions>
      </trkpt>
      <trkpt lat="52.5418562628328800201416015625" lon="-2.8130667842924594879150390625">
        <ele>240</ele>
        <time>2026-05-24T14:33:52.000Z</time>
        <extensions>
          <ns3:TrackPointExtension>
            <ns3:hr>133</ns3:hr>
            <ns3:cad>57</ns3:cad>
          </ns3:TrackPointExtension>
        </extensions>
      </trkpt>
      <trkpt lat="52.5418113358318805694580078125" lon="-2.81296393834054470062255859375">
        <ele>239</ele>
        <time>2026-05-24T14:33:59.000Z</time>
        <extensions>
          <ns3:TrackPointExtension>
            <ns3:hr>134</ns3:hr>
            <ns3:cad>56</ns3:cad>
          </ns3:TrackPointExtension>
        </extensions>
      </trkpt>
      <trkpt lat="52.54180622287094593048095703125" lon="-2.812947928905487060546875">
        <ele>238.8000030517578125</ele>
        <time>2026-05-24T14:34:00.000Z</time>
        <extensions>
          <ns3:TrackPointExtension>
            <ns3:hr>134</ns3:hr>
            <ns3:cad>56</ns3:cad>
          </ns3:TrackPointExtension>
        </extensions>
      </trkpt>
      <trkpt lat="52.54177856259047985076904296875" lon="-2.81284810043871402740478515625">
        <ele>237.8000030517578125</ele>
        <time>2026-05-24T14:34:06.000Z</time>
        <extensions>
          <ns3:TrackPointExtension>
            <ns3:hr>134</ns3:hr>
            <ns3:cad>55</ns3:cad>
          </ns3:TrackPointExtension>
        </extensions>
      </trkpt>
      <trkpt lat="52.54175241105258464813232421875" lon="-2.81278238631784915924072265625">
        <ele>236.600006103515625</ele>
        <time>2026-05-24T14:34:11.000Z</time>
        <extensions>
          <ns3:TrackPointExtension>
            <ns3:hr>133</ns3:hr>
            <ns3:cad>56</ns3:cad>
          </ns3:TrackPointExtension>
        </extensions>
      </trkpt>
      <trkpt lat="52.54174738191068172454833984375" lon="-2.81276813708245754241943359375">
        <ele>236.399993896484375</ele>
        <time>2026-05-24T14:34:12.000Z</time>
        <extensions>
          <ns3:TrackPointExtension>
            <ns3:hr>133</ns3:hr>
            <ns3:cad>56</ns3:cad>
          </ns3:TrackPointExtension>
        </extensions>
      </trkpt>
      <trkpt lat="52.5417213141918182373046875" lon="-2.812664620578289031982421875">
        <ele>235.399993896484375</ele>
        <time>2026-05-24T14:34:18.000Z</time>
        <extensions>
          <ns3:TrackPointExtension>
            <ns3:hr>133</ns3:hr>
            <ns3:cad>56</ns3:cad>
          </ns3:TrackPointExtension>
        </extensions>
      </trkpt>
      <trkpt lat="52.54171435721218585968017578125" lon="-2.81263318844139575958251953125">
        <ele>235.1999969482421875</ele>
        <time>2026-05-24T14:34:20.000Z</time>
        <extensions>
          <ns3:TrackPointExtension>
            <ns3:hr>133</ns3:hr>
            <ns3:cad>56</ns3:cad>
          </ns3:TrackPointExtension>
        </extensions>
      </trkpt>
      <trkpt lat="52.54169021733105182647705078125" lon="-2.812561690807342529296875">
        <ele>234.399993896484375</ele>
        <time>2026-05-24T14:34:25.000Z</time>
        <extensions>
          <ns3:TrackPointExtension>
            <ns3:hr>133</ns3:hr>
            <ns3:cad>56</ns3:cad>
          </ns3:TrackPointExtension>
        </extensions>
      </trkpt>
      <trkpt lat="52.5416715256869792938232421875" lon="-2.81251919455826282501220703125">
        <ele>233.8000030517578125</ele>
        <time>2026-05-24T14:34:28.000Z</time>
        <extensions>
          <ns3:TrackPointExtension>
            <ns3:hr>133</ns3:hr>
            <ns3:cad>56</ns3:cad>
          </ns3:TrackPointExtension>
        </extensions>
      </trkpt>
      <trkpt lat="52.54165761172771453857421875" lon="-2.81247359700500965118408203125">
        <ele>233.399993896484375</ele>
        <time>2026-05-24T14:34:31.000Z</time>
        <extensions>
          <ns3:TrackPointExtension>
            <ns3:hr>133</ns3:hr>
            <ns3:cad>56</ns3:cad>
          </ns3:TrackPointExtension>
        </extensions>
      </trkpt>
      <trkpt lat="52.5416540913283824920654296875" lon="-2.81245633028447628021240234375">
        <ele>233.1999969482421875</ele>
        <time>2026-05-24T14:34:32.000Z</time>
        <extensions>
          <ns3:TrackPointExtension>
            <ns3:hr>134</ns3:hr>
            <ns3:cad>56</ns3:cad>
          </ns3:TrackPointExtension>
        </extensions>
      </trkpt>
      <trkpt lat="52.54164554178714752197265625" lon="-2.8124248981475830078125">
        <ele>232.8000030517578125</ele>
        <time>2026-05-24T14:34:34.000Z</time>
        <extensions>
          <ns3:TrackPointExtension>
            <ns3:hr>133</ns3:hr>
            <ns3:cad>55</ns3:cad>
          </ns3:TrackPointExtension>
        </extensions>
      </trkpt>
      <trkpt lat="52.54163171164691448211669921875" lon="-2.81237318180501461029052734375">
        <ele>232.399993896484375</ele>
        <time>2026-05-24T14:34:37.000Z</time>
        <extensions>
          <ns3:TrackPointExtension>
            <ns3:hr>133</ns3:hr>
            <ns3:cad>56</ns3:cad>
          </ns3:TrackPointExtension>
        </extensions>
      </trkpt>
      <trkpt lat="52.541620731353759765625" lon="-2.812326662242412567138671875">
        <ele>232</ele>
        <time>2026-05-24T14:34:40.000Z</time>
        <extensions>
          <ns3:TrackPointExtension>
            <ns3:hr>133</ns3:hr>
            <ns3:cad>56</ns3:cad>
          </ns3:TrackPointExtension>
        </extensions>
      </trkpt>
      <trkpt lat="52.5415920652449131011962890625" lon="-2.81225650571286678314208984375">
        <ele>231.1999969482421875</ele>
        <time>2026-05-24T14:34:45.000Z</time>
        <extensions>
          <ns3:TrackPointExtension>
            <ns3:hr>131</ns3:hr>
            <ns3:cad>57</ns3:cad>
          </ns3:TrackPointExtension>
        </extensions>
      </trkpt>
      <trkpt lat="52.54158745519816875457763671875" lon="-2.81224158592522144317626953125">
        <ele>231.1999969482421875</ele>
        <time>2026-05-24T14:34:46.000Z</time>
        <extensions>
          <ns3:TrackPointExtension>
            <ns3:hr>131</ns3:hr>
            <ns3:cad>57</ns3:cad>
          </ns3:TrackPointExtension>
        </extensions>
      </trkpt>
      <trkpt lat="52.54158259369432926177978515625" lon="-2.8122249059379100799560546875">
        <ele>231</ele>
        <time>2026-05-24T14:34:47.000Z</time>
        <extensions>
          <ns3:TrackPointExtension>
            <ns3:hr>131</ns3:hr>
            <ns3:cad>58</ns3:cad>
          </ns3:TrackPointExtension>
        </extensions>
      </trkpt>
      <trkpt lat="52.5415518321096897125244140625" lon="-2.812138237059116363525390625">
        <ele>230.1999969482421875</ele>
        <time>2026-05-24T14:34:52.000Z</time>
        <extensions>
          <ns3:TrackPointExtension>
            <ns3:hr>131</ns3:hr>
            <ns3:cad>57</ns3:cad>
          </ns3:TrackPointExtension>
        </extensions>
      </trkpt>
      <trkpt lat="52.54153020679950714111328125" lon="-2.81208165921270847320556640625">
        <ele>229.8000030517578125</ele>
        <time>2026-05-24T14:34:55.000Z</time>
        <extensions>
          <ns3:TrackPointExtension>
            <ns3:hr>132</ns3:hr>
            <ns3:cad>57</ns3:cad>
          </ns3:TrackPointExtension>
        </extensions>
      </trkpt>
      <trkpt lat="52.54149894230067729949951171875" lon="-2.811987362802028656005859375">
        <ele>229.1999969482421875</ele>
        <time>2026-05-24T14:35:00.000Z</time>
        <extensions>
          <ns3:TrackPointExtension>
            <ns3:hr>131</ns3:hr>
            <ns3:cad>58</ns3:cad>
          </ns3:TrackPointExtension>
        </extensions>
      </trkpt>
      <trkpt lat="52.5414908118546009063720703125" lon="-2.8119702637195587158203125">
        <ele>229.1999969482421875</ele>
        <time>2026-05-24T14:35:01.000Z</time>
        <extensions>
          <ns3:TrackPointExtension>
            <ns3:hr>131</ns3:hr>
            <ns3:cad>58</ns3:cad>
          </ns3:TrackPointExtension>
        </extensions>
      </trkpt>
      <trkpt lat="52.54144898615777492523193359375" lon="-2.8118467144668102264404296875">
        <ele>228.399993896484375</ele>
        <time>2026-05-24T14:35:08.000Z</time>
        <extensions>
          <ns3:TrackPointExtension>
            <ns3:hr>131</ns3:hr>
            <ns3:cad>58</ns3:cad>
          </ns3:TrackPointExtension>
        </extensions>
      </trkpt>
      <trkpt lat="52.54143741913139820098876953125" lon="-2.81180807389318943023681640625">
        <ele>228</ele>
        <time>2026-05-24T14:35:10.000Z</time>
        <extensions>
          <ns3:TrackPointExtension>
            <ns3:hr>128</ns3:hr>
            <ns3:cad>58</ns3:cad>
          </ns3:TrackPointExtension>
        </extensions>
      </trkpt>
      <trkpt lat="52.54142920486629009246826171875" lon="-2.811790220439434051513671875">
        <ele>227.8000030517578125</ele>
        <time>2026-05-24T14:35:11.000Z</time>
        <extensions>
          <ns3:TrackPointExtension>
            <ns3:hr>125</ns3:hr>
            <ns3:cad>58</ns3:cad>
          </ns3:TrackPointExtension>
        </extensions>
      </trkpt>
      <trkpt lat="52.5414209067821502685546875" lon="-2.811772115528583526611328125">
        <ele>227.600006103515625</ele>
        <time>2026-05-24T14:35:12.000Z</time>
        <extensions>
          <ns3:TrackPointExtension>
            <ns3:hr>122</ns3:hr>
            <ns3:cad>58</ns3:cad>
          </ns3:TrackPointExtension>
        </extensions>
      </trkpt>
      <trkpt lat="52.54140908829867839813232421875" lon="-2.81173833645880222320556640625">
        <ele>227.399993896484375</ele>
        <time>2026-05-24T14:35:14.000Z</time>
        <extensions>
          <ns3:TrackPointExtension>
            <ns3:hr>118</ns3:hr>
            <ns3:cad>58</ns3:cad>
          </ns3:TrackPointExtension>
        </extensions>
      </trkpt>
      <trkpt lat="52.5413734652101993560791015625" lon="-2.811628617346286773681640625">
        <ele>227</ele>
        <time>2026-05-24T14:35:20.000Z</time>
        <extensions>
          <ns3:TrackPointExtension>
            <ns3:hr>118</ns3:hr>
            <ns3:cad>58</ns3:cad>
          </ns3:TrackPointExtension>
        </extensions>
      </trkpt>
      <trkpt lat="52.5413667596876621246337890625" lon="-2.81161093153059482574462890625">
        <ele>226.8000030517578125</ele>
        <time>2026-05-24T14:35:21.000Z</time>
        <extensions>
          <ns3:TrackPointExtension>
            <ns3:hr>118</ns3:hr>
            <ns3:cad>59</ns3:cad>
          </ns3:TrackPointExtension>
        </extensions>
      </trkpt>
      <trkpt lat="52.5413214974105358123779296875" lon="-2.8115007095038890838623046875">
        <ele>226.600006103515625</ele>
        <time>2026-05-24T14:35:27.000Z</time>
        <extensions>
          <ns3:TrackPointExtension>
            <ns3:hr>118</ns3:hr>
            <ns3:cad>58</ns3:cad>
          </ns3:TrackPointExtension>
        </extensions>
      </trkpt>
      <trkpt lat="52.5413095951080322265625" lon="-2.8114695288240909576416015625">
        <ele>226.600006103515625</ele>
        <time>2026-05-24T14:35:29.000Z</time>
        <extensions>
          <ns3:TrackPointExtension>
            <ns3:hr>124</ns3:hr>
            <ns3:cad>58</ns3:cad>
          </ns3:TrackPointExtension>
        </extensions>
      </trkpt>
      <trkpt lat="52.5413010455667972564697265625" lon="-2.81145318411290645599365234375">
        <ele>226.600006103515625</ele>
        <time>2026-05-24T14:35:30.000Z</time>
        <extensions>
          <ns3:TrackPointExtension>
            <ns3:hr>130</ns3:hr>
            <ns3:cad>58</ns3:cad>
          </ns3:TrackPointExtension>
        </extensions>
      </trkpt>
      <trkpt lat="52.5412829406559467315673828125" lon="-2.8114018030464649200439453125">
        <ele>226.399993896484375</ele>
        <time>2026-05-24T14:35:33.000Z</time>
        <extensions>
          <ns3:TrackPointExtension>
            <ns3:hr>131</ns3:hr>
            <ns3:cad>57</ns3:cad>
          </ns3:TrackPointExtension>
        </extensions>
      </trkpt>
      <trkpt lat="52.54124362953007221221923828125" lon="-2.81129426322877407073974609375">
        <ele>225.600006103515625</ele>
        <time>2026-05-24T14:35:40.000Z</time>
        <extensions>
          <ns3:TrackPointExtension>
            <ns3:hr>132</ns3:hr>
            <ns3:cad>58</ns3:cad>
          </ns3:TrackPointExtension>
        </extensions>
      </trkpt>
      <trkpt lat="52.5412246026098728179931640625" lon="-2.811261825263500213623046875">
        <ele>225.1999969482421875</ele>
        <time>2026-05-24T14:35:47.000Z</time>
        <extensions>
          <ns3:TrackPointExtension>
            <ns3:hr>131</ns3:hr>
            <ns3:cad>0</ns3:cad>
          </ns3:TrackPointExtension>
        </extensions>
      </trkpt>
      <trkpt lat="52.54119484685361385345458984375" lon="-2.81119334511458873748779296875">
        <ele>225</ele>
        <time>2026-05-24T14:36:02.000Z</time>
        <extensions>
          <ns3:TrackPointExtension>
            <ns3:hr>134</ns3:hr>
            <ns3:cad>0</ns3:cad>
          </ns3:TrackPointExtension>
        </extensions>
      </trkpt>
      <trkpt lat="52.5411478243768215179443359375" lon="-2.81110181473195552825927734375">
        <ele>225.600006103515625</ele>
        <time>2026-05-24T14:36:08.000Z</time>
        <extensions>
          <ns3:TrackPointExtension>
            <ns3:hr>136</ns3:hr>
            <ns3:cad>56</ns3:cad>
          </ns3:TrackPointExtension>
        </extensions>
      </trkpt>
      <trkpt lat="52.54110817797482013702392578125" lon="-2.81101045198738574981689453125">
        <ele>225.8000030517578125</ele>
        <time>2026-05-24T14:36:14.000Z</time>
        <extensions>
          <ns3:TrackPointExtension>
            <ns3:hr>137</ns3:hr>
            <ns3:cad>56</ns3:cad>
          </ns3:TrackPointExtension>
        </extensions>
      </trkpt>
      <trkpt lat="52.54109979607164859771728515625" lon="-2.81098530627787113189697265625">
        <ele>225.600006103515625</ele>
        <time>2026-05-24T14:36:16.000Z</time>
        <extensions>
          <ns3:TrackPointExtension>
            <ns3:hr>134</ns3:hr>
            <ns3:cad>56</ns3:cad>
          </ns3:TrackPointExtension>
        </extensions>
      </trkpt>
      <trkpt lat="52.541097700595855712890625" lon="-2.8109793551266193389892578125">
        <ele>225.399993896484375</ele>
        <time>2026-05-24T14:36:17.000Z</time>
        <extensions>
          <ns3:TrackPointExtension>
            <ns3:hr>134</ns3:hr>
            <ns3:cad>56</ns3:cad>
          </ns3:TrackPointExtension>
        </extensions>
      </trkpt>
      <trkpt lat="52.54109895788133144378662109375" lon="-2.810978181660175323486328125">
        <ele>225</ele>
        <time>2026-05-24T14:36:19.000Z</time>
        <extensions>
          <ns3:TrackPointExtension>
            <ns3:hr>134</ns3:hr>
            <ns3:cad>57</ns3:cad>
          </ns3:TrackPointExtension>
        </extensions>
      </trkpt>
      <trkpt lat="52.5411018915474414825439453125" lon="-2.810977511107921600341796875">
        <ele>224.600006103515625</ele>
        <time>2026-05-24T14:36:20.000Z</time>
        <extensions>
          <ns3:TrackPointExtension>
            <ns3:hr>133</ns3:hr>
            <ns3:cad>57</ns3:cad>
          </ns3:TrackPointExtension>
        </extensions>
      </trkpt>
      <trkpt lat="52.54110348410904407501220703125" lon="-2.81097717583179473876953125">
        <ele>224.399993896484375</ele>
        <time>2026-05-24T14:36:21.000Z</time>
        <extensions>
          <ns3:TrackPointExtension>
            <ns3:hr>132</ns3:hr>
            <ns3:cad>57</ns3:cad>
          </ns3:TrackPointExtension>
        </extensions>
      </trkpt>
      <trkpt lat="52.54109971225261688232421875" lon="-2.81097742728888988494873046875">
        <ele>224</ele>
        <time>2026-05-24T14:36:25.000Z</time>
        <extensions>
          <ns3:TrackPointExtension>
            <ns3:hr>131</ns3:hr>
            <ns3:cad>0</ns3:cad>
          </ns3:TrackPointExtension>
        </extensions>
      </trkpt>
      <trkpt lat="52.54109862260520458221435546875" lon="-2.8109699673950672149658203125">
        <ele>224</ele>
        <time>2026-05-24T14:36:27.000Z</time>
        <extensions>
          <ns3:TrackPointExtension>
            <ns3:hr>132</ns3:hr>
            <ns3:cad>0</ns3:cad>
          </ns3:TrackPointExtension>
        </extensions>
      </trkpt>
      <trkpt lat="52.541096024215221405029296875" lon="-2.810955047607421875">
        <ele>224</ele>
        <time>2026-05-24T14:36:32.000Z</time>
        <extensions>
          <ns3:TrackPointExtension>
            <ns3:hr>132</ns3:hr>
            <ns3:cad>0</ns3:cad>
          </ns3:TrackPointExtension>
        </extensions>
      </trkpt>
      <trkpt lat="52.54105637781322002410888671875" lon="-2.81085605733096599578857421875">
        <ele>224.1999969482421875</ele>
        <time>2026-05-24T14:36:38.000Z</time>
        <extensions>
          <ns3:TrackPointExtension>
            <ns3:hr>132</ns3:hr>
            <ns3:cad>0</ns3:cad>
          </ns3:TrackPointExtension>
        </extensions>
      </trkpt>
      <trkpt lat="52.541017569601535797119140625" lon="-2.81077123247087001800537109375">
        <ele>223.600006103515625</ele>
        <time>2026-05-24T14:36:41.000Z</time>
        <extensions>
          <ns3:TrackPointExtension>
            <ns3:hr>132</ns3:hr>
            <ns3:cad>0</ns3:cad>
          </ns3:TrackPointExtension>
        </extensions>
      </trkpt>
      <trkpt lat="52.5409895740449428558349609375" lon="-2.810705602169036865234375">
        <ele>222.399993896484375</ele>
        <time>2026-05-24T14:36:43.000Z</time>
        <extensions>
          <ns3:TrackPointExtension>
            <ns3:hr>133</ns3:hr>
            <ns3:cad>83</ns3:cad>
          </ns3:TrackPointExtension>
        </extensions>
      </trkpt>
      <trkpt lat="52.5409758277237415313720703125" lon="-2.81067542731761932373046875">
        <ele>222.399993896484375</ele>
        <time>2026-05-24T14:36:44.000Z</time>
        <extensions>
          <ns3:TrackPointExtension>
            <ns3:hr>133</ns3:hr>
            <ns3:cad>83</ns3:cad>
          </ns3:TrackPointExtension>
        </extensions>
      </trkpt>
      <trkpt lat="52.54092880524694919586181640625" lon="-2.810574509203433990478515625">
        <ele>222.399993896484375</ele>
        <time>2026-05-24T14:36:47.000Z</time>
        <extensions>
          <ns3:TrackPointExtension>
            <ns3:hr>136</ns3:hr>
            <ns3:cad>85</ns3:cad>
          </ns3:TrackPointExtension>
        </extensions>
      </trkpt>
      <trkpt lat="52.54089008085429668426513671875" lon="-2.81050401739776134490966796875">
        <ele>221.600006103515625</ele>
        <time>2026-05-24T14:36:49.000Z</time>
        <extensions>
          <ns3:TrackPointExtension>
            <ns3:hr>139</ns3:hr>
            <ns3:cad>84</ns3:cad>
          </ns3:TrackPointExtension>
        </extensions>
      </trkpt>
      <trkpt lat="52.54087231121957302093505859375" lon="-2.81047099269926548004150390625">
        <ele>221.399993896484375</ele>
        <time>2026-05-24T14:36:50.000Z</time>
        <extensions>
          <ns3:TrackPointExtension>
            <ns3:hr>140</ns3:hr>
            <ns3:cad>83</ns3:cad>
          </ns3:TrackPointExtension>
        </extensions>
      </trkpt>
      <trkpt lat="52.5408376939594745635986328125" lon="-2.81040854752063751220703125">
        <ele>221</ele>
        <time>2026-05-24T14:36:52.000Z</time>
        <extensions>
          <ns3:TrackPointExtension>
            <ns3:hr>143</ns3:hr>
            <ns3:cad>82</ns3:cad>
          </ns3:TrackPointExtension>
        </extensions>
      </trkpt>
      <trkpt lat="52.54079318605363368988037109375" lon="-2.810317687690258026123046875">
        <ele>221</ele>
        <time>2026-05-24T14:36:55.000Z</time>
        <extensions>
          <ns3:TrackPointExtension>
            <ns3:hr>146</ns3:hr>
            <ns3:cad>81</ns3:cad>
          </ns3:TrackPointExtension>
        </extensions>
      </trkpt>
      <trkpt lat="52.5407672859728336334228515625" lon="-2.81026563607156276702880859375">
        <ele>220.8000030517578125</ele>
        <time>2026-05-24T14:36:57.000Z</time>
        <extensions>
          <ns3:TrackPointExtension>
            <ns3:hr>147</ns3:hr>
            <ns3:cad>80</ns3:cad>
          </ns3:TrackPointExtension>
        </extensions>
      </trkpt>
      <trkpt lat="52.540721185505390167236328125" lon="-2.81016974709928035736083984375">
        <ele>221</ele>
        <time>2026-05-24T14:37:01.000Z</time>
        <extensions>
          <ns3:TrackPointExtension>
            <ns3:hr>150</ns3:hr>
            <ns3:cad>79</ns3:cad>
          </ns3:TrackPointExtension>
        </extensions>
      </trkpt>
      <trkpt lat="52.54070098511874675750732421875" lon="-2.81010990031063556671142578125">
        <ele>221.600006103515625</ele>
        <time>2026-05-24T14:37:04.000Z</time>
        <extensions>
          <ns3:TrackPointExtension>
            <ns3:hr>152</ns3:hr>
            <ns3:cad>60</ns3:cad>
          </ns3:TrackPointExtension>
        </extensions>
      </trkpt>
      <trkpt lat="52.54065823741257190704345703125" lon="-2.81001434661448001861572265625">
        <ele>220.600006103515625</ele>
        <time>2026-05-24T14:37:10.000Z</time>
        <extensions>
          <ns3:TrackPointExtension>
            <ns3:hr>153</ns3:hr>
            <ns3:cad>119</ns3:cad>
          </ns3:TrackPointExtension>
        </extensions>
      </trkpt>
      <trkpt lat="52.54061984829604625701904296875" lon="-2.80995617620646953582763671875">
        <ele>220.1999969482421875</ele>
        <time>2026-05-24T14:37:14.000Z</time>
        <extensions>
          <ns3:TrackPointExtension>
            <ns3:hr>152</ns3:hr>
            <ns3:cad>122</ns3:cad>
          </ns3:TrackPointExtension>
        </extensions>
      </trkpt>
      <trkpt lat="52.5405986420810222625732421875" lon="-2.80992315150797367095947265625">
        <ele>219.8000030517578125</ele>
        <time>2026-05-24T14:37:16.000Z</time>
        <extensions>
          <ns3:TrackPointExtension>
            <ns3:hr>148</ns3:hr>
            <ns3:cad>122</ns3:cad>
          </ns3:TrackPointExtension>
        </extensions>
      </trkpt>
      <trkpt lat="52.54058799706399440765380859375" lon="-2.809907309710979461669921875">
        <ele>219.399993896484375</ele>
        <time>2026-05-24T14:37:17.000Z</time>
        <extensions>
          <ns3:TrackPointExtension>
            <ns3:hr>144</ns3:hr>
            <ns3:cad>122</ns3:cad>
          </ns3:TrackPointExtension>
        </extensions>
      </trkpt>
      <trkpt lat="52.54056888632476329803466796875" lon="-2.80987839214503765106201171875">
        <ele>219.1999969482421875</ele>
        <time>2026-05-24T14:37:19.000Z</time>
        <extensions>
          <ns3:TrackPointExtension>
            <ns3:hr>141</ns3:hr>
            <ns3:cad>122</ns3:cad>
          </ns3:TrackPointExtension>
        </extensions>
      </trkpt>
      <trkpt lat="52.5405620969831943511962890625" lon="-2.80986213125288486480712890625">
        <ele>219</ele>
        <time>2026-05-24T14:37:20.000Z</time>
        <extensions>
          <ns3:TrackPointExtension>
            <ns3:hr>141</ns3:hr>
            <ns3:cad>61</ns3:cad>
          </ns3:TrackPointExtension>
        </extensions>
      </trkpt>
      <trkpt lat="52.54053871147334575653076171875" lon="-2.80981720425188541412353515625">
        <ele>217.8000030517578125</ele>
        <time>2026-05-24T14:37:23.000Z</time>
        <extensions>
          <ns3:TrackPointExtension>
            <ns3:hr>140</ns3:hr>
            <ns3:cad>61</ns3:cad>
          </ns3:TrackPointExtension>
        </extensions>
      </trkpt>
      <trkpt lat="52.54051239229738712310791015625" lon="-2.80978761613368988037109375">
        <ele>217.399993896484375</ele>
        <time>2026-05-24T14:37:26.000Z</time>
        <extensions>
          <ns3:TrackPointExtension>
            <ns3:hr>141</ns3:hr>
            <ns3:cad>60</ns3:cad>
          </ns3:TrackPointExtension>
        </extensions>
      </trkpt>
      <trkpt lat="52.54044391214847564697265625" lon="-2.809722907841205596923828125">
        <ele>218</ele>
        <time>2026-05-24T14:37:32.000Z</time>
        <extensions>
          <ns3:TrackPointExtension>
            <ns3:hr>139</ns3:hr>
            <ns3:cad>59</ns3:cad>
          </ns3:TrackPointExtension>
        </extensions>
      </trkpt>
      <trkpt lat="52.5403864122927188873291015625" lon="-2.80967228114604949951171875">
        <ele>217.1999969482421875</ele>
        <time>2026-05-24T14:37:37.000Z</time>
        <extensions>
          <ns3:TrackPointExtension>
            <ns3:hr>139</ns3:hr>
            <ns3:cad>61</ns3:cad>
          </ns3:TrackPointExtension>
        </extensions>
      </trkpt>
      <trkpt lat="52.54033871926367282867431640625" lon="-2.8096412681043148040771484375">
        <ele>216.600006103515625</ele>
        <time>2026-05-24T14:37:41.000Z</time>
        <extensions>
          <ns3:TrackPointExtension>
            <ns3:hr>139</ns3:hr>
            <ns3:cad>60</ns3:cad>
          </ns3:TrackPointExtension>
        </extensions>
      </trkpt>
      <trkpt lat="52.54030066542327404022216796875" lon="-2.80962173826992511749267578125">
        <ele>216.399993896484375</ele>
        <time>2026-05-24T14:37:44.000Z</time>
        <extensions>
          <ns3:TrackPointExtension>
            <ns3:hr>138</ns3:hr>
            <ns3:cad>60</ns3:cad>
          </ns3:TrackPointExtension>
        </extensions>
      </trkpt>
      <trkpt lat="52.54023981280624866485595703125" lon="-2.80957681126892566680908203125">
        <ele>216</ele>
        <time>2026-05-24T14:37:50.000Z</time>
        <extensions>
          <ns3:TrackPointExtension>
            <ns3:hr>135</ns3:hr>
            <ns3:cad>62</ns3:cad>
          </ns3:TrackPointExtension>
        </extensions>
      </trkpt>
      <trkpt lat="52.5402170978486537933349609375" lon="-2.80956189148128032684326171875">
        <ele>215.600006103515625</ele>
        <time>2026-05-24T14:37:52.000Z</time>
        <extensions>
          <ns3:TrackPointExtension>
            <ns3:hr>134</ns3:hr>
            <ns3:cad>119</ns3:cad>
          </ns3:TrackPointExtension>
        </extensions>
      </trkpt>
      <trkpt lat="52.5401537306606769561767578125" lon="-2.809529118239879608154296875">
        <ele>214.600006103515625</ele>
        <time>2026-05-24T14:37:57.000Z</time>
        <extensions>
          <ns3:TrackPointExtension>
            <ns3:hr>132</ns3:hr>
            <ns3:cad>119</ns3:cad>
          </ns3:TrackPointExtension>
        </extensions>
      </trkpt>
      <trkpt lat="52.5400746054947376251220703125" lon="-2.8094830177724361419677734375">
        <ele>213.600006103515625</ele>
        <time>2026-05-24T14:38:03.000Z</time>
        <extensions>
          <ns3:TrackPointExtension>
            <ns3:hr>130</ns3:hr>
            <ns3:cad>60</ns3:cad>
          </ns3:TrackPointExtension>
        </extensions>
      </trkpt>
      <trkpt lat="52.54006303846836090087890625" lon="-2.80947782099246978759765625">
        <ele>213.399993896484375</ele>
        <time>2026-05-24T14:38:04.000Z</time>
        <extensions>
          <ns3:TrackPointExtension>
            <ns3:hr>130</ns3:hr>
            <ns3:cad>60</ns3:cad>
          </ns3:TrackPointExtension>
        </extensions>
      </trkpt>
      <trkpt lat="52.54001266323029994964599609375" lon="-2.8094665892422199249267578125">
        <ele>212.8000030517578125</ele>
        <time>2026-05-24T14:38:08.000Z</time>
        <extensions>
          <ns3:TrackPointExtension>
            <ns3:hr>130</ns3:hr>
            <ns3:cad>60</ns3:cad>
          </ns3:TrackPointExtension>
        </extensions>
      </trkpt>
      <trkpt lat="52.53994678147137165069580078125" lon="-2.80946449376642704010009765625">
        <ele>212.399993896484375</ele>
        <time>2026-05-24T14:38:14.000Z</time>
        <extensions>
          <ns3:TrackPointExtension>
            <ns3:hr>131</ns3:hr>
            <ns3:cad>60</ns3:cad>
          </ns3:TrackPointExtension>
        </extensions>
      </trkpt>
      <trkpt lat="52.5398647226393222808837890625" lon="-2.80946700833737850189208984375">
        <ele>211.600006103515625</ele>
        <time>2026-05-24T14:38:20.000Z</time>
        <extensions>
          <ns3:TrackPointExtension>
            <ns3:hr>130</ns3:hr>
            <ns3:cad>60</ns3:cad>
          </ns3:TrackPointExtension>
        </extensions>
      </trkpt>
      <trkpt lat="52.539822645485401153564453125" lon="-2.80946583487093448638916015625">
        <ele>211.399993896484375</ele>
        <time>2026-05-24T14:38:23.000Z</time>
        <extensions>
          <ns3:TrackPointExtension>
            <ns3:hr>129</ns3:hr>
            <ns3:cad>60</ns3:cad>
          </ns3:TrackPointExtension>
        </extensions>
      </trkpt>
      <trkpt lat="52.53977470099925994873046875" lon="-2.80946013517677783966064453125">
        <ele>210.8000030517578125</ele>
        <time>2026-05-24T14:38:27.000Z</time>
        <extensions>
          <ns3:TrackPointExtension>
            <ns3:hr>129</ns3:hr>
            <ns3:cad>59</ns3:cad>
          </ns3:TrackPointExtension>
        </extensions>
      </trkpt>
      <trkpt lat="52.53975198604166507720947265625" lon="-2.80945627950131893157958984375">
        <ele>210</ele>
        <time>2026-05-24T14:38:29.000Z</time>
        <extensions>
          <ns3:TrackPointExtension>
            <ns3:hr>128</ns3:hr>
            <ns3:cad>59</ns3:cad>
          </ns3:TrackPointExtension>
        </extensions>
      </trkpt>
      <trkpt lat="52.5397081486880779266357421875" lon="-2.8094451315701007843017578125">
        <ele>209</ele>
        <time>2026-05-24T14:38:33.000Z</time>
        <extensions>
          <ns3:TrackPointExtension>
            <ns3:hr>128</ns3:hr>
            <ns3:cad>61</ns3:cad>
          </ns3:TrackPointExtension>
        </extensions>
      </trkpt>
      <trkpt lat="52.53959977068006992340087890625" lon="-2.8093492425978183746337890625">
        <ele>208.8000030517578125</ele>
        <time>2026-05-24T14:38:43.000Z</time>
        <extensions>
          <ns3:TrackPointExtension>
            <ns3:hr>128</ns3:hr>
            <ns3:cad>60</ns3:cad>
          </ns3:TrackPointExtension>
        </extensions>
      </trkpt>
      <trkpt lat="52.5395911373198032379150390625" lon="-2.80933507718145847320556640625">
        <ele>208.8000030517578125</ele>
        <time>2026-05-24T14:38:44.000Z</time>
        <extensions>
          <ns3:TrackPointExtension>
            <ns3:hr>127</ns3:hr>
            <ns3:cad>60</ns3:cad>
          </ns3:TrackPointExtension>
        </extensions>
      </trkpt>
      <trkpt lat="52.53955165855586528778076171875" lon="-2.80929132364690303802490234375">
        <ele>208.8000030517578125</ele>
        <time>2026-05-24T14:38:48.000Z</time>
        <extensions>
          <ns3:TrackPointExtension>
            <ns3:hr>126</ns3:hr>
            <ns3:cad>59</ns3:cad>
          </ns3:TrackPointExtension>
        </extensions>
      </trkpt>
      <trkpt lat="52.5394650734961032867431640625" lon="-2.80919660814106464385986328125">
        <ele>208.8000030517578125</ele>
        <time>2026-05-24T14:38:58.000Z</time>
        <extensions>
          <ns3:TrackPointExtension>
            <ns3:hr>128</ns3:hr>
            <ns3:cad>59</ns3:cad>
          </ns3:TrackPointExtension>
        </extensions>
      </trkpt>
      <trkpt lat="52.539400197565555572509765625" lon="-2.80909988097846508026123046875">
        <ele>209</ele>
        <time>2026-05-24T14:39:05.000Z</time>
        <extensions>
          <ns3:TrackPointExtension>
            <ns3:hr>128</ns3:hr>
            <ns3:cad>59</ns3:cad>
          </ns3:TrackPointExtension>
        </extensions>
      </trkpt>
      <trkpt lat="52.5393386743962764739990234375" lon="-2.80902922153472900390625">
        <ele>208.8000030517578125</ele>
        <time>2026-05-24T14:39:11.000Z</time>
        <extensions>
          <ns3:TrackPointExtension>
            <ns3:hr>128</ns3:hr>
            <ns3:cad>58</ns3:cad>
          </ns3:TrackPointExtension>
        </extensions>
      </trkpt>
      <trkpt lat="52.53928159363567829132080078125" lon="-2.80892587266862392425537109375">
        <ele>208.8000030517578125</ele>
        <time>2026-05-24T14:39:18.000Z</time>
        <extensions>
          <ns3:TrackPointExtension>
            <ns3:hr>127</ns3:hr>
            <ns3:cad>60</ns3:cad>
          </ns3:TrackPointExtension>
        </extensions>
      </trkpt>
      <trkpt lat="52.53924504853785037994384765625" lon="-2.808805592358112335205078125">
        <ele>208.1999969482421875</ele>
        <time>2026-05-24T14:39:25.000Z</time>
        <extensions>
          <ns3:TrackPointExtension>
            <ns3:hr>129</ns3:hr>
            <ns3:cad>59</ns3:cad>
          </ns3:TrackPointExtension>
        </extensions>
      </trkpt>
      <trkpt lat="52.5392330624163150787353515625" lon="-2.80872487463057041168212890625">
        <ele>208</ele>
        <time>2026-05-24T14:39:29.000Z</time>
        <extensions>
          <ns3:TrackPointExtension>
            <ns3:hr>129</ns3:hr>
            <ns3:cad>57</ns3:cad>
          </ns3:TrackPointExtension>
        </extensions>
      </trkpt>
      <trkpt lat="52.53922828473150730133056640625" lon="-2.80867944471538066864013671875">
        <ele>207.8000030517578125</ele>
        <time>2026-05-24T14:39:31.000Z</time>
        <extensions>
          <ns3:TrackPointExtension>
            <ns3:hr>130</ns3:hr>
            <ns3:cad>57</ns3:cad>
          </ns3:TrackPointExtension>
        </extensions>
      </trkpt>
      <trkpt lat="52.53921453841030597686767578125" lon="-2.8085455857217311859130859375">
        <ele>207</ele>
        <time>2026-05-24T14:39:38.000Z</time>
        <extensions>
          <ns3:TrackPointExtension>
            <ns3:hr>128</ns3:hr>
            <ns3:cad>57</ns3:cad>
          </ns3:TrackPointExtension>
        </extensions>
      </trkpt>
      <trkpt lat="52.53920716233551502227783203125" lon="-2.8084916062653064727783203125">
        <ele>206.600006103515625</ele>
        <time>2026-05-24T14:39:41.000Z</time>
        <extensions>
          <ns3:TrackPointExtension>
            <ns3:hr>125</ns3:hr>
            <ns3:cad>58</ns3:cad>
          </ns3:TrackPointExtension>
        </extensions>
      </trkpt>
      <trkpt lat="52.5391975231468677520751953125" lon="-2.8084188513457775115966796875">
        <ele>206</ele>
        <time>2026-05-24T14:39:45.000Z</time>
        <extensions>
          <ns3:TrackPointExtension>
            <ns3:hr>124</ns3:hr>
            <ns3:cad>59</ns3:cad>
          </ns3:TrackPointExtension>
        </extensions>
      </trkpt>
      <trkpt lat="52.5391965173184871673583984375" lon="-2.808401919901371002197265625">
        <ele>205.8000030517578125</ele>
        <time>2026-05-24T14:39:46.000Z</time>
        <extensions>
          <ns3:TrackPointExtension>
            <ns3:hr>124</ns3:hr>
            <ns3:cad>59</ns3:cad>
          </ns3:TrackPointExtension>
        </extensions>
      </trkpt>
      <trkpt lat="52.53919408656656742095947265625" lon="-2.8083050251007080078125">
        <ele>205.399993896484375</ele>
        <time>2026-05-24T14:39:51.000Z</time>
        <extensions>
          <ns3:TrackPointExtension>
            <ns3:hr>123</ns3:hr>
            <ns3:cad>58</ns3:cad>
          </ns3:TrackPointExtension>
        </extensions>
      </trkpt>
      <trkpt lat="52.5391914881765842437744140625" lon="-2.80826923437416553497314453125">
        <ele>204.8000030517578125</ele>
        <time>2026-05-24T14:39:53.000Z</time>
        <extensions>
          <ns3:TrackPointExtension>
            <ns3:hr>123</ns3:hr>
            <ns3:cad>59</ns3:cad>
          </ns3:TrackPointExtension>
        </extensions>
      </trkpt>
      <trkpt lat="52.5391904823482036590576171875" lon="-2.80825213529169559478759765625">
        <ele>204.399993896484375</ele>
        <time>2026-05-24T14:39:54.000Z</time>
        <extensions>
          <ns3:TrackPointExtension>
            <ns3:hr>123</ns3:hr>
            <ns3:cad>59</ns3:cad>
          </ns3:TrackPointExtension>
        </extensions>
      </trkpt>
    </trkseg>
  </trk>
</gpx>
