<?xml version="1.0" encoding="UTF-8"?>
<gpx creator="StravaGPX" version="1.1" xmlns="http://www.topografix.com/GPX/1/1" xmlns:xsi="http://www.w3.org/2001/XMLSchema-instance" xsi:schemaLocation="http://www.topografix.com/GPX/1/1 http://www.topografix.com/GPX/1/1/gpx.xsd http://www.garmin.com/xmlschemas/GpxExtensions/v3 http://www.garmin.com/xmlschemas/GpxExtensionsv3.xsd http://www.garmin.com/xmlschemas/TrackPointExtension/v1 http://www.garmin.com/xmlschemas/TrackPointExtensionv1.xsd" xmlns:gpxtpx="http://www.garmin.com/xmlschemas/TrackPointExtension/v1" xmlns:gpxx="http://www.garmin.com/xmlschemas/GpxExtensions/v3">
 <metadata>
  <time>2024-08-18T09:28:53Z</time>
 </metadata>
 <trk>
  <name>Loire à Vélo day 1 - From Cuffy to Pouilly sur Loire.</name>
  <type>cycling</type>
  <trkseg>
   <trkpt lat="46.9449850" lon="3.0964450">
    <ele>190.4</ele>
    <time>2024-08-18T09:28:53Z</time>
    <extensions>
     <gpxtpx:TrackPointExtension>
      <gpxtpx:atemp>16</gpxtpx:atemp>
     </gpxtpx:TrackPointExtension>
    </extensions>
   </trkpt>
   <trkpt lat="46.9449840" lon="3.0964440">
    <ele>190.6</ele>
    <time>2024-08-18T09:28:54Z</time>
    <extensions>
     <gpxtpx:TrackPointExtension>
      <gpxtpx:atemp>16</gpxtpx:atemp>
     </gpxtpx:TrackPointExtension>
    </extensions>
   </trkpt>
   <trkpt lat="46.9449840" lon="3.0964430">
    <ele>190.2</ele>
    <time>2024-08-18T09:28:55Z</time>
    <extensions>
     <gpxtpx:TrackPointExtension>
      <gpxtpx:atemp>16</gpxtpx:atemp>
     </gpxtpx:TrackPointExtension>
    </extensions>
   </trkpt>
   <trkpt lat="46.9449840" lon="3.0964430">
    <ele>190.4</ele>
    <time>2024-08-18T09:28:56Z</time>
    <extensions>
     <gpxtpx:TrackPointExtension>
      <gpxtpx:atemp>16</gpxtpx:atemp>
     </gpxtpx:TrackPointExtension>
    </extensions>
   </trkpt>
   <trkpt lat="46.9449800" lon="3.0964380">
    <ele>190.2</ele>
    <time>2024-08-18T09:29:04Z</time>
    <extensions>
     <gpxtpx:TrackPointExtension>
      <gpxtpx:atemp>16</gpxtpx:atemp>
     </gpxtpx:TrackPointExtension>
    </extensions>
   </trkpt>
   <trkpt lat="46.9449760" lon="3.0964360">
    <ele>190.2</ele>
    <time>2024-08-18T09:29:11Z</time>
    <extensions>
     <gpxtpx:TrackPointExtension>
      <gpxtpx:atemp>16</gpxtpx:atemp>
     </gpxtpx:TrackPointExtension>
    </extensions>
   </trkpt>
   <trkpt lat="46.9449110" lon="3.0963770">
    <ele>190.4</ele>
    <time>2024-08-18T09:29:16Z</time>
    <extensions>
     <gpxtpx:TrackPointExtension>
      <gpxtpx:atemp>16</gpxtpx:atemp>
     </gpxtpx:TrackPointExtension>
    </extensions>
   </trkpt>
   <trkpt lat="46.9447860" lon="3.0962320">
    <ele>190.8</ele>
    <time>2024-08-18T09:29:22Z</time>
    <extensions>
     <gpxtpx:TrackPointExtension>
      <gpxtpx:atemp>16</gpxtpx:atemp>
     </gpxtpx:TrackPointExtension>
    </extensions>
   </trkpt>
   <trkpt lat="46.9446410" lon="3.0960650">
    <ele>190.6</ele>
    <time>2024-08-18T09:29:28Z</time>
    <extensions>
     <gpxtpx:TrackPointExtension>
      <gpxtpx:atemp>16</gpxtpx:atemp>
     </gpxtpx:TrackPointExtension>
    </extensions>
   </trkpt>
   <trkpt lat="46.9444980" lon="3.0958880">
    <ele>190.8</ele>
    <time>2024-08-18T09:29:34Z</time>
    <extensions>
     <gpxtpx:TrackPointExtension>
      <gpxtpx:atemp>16</gpxtpx:atemp>
     </gpxtpx:TrackPointExtension>
    </extensions>
   </trkpt>
   <trkpt lat="46.9443550" lon="3.0956590">
    <ele>190.6</ele>
    <time>2024-08-18T09:29:40Z</time>
    <extensions>
     <gpxtpx:TrackPointExtension>
      <gpxtpx:atemp>16</gpxtpx:atemp>
     </gpxtpx:TrackPointExtension>
    </extensions>
   </trkpt>
   <trkpt lat="46.9442370" lon="3.0954460">
    <ele>190.4</ele>
    <time>2024-08-18T09:29:45Z</time>
    <extensions>
     <gpxtpx:TrackPointExtension>
      <gpxtpx:atemp>16</gpxtpx:atemp>
     </gpxtpx:TrackPointExtension>
    </extensions>
   </trkpt>
   <trkpt lat="46.9441210" lon="3.0952120">
    <ele>190.4</ele>
    <time>2024-08-18T09:29:50Z</time>
    <extensions>
     <gpxtpx:TrackPointExtension>
      <gpxtpx:atemp>16</gpxtpx:atemp>
     </gpxtpx:TrackPointExtension>
    </extensions>
   </trkpt>
   <trkpt lat="46.9440140" lon="3.0949640">
    <ele>190.6</ele>
    <time>2024-08-18T09:29:55Z</time>
    <extensions>
     <gpxtpx:TrackPointExtension>
      <gpxtpx:atemp>16</gpxtpx:atemp>
     </gpxtpx:TrackPointExtension>
    </extensions>
   </trkpt>
   <trkpt lat="46.9439150" lon="3.0947030">
    <ele>190.4</ele>
    <time>2024-08-18T09:30:01Z</time>
    <extensions>
     <gpxtpx:TrackPointExtension>
      <gpxtpx:atemp>16</gpxtpx:atemp>
     </gpxtpx:TrackPointExtension>
    </extensions>
   </trkpt>
   <trkpt lat="46.9438100" lon="3.0943430">
    <ele>190.4</ele>
    <time>2024-08-18T09:30:07Z</time>
    <extensions>
     <gpxtpx:TrackPointExtension>
      <gpxtpx:atemp>16</gpxtpx:atemp>
     </gpxtpx:TrackPointExtension>
    </extensions>
   </trkpt>
   <trkpt lat="46.9437120" lon="3.0939000">
    <ele>190.6</ele>
    <time>2024-08-18T09:30:14Z</time>
    <extensions>
     <gpxtpx:TrackPointExtension>
      <gpxtpx:atemp>16</gpxtpx:atemp>
     </gpxtpx:TrackPointExtension>
    </extensions>
   </trkpt>
   <trkpt lat="46.9436270" lon="3.0934200">
    <ele>190.6</ele>
    <time>2024-08-18T09:30:20Z</time>
    <extensions>
     <gpxtpx:TrackPointExtension>
      <gpxtpx:atemp>16</gpxtpx:atemp>
     </gpxtpx:TrackPointExtension>
    </extensions>
   </trkpt>
   <trkpt lat="46.9435130" lon="3.0929620">
    <ele>190.8</ele>
    <time>2024-08-18T09:30:26Z</time>
    <extensions>
     <gpxtpx:TrackPointExtension>
      <gpxtpx:atemp>16</gpxtpx:atemp>
     </gpxtpx:TrackPointExtension>
    </extensions>
   </trkpt>
   <trkpt lat="46.9434410" lon="3.0926570">
    <ele>190.6</ele>
    <time>2024-08-18T09:30:31Z</time>
    <extensions>
     <gpxtpx:TrackPointExtension>
      <gpxtpx:atemp>16</gpxtpx:atemp>
     </gpxtpx:TrackPointExtension>
    </extensions>
   </trkpt>
   <trkpt lat="46.9434050" lon="3.0923730">
    <ele>191.0</ele>
    <time>2024-08-18T09:30:36Z</time>
    <extensions>
     <gpxtpx:TrackPointExtension>
      <gpxtpx:atemp>16</gpxtpx:atemp>
     </gpxtpx:TrackPointExtension>
    </extensions>
   </trkpt>
   <trkpt lat="46.9433950" lon="3.0920620">
    <ele>190.8</ele>
    <time>2024-08-18T09:30:41Z</time>
    <extensions>
     <gpxtpx:TrackPointExtension>
      <gpxtpx:atemp>16</gpxtpx:atemp>
     </gpxtpx:TrackPointExtension>
    </extensions>
   </trkpt>
   <trkpt lat="46.9434180" lon="3.0917550">
    <ele>190.8</ele>
    <time>2024-08-18T09:30:46Z</time>
    <extensions>
     <gpxtpx:TrackPointExtension>
      <gpxtpx:atemp>16</gpxtpx:atemp>
     </gpxtpx:TrackPointExtension>
    </extensions>
   </trkpt>
   <trkpt lat="46.9434800" lon="3.0914050">
    <ele>190.4</ele>
    <time>2024-08-18T09:30:52Z</time>
    <extensions>
     <gpxtpx:TrackPointExtension>
      <gpxtpx:atemp>16</gpxtpx:atemp>
     </gpxtpx:TrackPointExtension>
    </extensions>
   </trkpt>
   <trkpt lat="46.9435840" lon="3.0909830">
    <ele>190.6</ele>
    <time>2024-08-18T09:30:59Z</time>
    <extensions>
     <gpxtpx:TrackPointExtension>
      <gpxtpx:atemp>16</gpxtpx:atemp>
     </gpxtpx:TrackPointExtension>
    </extensions>
   </trkpt>
   <trkpt lat="46.9436520" lon="3.0907430">
    <ele>190.4</ele>
    <time>2024-08-18T09:31:03Z</time>
    <extensions>
     <gpxtpx:TrackPointExtension>
      <gpxtpx:atemp>16</gpxtpx:atemp>
     </gpxtpx:TrackPointExtension>
    </extensions>
   </trkpt>
   <trkpt lat="46.9436860" lon="3.0906200">
    <ele>190.4</ele>
    <time>2024-08-18T09:31:05Z</time>
    <extensions>
     <gpxtpx:TrackPointExtension>
      <gpxtpx:atemp>16</gpxtpx:atemp>
     </gpxtpx:TrackPointExtension>
    </extensions>
   </trkpt>
   <trkpt lat="46.9437960" lon="3.0903150">
    <ele>190.4</ele>
    <time>2024-08-18T09:31:10Z</time>
    <extensions>
     <gpxtpx:TrackPointExtension>
      <gpxtpx:atemp>16</gpxtpx:atemp>
     </gpxtpx:TrackPointExtension>
    </extensions>
   </trkpt>
   <trkpt lat="46.9438410" lon="3.0901990">
    <ele>190.4</ele>
    <time>2024-08-18T09:31:12Z</time>
    <extensions>
     <gpxtpx:TrackPointExtension>
      <gpxtpx:atemp>16</gpxtpx:atemp>
     </gpxtpx:TrackPointExtension>
    </extensions>
   </trkpt>
   <trkpt lat="46.9439790" lon="3.0898420">
    <ele>190.8</ele>
    <time>2024-08-18T09:31:18Z</time>
    <extensions>
     <gpxtpx:TrackPointExtension>
      <gpxtpx:atemp>16</gpxtpx:atemp>
     </gpxtpx:TrackPointExtension>
    </extensions>
   </trkpt>
   <trkpt lat="46.9441130" lon="3.0894160">
    <ele>190.8</ele>
    <time>2024-08-18T09:31:25Z</time>
    <extensions>
     <gpxtpx:TrackPointExtension>
      <gpxtpx:atemp>16</gpxtpx:atemp>
     </gpxtpx:TrackPointExtension>
    </extensions>
   </trkpt>
   <trkpt lat="46.9441790" lon="3.0892630">
    <ele>190.8</ele>
    <time>2024-08-18T09:31:28Z</time>
    <extensions>
     <gpxtpx:TrackPointExtension>
      <gpxtpx:atemp>16</gpxtpx:atemp>
     </gpxtpx:TrackPointExtension>
    </extensions>
   </trkpt>
   <trkpt lat="46.9442750" lon="3.0890380">
    <ele>190.6</ele>
    <time>2024-08-18T09:31:32Z</time>
    <extensions>
     <gpxtpx:TrackPointExtension>
      <gpxtpx:atemp>16</gpxtpx:atemp>
     </gpxtpx:TrackPointExtension>
    </extensions>
   </trkpt>
   <trkpt lat="46.9444110" lon="3.0886600">
    <ele>190.6</ele>
    <time>2024-08-18T09:31:39Z</time>
    <extensions>
     <gpxtpx:TrackPointExtension>
      <gpxtpx:atemp>16</gpxtpx:atemp>
     </gpxtpx:TrackPointExtension>
    </extensions>
   </trkpt>
   <trkpt lat="46.9445050" lon="3.0884130">
    <ele>190.6</ele>
    <time>2024-08-18T09:31:44Z</time>
    <extensions>
     <gpxtpx:TrackPointExtension>
      <gpxtpx:atemp>16</gpxtpx:atemp>
     </gpxtpx:TrackPointExtension>
    </extensions>
   </trkpt>
   <trkpt lat="46.9446480" lon="3.0880500">
    <ele>190.4</ele>
    <time>2024-08-18T09:31:51Z</time>
    <extensions>
     <gpxtpx:TrackPointExtension>
      <gpxtpx:atemp>16</gpxtpx:atemp>
     </gpxtpx:TrackPointExtension>
    </extensions>
   </trkpt>
   <trkpt lat="46.9448760" lon="3.0876080">
    <ele>191.0</ele>
    <time>2024-08-18T09:32:00Z</time>
    <extensions>
     <gpxtpx:TrackPointExtension>
      <gpxtpx:atemp>16</gpxtpx:atemp>
     </gpxtpx:TrackPointExtension>
    </extensions>
   </trkpt>
   <trkpt lat="46.9449760" lon="3.0873920">
    <ele>192.0</ele>
    <time>2024-08-18T09:32:06Z</time>
    <extensions>
     <gpxtpx:TrackPointExtension>
      <gpxtpx:atemp>16</gpxtpx:atemp>
     </gpxtpx:TrackPointExtension>
    </extensions>
   </trkpt>
   <trkpt lat="46.9449700" lon="3.0873360">
    <ele>192.4</ele>
    <time>2024-08-18T09:32:08Z</time>
    <extensions>
     <gpxtpx:TrackPointExtension>
      <gpxtpx:atemp>16</gpxtpx:atemp>
     </gpxtpx:TrackPointExtension>
    </extensions>
   </trkpt>
   <trkpt lat="46.9449310" lon="3.0873040">
    <ele>192.8</ele>
    <time>2024-08-18T09:32:10Z</time>
    <extensions>
     <gpxtpx:TrackPointExtension>
      <gpxtpx:atemp>16</gpxtpx:atemp>
     </gpxtpx:TrackPointExtension>
    </extensions>
   </trkpt>
   <trkpt lat="46.9447730" lon="3.0871710">
    <ele>193.2</ele>
    <time>2024-08-18T09:32:17Z</time>
    <extensions>
     <gpxtpx:TrackPointExtension>
      <gpxtpx:atemp>16</gpxtpx:atemp>
     </gpxtpx:TrackPointExtension>
    </extensions>
   </trkpt>
   <trkpt lat="46.9445450" lon="3.0869870">
    <ele>192.6</ele>
    <time>2024-08-18T09:32:23Z</time>
    <extensions>
     <gpxtpx:TrackPointExtension>
      <gpxtpx:atemp>16</gpxtpx:atemp>
     </gpxtpx:TrackPointExtension>
    </extensions>
   </trkpt>
   <trkpt lat="46.9442040" lon="3.0867010">
    <ele>191.6</ele>
    <time>2024-08-18T09:32:30Z</time>
    <extensions>
     <gpxtpx:TrackPointExtension>
      <gpxtpx:atemp>16</gpxtpx:atemp>
     </gpxtpx:TrackPointExtension>
    </extensions>
   </trkpt>
   <trkpt lat="46.9441450" lon="3.0866660">
    <ele>191.4</ele>
    <time>2024-08-18T09:32:31Z</time>
    <extensions>
     <gpxtpx:TrackPointExtension>
      <gpxtpx:atemp>16</gpxtpx:atemp>
     </gpxtpx:TrackPointExtension>
    </extensions>
   </trkpt>
   <trkpt lat="46.9439830" lon="3.0865890">
    <ele>191.4</ele>
    <time>2024-08-18T09:32:34Z</time>
    <extensions>
     <gpxtpx:TrackPointExtension>
      <gpxtpx:atemp>16</gpxtpx:atemp>
     </gpxtpx:TrackPointExtension>
    </extensions>
   </trkpt>
   <trkpt lat="46.9439380" lon="3.0865540">
    <ele>191.4</ele>
    <time>2024-08-18T09:32:35Z</time>
    <extensions>
     <gpxtpx:TrackPointExtension>
      <gpxtpx:atemp>16</gpxtpx:atemp>
     </gpxtpx:TrackPointExtension>
    </extensions>
   </trkpt>
   <trkpt lat="46.9438610" lon="3.0864700">
    <ele>191.6</ele>
    <time>2024-08-18T09:32:37Z</time>
    <extensions>
     <gpxtpx:TrackPointExtension>
      <gpxtpx:atemp>16</gpxtpx:atemp>
     </gpxtpx:TrackPointExtension>
    </extensions>
   </trkpt>
   <trkpt lat="46.9437840" lon="3.0863140">
    <ele>191.4</ele>
    <time>2024-08-18T09:32:40Z</time>
    <extensions>
     <gpxtpx:TrackPointExtension>
      <gpxtpx:atemp>16</gpxtpx:atemp>
     </gpxtpx:TrackPointExtension>
    </extensions>
   </trkpt>
   <trkpt lat="46.9437670" lon="3.0862550">
    <ele>191.4</ele>
    <time>2024-08-18T09:32:41Z</time>
    <extensions>
     <gpxtpx:TrackPointExtension>
      <gpxtpx:atemp>16</gpxtpx:atemp>
     </gpxtpx:TrackPointExtension>
    </extensions>
   </trkpt>
   <trkpt lat="46.9437140" lon="3.0860190">
    <ele>191.2</ele>
    <time>2024-08-18T09:32:45Z</time>
    <extensions>
     <gpxtpx:TrackPointExtension>
      <gpxtpx:atemp>16</gpxtpx:atemp>
     </gpxtpx:TrackPointExtension>
    </extensions>
   </trkpt>
   <trkpt lat="46.9437070" lon="3.0859560">
    <ele>191.4</ele>
    <time>2024-08-18T09:32:46Z</time>
    <extensions>
     <gpxtpx:TrackPointExtension>
      <gpxtpx:atemp>16</gpxtpx:atemp>
     </gpxtpx:TrackPointExtension>
    </extensions>
   </trkpt>
   <trkpt lat="46.9436970" lon="3.0858330">
    <ele>191.6</ele>
    <time>2024-08-18T09:32:48Z</time>
    <extensions>
     <gpxtpx:TrackPointExtension>
      <gpxtpx:atemp>16</gpxtpx:atemp>
     </gpxtpx:TrackPointExtension>
    </extensions>
   </trkpt>
   <trkpt lat="46.9437100" lon="3.0855070">
    <ele>192.0</ele>
    <time>2024-08-18T09:32:53Z</time>
    <extensions>
     <gpxtpx:TrackPointExtension>
      <gpxtpx:atemp>16</gpxtpx:atemp>
     </gpxtpx:TrackPointExtension>
    </extensions>
   </trkpt>
   <trkpt lat="46.9437180" lon="3.0853110">
    <ele>192.0</ele>
    <time>2024-08-18T09:32:56Z</time>
    <extensions>
     <gpxtpx:TrackPointExtension>
      <gpxtpx:atemp>16</gpxtpx:atemp>
     </gpxtpx:TrackPointExtension>
    </extensions>
   </trkpt>
   <trkpt lat="46.9437080" lon="3.0851850">
    <ele>191.8</ele>
    <time>2024-08-18T09:32:58Z</time>
    <extensions>
     <gpxtpx:TrackPointExtension>
      <gpxtpx:atemp>16</gpxtpx:atemp>
     </gpxtpx:TrackPointExtension>
    </extensions>
   </trkpt>
   <trkpt lat="46.9436990" lon="3.0851220">
    <ele>191.8</ele>
    <time>2024-08-18T09:32:59Z</time>
    <extensions>
     <gpxtpx:TrackPointExtension>
      <gpxtpx:atemp>16</gpxtpx:atemp>
     </gpxtpx:TrackPointExtension>
    </extensions>
   </trkpt>
   <trkpt lat="46.9436140" lon="3.0847590">
    <ele>191.4</ele>
    <time>2024-08-18T09:33:05Z</time>
    <extensions>
     <gpxtpx:TrackPointExtension>
      <gpxtpx:atemp>16</gpxtpx:atemp>
     </gpxtpx:TrackPointExtension>
    </extensions>
   </trkpt>
   <trkpt lat="46.9435700" lon="3.0845840">
    <ele>191.0</ele>
    <time>2024-08-18T09:33:08Z</time>
    <extensions>
     <gpxtpx:TrackPointExtension>
      <gpxtpx:atemp>16</gpxtpx:atemp>
     </gpxtpx:TrackPointExtension>
    </extensions>
   </trkpt>
   <trkpt lat="46.9435140" lon="3.0845060">
    <ele>191.0</ele>
    <time>2024-08-18T09:33:10Z</time>
    <extensions>
     <gpxtpx:TrackPointExtension>
      <gpxtpx:atemp>16</gpxtpx:atemp>
     </gpxtpx:TrackPointExtension>
    </extensions>
   </trkpt>
   <trkpt lat="46.9434580" lon="3.0843550">
    <ele>191.0</ele>
    <time>2024-08-18T09:33:13Z</time>
    <extensions>
     <gpxtpx:TrackPointExtension>
      <gpxtpx:atemp>16</gpxtpx:atemp>
     </gpxtpx:TrackPointExtension>
    </extensions>
   </trkpt>
   <trkpt lat="46.9434540" lon="3.0842900">
    <ele>191.0</ele>
    <time>2024-08-18T09:33:14Z</time>
    <extensions>
     <gpxtpx:TrackPointExtension>
      <gpxtpx:atemp>16</gpxtpx:atemp>
     </gpxtpx:TrackPointExtension>
    </extensions>
   </trkpt>
   <trkpt lat="46.9434140" lon="3.0838140">
    <ele>191.0</ele>
    <time>2024-08-18T09:33:21Z</time>
    <extensions>
     <gpxtpx:TrackPointExtension>
      <gpxtpx:atemp>16</gpxtpx:atemp>
     </gpxtpx:TrackPointExtension>
    </extensions>
   </trkpt>
   <trkpt lat="46.9433570" lon="3.0834190">
    <ele>190.4</ele>
    <time>2024-08-18T09:33:26Z</time>
    <extensions>
     <gpxtpx:TrackPointExtension>
      <gpxtpx:atemp>16</gpxtpx:atemp>
     </gpxtpx:TrackPointExtension>
    </extensions>
   </trkpt>
   <trkpt lat="46.9433340" lon="3.0833390">
    <ele>190.4</ele>
    <time>2024-08-18T09:33:27Z</time>
    <extensions>
     <gpxtpx:TrackPointExtension>
      <gpxtpx:atemp>16</gpxtpx:atemp>
     </gpxtpx:TrackPointExtension>
    </extensions>
   </trkpt>
   <trkpt lat="46.9431610" lon="3.0828990">
    <ele>190.0</ele>
    <time>2024-08-18T09:33:33Z</time>
    <extensions>
     <gpxtpx:TrackPointExtension>
      <gpxtpx:atemp>16</gpxtpx:atemp>
     </gpxtpx:TrackPointExtension>
    </extensions>
   </trkpt>
   <trkpt lat="46.9430020" lon="3.0825760">
    <ele>189.4</ele>
    <time>2024-08-18T09:33:38Z</time>
    <extensions>
     <gpxtpx:TrackPointExtension>
      <gpxtpx:atemp>16</gpxtpx:atemp>
     </gpxtpx:TrackPointExtension>
    </extensions>
   </trkpt>
   <trkpt lat="46.9428800" lon="3.0823310">
    <ele>189.0</ele>
    <time>2024-08-18T09:33:42Z</time>
    <extensions>
     <gpxtpx:TrackPointExtension>
      <gpxtpx:atemp>16</gpxtpx:atemp>
     </gpxtpx:TrackPointExtension>
    </extensions>
   </trkpt>
   <trkpt lat="46.9426370" lon="3.0818360">
    <ele>189.2</ele>
    <time>2024-08-18T09:33:50Z</time>
    <extensions>
     <gpxtpx:TrackPointExtension>
      <gpxtpx:atemp>16</gpxtpx:atemp>
     </gpxtpx:TrackPointExtension>
    </extensions>
   </trkpt>
   <trkpt lat="46.9423380" lon="3.0812400">
    <ele>189.8</ele>
    <time>2024-08-18T09:34:00Z</time>
    <extensions>
     <gpxtpx:TrackPointExtension>
      <gpxtpx:atemp>16</gpxtpx:atemp>
     </gpxtpx:TrackPointExtension>
    </extensions>
   </trkpt>
   <trkpt lat="46.9421540" lon="3.0808290">
    <ele>189.8</ele>
    <time>2024-08-18T09:34:07Z</time>
    <extensions>
     <gpxtpx:TrackPointExtension>
      <gpxtpx:atemp>16</gpxtpx:atemp>
     </gpxtpx:TrackPointExtension>
    </extensions>
   </trkpt>
   <trkpt lat="46.9419660" lon="3.0803500">
    <ele>189.8</ele>
    <time>2024-08-18T09:34:15Z</time>
    <extensions>
     <gpxtpx:TrackPointExtension>
      <gpxtpx:atemp>16</gpxtpx:atemp>
     </gpxtpx:TrackPointExtension>
    </extensions>
   </trkpt>
   <trkpt lat="46.9417600" lon="3.0799270">
    <ele>189.8</ele>
    <time>2024-08-18T09:34:23Z</time>
    <extensions>
     <gpxtpx:TrackPointExtension>
      <gpxtpx:atemp>16</gpxtpx:atemp>
     </gpxtpx:TrackPointExtension>
    </extensions>
   </trkpt>
   <trkpt lat="46.9416770" lon="3.0797800">
    <ele>189.6</ele>
    <time>2024-08-18T09:34:26Z</time>
    <extensions>
     <gpxtpx:TrackPointExtension>
      <gpxtpx:atemp>16</gpxtpx:atemp>
     </gpxtpx:TrackPointExtension>
    </extensions>
   </trkpt>
   <trkpt lat="46.9416270" lon="3.0796080">
    <ele>189.6</ele>
    <time>2024-08-18T09:34:29Z</time>
    <extensions>
     <gpxtpx:TrackPointExtension>
      <gpxtpx:atemp>16</gpxtpx:atemp>
     </gpxtpx:TrackPointExtension>
    </extensions>
   </trkpt>
   <trkpt lat="46.9416180" lon="3.0795450">
    <ele>189.6</ele>
    <time>2024-08-18T09:34:30Z</time>
    <extensions>
     <gpxtpx:TrackPointExtension>
      <gpxtpx:atemp>16</gpxtpx:atemp>
     </gpxtpx:TrackPointExtension>
    </extensions>
   </trkpt>
   <trkpt lat="46.9416110" lon="3.0794800">
    <ele>189.6</ele>
    <time>2024-08-18T09:34:31Z</time>
    <extensions>
     <gpxtpx:TrackPointExtension>
      <gpxtpx:atemp>16</gpxtpx:atemp>
     </gpxtpx:TrackPointExtension>
    </extensions>
   </trkpt>
   <trkpt lat="46.9416210" lon="3.0792890">
    <ele>190.0</ele>
    <time>2024-08-18T09:34:34Z</time>
    <extensions>
     <gpxtpx:TrackPointExtension>
      <gpxtpx:atemp>16</gpxtpx:atemp>
     </gpxtpx:TrackPointExtension>
    </extensions>
   </trkpt>
   <trkpt lat="46.9417010" lon="3.0790810">
    <ele>190.6</ele>
    <time>2024-08-18T09:34:38Z</time>
    <extensions>
     <gpxtpx:TrackPointExtension>
      <gpxtpx:atemp>16</gpxtpx:atemp>
     </gpxtpx:TrackPointExtension>
    </extensions>
   </trkpt>
   <trkpt lat="46.9417290" lon="3.0790360">
    <ele>190.6</ele>
    <time>2024-08-18T09:34:39Z</time>
    <extensions>
     <gpxtpx:TrackPointExtension>
      <gpxtpx:atemp>16</gpxtpx:atemp>
     </gpxtpx:TrackPointExtension>
    </extensions>
   </trkpt>
   <trkpt lat="46.9418860" lon="3.0788640">
    <ele>191.0</ele>
    <time>2024-08-18T09:34:44Z</time>
    <extensions>
     <gpxtpx:TrackPointExtension>
      <gpxtpx:atemp>16</gpxtpx:atemp>
     </gpxtpx:TrackPointExtension>
    </extensions>
   </trkpt>
   <trkpt lat="46.9420350" lon="3.0788280">
    <ele>191.4</ele>
    <time>2024-08-18T09:34:49Z</time>
    <extensions>
     <gpxtpx:TrackPointExtension>
      <gpxtpx:atemp>16</gpxtpx:atemp>
     </gpxtpx:TrackPointExtension>
    </extensions>
   </trkpt>
   <trkpt lat="46.9420620" lon="3.0788280">
    <ele>191.8</ele>
    <time>2024-08-18T09:34:50Z</time>
    <extensions>
     <gpxtpx:TrackPointExtension>
      <gpxtpx:atemp>16</gpxtpx:atemp>
     </gpxtpx:TrackPointExtension>
    </extensions>
   </trkpt>
   <trkpt lat="46.9421730" lon="3.0788910">
    <ele>192.8</ele>
    <time>2024-08-18T09:34:54Z</time>
    <extensions>
     <gpxtpx:TrackPointExtension>
      <gpxtpx:atemp>16</gpxtpx:atemp>
     </gpxtpx:TrackPointExtension>
    </extensions>
   </trkpt>
   <trkpt lat="46.9422910" lon="3.0790450">
    <ele>193.2</ele>
    <time>2024-08-18T09:35:00Z</time>
    <extensions>
     <gpxtpx:TrackPointExtension>
      <gpxtpx:atemp>16</gpxtpx:atemp>
     </gpxtpx:TrackPointExtension>
    </extensions>
   </trkpt>
   <trkpt lat="46.9423150" lon="3.0790460">
    <ele>193.2</ele>
    <time>2024-08-18T09:35:01Z</time>
    <extensions>
     <gpxtpx:TrackPointExtension>
      <gpxtpx:atemp>16</gpxtpx:atemp>
     </gpxtpx:TrackPointExtension>
    </extensions>
   </trkpt>
   <trkpt lat="46.9423680" lon="3.0789710">
    <ele>193.2</ele>
    <time>2024-08-18T09:35:03Z</time>
    <extensions>
     <gpxtpx:TrackPointExtension>
      <gpxtpx:atemp>16</gpxtpx:atemp>
     </gpxtpx:TrackPointExtension>
    </extensions>
   </trkpt>
   <trkpt lat="46.9424480" lon="3.0787570">
    <ele>192.4</ele>
    <time>2024-08-18T09:35:06Z</time>
    <extensions>
     <gpxtpx:TrackPointExtension>
      <gpxtpx:atemp>16</gpxtpx:atemp>
     </gpxtpx:TrackPointExtension>
    </extensions>
   </trkpt>
   <trkpt lat="46.9424790" lon="3.0786600">
    <ele>192.0</ele>
    <time>2024-08-18T09:35:07Z</time>
    <extensions>
     <gpxtpx:TrackPointExtension>
      <gpxtpx:atemp>16</gpxtpx:atemp>
     </gpxtpx:TrackPointExtension>
    </extensions>
   </trkpt>
   <trkpt lat="46.9425490" lon="3.0784790">
    <ele>191.0</ele>
    <time>2024-08-18T09:35:09Z</time>
    <extensions>
     <gpxtpx:TrackPointExtension>
      <gpxtpx:atemp>16</gpxtpx:atemp>
     </gpxtpx:TrackPointExtension>
    </extensions>
   </trkpt>
   <trkpt lat="46.9426270" lon="3.0783030">
    <ele>190.6</ele>
    <time>2024-08-18T09:35:11Z</time>
    <extensions>
     <gpxtpx:TrackPointExtension>
      <gpxtpx:atemp>16</gpxtpx:atemp>
     </gpxtpx:TrackPointExtension>
    </extensions>
   </trkpt>
   <trkpt lat="46.9429040" lon="3.0777240">
    <ele>190.2</ele>
    <time>2024-08-18T09:35:18Z</time>
    <extensions>
     <gpxtpx:TrackPointExtension>
      <gpxtpx:atemp>17</gpxtpx:atemp>
     </gpxtpx:TrackPointExtension>
    </extensions>
   </trkpt>
   <trkpt lat="46.9431290" lon="3.0772620">
    <ele>190.0</ele>
    <time>2024-08-18T09:35:24Z</time>
    <extensions>
     <gpxtpx:TrackPointExtension>
      <gpxtpx:atemp>16</gpxtpx:atemp>
     </gpxtpx:TrackPointExtension>
    </extensions>
   </trkpt>
   <trkpt lat="46.9431580" lon="3.0771900">
    <ele>189.8</ele>
    <time>2024-08-18T09:35:25Z</time>
    <extensions>
     <gpxtpx:TrackPointExtension>
      <gpxtpx:atemp>17</gpxtpx:atemp>
     </gpxtpx:TrackPointExtension>
    </extensions>
   </trkpt>
   <trkpt lat="46.9434000" lon="3.0766900">
    <ele>189.8</ele>
    <time>2024-08-18T09:35:32Z</time>
    <extensions>
     <gpxtpx:TrackPointExtension>
      <gpxtpx:atemp>16</gpxtpx:atemp>
     </gpxtpx:TrackPointExtension>
    </extensions>
   </trkpt>
   <trkpt lat="46.9436210" lon="3.0762170">
    <ele>189.6</ele>
    <time>2024-08-18T09:35:39Z</time>
    <extensions>
     <gpxtpx:TrackPointExtension>
      <gpxtpx:atemp>16</gpxtpx:atemp>
     </gpxtpx:TrackPointExtension>
    </extensions>
   </trkpt>
   <trkpt lat="46.9437780" lon="3.0758950">
    <ele>189.4</ele>
    <time>2024-08-18T09:35:44Z</time>
    <extensions>
     <gpxtpx:TrackPointExtension>
      <gpxtpx:atemp>16</gpxtpx:atemp>
     </gpxtpx:TrackPointExtension>
    </extensions>
   </trkpt>
   <trkpt lat="46.9439000" lon="3.0755910">
    <ele>189.8</ele>
    <time>2024-08-18T09:35:49Z</time>
    <extensions>
     <gpxtpx:TrackPointExtension>
      <gpxtpx:atemp>16</gpxtpx:atemp>
     </gpxtpx:TrackPointExtension>
    </extensions>
   </trkpt>
   <trkpt lat="46.9439250" lon="3.0755340">
    <ele>189.8</ele>
    <time>2024-08-18T09:35:50Z</time>
    <extensions>
     <gpxtpx:TrackPointExtension>
      <gpxtpx:atemp>16</gpxtpx:atemp>
     </gpxtpx:TrackPointExtension>
    </extensions>
   </trkpt>
   <trkpt lat="46.9440620" lon="3.0752410">
    <ele>189.8</ele>
    <time>2024-08-18T09:35:55Z</time>
    <extensions>
     <gpxtpx:TrackPointExtension>
      <gpxtpx:atemp>16</gpxtpx:atemp>
     </gpxtpx:TrackPointExtension>
    </extensions>
   </trkpt>
   <trkpt lat="46.9441770" lon="3.0749960">
    <ele>189.8</ele>
    <time>2024-08-18T09:35:59Z</time>
    <extensions>
     <gpxtpx:TrackPointExtension>
      <gpxtpx:atemp>16</gpxtpx:atemp>
     </gpxtpx:TrackPointExtension>
    </extensions>
   </trkpt>
   <trkpt lat="46.9443460" lon="3.0745910">
    <ele>190.2</ele>
    <time>2024-08-18T09:36:06Z</time>
    <extensions>
     <gpxtpx:TrackPointExtension>
      <gpxtpx:atemp>16</gpxtpx:atemp>
     </gpxtpx:TrackPointExtension>
    </extensions>
   </trkpt>
   <trkpt lat="46.9444040" lon="3.0743630">
    <ele>190.4</ele>
    <time>2024-08-18T09:36:10Z</time>
    <extensions>
     <gpxtpx:TrackPointExtension>
      <gpxtpx:atemp>16</gpxtpx:atemp>
     </gpxtpx:TrackPointExtension>
    </extensions>
   </trkpt>
   <trkpt lat="46.9444280" lon="3.0743140">
    <ele>190.2</ele>
    <time>2024-08-18T09:36:13Z</time>
    <extensions>
     <gpxtpx:TrackPointExtension>
      <gpxtpx:atemp>16</gpxtpx:atemp>
     </gpxtpx:TrackPointExtension>
    </extensions>
   </trkpt>
   <trkpt lat="46.9444580" lon="3.0742790">
    <ele>189.8</ele>
    <time>2024-08-18T09:36:18Z</time>
    <extensions>
     <gpxtpx:TrackPointExtension>
      <gpxtpx:atemp>16</gpxtpx:atemp>
     </gpxtpx:TrackPointExtension>
    </extensions>
   </trkpt>
   <trkpt lat="46.9444670" lon="3.0742680">
    <ele>189.8</ele>
    <time>2024-08-18T09:36:19Z</time>
    <extensions>
     <gpxtpx:TrackPointExtension>
      <gpxtpx:atemp>16</gpxtpx:atemp>
     </gpxtpx:TrackPointExtension>
    </extensions>
   </trkpt>
   <trkpt lat="46.9445640" lon="3.0741460">
    <ele>189.6</ele>
    <time>2024-08-18T09:36:27Z</time>
    <extensions>
     <gpxtpx:TrackPointExtension>
      <gpxtpx:atemp>16</gpxtpx:atemp>
     </gpxtpx:TrackPointExtension>
    </extensions>
   </trkpt>
   <trkpt lat="46.9446500" lon="3.0740300">
    <ele>189.6</ele>
    <time>2024-08-18T09:36:36Z</time>
    <extensions>
     <gpxtpx:TrackPointExtension>
      <gpxtpx:atemp>16</gpxtpx:atemp>
     </gpxtpx:TrackPointExtension>
    </extensions>
   </trkpt>
   <trkpt lat="46.9446780" lon="3.0739640">
    <ele>189.4</ele>
    <time>2024-08-18T09:36:45Z</time>
    <extensions>
     <gpxtpx:TrackPointExtension>
      <gpxtpx:atemp>17</gpxtpx:atemp>
     </gpxtpx:TrackPointExtension>
    </extensions>
   </trkpt>
   <trkpt lat="46.9447080" lon="3.0738750">
    <ele>189.4</ele>
    <time>2024-08-18T09:36:53Z</time>
    <extensions>
     <gpxtpx:TrackPointExtension>
      <gpxtpx:atemp>17</gpxtpx:atemp>
     </gpxtpx:TrackPointExtension>
    </extensions>
   </trkpt>
   <trkpt lat="46.9447290" lon="3.0737810">
    <ele>189.4</ele>
    <time>2024-08-18T09:37:03Z</time>
    <extensions>
     <gpxtpx:TrackPointExtension>
      <gpxtpx:atemp>17</gpxtpx:atemp>
     </gpxtpx:TrackPointExtension>
    </extensions>
   </trkpt>
   <trkpt lat="46.9447460" lon="3.0737580">
    <ele>189.4</ele>
    <time>2024-08-18T09:37:05Z</time>
    <extensions>
     <gpxtpx:TrackPointExtension>
      <gpxtpx:atemp>17</gpxtpx:atemp>
     </gpxtpx:TrackPointExtension>
    </extensions>
   </trkpt>
   <trkpt lat="46.9447640" lon="3.0737310">
    <ele>189.6</ele>
    <time>2024-08-18T09:37:09Z</time>
    <extensions>
     <gpxtpx:TrackPointExtension>
      <gpxtpx:atemp>17</gpxtpx:atemp>
     </gpxtpx:TrackPointExtension>
    </extensions>
   </trkpt>
   <trkpt lat="46.9447700" lon="3.0737280">
    <ele>189.4</ele>
    <time>2024-08-18T09:37:11Z</time>
    <extensions>
     <gpxtpx:TrackPointExtension>
      <gpxtpx:atemp>17</gpxtpx:atemp>
     </gpxtpx:TrackPointExtension>
    </extensions>
   </trkpt>
   <trkpt lat="46.9447740" lon="3.0737040">
    <ele>189.4</ele>
    <time>2024-08-18T09:37:16Z</time>
    <extensions>
     <gpxtpx:TrackPointExtension>
      <gpxtpx:atemp>17</gpxtpx:atemp>
     </gpxtpx:TrackPointExtension>
    </extensions>
   </trkpt>
   <trkpt lat="46.9448160" lon="3.0737320">
    <ele>189.6</ele>
    <time>2024-08-18T09:37:23Z</time>
    <extensions>
     <gpxtpx:TrackPointExtension>
      <gpxtpx:atemp>17</gpxtpx:atemp>
     </gpxtpx:TrackPointExtension>
    </extensions>
   </trkpt>
   <trkpt lat="46.9448620" lon="3.0736370">
    <ele>189.6</ele>
    <time>2024-08-18T09:37:30Z</time>
    <extensions>
     <gpxtpx:TrackPointExtension>
      <gpxtpx:atemp>17</gpxtpx:atemp>
     </gpxtpx:TrackPointExtension>
    </extensions>
   </trkpt>
   <trkpt lat="46.9449480" lon="3.0734840">
    <ele>189.6</ele>
    <time>2024-08-18T09:37:40Z</time>
    <extensions>
     <gpxtpx:TrackPointExtension>
      <gpxtpx:atemp>17</gpxtpx:atemp>
     </gpxtpx:TrackPointExtension>
    </extensions>
   </trkpt>
   <trkpt lat="46.9450320" lon="3.0733380">
    <ele>189.6</ele>
    <time>2024-08-18T09:37:49Z</time>
    <extensions>
     <gpxtpx:TrackPointExtension>
      <gpxtpx:atemp>17</gpxtpx:atemp>
     </gpxtpx:TrackPointExtension>
    </extensions>
   </trkpt>
   <trkpt lat="46.9450810" lon="3.0732290">
    <ele>189.4</ele>
    <time>2024-08-18T09:37:56Z</time>
    <extensions>
     <gpxtpx:TrackPointExtension>
      <gpxtpx:atemp>17</gpxtpx:atemp>
     </gpxtpx:TrackPointExtension>
    </extensions>
   </trkpt>
   <trkpt lat="46.9450900" lon="3.0732140">
    <ele>189.4</ele>
    <time>2024-08-18T09:37:57Z</time>
    <extensions>
     <gpxtpx:TrackPointExtension>
      <gpxtpx:atemp>17</gpxtpx:atemp>
     </gpxtpx:TrackPointExtension>
    </extensions>
   </trkpt>
   <trkpt lat="46.9451160" lon="3.0731800">
    <ele>189.2</ele>
    <time>2024-08-18T09:38:03Z</time>
    <extensions>
     <gpxtpx:TrackPointExtension>
      <gpxtpx:atemp>17</gpxtpx:atemp>
     </gpxtpx:TrackPointExtension>
    </extensions>
   </trkpt>
   <trkpt lat="46.9451170" lon="3.0731730">
    <ele>189.4</ele>
    <time>2024-08-18T09:38:20Z</time>
    <extensions>
     <gpxtpx:TrackPointExtension>
      <gpxtpx:atemp>17</gpxtpx:atemp>
     </gpxtpx:TrackPointExtension>
    </extensions>
   </trkpt>
   <trkpt lat="46.9451160" lon="3.0731750">
    <ele>189.0</ele>
    <time>2024-08-18T09:38:43Z</time>
    <extensions>
     <gpxtpx:TrackPointExtension>
      <gpxtpx:atemp>17</gpxtpx:atemp>
     </gpxtpx:TrackPointExtension>
    </extensions>
   </trkpt>
   <trkpt lat="46.9451130" lon="3.0731710">
    <ele>189.2</ele>
    <time>2024-08-18T09:38:53Z</time>
    <extensions>
     <gpxtpx:TrackPointExtension>
      <gpxtpx:atemp>17</gpxtpx:atemp>
     </gpxtpx:TrackPointExtension>
    </extensions>
   </trkpt>
   <trkpt lat="46.9451130" lon="3.0731710">
    <ele>189.4</ele>
    <time>2024-08-18T09:38:54Z</time>
    <extensions>
     <gpxtpx:TrackPointExtension>
      <gpxtpx:atemp>17</gpxtpx:atemp>
     </gpxtpx:TrackPointExtension>
    </extensions>
   </trkpt>
   <trkpt lat="46.9451140" lon="3.0731700">
    <ele>189.4</ele>
    <time>2024-08-18T09:39:05Z</time>
    <extensions>
     <gpxtpx:TrackPointExtension>
      <gpxtpx:atemp>17</gpxtpx:atemp>
     </gpxtpx:TrackPointExtension>
    </extensions>
   </trkpt>
   <trkpt lat="46.9451140" lon="3.0731700">
    <ele>189.2</ele>
    <time>2024-08-18T09:39:45Z</time>
    <extensions>
     <gpxtpx:TrackPointExtension>
      <gpxtpx:atemp>18</gpxtpx:atemp>
     </gpxtpx:TrackPointExtension>
    </extensions>
   </trkpt>
   <trkpt lat="46.9451140" lon="3.0731700">
    <ele>189.4</ele>
    <time>2024-08-18T09:40:06Z</time>
    <extensions>
     <gpxtpx:TrackPointExtension>
      <gpxtpx:atemp>18</gpxtpx:atemp>
     </gpxtpx:TrackPointExtension>
    </extensions>
   </trkpt>
   <trkpt lat="46.9451170" lon="3.0731660">
    <ele>189.2</ele>
    <time>2024-08-18T09:40:15Z</time>
    <extensions>
     <gpxtpx:TrackPointExtension>
      <gpxtpx:atemp>18</gpxtpx:atemp>
     </gpxtpx:TrackPointExtension>
    </extensions>
   </trkpt>
   <trkpt lat="46.9451150" lon="3.0731550">
    <ele>189.4</ele>
    <time>2024-08-18T09:40:25Z</time>
    <extensions>
     <gpxtpx:TrackPointExtension>
      <gpxtpx:atemp>18</gpxtpx:atemp>
     </gpxtpx:TrackPointExtension>
    </extensions>
   </trkpt>
   <trkpt lat="46.9451480" lon="3.0730610">
    <ele>189.2</ele>
    <time>2024-08-18T09:40:32Z</time>
    <extensions>
     <gpxtpx:TrackPointExtension>
      <gpxtpx:atemp>18</gpxtpx:atemp>
     </gpxtpx:TrackPointExtension>
    </extensions>
   </trkpt>
   <trkpt lat="46.9452110" lon="3.0729170">
    <ele>189.4</ele>
    <time>2024-08-18T09:40:40Z</time>
    <extensions>
     <gpxtpx:TrackPointExtension>
      <gpxtpx:atemp>18</gpxtpx:atemp>
     </gpxtpx:TrackPointExtension>
    </extensions>
   </trkpt>
   <trkpt lat="46.9452570" lon="3.0728330">
    <ele>189.6</ele>
    <time>2024-08-18T09:40:45Z</time>
    <extensions>
     <gpxtpx:TrackPointExtension>
      <gpxtpx:atemp>18</gpxtpx:atemp>
     </gpxtpx:TrackPointExtension>
    </extensions>
   </trkpt>
   <trkpt lat="46.9452880" lon="3.0727850">
    <ele>189.4</ele>
    <time>2024-08-18T09:40:48Z</time>
    <extensions>
     <gpxtpx:TrackPointExtension>
      <gpxtpx:atemp>18</gpxtpx:atemp>
     </gpxtpx:TrackPointExtension>
    </extensions>
   </trkpt>
   <trkpt lat="46.9453830" lon="3.0726010">
    <ele>189.8</ele>
    <time>2024-08-18T09:41:00Z</time>
    <extensions>
     <gpxtpx:TrackPointExtension>
      <gpxtpx:atemp>18</gpxtpx:atemp>
     </gpxtpx:TrackPointExtension>
    </extensions>
   </trkpt>
   <trkpt lat="46.9454400" lon="3.0724960">
    <ele>189.4</ele>
    <time>2024-08-18T09:41:09Z</time>
    <extensions>
     <gpxtpx:TrackPointExtension>
      <gpxtpx:atemp>18</gpxtpx:atemp>
     </gpxtpx:TrackPointExtension>
    </extensions>
   </trkpt>
   <trkpt lat="46.9454940" lon="3.0723870">
    <ele>189.2</ele>
    <time>2024-08-18T09:41:17Z</time>
    <extensions>
     <gpxtpx:TrackPointExtension>
      <gpxtpx:atemp>18</gpxtpx:atemp>
     </gpxtpx:TrackPointExtension>
    </extensions>
   </trkpt>
   <trkpt lat="46.9455380" lon="3.0722860">
    <ele>189.4</ele>
    <time>2024-08-18T09:41:23Z</time>
    <extensions>
     <gpxtpx:TrackPointExtension>
      <gpxtpx:atemp>18</gpxtpx:atemp>
     </gpxtpx:TrackPointExtension>
    </extensions>
   </trkpt>
   <trkpt lat="46.9456150" lon="3.0721330">
    <ele>189.2</ele>
    <time>2024-08-18T09:41:32Z</time>
    <extensions>
     <gpxtpx:TrackPointExtension>
      <gpxtpx:atemp>18</gpxtpx:atemp>
     </gpxtpx:TrackPointExtension>
    </extensions>
   </trkpt>
   <trkpt lat="46.9456570" lon="3.0720420">
    <ele>189.4</ele>
    <time>2024-08-18T09:41:39Z</time>
    <extensions>
     <gpxtpx:TrackPointExtension>
      <gpxtpx:atemp>18</gpxtpx:atemp>
     </gpxtpx:TrackPointExtension>
    </extensions>
   </trkpt>
   <trkpt lat="46.9456590" lon="3.0720390">
    <ele>189.6</ele>
    <time>2024-08-18T09:41:54Z</time>
    <extensions>
     <gpxtpx:TrackPointExtension>
      <gpxtpx:atemp>19</gpxtpx:atemp>
     </gpxtpx:TrackPointExtension>
    </extensions>
   </trkpt>
   <trkpt lat="46.9456660" lon="3.0720350">
    <ele>189.2</ele>
    <time>2024-08-18T09:42:06Z</time>
    <extensions>
     <gpxtpx:TrackPointExtension>
      <gpxtpx:atemp>19</gpxtpx:atemp>
     </gpxtpx:TrackPointExtension>
    </extensions>
   </trkpt>
   <trkpt lat="46.9456660" lon="3.0720330">
    <ele>189.0</ele>
    <time>2024-08-18T09:42:19Z</time>
    <extensions>
     <gpxtpx:TrackPointExtension>
      <gpxtpx:atemp>19</gpxtpx:atemp>
     </gpxtpx:TrackPointExtension>
    </extensions>
   </trkpt>
   <trkpt lat="46.9456720" lon="3.0720150">
    <ele>189.0</ele>
    <time>2024-08-18T09:42:27Z</time>
    <extensions>
     <gpxtpx:TrackPointExtension>
      <gpxtpx:atemp>19</gpxtpx:atemp>
     </gpxtpx:TrackPointExtension>
    </extensions>
   </trkpt>
   <trkpt lat="46.9456770" lon="3.0720010">
    <ele>189.0</ele>
    <time>2024-08-18T09:42:28Z</time>
    <extensions>
     <gpxtpx:TrackPointExtension>
      <gpxtpx:atemp>19</gpxtpx:atemp>
     </gpxtpx:TrackPointExtension>
    </extensions>
   </trkpt>
   <trkpt lat="46.9457770" lon="3.0717990">
    <ele>189.2</ele>
    <time>2024-08-18T09:42:42Z</time>
    <extensions>
     <gpxtpx:TrackPointExtension>
      <gpxtpx:atemp>19</gpxtpx:atemp>
     </gpxtpx:TrackPointExtension>
    </extensions>
   </trkpt>
   <trkpt lat="46.9458500" lon="3.0716240">
    <ele>189.0</ele>
    <time>2024-08-18T09:42:53Z</time>
    <extensions>
     <gpxtpx:TrackPointExtension>
      <gpxtpx:atemp>19</gpxtpx:atemp>
     </gpxtpx:TrackPointExtension>
    </extensions>
   </trkpt>
   <trkpt lat="46.9459210" lon="3.0714460">
    <ele>189.0</ele>
    <time>2024-08-18T09:43:03Z</time>
    <extensions>
     <gpxtpx:TrackPointExtension>
      <gpxtpx:atemp>19</gpxtpx:atemp>
     </gpxtpx:TrackPointExtension>
    </extensions>
   </trkpt>
   <trkpt lat="46.9459850" lon="3.0713210">
    <ele>189.4</ele>
    <time>2024-08-18T09:43:10Z</time>
    <extensions>
     <gpxtpx:TrackPointExtension>
      <gpxtpx:atemp>19</gpxtpx:atemp>
     </gpxtpx:TrackPointExtension>
    </extensions>
   </trkpt>
   <trkpt lat="46.9460650" lon="3.0711850">
    <ele>189.4</ele>
    <time>2024-08-18T09:43:18Z</time>
    <extensions>
     <gpxtpx:TrackPointExtension>
      <gpxtpx:atemp>19</gpxtpx:atemp>
     </gpxtpx:TrackPointExtension>
    </extensions>
   </trkpt>
   <trkpt lat="46.9461400" lon="3.0710290">
    <ele>189.4</ele>
    <time>2024-08-18T09:43:27Z</time>
    <extensions>
     <gpxtpx:TrackPointExtension>
      <gpxtpx:atemp>19</gpxtpx:atemp>
     </gpxtpx:TrackPointExtension>
    </extensions>
   </trkpt>
   <trkpt lat="46.9461970" lon="3.0709280">
    <ele>189.6</ele>
    <time>2024-08-18T09:43:33Z</time>
    <extensions>
     <gpxtpx:TrackPointExtension>
      <gpxtpx:atemp>19</gpxtpx:atemp>
     </gpxtpx:TrackPointExtension>
    </extensions>
   </trkpt>
   <trkpt lat="46.9462740" lon="3.0707790">
    <ele>189.4</ele>
    <time>2024-08-18T09:43:42Z</time>
    <extensions>
     <gpxtpx:TrackPointExtension>
      <gpxtpx:atemp>19</gpxtpx:atemp>
     </gpxtpx:TrackPointExtension>
    </extensions>
   </trkpt>
   <trkpt lat="46.9463430" lon="3.0706600">
    <ele>189.8</ele>
    <time>2024-08-18T09:43:50Z</time>
    <extensions>
     <gpxtpx:TrackPointExtension>
      <gpxtpx:atemp>19</gpxtpx:atemp>
     </gpxtpx:TrackPointExtension>
    </extensions>
   </trkpt>
   <trkpt lat="46.9463520" lon="3.0706540">
    <ele>189.8</ele>
    <time>2024-08-18T09:43:51Z</time>
    <extensions>
     <gpxtpx:TrackPointExtension>
      <gpxtpx:atemp>19</gpxtpx:atemp>
     </gpxtpx:TrackPointExtension>
    </extensions>
   </trkpt>
   <trkpt lat="46.9463870" lon="3.0706100">
    <ele>189.8</ele>
    <time>2024-08-18T09:43:55Z</time>
    <extensions>
     <gpxtpx:TrackPointExtension>
      <gpxtpx:atemp>19</gpxtpx:atemp>
     </gpxtpx:TrackPointExtension>
    </extensions>
   </trkpt>
   <trkpt lat="46.9464150" lon="3.0705460">
    <ele>189.6</ele>
    <time>2024-08-18T09:43:59Z</time>
    <extensions>
     <gpxtpx:TrackPointExtension>
      <gpxtpx:atemp>19</gpxtpx:atemp>
     </gpxtpx:TrackPointExtension>
    </extensions>
   </trkpt>
   <trkpt lat="46.9464860" lon="3.0704000">
    <ele>189.4</ele>
    <time>2024-08-18T09:44:09Z</time>
    <extensions>
     <gpxtpx:TrackPointExtension>
      <gpxtpx:atemp>19</gpxtpx:atemp>
     </gpxtpx:TrackPointExtension>
    </extensions>
   </trkpt>
   <trkpt lat="46.9465340" lon="3.0703170">
    <ele>189.2</ele>
    <time>2024-08-18T09:44:16Z</time>
    <extensions>
     <gpxtpx:TrackPointExtension>
      <gpxtpx:atemp>19</gpxtpx:atemp>
     </gpxtpx:TrackPointExtension>
    </extensions>
   </trkpt>
   <trkpt lat="46.9465400" lon="3.0703060">
    <ele>189.4</ele>
    <time>2024-08-18T09:44:22Z</time>
    <extensions>
     <gpxtpx:TrackPointExtension>
      <gpxtpx:atemp>19</gpxtpx:atemp>
     </gpxtpx:TrackPointExtension>
    </extensions>
   </trkpt>
   <trkpt lat="46.9465620" lon="3.0702560">
    <ele>189.4</ele>
    <time>2024-08-18T09:44:29Z</time>
    <extensions>
     <gpxtpx:TrackPointExtension>
      <gpxtpx:atemp>19</gpxtpx:atemp>
     </gpxtpx:TrackPointExtension>
    </extensions>
   </trkpt>
   <trkpt lat="46.9466310" lon="3.0701300">
    <ele>189.4</ele>
    <time>2024-08-18T09:44:37Z</time>
    <extensions>
     <gpxtpx:TrackPointExtension>
      <gpxtpx:atemp>19</gpxtpx:atemp>
     </gpxtpx:TrackPointExtension>
    </extensions>
   </trkpt>
   <trkpt lat="46.9466740" lon="3.0700480">
    <ele>190.0</ele>
    <time>2024-08-18T09:44:42Z</time>
    <extensions>
     <gpxtpx:TrackPointExtension>
      <gpxtpx:atemp>19</gpxtpx:atemp>
     </gpxtpx:TrackPointExtension>
    </extensions>
   </trkpt>
   <trkpt lat="46.9467050" lon="3.0699860">
    <ele>190.2</ele>
    <time>2024-08-18T09:44:46Z</time>
    <extensions>
     <gpxtpx:TrackPointExtension>
      <gpxtpx:atemp>19</gpxtpx:atemp>
     </gpxtpx:TrackPointExtension>
    </extensions>
   </trkpt>
   <trkpt lat="46.9467650" lon="3.0698630">
    <ele>189.4</ele>
    <time>2024-08-18T09:44:54Z</time>
    <extensions>
     <gpxtpx:TrackPointExtension>
      <gpxtpx:atemp>19</gpxtpx:atemp>
     </gpxtpx:TrackPointExtension>
    </extensions>
   </trkpt>
   <trkpt lat="46.9467760" lon="3.0698360">
    <ele>189.0</ele>
    <time>2024-08-18T09:44:56Z</time>
    <extensions>
     <gpxtpx:TrackPointExtension>
      <gpxtpx:atemp>19</gpxtpx:atemp>
     </gpxtpx:TrackPointExtension>
    </extensions>
   </trkpt>
   <trkpt lat="46.9467750" lon="3.0697940">
    <ele>188.0</ele>
    <time>2024-08-18T09:45:00Z</time>
    <extensions>
     <gpxtpx:TrackPointExtension>
      <gpxtpx:atemp>19</gpxtpx:atemp>
     </gpxtpx:TrackPointExtension>
    </extensions>
   </trkpt>
   <trkpt lat="46.9467750" lon="3.0697880">
    <ele>187.8</ele>
    <time>2024-08-18T09:45:22Z</time>
    <extensions>
     <gpxtpx:TrackPointExtension>
      <gpxtpx:atemp>19</gpxtpx:atemp>
     </gpxtpx:TrackPointExtension>
    </extensions>
   </trkpt>
   <trkpt lat="46.9468280" lon="3.0696890">
    <ele>187.4</ele>
    <time>2024-08-18T09:45:30Z</time>
    <extensions>
     <gpxtpx:TrackPointExtension>
      <gpxtpx:atemp>19</gpxtpx:atemp>
     </gpxtpx:TrackPointExtension>
    </extensions>
   </trkpt>
   <trkpt lat="46.9468520" lon="3.0696450">
    <ele>186.8</ele>
    <time>2024-08-18T09:45:33Z</time>
    <extensions>
     <gpxtpx:TrackPointExtension>
      <gpxtpx:atemp>19</gpxtpx:atemp>
     </gpxtpx:TrackPointExtension>
    </extensions>
   </trkpt>
   <trkpt lat="46.9468980" lon="3.0695720">
    <ele>185.6</ele>
    <time>2024-08-18T09:45:38Z</time>
    <extensions>
     <gpxtpx:TrackPointExtension>
      <gpxtpx:atemp>19</gpxtpx:atemp>
     </gpxtpx:TrackPointExtension>
    </extensions>
   </trkpt>
   <trkpt lat="46.9469110" lon="3.0695630">
    <ele>185.4</ele>
    <time>2024-08-18T09:45:39Z</time>
    <extensions>
     <gpxtpx:TrackPointExtension>
      <gpxtpx:atemp>19</gpxtpx:atemp>
     </gpxtpx:TrackPointExtension>
    </extensions>
   </trkpt>
   <trkpt lat="46.9469590" lon="3.0695040">
    <ele>185.2</ele>
    <time>2024-08-18T09:45:45Z</time>
    <extensions>
     <gpxtpx:TrackPointExtension>
      <gpxtpx:atemp>19</gpxtpx:atemp>
     </gpxtpx:TrackPointExtension>
    </extensions>
   </trkpt>
   <trkpt lat="46.9469520" lon="3.0694580">
    <ele>185.0</ele>
    <time>2024-08-18T09:45:52Z</time>
    <extensions>
     <gpxtpx:TrackPointExtension>
      <gpxtpx:atemp>19</gpxtpx:atemp>
     </gpxtpx:TrackPointExtension>
    </extensions>
   </trkpt>
   <trkpt lat="46.9469450" lon="3.0694380">
    <ele>185.0</ele>
    <time>2024-08-18T09:45:53Z</time>
    <extensions>
     <gpxtpx:TrackPointExtension>
      <gpxtpx:atemp>19</gpxtpx:atemp>
     </gpxtpx:TrackPointExtension>
    </extensions>
   </trkpt>
   <trkpt lat="46.9468900" lon="3.0693660">
    <ele>185.2</ele>
    <time>2024-08-18T09:45:57Z</time>
    <extensions>
     <gpxtpx:TrackPointExtension>
      <gpxtpx:atemp>19</gpxtpx:atemp>
     </gpxtpx:TrackPointExtension>
    </extensions>
   </trkpt>
   <trkpt lat="46.9468340" lon="3.0692440">
    <ele>185.4</ele>
    <time>2024-08-18T09:46:02Z</time>
    <extensions>
     <gpxtpx:TrackPointExtension>
      <gpxtpx:atemp>19</gpxtpx:atemp>
     </gpxtpx:TrackPointExtension>
    </extensions>
   </trkpt>
   <trkpt lat="46.9468430" lon="3.0692180">
    <ele>185.4</ele>
    <time>2024-08-18T09:46:03Z</time>
    <extensions>
     <gpxtpx:TrackPointExtension>
      <gpxtpx:atemp>19</gpxtpx:atemp>
     </gpxtpx:TrackPointExtension>
    </extensions>
   </trkpt>
   <trkpt lat="46.9469310" lon="3.0690810">
    <ele>184.6</ele>
    <time>2024-08-18T09:46:08Z</time>
    <extensions>
     <gpxtpx:TrackPointExtension>
      <gpxtpx:atemp>19</gpxtpx:atemp>
     </gpxtpx:TrackPointExtension>
    </extensions>
   </trkpt>
   <trkpt lat="46.9469530" lon="3.0690420">
    <ele>184.6</ele>
    <time>2024-08-18T09:46:09Z</time>
    <extensions>
     <gpxtpx:TrackPointExtension>
      <gpxtpx:atemp>19</gpxtpx:atemp>
     </gpxtpx:TrackPointExtension>
    </extensions>
   </trkpt>
   <trkpt lat="46.9469760" lon="3.0690010">
    <ele>184.2</ele>
    <time>2024-08-18T09:46:10Z</time>
    <extensions>
     <gpxtpx:TrackPointExtension>
      <gpxtpx:atemp>19</gpxtpx:atemp>
     </gpxtpx:TrackPointExtension>
    </extensions>
   </trkpt>
   <trkpt lat="46.9470650" lon="3.0688250">
    <ele>183.0</ele>
    <time>2024-08-18T09:46:15Z</time>
    <extensions>
     <gpxtpx:TrackPointExtension>
      <gpxtpx:atemp>19</gpxtpx:atemp>
     </gpxtpx:TrackPointExtension>
    </extensions>
   </trkpt>
   <trkpt lat="46.9470760" lon="3.0687910">
    <ele>182.6</ele>
    <time>2024-08-18T09:46:16Z</time>
    <extensions>
     <gpxtpx:TrackPointExtension>
      <gpxtpx:atemp>18</gpxtpx:atemp>
     </gpxtpx:TrackPointExtension>
    </extensions>
   </trkpt>
   <trkpt lat="46.9470740" lon="3.0686680">
    <ele>181.8</ele>
    <time>2024-08-18T09:46:19Z</time>
    <extensions>
     <gpxtpx:TrackPointExtension>
      <gpxtpx:atemp>18</gpxtpx:atemp>
     </gpxtpx:TrackPointExtension>
    </extensions>
   </trkpt>
   <trkpt lat="46.9470660" lon="3.0686220">
    <ele>181.6</ele>
    <time>2024-08-18T09:46:20Z</time>
    <extensions>
     <gpxtpx:TrackPointExtension>
      <gpxtpx:atemp>18</gpxtpx:atemp>
     </gpxtpx:TrackPointExtension>
    </extensions>
   </trkpt>
   <trkpt lat="46.9470860" lon="3.0684480">
    <ele>181.2</ele>
    <time>2024-08-18T09:46:24Z</time>
    <extensions>
     <gpxtpx:TrackPointExtension>
      <gpxtpx:atemp>18</gpxtpx:atemp>
     </gpxtpx:TrackPointExtension>
    </extensions>
   </trkpt>
   <trkpt lat="46.9472130" lon="3.0681770">
    <ele>180.8</ele>
    <time>2024-08-18T09:46:33Z</time>
    <extensions>
     <gpxtpx:TrackPointExtension>
      <gpxtpx:atemp>18</gpxtpx:atemp>
     </gpxtpx:TrackPointExtension>
    </extensions>
   </trkpt>
   <trkpt lat="46.9472630" lon="3.0680160">
    <ele>180.6</ele>
    <time>2024-08-18T09:46:39Z</time>
    <extensions>
     <gpxtpx:TrackPointExtension>
      <gpxtpx:atemp>18</gpxtpx:atemp>
     </gpxtpx:TrackPointExtension>
    </extensions>
   </trkpt>
   <trkpt lat="46.9472550" lon="3.0679900">
    <ele>180.6</ele>
    <time>2024-08-18T09:46:40Z</time>
    <extensions>
     <gpxtpx:TrackPointExtension>
      <gpxtpx:atemp>18</gpxtpx:atemp>
     </gpxtpx:TrackPointExtension>
    </extensions>
   </trkpt>
   <trkpt lat="46.9472110" lon="3.0679450">
    <ele>180.6</ele>
    <time>2024-08-18T09:46:43Z</time>
    <extensions>
     <gpxtpx:TrackPointExtension>
      <gpxtpx:atemp>18</gpxtpx:atemp>
     </gpxtpx:TrackPointExtension>
    </extensions>
   </trkpt>
   <trkpt lat="46.9471940" lon="3.0679300">
    <ele>180.6</ele>
    <time>2024-08-18T09:46:44Z</time>
    <extensions>
     <gpxtpx:TrackPointExtension>
      <gpxtpx:atemp>18</gpxtpx:atemp>
     </gpxtpx:TrackPointExtension>
    </extensions>
   </trkpt>
   <trkpt lat="46.9471230" lon="3.0678750">
    <ele>180.6</ele>
    <time>2024-08-18T09:46:50Z</time>
    <extensions>
     <gpxtpx:TrackPointExtension>
      <gpxtpx:atemp>18</gpxtpx:atemp>
     </gpxtpx:TrackPointExtension>
    </extensions>
   </trkpt>
   <trkpt lat="46.9471160" lon="3.0678500">
    <ele>180.2</ele>
    <time>2024-08-18T09:46:57Z</time>
    <extensions>
     <gpxtpx:TrackPointExtension>
      <gpxtpx:atemp>18</gpxtpx:atemp>
     </gpxtpx:TrackPointExtension>
    </extensions>
   </trkpt>
   <trkpt lat="46.9471340" lon="3.0677850">
    <ele>180.4</ele>
    <time>2024-08-18T09:47:12Z</time>
    <extensions>
     <gpxtpx:TrackPointExtension>
      <gpxtpx:atemp>18</gpxtpx:atemp>
     </gpxtpx:TrackPointExtension>
    </extensions>
   </trkpt>
   <trkpt lat="46.9472440" lon="3.0675590">
    <ele>180.6</ele>
    <time>2024-08-18T09:47:19Z</time>
    <extensions>
     <gpxtpx:TrackPointExtension>
      <gpxtpx:atemp>18</gpxtpx:atemp>
     </gpxtpx:TrackPointExtension>
    </extensions>
   </trkpt>
   <trkpt lat="46.9474420" lon="3.0671440">
    <ele>180.4</ele>
    <time>2024-08-18T09:47:30Z</time>
    <extensions>
     <gpxtpx:TrackPointExtension>
      <gpxtpx:atemp>18</gpxtpx:atemp>
     </gpxtpx:TrackPointExtension>
    </extensions>
   </trkpt>
   <trkpt lat="46.9476390" lon="3.0667250">
    <ele>180.8</ele>
    <time>2024-08-18T09:47:40Z</time>
    <extensions>
     <gpxtpx:TrackPointExtension>
      <gpxtpx:atemp>18</gpxtpx:atemp>
     </gpxtpx:TrackPointExtension>
    </extensions>
   </trkpt>
   <trkpt lat="46.9478360" lon="3.0663220">
    <ele>180.8</ele>
    <time>2024-08-18T09:47:49Z</time>
    <extensions>
     <gpxtpx:TrackPointExtension>
      <gpxtpx:atemp>18</gpxtpx:atemp>
     </gpxtpx:TrackPointExtension>
    </extensions>
   </trkpt>
   <trkpt lat="46.9480160" lon="3.0659250">
    <ele>180.4</ele>
    <time>2024-08-18T09:47:59Z</time>
    <extensions>
     <gpxtpx:TrackPointExtension>
      <gpxtpx:atemp>18</gpxtpx:atemp>
     </gpxtpx:TrackPointExtension>
    </extensions>
   </trkpt>
   <trkpt lat="46.9480940" lon="3.0657950">
    <ele>180.4</ele>
    <time>2024-08-18T09:48:05Z</time>
    <extensions>
     <gpxtpx:TrackPointExtension>
      <gpxtpx:atemp>18</gpxtpx:atemp>
     </gpxtpx:TrackPointExtension>
    </extensions>
   </trkpt>
   <trkpt lat="46.9481360" lon="3.0656840">
    <ele>180.2</ele>
    <time>2024-08-18T09:48:11Z</time>
    <extensions>
     <gpxtpx:TrackPointExtension>
      <gpxtpx:atemp>18</gpxtpx:atemp>
     </gpxtpx:TrackPointExtension>
    </extensions>
   </trkpt>
   <trkpt lat="46.9482520" lon="3.0654710">
    <ele>180.6</ele>
    <time>2024-08-18T09:48:18Z</time>
    <extensions>
     <gpxtpx:TrackPointExtension>
      <gpxtpx:atemp>18</gpxtpx:atemp>
     </gpxtpx:TrackPointExtension>
    </extensions>
   </trkpt>
   <trkpt lat="46.9483800" lon="3.0652040">
    <ele>180.6</ele>
    <time>2024-08-18T09:48:25Z</time>
    <extensions>
     <gpxtpx:TrackPointExtension>
      <gpxtpx:atemp>18</gpxtpx:atemp>
     </gpxtpx:TrackPointExtension>
    </extensions>
   </trkpt>
   <trkpt lat="46.9486270" lon="3.0647120">
    <ele>180.6</ele>
    <time>2024-08-18T09:48:37Z</time>
    <extensions>
     <gpxtpx:TrackPointExtension>
      <gpxtpx:atemp>18</gpxtpx:atemp>
     </gpxtpx:TrackPointExtension>
    </extensions>
   </trkpt>
   <trkpt lat="46.9487660" lon="3.0645490">
    <ele>180.4</ele>
    <time>2024-08-18T09:48:42Z</time>
    <extensions>
     <gpxtpx:TrackPointExtension>
      <gpxtpx:atemp>18</gpxtpx:atemp>
     </gpxtpx:TrackPointExtension>
    </extensions>
   </trkpt>
   <trkpt lat="46.9489790" lon="3.0645470">
    <ele>181.0</ele>
    <time>2024-08-18T09:48:48Z</time>
    <extensions>
     <gpxtpx:TrackPointExtension>
      <gpxtpx:atemp>18</gpxtpx:atemp>
     </gpxtpx:TrackPointExtension>
    </extensions>
   </trkpt>
   <trkpt lat="46.9491000" lon="3.0645720">
    <ele>181.4</ele>
    <time>2024-08-18T09:48:53Z</time>
    <extensions>
     <gpxtpx:TrackPointExtension>
      <gpxtpx:atemp>18</gpxtpx:atemp>
     </gpxtpx:TrackPointExtension>
    </extensions>
   </trkpt>
   <trkpt lat="46.9491550" lon="3.0645420">
    <ele>180.8</ele>
    <time>2024-08-18T09:48:58Z</time>
    <extensions>
     <gpxtpx:TrackPointExtension>
      <gpxtpx:atemp>18</gpxtpx:atemp>
     </gpxtpx:TrackPointExtension>
    </extensions>
   </trkpt>
   <trkpt lat="46.9492450" lon="3.0643750">
    <ele>181.2</ele>
    <time>2024-08-18T09:49:03Z</time>
    <extensions>
     <gpxtpx:TrackPointExtension>
      <gpxtpx:atemp>18</gpxtpx:atemp>
     </gpxtpx:TrackPointExtension>
    </extensions>
   </trkpt>
   <trkpt lat="46.9494100" lon="3.0640160">
    <ele>181.2</ele>
    <time>2024-08-18T09:49:11Z</time>
    <extensions>
     <gpxtpx:TrackPointExtension>
      <gpxtpx:atemp>18</gpxtpx:atemp>
     </gpxtpx:TrackPointExtension>
    </extensions>
   </trkpt>
   <trkpt lat="46.9496290" lon="3.0635680">
    <ele>181.4</ele>
    <time>2024-08-18T09:49:21Z</time>
    <extensions>
     <gpxtpx:TrackPointExtension>
      <gpxtpx:atemp>18</gpxtpx:atemp>
     </gpxtpx:TrackPointExtension>
    </extensions>
   </trkpt>
   <trkpt lat="46.9496660" lon="3.0634930">
    <ele>181.2</ele>
    <time>2024-08-18T09:49:24Z</time>
    <extensions>
     <gpxtpx:TrackPointExtension>
      <gpxtpx:atemp>18</gpxtpx:atemp>
     </gpxtpx:TrackPointExtension>
    </extensions>
   </trkpt>
   <trkpt lat="46.9496810" lon="3.0634720">
    <ele>181.0</ele>
    <time>2024-08-18T09:49:31Z</time>
    <extensions>
     <gpxtpx:TrackPointExtension>
      <gpxtpx:atemp>18</gpxtpx:atemp>
     </gpxtpx:TrackPointExtension>
    </extensions>
   </trkpt>
   <trkpt lat="46.9497550" lon="3.0633360">
    <ele>181.0</ele>
    <time>2024-08-18T09:49:36Z</time>
    <extensions>
     <gpxtpx:TrackPointExtension>
      <gpxtpx:atemp>18</gpxtpx:atemp>
     </gpxtpx:TrackPointExtension>
    </extensions>
   </trkpt>
   <trkpt lat="46.9498800" lon="3.0630810">
    <ele>181.2</ele>
    <time>2024-08-18T09:49:43Z</time>
    <extensions>
     <gpxtpx:TrackPointExtension>
      <gpxtpx:atemp>18</gpxtpx:atemp>
     </gpxtpx:TrackPointExtension>
    </extensions>
   </trkpt>
   <trkpt lat="46.9500790" lon="3.0626510">
    <ele>181.2</ele>
    <time>2024-08-18T09:49:53Z</time>
    <extensions>
     <gpxtpx:TrackPointExtension>
      <gpxtpx:atemp>18</gpxtpx:atemp>
     </gpxtpx:TrackPointExtension>
    </extensions>
   </trkpt>
   <trkpt lat="46.9502700" lon="3.0622630">
    <ele>181.2</ele>
    <time>2024-08-18T09:50:02Z</time>
    <extensions>
     <gpxtpx:TrackPointExtension>
      <gpxtpx:atemp>18</gpxtpx:atemp>
     </gpxtpx:TrackPointExtension>
    </extensions>
   </trkpt>
   <trkpt lat="46.9504360" lon="3.0619220">
    <ele>181.2</ele>
    <time>2024-08-18T09:50:10Z</time>
    <extensions>
     <gpxtpx:TrackPointExtension>
      <gpxtpx:atemp>18</gpxtpx:atemp>
     </gpxtpx:TrackPointExtension>
    </extensions>
   </trkpt>
   <trkpt lat="46.9505860" lon="3.0616160">
    <ele>181.4</ele>
    <time>2024-08-18T09:50:17Z</time>
    <extensions>
     <gpxtpx:TrackPointExtension>
      <gpxtpx:atemp>18</gpxtpx:atemp>
     </gpxtpx:TrackPointExtension>
    </extensions>
   </trkpt>
   <trkpt lat="46.9507850" lon="3.0611930">
    <ele>181.6</ele>
    <time>2024-08-18T09:50:26Z</time>
    <extensions>
     <gpxtpx:TrackPointExtension>
      <gpxtpx:atemp>18</gpxtpx:atemp>
     </gpxtpx:TrackPointExtension>
    </extensions>
   </trkpt>
   <trkpt lat="46.9509640" lon="3.0608330">
    <ele>181.4</ele>
    <time>2024-08-18T09:50:34Z</time>
    <extensions>
     <gpxtpx:TrackPointExtension>
      <gpxtpx:atemp>18</gpxtpx:atemp>
     </gpxtpx:TrackPointExtension>
    </extensions>
   </trkpt>
   <trkpt lat="46.9511280" lon="3.0605290">
    <ele>181.6</ele>
    <time>2024-08-18T09:50:41Z</time>
    <extensions>
     <gpxtpx:TrackPointExtension>
      <gpxtpx:atemp>18</gpxtpx:atemp>
     </gpxtpx:TrackPointExtension>
    </extensions>
   </trkpt>
   <trkpt lat="46.9513240" lon="3.0601220">
    <ele>181.2</ele>
    <time>2024-08-18T09:50:50Z</time>
    <extensions>
     <gpxtpx:TrackPointExtension>
      <gpxtpx:atemp>18</gpxtpx:atemp>
     </gpxtpx:TrackPointExtension>
    </extensions>
   </trkpt>
   <trkpt lat="46.9514520" lon="3.0598320">
    <ele>181.0</ele>
    <time>2024-08-18T09:50:57Z</time>
    <extensions>
     <gpxtpx:TrackPointExtension>
      <gpxtpx:atemp>18</gpxtpx:atemp>
     </gpxtpx:TrackPointExtension>
    </extensions>
   </trkpt>
   <trkpt lat="46.9515250" lon="3.0596490">
    <ele>182.2</ele>
    <time>2024-08-18T09:51:02Z</time>
    <extensions>
     <gpxtpx:TrackPointExtension>
      <gpxtpx:atemp>18</gpxtpx:atemp>
     </gpxtpx:TrackPointExtension>
    </extensions>
   </trkpt>
   <trkpt lat="46.9515360" lon="3.0596130">
    <ele>182.4</ele>
    <time>2024-08-18T09:51:03Z</time>
    <extensions>
     <gpxtpx:TrackPointExtension>
      <gpxtpx:atemp>18</gpxtpx:atemp>
     </gpxtpx:TrackPointExtension>
    </extensions>
   </trkpt>
   <trkpt lat="46.9515600" lon="3.0595170">
    <ele>183.6</ele>
    <time>2024-08-18T09:51:06Z</time>
    <extensions>
     <gpxtpx:TrackPointExtension>
      <gpxtpx:atemp>18</gpxtpx:atemp>
     </gpxtpx:TrackPointExtension>
    </extensions>
   </trkpt>
   <trkpt lat="46.9515620" lon="3.0594980">
    <ele>184.0</ele>
    <time>2024-08-18T09:51:07Z</time>
    <extensions>
     <gpxtpx:TrackPointExtension>
      <gpxtpx:atemp>18</gpxtpx:atemp>
     </gpxtpx:TrackPointExtension>
    </extensions>
   </trkpt>
   <trkpt lat="46.9515590" lon="3.0594730">
    <ele>184.2</ele>
    <time>2024-08-18T09:51:15Z</time>
    <extensions>
     <gpxtpx:TrackPointExtension>
      <gpxtpx:atemp>17</gpxtpx:atemp>
     </gpxtpx:TrackPointExtension>
    </extensions>
   </trkpt>
   <trkpt lat="46.9515580" lon="3.0594710">
    <ele>184.2</ele>
    <time>2024-08-18T09:51:28Z</time>
    <extensions>
     <gpxtpx:TrackPointExtension>
      <gpxtpx:atemp>17</gpxtpx:atemp>
     </gpxtpx:TrackPointExtension>
    </extensions>
   </trkpt>
   <trkpt lat="46.9515580" lon="3.0594730">
    <ele>183.4</ele>
    <time>2024-08-18T09:51:56Z</time>
    <extensions>
     <gpxtpx:TrackPointExtension>
      <gpxtpx:atemp>17</gpxtpx:atemp>
     </gpxtpx:TrackPointExtension>
    </extensions>
   </trkpt>
   <trkpt lat="46.9515420" lon="3.0594690">
    <ele>183.8</ele>
    <time>2024-08-18T09:52:17Z</time>
    <extensions>
     <gpxtpx:TrackPointExtension>
      <gpxtpx:atemp>17</gpxtpx:atemp>
     </gpxtpx:TrackPointExtension>
    </extensions>
   </trkpt>
   <trkpt lat="46.9515530" lon="3.0594870">
    <ele>183.8</ele>
    <time>2024-08-18T09:52:24Z</time>
    <extensions>
     <gpxtpx:TrackPointExtension>
      <gpxtpx:atemp>17</gpxtpx:atemp>
     </gpxtpx:TrackPointExtension>
    </extensions>
   </trkpt>
   <trkpt lat="46.9515770" lon="3.0594960">
    <ele>184.4</ele>
    <time>2024-08-18T09:52:31Z</time>
    <extensions>
     <gpxtpx:TrackPointExtension>
      <gpxtpx:atemp>17</gpxtpx:atemp>
     </gpxtpx:TrackPointExtension>
    </extensions>
   </trkpt>
   <trkpt lat="46.9516780" lon="3.0595910">
    <ele>184.8</ele>
    <time>2024-08-18T09:52:36Z</time>
    <extensions>
     <gpxtpx:TrackPointExtension>
      <gpxtpx:atemp>17</gpxtpx:atemp>
     </gpxtpx:TrackPointExtension>
    </extensions>
   </trkpt>
   <trkpt lat="46.9518100" lon="3.0597400">
    <ele>184.6</ele>
    <time>2024-08-18T09:52:42Z</time>
    <extensions>
     <gpxtpx:TrackPointExtension>
      <gpxtpx:atemp>17</gpxtpx:atemp>
     </gpxtpx:TrackPointExtension>
    </extensions>
   </trkpt>
   <trkpt lat="46.9518130" lon="3.0597750">
    <ele>184.4</ele>
    <time>2024-08-18T09:52:43Z</time>
    <extensions>
     <gpxtpx:TrackPointExtension>
      <gpxtpx:atemp>17</gpxtpx:atemp>
     </gpxtpx:TrackPointExtension>
    </extensions>
   </trkpt>
   <trkpt lat="46.9517410" lon="3.0598990">
    <ele>183.8</ele>
    <time>2024-08-18T09:52:46Z</time>
    <extensions>
     <gpxtpx:TrackPointExtension>
      <gpxtpx:atemp>17</gpxtpx:atemp>
     </gpxtpx:TrackPointExtension>
    </extensions>
   </trkpt>
   <trkpt lat="46.9515680" lon="3.0601750">
    <ele>182.6</ele>
    <time>2024-08-18T09:52:50Z</time>
    <extensions>
     <gpxtpx:TrackPointExtension>
      <gpxtpx:atemp>17</gpxtpx:atemp>
     </gpxtpx:TrackPointExtension>
    </extensions>
   </trkpt>
   <trkpt lat="46.9514700" lon="3.0603440">
    <ele>181.6</ele>
    <time>2024-08-18T09:52:52Z</time>
    <extensions>
     <gpxtpx:TrackPointExtension>
      <gpxtpx:atemp>17</gpxtpx:atemp>
     </gpxtpx:TrackPointExtension>
    </extensions>
   </trkpt>
   <trkpt lat="46.9514240" lon="3.0604250">
    <ele>181.4</ele>
    <time>2024-08-18T09:52:53Z</time>
    <extensions>
     <gpxtpx:TrackPointExtension>
      <gpxtpx:atemp>17</gpxtpx:atemp>
     </gpxtpx:TrackPointExtension>
    </extensions>
   </trkpt>
   <trkpt lat="46.9513300" lon="3.0605990">
    <ele>181.4</ele>
    <time>2024-08-18T09:52:55Z</time>
    <extensions>
     <gpxtpx:TrackPointExtension>
      <gpxtpx:atemp>17</gpxtpx:atemp>
     </gpxtpx:TrackPointExtension>
    </extensions>
   </trkpt>
   <trkpt lat="46.9510610" lon="3.0611000">
    <ele>181.8</ele>
    <time>2024-08-18T09:53:01Z</time>
    <extensions>
     <gpxtpx:TrackPointExtension>
      <gpxtpx:atemp>17</gpxtpx:atemp>
     </gpxtpx:TrackPointExtension>
    </extensions>
   </trkpt>
   <trkpt lat="46.9509420" lon="3.0613340">
    <ele>181.8</ele>
    <time>2024-08-18T09:53:04Z</time>
    <extensions>
     <gpxtpx:TrackPointExtension>
      <gpxtpx:atemp>17</gpxtpx:atemp>
     </gpxtpx:TrackPointExtension>
    </extensions>
   </trkpt>
   <trkpt lat="46.9508660" lon="3.0614970">
    <ele>181.6</ele>
    <time>2024-08-18T09:53:06Z</time>
    <extensions>
     <gpxtpx:TrackPointExtension>
      <gpxtpx:atemp>17</gpxtpx:atemp>
     </gpxtpx:TrackPointExtension>
    </extensions>
   </trkpt>
   <trkpt lat="46.9506400" lon="3.0619570">
    <ele>181.2</ele>
    <time>2024-08-18T09:53:12Z</time>
    <extensions>
     <gpxtpx:TrackPointExtension>
      <gpxtpx:atemp>17</gpxtpx:atemp>
     </gpxtpx:TrackPointExtension>
    </extensions>
   </trkpt>
   <trkpt lat="46.9503850" lon="3.0624530">
    <ele>181.2</ele>
    <time>2024-08-18T09:53:19Z</time>
    <extensions>
     <gpxtpx:TrackPointExtension>
      <gpxtpx:atemp>17</gpxtpx:atemp>
     </gpxtpx:TrackPointExtension>
    </extensions>
   </trkpt>
   <trkpt lat="46.9501260" lon="3.0629380">
    <ele>181.4</ele>
    <time>2024-08-18T09:53:26Z</time>
    <extensions>
     <gpxtpx:TrackPointExtension>
      <gpxtpx:atemp>17</gpxtpx:atemp>
     </gpxtpx:TrackPointExtension>
    </extensions>
   </trkpt>
   <trkpt lat="46.9498890" lon="3.0634210">
    <ele>181.2</ele>
    <time>2024-08-18T09:53:33Z</time>
    <extensions>
     <gpxtpx:TrackPointExtension>
      <gpxtpx:atemp>17</gpxtpx:atemp>
     </gpxtpx:TrackPointExtension>
    </extensions>
   </trkpt>
   <trkpt lat="46.9495740" lon="3.0640340">
    <ele>181.2</ele>
    <time>2024-08-18T09:53:42Z</time>
    <extensions>
     <gpxtpx:TrackPointExtension>
      <gpxtpx:atemp>17</gpxtpx:atemp>
     </gpxtpx:TrackPointExtension>
    </extensions>
   </trkpt>
   <trkpt lat="46.9492690" lon="3.0646470">
    <ele>180.8</ele>
    <time>2024-08-18T09:53:51Z</time>
    <extensions>
     <gpxtpx:TrackPointExtension>
      <gpxtpx:atemp>17</gpxtpx:atemp>
     </gpxtpx:TrackPointExtension>
    </extensions>
   </trkpt>
   <trkpt lat="46.9490460" lon="3.0651020">
    <ele>181.0</ele>
    <time>2024-08-18T09:53:58Z</time>
    <extensions>
     <gpxtpx:TrackPointExtension>
      <gpxtpx:atemp>17</gpxtpx:atemp>
     </gpxtpx:TrackPointExtension>
    </extensions>
   </trkpt>
   <trkpt lat="46.9488550" lon="3.0654880">
    <ele>181.0</ele>
    <time>2024-08-18T09:54:04Z</time>
    <extensions>
     <gpxtpx:TrackPointExtension>
      <gpxtpx:atemp>17</gpxtpx:atemp>
     </gpxtpx:TrackPointExtension>
    </extensions>
   </trkpt>
   <trkpt lat="46.9486580" lon="3.0658970">
    <ele>180.8</ele>
    <time>2024-08-18T09:54:10Z</time>
    <extensions>
     <gpxtpx:TrackPointExtension>
      <gpxtpx:atemp>17</gpxtpx:atemp>
     </gpxtpx:TrackPointExtension>
    </extensions>
   </trkpt>
   <trkpt lat="46.9484610" lon="3.0663180">
    <ele>181.2</ele>
    <time>2024-08-18T09:54:16Z</time>
    <extensions>
     <gpxtpx:TrackPointExtension>
      <gpxtpx:atemp>17</gpxtpx:atemp>
     </gpxtpx:TrackPointExtension>
    </extensions>
   </trkpt>
   <trkpt lat="46.9481860" lon="3.0668820">
    <ele>181.2</ele>
    <time>2024-08-18T09:54:24Z</time>
    <extensions>
     <gpxtpx:TrackPointExtension>
      <gpxtpx:atemp>17</gpxtpx:atemp>
     </gpxtpx:TrackPointExtension>
    </extensions>
   </trkpt>
   <trkpt lat="46.9479280" lon="3.0674380">
    <ele>181.0</ele>
    <time>2024-08-18T09:54:32Z</time>
    <extensions>
     <gpxtpx:TrackPointExtension>
      <gpxtpx:atemp>17</gpxtpx:atemp>
     </gpxtpx:TrackPointExtension>
    </extensions>
   </trkpt>
   <trkpt lat="46.9476030" lon="3.0681040">
    <ele>181.0</ele>
    <time>2024-08-18T09:54:42Z</time>
    <extensions>
     <gpxtpx:TrackPointExtension>
      <gpxtpx:atemp>17</gpxtpx:atemp>
     </gpxtpx:TrackPointExtension>
    </extensions>
   </trkpt>
   <trkpt lat="46.9473470" lon="3.0686320">
    <ele>181.2</ele>
    <time>2024-08-18T09:54:50Z</time>
    <extensions>
     <gpxtpx:TrackPointExtension>
      <gpxtpx:atemp>17</gpxtpx:atemp>
     </gpxtpx:TrackPointExtension>
    </extensions>
   </trkpt>
   <trkpt lat="46.9470930" lon="3.0691750">
    <ele>182.0</ele>
    <time>2024-08-18T09:54:59Z</time>
    <extensions>
     <gpxtpx:TrackPointExtension>
      <gpxtpx:atemp>17</gpxtpx:atemp>
     </gpxtpx:TrackPointExtension>
    </extensions>
   </trkpt>
   <trkpt lat="46.9469870" lon="3.0694050">
    <ele>183.2</ele>
    <time>2024-08-18T09:55:04Z</time>
    <extensions>
     <gpxtpx:TrackPointExtension>
      <gpxtpx:atemp>17</gpxtpx:atemp>
     </gpxtpx:TrackPointExtension>
    </extensions>
   </trkpt>
   <trkpt lat="46.9469810" lon="3.0694520">
    <ele>184.2</ele>
    <time>2024-08-18T09:55:07Z</time>
    <extensions>
     <gpxtpx:TrackPointExtension>
      <gpxtpx:atemp>17</gpxtpx:atemp>
     </gpxtpx:TrackPointExtension>
    </extensions>
   </trkpt>
   <trkpt lat="46.9469820" lon="3.0694550">
    <ele>184.4</ele>
    <time>2024-08-18T09:55:08Z</time>
    <extensions>
     <gpxtpx:TrackPointExtension>
      <gpxtpx:atemp>17</gpxtpx:atemp>
     </gpxtpx:TrackPointExtension>
    </extensions>
   </trkpt>
   <trkpt lat="46.9469810" lon="3.0695180">
    <ele>184.8</ele>
    <time>2024-08-18T09:55:14Z</time>
    <extensions>
     <gpxtpx:TrackPointExtension>
      <gpxtpx:atemp>17</gpxtpx:atemp>
     </gpxtpx:TrackPointExtension>
    </extensions>
   </trkpt>
   <trkpt lat="46.9469920" lon="3.0695460">
    <ele>184.6</ele>
    <time>2024-08-18T09:55:15Z</time>
    <extensions>
     <gpxtpx:TrackPointExtension>
      <gpxtpx:atemp>17</gpxtpx:atemp>
     </gpxtpx:TrackPointExtension>
    </extensions>
   </trkpt>
   <trkpt lat="46.9470660" lon="3.0696440">
    <ele>184.6</ele>
    <time>2024-08-18T09:55:18Z</time>
    <extensions>
     <gpxtpx:TrackPointExtension>
      <gpxtpx:atemp>17</gpxtpx:atemp>
     </gpxtpx:TrackPointExtension>
    </extensions>
   </trkpt>
   <trkpt lat="46.9470960" lon="3.0696840">
    <ele>184.8</ele>
    <time>2024-08-18T09:55:19Z</time>
    <extensions>
     <gpxtpx:TrackPointExtension>
      <gpxtpx:atemp>17</gpxtpx:atemp>
     </gpxtpx:TrackPointExtension>
    </extensions>
   </trkpt>
   <trkpt lat="46.9474020" lon="3.0700480">
    <ele>184.2</ele>
    <time>2024-08-18T09:55:28Z</time>
    <extensions>
     <gpxtpx:TrackPointExtension>
      <gpxtpx:atemp>17</gpxtpx:atemp>
     </gpxtpx:TrackPointExtension>
    </extensions>
   </trkpt>
   <trkpt lat="46.9477950" lon="3.0705030">
    <ele>183.8</ele>
    <time>2024-08-18T09:55:39Z</time>
    <extensions>
     <gpxtpx:TrackPointExtension>
      <gpxtpx:atemp>17</gpxtpx:atemp>
     </gpxtpx:TrackPointExtension>
    </extensions>
   </trkpt>
   <trkpt lat="46.9480460" lon="3.0707850">
    <ele>184.2</ele>
    <time>2024-08-18T09:55:46Z</time>
    <extensions>
     <gpxtpx:TrackPointExtension>
      <gpxtpx:atemp>17</gpxtpx:atemp>
     </gpxtpx:TrackPointExtension>
    </extensions>
   </trkpt>
   <trkpt lat="46.9482530" lon="3.0711370">
    <ele>184.4</ele>
    <time>2024-08-18T09:55:53Z</time>
    <extensions>
     <gpxtpx:TrackPointExtension>
      <gpxtpx:atemp>17</gpxtpx:atemp>
     </gpxtpx:TrackPointExtension>
    </extensions>
   </trkpt>
   <trkpt lat="46.9482770" lon="3.0711930">
    <ele>184.4</ele>
    <time>2024-08-18T09:55:54Z</time>
    <extensions>
     <gpxtpx:TrackPointExtension>
      <gpxtpx:atemp>17</gpxtpx:atemp>
     </gpxtpx:TrackPointExtension>
    </extensions>
   </trkpt>
   <trkpt lat="46.9483510" lon="3.0714850">
    <ele>184.4</ele>
    <time>2024-08-18T09:55:59Z</time>
    <extensions>
     <gpxtpx:TrackPointExtension>
      <gpxtpx:atemp>17</gpxtpx:atemp>
     </gpxtpx:TrackPointExtension>
    </extensions>
   </trkpt>
   <trkpt lat="46.9483740" lon="3.0717770">
    <ele>184.2</ele>
    <time>2024-08-18T09:56:04Z</time>
    <extensions>
     <gpxtpx:TrackPointExtension>
      <gpxtpx:atemp>17</gpxtpx:atemp>
     </gpxtpx:TrackPointExtension>
    </extensions>
   </trkpt>
   <trkpt lat="46.9484250" lon="3.0718690">
    <ele>184.0</ele>
    <time>2024-08-18T09:56:06Z</time>
    <extensions>
     <gpxtpx:TrackPointExtension>
      <gpxtpx:atemp>17</gpxtpx:atemp>
     </gpxtpx:TrackPointExtension>
    </extensions>
   </trkpt>
   <trkpt lat="46.9484640" lon="3.0718960">
    <ele>184.0</ele>
    <time>2024-08-18T09:56:07Z</time>
    <extensions>
     <gpxtpx:TrackPointExtension>
      <gpxtpx:atemp>17</gpxtpx:atemp>
     </gpxtpx:TrackPointExtension>
    </extensions>
   </trkpt>
   <trkpt lat="46.9486020" lon="3.0718690">
    <ele>184.2</ele>
    <time>2024-08-18T09:56:10Z</time>
    <extensions>
     <gpxtpx:TrackPointExtension>
      <gpxtpx:atemp>17</gpxtpx:atemp>
     </gpxtpx:TrackPointExtension>
    </extensions>
   </trkpt>
   <trkpt lat="46.9486700" lon="3.0716870">
    <ele>184.2</ele>
    <time>2024-08-18T09:56:13Z</time>
    <extensions>
     <gpxtpx:TrackPointExtension>
      <gpxtpx:atemp>17</gpxtpx:atemp>
     </gpxtpx:TrackPointExtension>
    </extensions>
   </trkpt>
   <trkpt lat="46.9486760" lon="3.0716150">
    <ele>184.2</ele>
    <time>2024-08-18T09:56:14Z</time>
    <extensions>
     <gpxtpx:TrackPointExtension>
      <gpxtpx:atemp>17</gpxtpx:atemp>
     </gpxtpx:TrackPointExtension>
    </extensions>
   </trkpt>
   <trkpt lat="46.9486900" lon="3.0715450">
    <ele>184.2</ele>
    <time>2024-08-18T09:56:15Z</time>
    <extensions>
     <gpxtpx:TrackPointExtension>
      <gpxtpx:atemp>17</gpxtpx:atemp>
     </gpxtpx:TrackPointExtension>
    </extensions>
   </trkpt>
   <trkpt lat="46.9487560" lon="3.0714320">
    <ele>184.2</ele>
    <time>2024-08-18T09:56:17Z</time>
    <extensions>
     <gpxtpx:TrackPointExtension>
      <gpxtpx:atemp>17</gpxtpx:atemp>
     </gpxtpx:TrackPointExtension>
    </extensions>
   </trkpt>
   <trkpt lat="46.9489040" lon="3.0713830">
    <ele>183.6</ele>
    <time>2024-08-18T09:56:20Z</time>
    <extensions>
     <gpxtpx:TrackPointExtension>
      <gpxtpx:atemp>17</gpxtpx:atemp>
     </gpxtpx:TrackPointExtension>
    </extensions>
   </trkpt>
   <trkpt lat="46.9490080" lon="3.0713950">
    <ele>183.4</ele>
    <time>2024-08-18T09:56:22Z</time>
    <extensions>
     <gpxtpx:TrackPointExtension>
      <gpxtpx:atemp>17</gpxtpx:atemp>
     </gpxtpx:TrackPointExtension>
    </extensions>
   </trkpt>
   <trkpt lat="46.9492200" lon="3.0714350">
    <ele>183.2</ele>
    <time>2024-08-18T09:56:26Z</time>
    <extensions>
     <gpxtpx:TrackPointExtension>
      <gpxtpx:atemp>17</gpxtpx:atemp>
     </gpxtpx:TrackPointExtension>
    </extensions>
   </trkpt>
   <trkpt lat="46.9493270" lon="3.0714590">
    <ele>183.0</ele>
    <time>2024-08-18T09:56:28Z</time>
    <extensions>
     <gpxtpx:TrackPointExtension>
      <gpxtpx:atemp>17</gpxtpx:atemp>
     </gpxtpx:TrackPointExtension>
    </extensions>
   </trkpt>
   <trkpt lat="46.9497430" lon="3.0715640">
    <ele>182.8</ele>
    <time>2024-08-18T09:56:36Z</time>
    <extensions>
     <gpxtpx:TrackPointExtension>
      <gpxtpx:atemp>17</gpxtpx:atemp>
     </gpxtpx:TrackPointExtension>
    </extensions>
   </trkpt>
   <trkpt lat="46.9501490" lon="3.0716670">
    <ele>182.8</ele>
    <time>2024-08-18T09:56:44Z</time>
    <extensions>
     <gpxtpx:TrackPointExtension>
      <gpxtpx:atemp>17</gpxtpx:atemp>
     </gpxtpx:TrackPointExtension>
    </extensions>
   </trkpt>
   <trkpt lat="46.9506580" lon="3.0717860">
    <ele>183.0</ele>
    <time>2024-08-18T09:56:54Z</time>
    <extensions>
     <gpxtpx:TrackPointExtension>
      <gpxtpx:atemp>17</gpxtpx:atemp>
     </gpxtpx:TrackPointExtension>
    </extensions>
   </trkpt>
   <trkpt lat="46.9509590" lon="3.0718250">
    <ele>183.2</ele>
    <time>2024-08-18T09:57:01Z</time>
    <extensions>
     <gpxtpx:TrackPointExtension>
      <gpxtpx:atemp>17</gpxtpx:atemp>
     </gpxtpx:TrackPointExtension>
    </extensions>
   </trkpt>
   <trkpt lat="46.9511410" lon="3.0718320">
    <ele>183.0</ele>
    <time>2024-08-18T09:57:07Z</time>
    <extensions>
     <gpxtpx:TrackPointExtension>
      <gpxtpx:atemp>17</gpxtpx:atemp>
     </gpxtpx:TrackPointExtension>
    </extensions>
   </trkpt>
   <trkpt lat="46.9514680" lon="3.0718560">
    <ele>183.4</ele>
    <time>2024-08-18T09:57:15Z</time>
    <extensions>
     <gpxtpx:TrackPointExtension>
      <gpxtpx:atemp>17</gpxtpx:atemp>
     </gpxtpx:TrackPointExtension>
    </extensions>
   </trkpt>
   <trkpt lat="46.9517300" lon="3.0718770">
    <ele>183.6</ele>
    <time>2024-08-18T09:57:21Z</time>
    <extensions>
     <gpxtpx:TrackPointExtension>
      <gpxtpx:atemp>17</gpxtpx:atemp>
     </gpxtpx:TrackPointExtension>
    </extensions>
   </trkpt>
   <trkpt lat="46.9518190" lon="3.0719000">
    <ele>183.6</ele>
    <time>2024-08-18T09:57:23Z</time>
    <extensions>
     <gpxtpx:TrackPointExtension>
      <gpxtpx:atemp>17</gpxtpx:atemp>
     </gpxtpx:TrackPointExtension>
    </extensions>
   </trkpt>
   <trkpt lat="46.9521620" lon="3.0720480">
    <ele>184.0</ele>
    <time>2024-08-18T09:57:31Z</time>
    <extensions>
     <gpxtpx:TrackPointExtension>
      <gpxtpx:atemp>17</gpxtpx:atemp>
     </gpxtpx:TrackPointExtension>
    </extensions>
   </trkpt>
   <trkpt lat="46.9525370" lon="3.0722870">
    <ele>183.2</ele>
    <time>2024-08-18T09:57:39Z</time>
    <extensions>
     <gpxtpx:TrackPointExtension>
      <gpxtpx:atemp>17</gpxtpx:atemp>
     </gpxtpx:TrackPointExtension>
    </extensions>
   </trkpt>
   <trkpt lat="46.9528320" lon="3.0724900">
    <ele>182.2</ele>
    <time>2024-08-18T09:57:44Z</time>
    <extensions>
     <gpxtpx:TrackPointExtension>
      <gpxtpx:atemp>17</gpxtpx:atemp>
     </gpxtpx:TrackPointExtension>
    </extensions>
   </trkpt>
   <trkpt lat="46.9530000" lon="3.0726080">
    <ele>181.8</ele>
    <time>2024-08-18T09:57:47Z</time>
    <extensions>
     <gpxtpx:TrackPointExtension>
      <gpxtpx:atemp>17</gpxtpx:atemp>
     </gpxtpx:TrackPointExtension>
    </extensions>
   </trkpt>
   <trkpt lat="46.9535230" lon="3.0729760">
    <ele>181.6</ele>
    <time>2024-08-18T09:57:57Z</time>
    <extensions>
     <gpxtpx:TrackPointExtension>
      <gpxtpx:atemp>17</gpxtpx:atemp>
     </gpxtpx:TrackPointExtension>
    </extensions>
   </trkpt>
   <trkpt lat="46.9535720" lon="3.0730110">
    <ele>181.6</ele>
    <time>2024-08-18T09:57:58Z</time>
    <extensions>
     <gpxtpx:TrackPointExtension>
      <gpxtpx:atemp>17</gpxtpx:atemp>
     </gpxtpx:TrackPointExtension>
    </extensions>
   </trkpt>
   <trkpt lat="46.9540070" lon="3.0733150">
    <ele>181.2</ele>
    <time>2024-08-18T09:58:07Z</time>
    <extensions>
     <gpxtpx:TrackPointExtension>
      <gpxtpx:atemp>17</gpxtpx:atemp>
     </gpxtpx:TrackPointExtension>
    </extensions>
   </trkpt>
   <trkpt lat="46.9542510" lon="3.0734820">
    <ele>181.2</ele>
    <time>2024-08-18T09:58:12Z</time>
    <extensions>
     <gpxtpx:TrackPointExtension>
      <gpxtpx:atemp>17</gpxtpx:atemp>
     </gpxtpx:TrackPointExtension>
    </extensions>
   </trkpt>
   <trkpt lat="46.9545860" lon="3.0737200">
    <ele>181.2</ele>
    <time>2024-08-18T09:58:19Z</time>
    <extensions>
     <gpxtpx:TrackPointExtension>
      <gpxtpx:atemp>17</gpxtpx:atemp>
     </gpxtpx:TrackPointExtension>
    </extensions>
   </trkpt>
   <trkpt lat="46.9550190" lon="3.0740210">
    <ele>181.8</ele>
    <time>2024-08-18T09:58:28Z</time>
    <extensions>
     <gpxtpx:TrackPointExtension>
      <gpxtpx:atemp>17</gpxtpx:atemp>
     </gpxtpx:TrackPointExtension>
    </extensions>
   </trkpt>
   <trkpt lat="46.9555400" lon="3.0743910">
    <ele>181.6</ele>
    <time>2024-08-18T09:58:39Z</time>
    <extensions>
     <gpxtpx:TrackPointExtension>
      <gpxtpx:atemp>17</gpxtpx:atemp>
     </gpxtpx:TrackPointExtension>
    </extensions>
   </trkpt>
   <trkpt lat="46.9556800" lon="3.0744890">
    <ele>181.6</ele>
    <time>2024-08-18T09:58:42Z</time>
    <extensions>
     <gpxtpx:TrackPointExtension>
      <gpxtpx:atemp>17</gpxtpx:atemp>
     </gpxtpx:TrackPointExtension>
    </extensions>
   </trkpt>
   <trkpt lat="46.9560840" lon="3.0747270">
    <ele>181.8</ele>
    <time>2024-08-18T09:58:51Z</time>
    <extensions>
     <gpxtpx:TrackPointExtension>
      <gpxtpx:atemp>17</gpxtpx:atemp>
     </gpxtpx:TrackPointExtension>
    </extensions>
   </trkpt>
   <trkpt lat="46.9561580" lon="3.0747670">
    <ele>182.2</ele>
    <time>2024-08-18T09:58:53Z</time>
    <extensions>
     <gpxtpx:TrackPointExtension>
      <gpxtpx:atemp>17</gpxtpx:atemp>
     </gpxtpx:TrackPointExtension>
    </extensions>
   </trkpt>
   <trkpt lat="46.9563600" lon="3.0748850">
    <ele>183.2</ele>
    <time>2024-08-18T09:58:59Z</time>
    <extensions>
     <gpxtpx:TrackPointExtension>
      <gpxtpx:atemp>17</gpxtpx:atemp>
     </gpxtpx:TrackPointExtension>
    </extensions>
   </trkpt>
   <trkpt lat="46.9563930" lon="3.0749070">
    <ele>183.4</ele>
    <time>2024-08-18T09:59:00Z</time>
    <extensions>
     <gpxtpx:TrackPointExtension>
      <gpxtpx:atemp>17</gpxtpx:atemp>
     </gpxtpx:TrackPointExtension>
    </extensions>
   </trkpt>
   <trkpt lat="46.9566870" lon="3.0751420">
    <ele>183.2</ele>
    <time>2024-08-18T09:59:08Z</time>
    <extensions>
     <gpxtpx:TrackPointExtension>
      <gpxtpx:atemp>17</gpxtpx:atemp>
     </gpxtpx:TrackPointExtension>
    </extensions>
   </trkpt>
   <trkpt lat="46.9569910" lon="3.0754650">
    <ele>183.0</ele>
    <time>2024-08-18T09:59:16Z</time>
    <extensions>
     <gpxtpx:TrackPointExtension>
      <gpxtpx:atemp>17</gpxtpx:atemp>
     </gpxtpx:TrackPointExtension>
    </extensions>
   </trkpt>
   <trkpt lat="46.9572590" lon="3.0758470">
    <ele>183.0</ele>
    <time>2024-08-18T09:59:24Z</time>
    <extensions>
     <gpxtpx:TrackPointExtension>
      <gpxtpx:atemp>17</gpxtpx:atemp>
     </gpxtpx:TrackPointExtension>
    </extensions>
   </trkpt>
   <trkpt lat="46.9574620" lon="3.0761500">
    <ele>183.0</ele>
    <time>2024-08-18T09:59:30Z</time>
    <extensions>
     <gpxtpx:TrackPointExtension>
      <gpxtpx:atemp>17</gpxtpx:atemp>
     </gpxtpx:TrackPointExtension>
    </extensions>
   </trkpt>
   <trkpt lat="46.9575040" lon="3.0761860">
    <ele>183.0</ele>
    <time>2024-08-18T09:59:31Z</time>
    <extensions>
     <gpxtpx:TrackPointExtension>
      <gpxtpx:atemp>17</gpxtpx:atemp>
     </gpxtpx:TrackPointExtension>
    </extensions>
   </trkpt>
   <trkpt lat="46.9576890" lon="3.0762670">
    <ele>182.8</ele>
    <time>2024-08-18T09:59:35Z</time>
    <extensions>
     <gpxtpx:TrackPointExtension>
      <gpxtpx:atemp>17</gpxtpx:atemp>
     </gpxtpx:TrackPointExtension>
    </extensions>
   </trkpt>
   <trkpt lat="46.9577370" lon="3.0762800">
    <ele>182.8</ele>
    <time>2024-08-18T09:59:36Z</time>
    <extensions>
     <gpxtpx:TrackPointExtension>
      <gpxtpx:atemp>17</gpxtpx:atemp>
     </gpxtpx:TrackPointExtension>
    </extensions>
   </trkpt>
   <trkpt lat="46.9578330" lon="3.0762930">
    <ele>182.8</ele>
    <time>2024-08-18T09:59:38Z</time>
    <extensions>
     <gpxtpx:TrackPointExtension>
      <gpxtpx:atemp>17</gpxtpx:atemp>
     </gpxtpx:TrackPointExtension>
    </extensions>
   </trkpt>
   <trkpt lat="46.9579710" lon="3.0762750">
    <ele>183.4</ele>
    <time>2024-08-18T09:59:41Z</time>
    <extensions>
     <gpxtpx:TrackPointExtension>
      <gpxtpx:atemp>17</gpxtpx:atemp>
     </gpxtpx:TrackPointExtension>
    </extensions>
   </trkpt>
   <trkpt lat="46.9580130" lon="3.0762550">
    <ele>183.4</ele>
    <time>2024-08-18T09:59:42Z</time>
    <extensions>
     <gpxtpx:TrackPointExtension>
      <gpxtpx:atemp>17</gpxtpx:atemp>
     </gpxtpx:TrackPointExtension>
    </extensions>
   </trkpt>
   <trkpt lat="46.9581940" lon="3.0760860">
    <ele>183.2</ele>
    <time>2024-08-18T09:59:47Z</time>
    <extensions>
     <gpxtpx:TrackPointExtension>
      <gpxtpx:atemp>17</gpxtpx:atemp>
     </gpxtpx:TrackPointExtension>
    </extensions>
   </trkpt>
   <trkpt lat="46.9584320" lon="3.0757190">
    <ele>183.0</ele>
    <time>2024-08-18T09:59:55Z</time>
    <extensions>
     <gpxtpx:TrackPointExtension>
      <gpxtpx:atemp>17</gpxtpx:atemp>
     </gpxtpx:TrackPointExtension>
    </extensions>
   </trkpt>
   <trkpt lat="46.9584880" lon="3.0756250">
    <ele>183.0</ele>
    <time>2024-08-18T09:59:57Z</time>
    <extensions>
     <gpxtpx:TrackPointExtension>
      <gpxtpx:atemp>17</gpxtpx:atemp>
     </gpxtpx:TrackPointExtension>
    </extensions>
   </trkpt>
   <trkpt lat="46.9585960" lon="3.0754450">
    <ele>183.4</ele>
    <time>2024-08-18T10:00:01Z</time>
    <extensions>
     <gpxtpx:TrackPointExtension>
      <gpxtpx:atemp>17</gpxtpx:atemp>
     </gpxtpx:TrackPointExtension>
    </extensions>
   </trkpt>
   <trkpt lat="46.9588080" lon="3.0751050">
    <ele>183.6</ele>
    <time>2024-08-18T10:00:09Z</time>
    <extensions>
     <gpxtpx:TrackPointExtension>
      <gpxtpx:atemp>17</gpxtpx:atemp>
     </gpxtpx:TrackPointExtension>
    </extensions>
   </trkpt>
   <trkpt lat="46.9590580" lon="3.0747340">
    <ele>183.8</ele>
    <time>2024-08-18T10:00:18Z</time>
    <extensions>
     <gpxtpx:TrackPointExtension>
      <gpxtpx:atemp>17</gpxtpx:atemp>
     </gpxtpx:TrackPointExtension>
    </extensions>
   </trkpt>
   <trkpt lat="46.9593080" lon="3.0743560">
    <ele>183.2</ele>
    <time>2024-08-18T10:00:27Z</time>
    <extensions>
     <gpxtpx:TrackPointExtension>
      <gpxtpx:atemp>17</gpxtpx:atemp>
     </gpxtpx:TrackPointExtension>
    </extensions>
   </trkpt>
   <trkpt lat="46.9595710" lon="3.0738720">
    <ele>183.2</ele>
    <time>2024-08-18T10:00:38Z</time>
    <extensions>
     <gpxtpx:TrackPointExtension>
      <gpxtpx:atemp>17</gpxtpx:atemp>
     </gpxtpx:TrackPointExtension>
    </extensions>
   </trkpt>
   <trkpt lat="46.9597720" lon="3.0734430">
    <ele>183.0</ele>
    <time>2024-08-18T10:00:47Z</time>
    <extensions>
     <gpxtpx:TrackPointExtension>
      <gpxtpx:atemp>17</gpxtpx:atemp>
     </gpxtpx:TrackPointExtension>
    </extensions>
   </trkpt>
   <trkpt lat="46.9599830" lon="3.0729620">
    <ele>183.0</ele>
    <time>2024-08-18T10:00:57Z</time>
    <extensions>
     <gpxtpx:TrackPointExtension>
      <gpxtpx:atemp>17</gpxtpx:atemp>
     </gpxtpx:TrackPointExtension>
    </extensions>
   </trkpt>
   <trkpt lat="46.9602040" lon="3.0724720">
    <ele>183.0</ele>
    <time>2024-08-18T10:01:07Z</time>
    <extensions>
     <gpxtpx:TrackPointExtension>
      <gpxtpx:atemp>17</gpxtpx:atemp>
     </gpxtpx:TrackPointExtension>
    </extensions>
   </trkpt>
   <trkpt lat="46.9604150" lon="3.0719820">
    <ele>183.0</ele>
    <time>2024-08-18T10:01:17Z</time>
    <extensions>
     <gpxtpx:TrackPointExtension>
      <gpxtpx:atemp>17</gpxtpx:atemp>
     </gpxtpx:TrackPointExtension>
    </extensions>
   </trkpt>
   <trkpt lat="46.9606150" lon="3.0715300">
    <ele>182.8</ele>
    <time>2024-08-18T10:01:26Z</time>
    <extensions>
     <gpxtpx:TrackPointExtension>
      <gpxtpx:atemp>17</gpxtpx:atemp>
     </gpxtpx:TrackPointExtension>
    </extensions>
   </trkpt>
   <trkpt lat="46.9606570" lon="3.0714280">
    <ele>182.6</ele>
    <time>2024-08-18T10:01:28Z</time>
    <extensions>
     <gpxtpx:TrackPointExtension>
      <gpxtpx:atemp>17</gpxtpx:atemp>
     </gpxtpx:TrackPointExtension>
    </extensions>
   </trkpt>
   <trkpt lat="46.9608360" lon="3.0710070">
    <ele>182.6</ele>
    <time>2024-08-18T10:01:37Z</time>
    <extensions>
     <gpxtpx:TrackPointExtension>
      <gpxtpx:atemp>17</gpxtpx:atemp>
     </gpxtpx:TrackPointExtension>
    </extensions>
   </trkpt>
   <trkpt lat="46.9609500" lon="3.0707880">
    <ele>182.6</ele>
    <time>2024-08-18T10:01:43Z</time>
    <extensions>
     <gpxtpx:TrackPointExtension>
      <gpxtpx:atemp>17</gpxtpx:atemp>
     </gpxtpx:TrackPointExtension>
    </extensions>
   </trkpt>
   <trkpt lat="46.9609490" lon="3.0707870">
    <ele>182.0</ele>
    <time>2024-08-18T10:01:49Z</time>
    <extensions>
     <gpxtpx:TrackPointExtension>
      <gpxtpx:atemp>17</gpxtpx:atemp>
     </gpxtpx:TrackPointExtension>
    </extensions>
   </trkpt>
   <trkpt lat="46.9609490" lon="3.0707880">
    <ele>182.0</ele>
    <time>2024-08-18T10:02:13Z</time>
    <extensions>
     <gpxtpx:TrackPointExtension>
      <gpxtpx:atemp>17</gpxtpx:atemp>
     </gpxtpx:TrackPointExtension>
    </extensions>
   </trkpt>
   <trkpt lat="46.9609760" lon="3.0707350">
    <ele>182.2</ele>
    <time>2024-08-18T10:02:17Z</time>
    <extensions>
     <gpxtpx:TrackPointExtension>
      <gpxtpx:atemp>17</gpxtpx:atemp>
     </gpxtpx:TrackPointExtension>
    </extensions>
   </trkpt>
   <trkpt lat="46.9610820" lon="3.0705190">
    <ele>182.4</ele>
    <time>2024-08-18T10:02:24Z</time>
    <extensions>
     <gpxtpx:TrackPointExtension>
      <gpxtpx:atemp>17</gpxtpx:atemp>
     </gpxtpx:TrackPointExtension>
    </extensions>
   </trkpt>
   <trkpt lat="46.9612850" lon="3.0701180">
    <ele>182.6</ele>
    <time>2024-08-18T10:02:33Z</time>
    <extensions>
     <gpxtpx:TrackPointExtension>
      <gpxtpx:atemp>17</gpxtpx:atemp>
     </gpxtpx:TrackPointExtension>
    </extensions>
   </trkpt>
   <trkpt lat="46.9615830" lon="3.0695570">
    <ele>182.8</ele>
    <time>2024-08-18T10:02:45Z</time>
    <extensions>
     <gpxtpx:TrackPointExtension>
      <gpxtpx:atemp>17</gpxtpx:atemp>
     </gpxtpx:TrackPointExtension>
    </extensions>
   </trkpt>
   <trkpt lat="46.9617660" lon="3.0692120">
    <ele>182.6</ele>
    <time>2024-08-18T10:02:53Z</time>
    <extensions>
     <gpxtpx:TrackPointExtension>
      <gpxtpx:atemp>17</gpxtpx:atemp>
     </gpxtpx:TrackPointExtension>
    </extensions>
   </trkpt>
   <trkpt lat="46.9620620" lon="3.0686550">
    <ele>182.4</ele>
    <time>2024-08-18T10:03:05Z</time>
    <extensions>
     <gpxtpx:TrackPointExtension>
      <gpxtpx:atemp>17</gpxtpx:atemp>
     </gpxtpx:TrackPointExtension>
    </extensions>
   </trkpt>
   <trkpt lat="46.9622070" lon="3.0683820">
    <ele>182.2</ele>
    <time>2024-08-18T10:03:12Z</time>
    <extensions>
     <gpxtpx:TrackPointExtension>
      <gpxtpx:atemp>17</gpxtpx:atemp>
     </gpxtpx:TrackPointExtension>
    </extensions>
   </trkpt>
   <trkpt lat="46.9622060" lon="3.0683820">
    <ele>181.8</ele>
    <time>2024-08-18T10:03:15Z</time>
    <extensions>
     <gpxtpx:TrackPointExtension>
      <gpxtpx:atemp>17</gpxtpx:atemp>
     </gpxtpx:TrackPointExtension>
    </extensions>
   </trkpt>
   <trkpt lat="46.9622060" lon="3.0683840">
    <ele>181.6</ele>
    <time>2024-08-18T10:03:24Z</time>
    <extensions>
     <gpxtpx:TrackPointExtension>
      <gpxtpx:atemp>17</gpxtpx:atemp>
     </gpxtpx:TrackPointExtension>
    </extensions>
   </trkpt>
   <trkpt lat="46.9622060" lon="3.0683840">
    <ele>181.8</ele>
    <time>2024-08-18T10:04:08Z</time>
    <extensions>
     <gpxtpx:TrackPointExtension>
      <gpxtpx:atemp>17</gpxtpx:atemp>
     </gpxtpx:TrackPointExtension>
    </extensions>
   </trkpt>
   <trkpt lat="46.9622390" lon="3.0683500">
    <ele>181.8</ele>
    <time>2024-08-18T10:04:15Z</time>
    <extensions>
     <gpxtpx:TrackPointExtension>
      <gpxtpx:atemp>17</gpxtpx:atemp>
     </gpxtpx:TrackPointExtension>
    </extensions>
   </trkpt>
   <trkpt lat="46.9622600" lon="3.0683230">
    <ele>181.6</ele>
    <time>2024-08-18T10:04:20Z</time>
    <extensions>
     <gpxtpx:TrackPointExtension>
      <gpxtpx:atemp>17</gpxtpx:atemp>
     </gpxtpx:TrackPointExtension>
    </extensions>
   </trkpt>
   <trkpt lat="46.9622590" lon="3.0683250">
    <ele>181.6</ele>
    <time>2024-08-18T10:05:04Z</time>
    <extensions>
     <gpxtpx:TrackPointExtension>
      <gpxtpx:atemp>17</gpxtpx:atemp>
     </gpxtpx:TrackPointExtension>
    </extensions>
   </trkpt>
   <trkpt lat="46.9622590" lon="3.0683250">
    <ele>181.2</ele>
    <time>2024-08-18T10:05:29Z</time>
    <extensions>
     <gpxtpx:TrackPointExtension>
      <gpxtpx:atemp>17</gpxtpx:atemp>
     </gpxtpx:TrackPointExtension>
    </extensions>
   </trkpt>
   <trkpt lat="46.9622690" lon="3.0682960">
    <ele>181.4</ele>
    <time>2024-08-18T10:06:02Z</time>
    <extensions>
     <gpxtpx:TrackPointExtension>
      <gpxtpx:atemp>17</gpxtpx:atemp>
     </gpxtpx:TrackPointExtension>
    </extensions>
   </trkpt>
   <trkpt lat="46.9623320" lon="3.0681630">
    <ele>181.2</ele>
    <time>2024-08-18T10:06:07Z</time>
    <extensions>
     <gpxtpx:TrackPointExtension>
      <gpxtpx:atemp>17</gpxtpx:atemp>
     </gpxtpx:TrackPointExtension>
    </extensions>
   </trkpt>
   <trkpt lat="46.9624230" lon="3.0679690">
    <ele>181.6</ele>
    <time>2024-08-18T10:06:14Z</time>
    <extensions>
     <gpxtpx:TrackPointExtension>
      <gpxtpx:atemp>17</gpxtpx:atemp>
     </gpxtpx:TrackPointExtension>
    </extensions>
   </trkpt>
   <trkpt lat="46.9624380" lon="3.0679640">
    <ele>181.6</ele>
    <time>2024-08-18T10:06:15Z</time>
    <extensions>
     <gpxtpx:TrackPointExtension>
      <gpxtpx:atemp>17</gpxtpx:atemp>
     </gpxtpx:TrackPointExtension>
    </extensions>
   </trkpt>
   <trkpt lat="46.9624520" lon="3.0679680">
    <ele>181.6</ele>
    <time>2024-08-18T10:06:18Z</time>
    <extensions>
     <gpxtpx:TrackPointExtension>
      <gpxtpx:atemp>17</gpxtpx:atemp>
     </gpxtpx:TrackPointExtension>
    </extensions>
   </trkpt>
   <trkpt lat="46.9624850" lon="3.0680050">
    <ele>181.2</ele>
    <time>2024-08-18T10:06:25Z</time>
    <extensions>
     <gpxtpx:TrackPointExtension>
      <gpxtpx:atemp>17</gpxtpx:atemp>
     </gpxtpx:TrackPointExtension>
    </extensions>
   </trkpt>
   <trkpt lat="46.9624760" lon="3.0680990">
    <ele>180.4</ele>
    <time>2024-08-18T10:06:32Z</time>
    <extensions>
     <gpxtpx:TrackPointExtension>
      <gpxtpx:atemp>17</gpxtpx:atemp>
     </gpxtpx:TrackPointExtension>
    </extensions>
   </trkpt>
   <trkpt lat="46.9624720" lon="3.0681160">
    <ele>180.2</ele>
    <time>2024-08-18T10:06:33Z</time>
    <extensions>
     <gpxtpx:TrackPointExtension>
      <gpxtpx:atemp>17</gpxtpx:atemp>
     </gpxtpx:TrackPointExtension>
    </extensions>
   </trkpt>
   <trkpt lat="46.9624540" lon="3.0682230">
    <ele>179.2</ele>
    <time>2024-08-18T10:06:38Z</time>
    <extensions>
     <gpxtpx:TrackPointExtension>
      <gpxtpx:atemp>17</gpxtpx:atemp>
     </gpxtpx:TrackPointExtension>
    </extensions>
   </trkpt>
   <trkpt lat="46.9624470" lon="3.0683080">
    <ele>178.6</ele>
    <time>2024-08-18T10:06:42Z</time>
    <extensions>
     <gpxtpx:TrackPointExtension>
      <gpxtpx:atemp>17</gpxtpx:atemp>
     </gpxtpx:TrackPointExtension>
    </extensions>
   </trkpt>
   <trkpt lat="46.9624410" lon="3.0683460">
    <ele>178.2</ele>
    <time>2024-08-18T10:06:44Z</time>
    <extensions>
     <gpxtpx:TrackPointExtension>
      <gpxtpx:atemp>17</gpxtpx:atemp>
     </gpxtpx:TrackPointExtension>
    </extensions>
   </trkpt>
   <trkpt lat="46.9624340" lon="3.0683720">
    <ele>177.6</ele>
    <time>2024-08-18T10:06:49Z</time>
    <extensions>
     <gpxtpx:TrackPointExtension>
      <gpxtpx:atemp>17</gpxtpx:atemp>
     </gpxtpx:TrackPointExtension>
    </extensions>
   </trkpt>
   <trkpt lat="46.9624010" lon="3.0684640">
    <ele>177.4</ele>
    <time>2024-08-18T10:06:54Z</time>
    <extensions>
     <gpxtpx:TrackPointExtension>
      <gpxtpx:atemp>17</gpxtpx:atemp>
     </gpxtpx:TrackPointExtension>
    </extensions>
   </trkpt>
   <trkpt lat="46.9623440" lon="3.0685970">
    <ele>177.2</ele>
    <time>2024-08-18T10:06:58Z</time>
    <extensions>
     <gpxtpx:TrackPointExtension>
      <gpxtpx:atemp>17</gpxtpx:atemp>
     </gpxtpx:TrackPointExtension>
    </extensions>
   </trkpt>
   <trkpt lat="46.9622880" lon="3.0687000">
    <ele>177.0</ele>
    <time>2024-08-18T10:07:01Z</time>
    <extensions>
     <gpxtpx:TrackPointExtension>
      <gpxtpx:atemp>17</gpxtpx:atemp>
     </gpxtpx:TrackPointExtension>
    </extensions>
   </trkpt>
   <trkpt lat="46.9621340" lon="3.0690320">
    <ele>177.0</ele>
    <time>2024-08-18T10:07:09Z</time>
    <extensions>
     <gpxtpx:TrackPointExtension>
      <gpxtpx:atemp>17</gpxtpx:atemp>
     </gpxtpx:TrackPointExtension>
    </extensions>
   </trkpt>
   <trkpt lat="46.9619510" lon="3.0694050">
    <ele>177.2</ele>
    <time>2024-08-18T10:07:17Z</time>
    <extensions>
     <gpxtpx:TrackPointExtension>
      <gpxtpx:atemp>17</gpxtpx:atemp>
     </gpxtpx:TrackPointExtension>
    </extensions>
   </trkpt>
   <trkpt lat="46.9617160" lon="3.0698320">
    <ele>177.4</ele>
    <time>2024-08-18T10:07:26Z</time>
    <extensions>
     <gpxtpx:TrackPointExtension>
      <gpxtpx:atemp>17</gpxtpx:atemp>
     </gpxtpx:TrackPointExtension>
    </extensions>
   </trkpt>
   <trkpt lat="46.9615370" lon="3.0701190">
    <ele>178.0</ele>
    <time>2024-08-18T10:07:33Z</time>
    <extensions>
     <gpxtpx:TrackPointExtension>
      <gpxtpx:atemp>17</gpxtpx:atemp>
     </gpxtpx:TrackPointExtension>
    </extensions>
   </trkpt>
   <trkpt lat="46.9614000" lon="3.0703300">
    <ele>178.4</ele>
    <time>2024-08-18T10:07:38Z</time>
    <extensions>
     <gpxtpx:TrackPointExtension>
      <gpxtpx:atemp>17</gpxtpx:atemp>
     </gpxtpx:TrackPointExtension>
    </extensions>
   </trkpt>
   <trkpt lat="46.9612760" lon="3.0705600">
    <ele>178.2</ele>
    <time>2024-08-18T10:07:43Z</time>
    <extensions>
     <gpxtpx:TrackPointExtension>
      <gpxtpx:atemp>17</gpxtpx:atemp>
     </gpxtpx:TrackPointExtension>
    </extensions>
   </trkpt>
   <trkpt lat="46.9612770" lon="3.0707620">
    <ele>178.2</ele>
    <time>2024-08-18T10:07:47Z</time>
    <extensions>
     <gpxtpx:TrackPointExtension>
      <gpxtpx:atemp>17</gpxtpx:atemp>
     </gpxtpx:TrackPointExtension>
    </extensions>
   </trkpt>
   <trkpt lat="46.9614040" lon="3.0708680">
    <ele>178.4</ele>
    <time>2024-08-18T10:07:51Z</time>
    <extensions>
     <gpxtpx:TrackPointExtension>
      <gpxtpx:atemp>17</gpxtpx:atemp>
     </gpxtpx:TrackPointExtension>
    </extensions>
   </trkpt>
   <trkpt lat="46.9617040" lon="3.0710270">
    <ele>178.0</ele>
    <time>2024-08-18T10:07:58Z</time>
    <extensions>
     <gpxtpx:TrackPointExtension>
      <gpxtpx:atemp>17</gpxtpx:atemp>
     </gpxtpx:TrackPointExtension>
    </extensions>
   </trkpt>
   <trkpt lat="46.9618630" lon="3.0711120">
    <ele>177.0</ele>
    <time>2024-08-18T10:08:02Z</time>
    <extensions>
     <gpxtpx:TrackPointExtension>
      <gpxtpx:atemp>17</gpxtpx:atemp>
     </gpxtpx:TrackPointExtension>
    </extensions>
   </trkpt>
   <trkpt lat="46.9619340" lon="3.0711560">
    <ele>176.6</ele>
    <time>2024-08-18T10:08:04Z</time>
    <extensions>
     <gpxtpx:TrackPointExtension>
      <gpxtpx:atemp>17</gpxtpx:atemp>
     </gpxtpx:TrackPointExtension>
    </extensions>
   </trkpt>
   <trkpt lat="46.9620820" lon="3.0712920">
    <ele>176.6</ele>
    <time>2024-08-18T10:08:10Z</time>
    <extensions>
     <gpxtpx:TrackPointExtension>
      <gpxtpx:atemp>17</gpxtpx:atemp>
     </gpxtpx:TrackPointExtension>
    </extensions>
   </trkpt>
   <trkpt lat="46.9622800" lon="3.0714200">
    <ele>177.0</ele>
    <time>2024-08-18T10:08:18Z</time>
    <extensions>
     <gpxtpx:TrackPointExtension>
      <gpxtpx:atemp>17</gpxtpx:atemp>
     </gpxtpx:TrackPointExtension>
    </extensions>
   </trkpt>
   <trkpt lat="46.9623550" lon="3.0715120">
    <ele>177.6</ele>
    <time>2024-08-18T10:08:23Z</time>
    <extensions>
     <gpxtpx:TrackPointExtension>
      <gpxtpx:atemp>17</gpxtpx:atemp>
     </gpxtpx:TrackPointExtension>
    </extensions>
   </trkpt>
   <trkpt lat="46.9623580" lon="3.0717020">
    <ele>177.4</ele>
    <time>2024-08-18T10:08:28Z</time>
    <extensions>
     <gpxtpx:TrackPointExtension>
      <gpxtpx:atemp>17</gpxtpx:atemp>
     </gpxtpx:TrackPointExtension>
    </extensions>
   </trkpt>
   <trkpt lat="46.9623370" lon="3.0719310">
    <ele>177.8</ele>
    <time>2024-08-18T10:08:35Z</time>
    <extensions>
     <gpxtpx:TrackPointExtension>
      <gpxtpx:atemp>17</gpxtpx:atemp>
     </gpxtpx:TrackPointExtension>
    </extensions>
   </trkpt>
   <trkpt lat="46.9623420" lon="3.0719470">
    <ele>178.0</ele>
    <time>2024-08-18T10:08:38Z</time>
    <extensions>
     <gpxtpx:TrackPointExtension>
      <gpxtpx:atemp>17</gpxtpx:atemp>
     </gpxtpx:TrackPointExtension>
    </extensions>
   </trkpt>
   <trkpt lat="46.9623470" lon="3.0719600">
    <ele>178.0</ele>
    <time>2024-08-18T10:08:39Z</time>
    <extensions>
     <gpxtpx:TrackPointExtension>
      <gpxtpx:atemp>17</gpxtpx:atemp>
     </gpxtpx:TrackPointExtension>
    </extensions>
   </trkpt>
   <trkpt lat="46.9624230" lon="3.0720130">
    <ele>177.6</ele>
    <time>2024-08-18T10:08:45Z</time>
    <extensions>
     <gpxtpx:TrackPointExtension>
      <gpxtpx:atemp>17</gpxtpx:atemp>
     </gpxtpx:TrackPointExtension>
    </extensions>
   </trkpt>
   <trkpt lat="46.9624620" lon="3.0720520">
    <ele>177.2</ele>
    <time>2024-08-18T10:08:52Z</time>
    <extensions>
     <gpxtpx:TrackPointExtension>
      <gpxtpx:atemp>17</gpxtpx:atemp>
     </gpxtpx:TrackPointExtension>
    </extensions>
   </trkpt>
   <trkpt lat="46.9624620" lon="3.0720520">
    <ele>177.0</ele>
    <time>2024-08-18T10:09:03Z</time>
    <extensions>
     <gpxtpx:TrackPointExtension>
      <gpxtpx:atemp>17</gpxtpx:atemp>
     </gpxtpx:TrackPointExtension>
    </extensions>
   </trkpt>
   <trkpt lat="46.9624620" lon="3.0720520">
    <ele>176.8</ele>
    <time>2024-08-18T10:09:10Z</time>
    <extensions>
     <gpxtpx:TrackPointExtension>
      <gpxtpx:atemp>17</gpxtpx:atemp>
     </gpxtpx:TrackPointExtension>
    </extensions>
   </trkpt>
   <trkpt lat="46.9624620" lon="3.0720520">
    <ele>177.0</ele>
    <time>2024-08-18T10:09:32Z</time>
    <extensions>
     <gpxtpx:TrackPointExtension>
      <gpxtpx:atemp>17</gpxtpx:atemp>
     </gpxtpx:TrackPointExtension>
    </extensions>
   </trkpt>
   <trkpt lat="46.9624670" lon="3.0720490">
    <ele>176.4</ele>
    <time>2024-08-18T10:09:43Z</time>
    <extensions>
     <gpxtpx:TrackPointExtension>
      <gpxtpx:atemp>17</gpxtpx:atemp>
     </gpxtpx:TrackPointExtension>
    </extensions>
   </trkpt>
   <trkpt lat="46.9624680" lon="3.0720480">
    <ele>176.6</ele>
    <time>2024-08-18T10:10:01Z</time>
    <extensions>
     <gpxtpx:TrackPointExtension>
      <gpxtpx:atemp>17</gpxtpx:atemp>
     </gpxtpx:TrackPointExtension>
    </extensions>
   </trkpt>
   <trkpt lat="46.9624680" lon="3.0720480">
    <ele>176.8</ele>
    <time>2024-08-18T10:10:45Z</time>
    <extensions>
     <gpxtpx:TrackPointExtension>
      <gpxtpx:atemp>17</gpxtpx:atemp>
     </gpxtpx:TrackPointExtension>
    </extensions>
   </trkpt>
   <trkpt lat="46.9624680" lon="3.0720490">
    <ele>176.4</ele>
    <time>2024-08-18T10:11:54Z</time>
    <extensions>
     <gpxtpx:TrackPointExtension>
      <gpxtpx:atemp>17</gpxtpx:atemp>
     </gpxtpx:TrackPointExtension>
    </extensions>
   </trkpt>
   <trkpt lat="46.9624680" lon="3.0720480">
    <ele>176.2</ele>
    <time>2024-08-18T10:12:36Z</time>
    <extensions>
     <gpxtpx:TrackPointExtension>
      <gpxtpx:atemp>17</gpxtpx:atemp>
     </gpxtpx:TrackPointExtension>
    </extensions>
   </trkpt>
   <trkpt lat="46.9624680" lon="3.0720480">
    <ele>176.4</ele>
    <time>2024-08-18T10:12:53Z</time>
    <extensions>
     <gpxtpx:TrackPointExtension>
      <gpxtpx:atemp>17</gpxtpx:atemp>
     </gpxtpx:TrackPointExtension>
    </extensions>
   </trkpt>
   <trkpt lat="46.9624680" lon="3.0720460">
    <ele>176.0</ele>
    <time>2024-08-18T10:14:37Z</time>
    <extensions>
     <gpxtpx:TrackPointExtension>
      <gpxtpx:atemp>17</gpxtpx:atemp>
     </gpxtpx:TrackPointExtension>
    </extensions>
   </trkpt>
   <trkpt lat="46.9624680" lon="3.0720450">
    <ele>176.6</ele>
    <time>2024-08-18T10:16:01Z</time>
    <extensions>
     <gpxtpx:TrackPointExtension>
      <gpxtpx:atemp>17</gpxtpx:atemp>
     </gpxtpx:TrackPointExtension>
    </extensions>
   </trkpt>
   <trkpt lat="46.9624690" lon="3.0720450">
    <ele>176.0</ele>
    <time>2024-08-18T10:16:42Z</time>
    <extensions>
     <gpxtpx:TrackPointExtension>
      <gpxtpx:atemp>17</gpxtpx:atemp>
     </gpxtpx:TrackPointExtension>
    </extensions>
   </trkpt>
   <trkpt lat="46.9624680" lon="3.0720450">
    <ele>176.0</ele>
    <time>2024-08-18T10:17:44Z</time>
    <extensions>
     <gpxtpx:TrackPointExtension>
      <gpxtpx:atemp>17</gpxtpx:atemp>
     </gpxtpx:TrackPointExtension>
    </extensions>
   </trkpt>
   <trkpt lat="46.9624640" lon="3.0720470">
    <ele>176.6</ele>
    <time>2024-08-18T10:18:19Z</time>
    <extensions>
     <gpxtpx:TrackPointExtension>
      <gpxtpx:atemp>17</gpxtpx:atemp>
     </gpxtpx:TrackPointExtension>
    </extensions>
   </trkpt>
   <trkpt lat="46.9624650" lon="3.0720480">
    <ele>176.8</ele>
    <time>2024-08-18T10:18:46Z</time>
    <extensions>
     <gpxtpx:TrackPointExtension>
      <gpxtpx:atemp>17</gpxtpx:atemp>
     </gpxtpx:TrackPointExtension>
    </extensions>
   </trkpt>
   <trkpt lat="46.9624640" lon="3.0720330">
    <ele>176.6</ele>
    <time>2024-08-18T10:18:56Z</time>
    <extensions>
     <gpxtpx:TrackPointExtension>
      <gpxtpx:atemp>17</gpxtpx:atemp>
     </gpxtpx:TrackPointExtension>
    </extensions>
   </trkpt>
   <trkpt lat="46.9624520" lon="3.0720240">
    <ele>176.6</ele>
    <time>2024-08-18T10:18:58Z</time>
    <extensions>
     <gpxtpx:TrackPointExtension>
      <gpxtpx:atemp>17</gpxtpx:atemp>
     </gpxtpx:TrackPointExtension>
    </extensions>
   </trkpt>
   <trkpt lat="46.9623740" lon="3.0719710">
    <ele>176.6</ele>
    <time>2024-08-18T10:19:06Z</time>
    <extensions>
     <gpxtpx:TrackPointExtension>
      <gpxtpx:atemp>17</gpxtpx:atemp>
     </gpxtpx:TrackPointExtension>
    </extensions>
   </trkpt>
   <trkpt lat="46.9623050" lon="3.0719450">
    <ele>177.0</ele>
    <time>2024-08-18T10:19:12Z</time>
    <extensions>
     <gpxtpx:TrackPointExtension>
      <gpxtpx:atemp>18</gpxtpx:atemp>
     </gpxtpx:TrackPointExtension>
    </extensions>
   </trkpt>
   <trkpt lat="46.9622890" lon="3.0719640">
    <ele>177.0</ele>
    <time>2024-08-18T10:19:15Z</time>
    <extensions>
     <gpxtpx:TrackPointExtension>
      <gpxtpx:atemp>18</gpxtpx:atemp>
     </gpxtpx:TrackPointExtension>
    </extensions>
   </trkpt>
   <trkpt lat="46.9622690" lon="3.0720010">
    <ele>176.8</ele>
    <time>2024-08-18T10:19:22Z</time>
    <extensions>
     <gpxtpx:TrackPointExtension>
      <gpxtpx:atemp>18</gpxtpx:atemp>
     </gpxtpx:TrackPointExtension>
    </extensions>
   </trkpt>
   <trkpt lat="46.9622080" lon="3.0721870">
    <ele>176.6</ele>
    <time>2024-08-18T10:19:28Z</time>
    <extensions>
     <gpxtpx:TrackPointExtension>
      <gpxtpx:atemp>18</gpxtpx:atemp>
     </gpxtpx:TrackPointExtension>
    </extensions>
   </trkpt>
   <trkpt lat="46.9621380" lon="3.0724010">
    <ele>176.2</ele>
    <time>2024-08-18T10:19:34Z</time>
    <extensions>
     <gpxtpx:TrackPointExtension>
      <gpxtpx:atemp>18</gpxtpx:atemp>
     </gpxtpx:TrackPointExtension>
    </extensions>
   </trkpt>
   <trkpt lat="46.9620440" lon="3.0726880">
    <ele>176.6</ele>
    <time>2024-08-18T10:19:42Z</time>
    <extensions>
     <gpxtpx:TrackPointExtension>
      <gpxtpx:atemp>18</gpxtpx:atemp>
     </gpxtpx:TrackPointExtension>
    </extensions>
   </trkpt>
   <trkpt lat="46.9620510" lon="3.0728030">
    <ele>176.6</ele>
    <time>2024-08-18T10:19:46Z</time>
    <extensions>
     <gpxtpx:TrackPointExtension>
      <gpxtpx:atemp>18</gpxtpx:atemp>
     </gpxtpx:TrackPointExtension>
    </extensions>
   </trkpt>
   <trkpt lat="46.9620600" lon="3.0728500">
    <ele>176.6</ele>
    <time>2024-08-18T10:19:53Z</time>
    <extensions>
     <gpxtpx:TrackPointExtension>
      <gpxtpx:atemp>18</gpxtpx:atemp>
     </gpxtpx:TrackPointExtension>
    </extensions>
   </trkpt>
   <trkpt lat="46.9620610" lon="3.0728800">
    <ele>176.6</ele>
    <time>2024-08-18T10:19:57Z</time>
    <extensions>
     <gpxtpx:TrackPointExtension>
      <gpxtpx:atemp>18</gpxtpx:atemp>
     </gpxtpx:TrackPointExtension>
    </extensions>
   </trkpt>
   <trkpt lat="46.9620580" lon="3.0728440">
    <ele>176.8</ele>
    <time>2024-08-18T10:20:06Z</time>
    <extensions>
     <gpxtpx:TrackPointExtension>
      <gpxtpx:atemp>18</gpxtpx:atemp>
     </gpxtpx:TrackPointExtension>
    </extensions>
   </trkpt>
   <trkpt lat="46.9620580" lon="3.0727680">
    <ele>176.4</ele>
    <time>2024-08-18T10:20:11Z</time>
    <extensions>
     <gpxtpx:TrackPointExtension>
      <gpxtpx:atemp>18</gpxtpx:atemp>
     </gpxtpx:TrackPointExtension>
    </extensions>
   </trkpt>
   <trkpt lat="46.9620600" lon="3.0726790">
    <ele>176.6</ele>
    <time>2024-08-18T10:20:18Z</time>
    <extensions>
     <gpxtpx:TrackPointExtension>
      <gpxtpx:atemp>18</gpxtpx:atemp>
     </gpxtpx:TrackPointExtension>
    </extensions>
   </trkpt>
   <trkpt lat="46.9621250" lon="3.0724810">
    <ele>176.4</ele>
    <time>2024-08-18T10:20:23Z</time>
    <extensions>
     <gpxtpx:TrackPointExtension>
      <gpxtpx:atemp>18</gpxtpx:atemp>
     </gpxtpx:TrackPointExtension>
    </extensions>
   </trkpt>
   <trkpt lat="46.9622040" lon="3.0722600">
    <ele>176.4</ele>
    <time>2024-08-18T10:20:29Z</time>
    <extensions>
     <gpxtpx:TrackPointExtension>
      <gpxtpx:atemp>18</gpxtpx:atemp>
     </gpxtpx:TrackPointExtension>
    </extensions>
   </trkpt>
   <trkpt lat="46.9622990" lon="3.0719420">
    <ele>176.8</ele>
    <time>2024-08-18T10:20:37Z</time>
    <extensions>
     <gpxtpx:TrackPointExtension>
      <gpxtpx:atemp>18</gpxtpx:atemp>
     </gpxtpx:TrackPointExtension>
    </extensions>
   </trkpt>
   <trkpt lat="46.9623720" lon="3.0716510">
    <ele>177.0</ele>
    <time>2024-08-18T10:20:44Z</time>
    <extensions>
     <gpxtpx:TrackPointExtension>
      <gpxtpx:atemp>18</gpxtpx:atemp>
     </gpxtpx:TrackPointExtension>
    </extensions>
   </trkpt>
   <trkpt lat="46.9623320" lon="3.0714260">
    <ele>177.0</ele>
    <time>2024-08-18T10:20:49Z</time>
    <extensions>
     <gpxtpx:TrackPointExtension>
      <gpxtpx:atemp>18</gpxtpx:atemp>
     </gpxtpx:TrackPointExtension>
    </extensions>
   </trkpt>
   <trkpt lat="46.9621760" lon="3.0713020">
    <ele>176.6</ele>
    <time>2024-08-18T10:20:54Z</time>
    <extensions>
     <gpxtpx:TrackPointExtension>
      <gpxtpx:atemp>18</gpxtpx:atemp>
     </gpxtpx:TrackPointExtension>
    </extensions>
   </trkpt>
   <trkpt lat="46.9619590" lon="3.0711500">
    <ele>176.0</ele>
    <time>2024-08-18T10:21:01Z</time>
    <extensions>
     <gpxtpx:TrackPointExtension>
      <gpxtpx:atemp>18</gpxtpx:atemp>
     </gpxtpx:TrackPointExtension>
    </extensions>
   </trkpt>
   <trkpt lat="46.9618450" lon="3.0710590">
    <ele>175.4</ele>
    <time>2024-08-18T10:21:05Z</time>
    <extensions>
     <gpxtpx:TrackPointExtension>
      <gpxtpx:atemp>18</gpxtpx:atemp>
     </gpxtpx:TrackPointExtension>
    </extensions>
   </trkpt>
   <trkpt lat="46.9617580" lon="3.0710110">
    <ele>175.0</ele>
    <time>2024-08-18T10:21:08Z</time>
    <extensions>
     <gpxtpx:TrackPointExtension>
      <gpxtpx:atemp>18</gpxtpx:atemp>
     </gpxtpx:TrackPointExtension>
    </extensions>
   </trkpt>
   <trkpt lat="46.9615190" lon="3.0708670">
    <ele>176.4</ele>
    <time>2024-08-18T10:21:18Z</time>
    <extensions>
     <gpxtpx:TrackPointExtension>
      <gpxtpx:atemp>18</gpxtpx:atemp>
     </gpxtpx:TrackPointExtension>
    </extensions>
   </trkpt>
   <trkpt lat="46.9614940" lon="3.0708520">
    <ele>176.4</ele>
    <time>2024-08-18T10:21:19Z</time>
    <extensions>
     <gpxtpx:TrackPointExtension>
      <gpxtpx:atemp>18</gpxtpx:atemp>
     </gpxtpx:TrackPointExtension>
    </extensions>
   </trkpt>
   <trkpt lat="46.9613090" lon="3.0707390">
    <ele>177.0</ele>
    <time>2024-08-18T10:21:26Z</time>
    <extensions>
     <gpxtpx:TrackPointExtension>
      <gpxtpx:atemp>18</gpxtpx:atemp>
     </gpxtpx:TrackPointExtension>
    </extensions>
   </trkpt>
   <trkpt lat="46.9612710" lon="3.0705970">
    <ele>177.2</ele>
    <time>2024-08-18T10:21:30Z</time>
    <extensions>
     <gpxtpx:TrackPointExtension>
      <gpxtpx:atemp>18</gpxtpx:atemp>
     </gpxtpx:TrackPointExtension>
    </extensions>
   </trkpt>
   <trkpt lat="46.9613110" lon="3.0704750">
    <ele>177.4</ele>
    <time>2024-08-18T10:21:33Z</time>
    <extensions>
     <gpxtpx:TrackPointExtension>
      <gpxtpx:atemp>18</gpxtpx:atemp>
     </gpxtpx:TrackPointExtension>
    </extensions>
   </trkpt>
   <trkpt lat="46.9613310" lon="3.0704380">
    <ele>177.4</ele>
    <time>2024-08-18T10:21:34Z</time>
    <extensions>
     <gpxtpx:TrackPointExtension>
      <gpxtpx:atemp>18</gpxtpx:atemp>
     </gpxtpx:TrackPointExtension>
    </extensions>
   </trkpt>
   <trkpt lat="46.9615370" lon="3.0701120">
    <ele>177.0</ele>
    <time>2024-08-18T10:21:43Z</time>
    <extensions>
     <gpxtpx:TrackPointExtension>
      <gpxtpx:atemp>18</gpxtpx:atemp>
     </gpxtpx:TrackPointExtension>
    </extensions>
   </trkpt>
   <trkpt lat="46.9617450" lon="3.0697680">
    <ele>176.6</ele>
    <time>2024-08-18T10:21:52Z</time>
    <extensions>
     <gpxtpx:TrackPointExtension>
      <gpxtpx:atemp>18</gpxtpx:atemp>
     </gpxtpx:TrackPointExtension>
    </extensions>
   </trkpt>
   <trkpt lat="46.9618550" lon="3.0695570">
    <ele>176.4</ele>
    <time>2024-08-18T10:21:57Z</time>
    <extensions>
     <gpxtpx:TrackPointExtension>
      <gpxtpx:atemp>18</gpxtpx:atemp>
     </gpxtpx:TrackPointExtension>
    </extensions>
   </trkpt>
   <trkpt lat="46.9619300" lon="3.0694220">
    <ele>176.2</ele>
    <time>2024-08-18T10:22:00Z</time>
    <extensions>
     <gpxtpx:TrackPointExtension>
      <gpxtpx:atemp>18</gpxtpx:atemp>
     </gpxtpx:TrackPointExtension>
    </extensions>
   </trkpt>
   <trkpt lat="46.9621110" lon="3.0690800">
    <ele>176.0</ele>
    <time>2024-08-18T10:22:08Z</time>
    <extensions>
     <gpxtpx:TrackPointExtension>
      <gpxtpx:atemp>18</gpxtpx:atemp>
     </gpxtpx:TrackPointExtension>
    </extensions>
   </trkpt>
   <trkpt lat="46.9622830" lon="3.0687240">
    <ele>176.2</ele>
    <time>2024-08-18T10:22:17Z</time>
    <extensions>
     <gpxtpx:TrackPointExtension>
      <gpxtpx:atemp>18</gpxtpx:atemp>
     </gpxtpx:TrackPointExtension>
    </extensions>
   </trkpt>
   <trkpt lat="46.9623900" lon="3.0685260">
    <ele>176.6</ele>
    <time>2024-08-18T10:22:23Z</time>
    <extensions>
     <gpxtpx:TrackPointExtension>
      <gpxtpx:atemp>18</gpxtpx:atemp>
     </gpxtpx:TrackPointExtension>
    </extensions>
   </trkpt>
   <trkpt lat="46.9624100" lon="3.0684670">
    <ele>176.4</ele>
    <time>2024-08-18T10:22:27Z</time>
    <extensions>
     <gpxtpx:TrackPointExtension>
      <gpxtpx:atemp>17</gpxtpx:atemp>
     </gpxtpx:TrackPointExtension>
    </extensions>
   </trkpt>
   <trkpt lat="46.9624370" lon="3.0683940">
    <ele>176.4</ele>
    <time>2024-08-18T10:22:34Z</time>
    <extensions>
     <gpxtpx:TrackPointExtension>
      <gpxtpx:atemp>17</gpxtpx:atemp>
     </gpxtpx:TrackPointExtension>
    </extensions>
   </trkpt>
   <trkpt lat="46.9624930" lon="3.0682310">
    <ele>177.0</ele>
    <time>2024-08-18T10:22:46Z</time>
    <extensions>
     <gpxtpx:TrackPointExtension>
      <gpxtpx:atemp>17</gpxtpx:atemp>
     </gpxtpx:TrackPointExtension>
    </extensions>
   </trkpt>
   <trkpt lat="46.9625120" lon="3.0681580">
    <ele>177.8</ele>
    <time>2024-08-18T10:22:52Z</time>
    <extensions>
     <gpxtpx:TrackPointExtension>
      <gpxtpx:atemp>17</gpxtpx:atemp>
     </gpxtpx:TrackPointExtension>
    </extensions>
   </trkpt>
   <trkpt lat="46.9625250" lon="3.0680880">
    <ele>178.4</ele>
    <time>2024-08-18T10:22:58Z</time>
    <extensions>
     <gpxtpx:TrackPointExtension>
      <gpxtpx:atemp>17</gpxtpx:atemp>
     </gpxtpx:TrackPointExtension>
    </extensions>
   </trkpt>
   <trkpt lat="46.9625290" lon="3.0680660">
    <ele>178.8</ele>
    <time>2024-08-18T10:23:00Z</time>
    <extensions>
     <gpxtpx:TrackPointExtension>
      <gpxtpx:atemp>17</gpxtpx:atemp>
     </gpxtpx:TrackPointExtension>
    </extensions>
   </trkpt>
   <trkpt lat="46.9625200" lon="3.0679660">
    <ele>179.4</ele>
    <time>2024-08-18T10:23:07Z</time>
    <extensions>
     <gpxtpx:TrackPointExtension>
      <gpxtpx:atemp>17</gpxtpx:atemp>
     </gpxtpx:TrackPointExtension>
    </extensions>
   </trkpt>
   <trkpt lat="46.9625120" lon="3.0679500">
    <ele>179.4</ele>
    <time>2024-08-18T10:23:08Z</time>
    <extensions>
     <gpxtpx:TrackPointExtension>
      <gpxtpx:atemp>17</gpxtpx:atemp>
     </gpxtpx:TrackPointExtension>
    </extensions>
   </trkpt>
   <trkpt lat="46.9624810" lon="3.0679220">
    <ele>179.8</ele>
    <time>2024-08-18T10:23:12Z</time>
    <extensions>
     <gpxtpx:TrackPointExtension>
      <gpxtpx:atemp>17</gpxtpx:atemp>
     </gpxtpx:TrackPointExtension>
    </extensions>
   </trkpt>
   <trkpt lat="46.9624530" lon="3.0679280">
    <ele>179.8</ele>
    <time>2024-08-18T10:23:15Z</time>
    <extensions>
     <gpxtpx:TrackPointExtension>
      <gpxtpx:atemp>17</gpxtpx:atemp>
     </gpxtpx:TrackPointExtension>
    </extensions>
   </trkpt>
   <trkpt lat="46.9624440" lon="3.0679540">
    <ele>179.8</ele>
    <time>2024-08-18T10:23:21Z</time>
    <extensions>
     <gpxtpx:TrackPointExtension>
      <gpxtpx:atemp>17</gpxtpx:atemp>
     </gpxtpx:TrackPointExtension>
    </extensions>
   </trkpt>
   <trkpt lat="46.9623930" lon="3.0680660">
    <ele>179.8</ele>
    <time>2024-08-18T10:23:26Z</time>
    <extensions>
     <gpxtpx:TrackPointExtension>
      <gpxtpx:atemp>17</gpxtpx:atemp>
     </gpxtpx:TrackPointExtension>
    </extensions>
   </trkpt>
   <trkpt lat="46.9622720" lon="3.0682930">
    <ele>180.0</ele>
    <time>2024-08-18T10:23:33Z</time>
    <extensions>
     <gpxtpx:TrackPointExtension>
      <gpxtpx:atemp>17</gpxtpx:atemp>
     </gpxtpx:TrackPointExtension>
    </extensions>
   </trkpt>
   <trkpt lat="46.9620370" lon="3.0687250">
    <ele>179.8</ele>
    <time>2024-08-18T10:23:44Z</time>
    <extensions>
     <gpxtpx:TrackPointExtension>
      <gpxtpx:atemp>17</gpxtpx:atemp>
     </gpxtpx:TrackPointExtension>
    </extensions>
   </trkpt>
   <trkpt lat="46.9618190" lon="3.0691360">
    <ele>180.6</ele>
    <time>2024-08-18T10:23:54Z</time>
    <extensions>
     <gpxtpx:TrackPointExtension>
      <gpxtpx:atemp>17</gpxtpx:atemp>
     </gpxtpx:TrackPointExtension>
    </extensions>
   </trkpt>
   <trkpt lat="46.9615450" lon="3.0696380">
    <ele>180.4</ele>
    <time>2024-08-18T10:24:06Z</time>
    <extensions>
     <gpxtpx:TrackPointExtension>
      <gpxtpx:atemp>17</gpxtpx:atemp>
     </gpxtpx:TrackPointExtension>
    </extensions>
   </trkpt>
   <trkpt lat="46.9613270" lon="3.0700710">
    <ele>180.0</ele>
    <time>2024-08-18T10:24:16Z</time>
    <extensions>
     <gpxtpx:TrackPointExtension>
      <gpxtpx:atemp>17</gpxtpx:atemp>
     </gpxtpx:TrackPointExtension>
    </extensions>
   </trkpt>
   <trkpt lat="46.9610870" lon="3.0705300">
    <ele>180.6</ele>
    <time>2024-08-18T10:24:27Z</time>
    <extensions>
     <gpxtpx:TrackPointExtension>
      <gpxtpx:atemp>17</gpxtpx:atemp>
     </gpxtpx:TrackPointExtension>
    </extensions>
   </trkpt>
   <trkpt lat="46.9608470" lon="3.0709820">
    <ele>180.4</ele>
    <time>2024-08-18T10:24:37Z</time>
    <extensions>
     <gpxtpx:TrackPointExtension>
      <gpxtpx:atemp>17</gpxtpx:atemp>
     </gpxtpx:TrackPointExtension>
    </extensions>
   </trkpt>
   <trkpt lat="46.9606200" lon="3.0714720">
    <ele>180.4</ele>
    <time>2024-08-18T10:24:47Z</time>
    <extensions>
     <gpxtpx:TrackPointExtension>
      <gpxtpx:atemp>17</gpxtpx:atemp>
     </gpxtpx:TrackPointExtension>
    </extensions>
   </trkpt>
   <trkpt lat="46.9604190" lon="3.0719450">
    <ele>180.2</ele>
    <time>2024-08-18T10:24:56Z</time>
    <extensions>
     <gpxtpx:TrackPointExtension>
      <gpxtpx:atemp>17</gpxtpx:atemp>
     </gpxtpx:TrackPointExtension>
    </extensions>
   </trkpt>
   <trkpt lat="46.9602230" lon="3.0723900">
    <ele>180.4</ele>
    <time>2024-08-18T10:25:05Z</time>
    <extensions>
     <gpxtpx:TrackPointExtension>
      <gpxtpx:atemp>17</gpxtpx:atemp>
     </gpxtpx:TrackPointExtension>
    </extensions>
   </trkpt>
   <trkpt lat="46.9600280" lon="3.0728270">
    <ele>180.8</ele>
    <time>2024-08-18T10:25:14Z</time>
    <extensions>
     <gpxtpx:TrackPointExtension>
      <gpxtpx:atemp>17</gpxtpx:atemp>
     </gpxtpx:TrackPointExtension>
    </extensions>
   </trkpt>
   <trkpt lat="46.9598340" lon="3.0732390">
    <ele>180.6</ele>
    <time>2024-08-18T10:25:23Z</time>
    <extensions>
     <gpxtpx:TrackPointExtension>
      <gpxtpx:atemp>17</gpxtpx:atemp>
     </gpxtpx:TrackPointExtension>
    </extensions>
   </trkpt>
   <trkpt lat="46.9596430" lon="3.0736770">
    <ele>180.6</ele>
    <time>2024-08-18T10:25:32Z</time>
    <extensions>
     <gpxtpx:TrackPointExtension>
      <gpxtpx:atemp>17</gpxtpx:atemp>
     </gpxtpx:TrackPointExtension>
    </extensions>
   </trkpt>
   <trkpt lat="46.9596360" lon="3.0737640">
    <ele>180.6</ele>
    <time>2024-08-18T10:25:34Z</time>
    <extensions>
     <gpxtpx:TrackPointExtension>
      <gpxtpx:atemp>17</gpxtpx:atemp>
     </gpxtpx:TrackPointExtension>
    </extensions>
   </trkpt>
   <trkpt lat="46.9596430" lon="3.0737950">
    <ele>180.6</ele>
    <time>2024-08-18T10:25:35Z</time>
    <extensions>
     <gpxtpx:TrackPointExtension>
      <gpxtpx:atemp>17</gpxtpx:atemp>
     </gpxtpx:TrackPointExtension>
    </extensions>
   </trkpt>
   <trkpt lat="46.9596550" lon="3.0738260">
    <ele>180.6</ele>
    <time>2024-08-18T10:25:39Z</time>
    <extensions>
     <gpxtpx:TrackPointExtension>
      <gpxtpx:atemp>17</gpxtpx:atemp>
     </gpxtpx:TrackPointExtension>
    </extensions>
   </trkpt>
   <trkpt lat="46.9596520" lon="3.0738240">
    <ele>180.6</ele>
    <time>2024-08-18T10:25:53Z</time>
    <extensions>
     <gpxtpx:TrackPointExtension>
      <gpxtpx:atemp>17</gpxtpx:atemp>
     </gpxtpx:TrackPointExtension>
    </extensions>
   </trkpt>
   <trkpt lat="46.9596480" lon="3.0738230">
    <ele>180.8</ele>
    <time>2024-08-18T10:26:03Z</time>
    <extensions>
     <gpxtpx:TrackPointExtension>
      <gpxtpx:atemp>17</gpxtpx:atemp>
     </gpxtpx:TrackPointExtension>
    </extensions>
   </trkpt>
   <trkpt lat="46.9596480" lon="3.0738210">
    <ele>180.6</ele>
    <time>2024-08-18T10:26:12Z</time>
    <extensions>
     <gpxtpx:TrackPointExtension>
      <gpxtpx:atemp>17</gpxtpx:atemp>
     </gpxtpx:TrackPointExtension>
    </extensions>
   </trkpt>
   <trkpt lat="46.9596460" lon="3.0738230">
    <ele>180.4</ele>
    <time>2024-08-18T10:26:21Z</time>
    <extensions>
     <gpxtpx:TrackPointExtension>
      <gpxtpx:atemp>17</gpxtpx:atemp>
     </gpxtpx:TrackPointExtension>
    </extensions>
   </trkpt>
   <trkpt lat="46.9596460" lon="3.0738220">
    <ele>180.6</ele>
    <time>2024-08-18T10:26:30Z</time>
    <extensions>
     <gpxtpx:TrackPointExtension>
      <gpxtpx:atemp>17</gpxtpx:atemp>
     </gpxtpx:TrackPointExtension>
    </extensions>
   </trkpt>
   <trkpt lat="46.9596430" lon="3.0738160">
    <ele>180.8</ele>
    <time>2024-08-18T10:26:40Z</time>
    <extensions>
     <gpxtpx:TrackPointExtension>
      <gpxtpx:atemp>17</gpxtpx:atemp>
     </gpxtpx:TrackPointExtension>
    </extensions>
   </trkpt>
   <trkpt lat="46.9596450" lon="3.0738110">
    <ele>180.8</ele>
    <time>2024-08-18T10:26:50Z</time>
    <extensions>
     <gpxtpx:TrackPointExtension>
      <gpxtpx:atemp>17</gpxtpx:atemp>
     </gpxtpx:TrackPointExtension>
    </extensions>
   </trkpt>
   <trkpt lat="46.9596390" lon="3.0738020">
    <ele>180.8</ele>
    <time>2024-08-18T10:26:59Z</time>
    <extensions>
     <gpxtpx:TrackPointExtension>
      <gpxtpx:atemp>17</gpxtpx:atemp>
     </gpxtpx:TrackPointExtension>
    </extensions>
   </trkpt>
   <trkpt lat="46.9596420" lon="3.0737990">
    <ele>181.2</ele>
    <time>2024-08-18T10:27:04Z</time>
    <extensions>
     <gpxtpx:TrackPointExtension>
      <gpxtpx:atemp>17</gpxtpx:atemp>
     </gpxtpx:TrackPointExtension>
    </extensions>
   </trkpt>
   <trkpt lat="46.9596390" lon="3.0737930">
    <ele>181.2</ele>
    <time>2024-08-18T10:27:10Z</time>
    <extensions>
     <gpxtpx:TrackPointExtension>
      <gpxtpx:atemp>17</gpxtpx:atemp>
     </gpxtpx:TrackPointExtension>
    </extensions>
   </trkpt>
   <trkpt lat="46.9596380" lon="3.0737880">
    <ele>181.2</ele>
    <time>2024-08-18T10:27:20Z</time>
    <extensions>
     <gpxtpx:TrackPointExtension>
      <gpxtpx:atemp>17</gpxtpx:atemp>
     </gpxtpx:TrackPointExtension>
    </extensions>
   </trkpt>
   <trkpt lat="46.9596500" lon="3.0738030">
    <ele>180.8</ele>
    <time>2024-08-18T10:27:31Z</time>
    <extensions>
     <gpxtpx:TrackPointExtension>
      <gpxtpx:atemp>17</gpxtpx:atemp>
     </gpxtpx:TrackPointExtension>
    </extensions>
   </trkpt>
   <trkpt lat="46.9596440" lon="3.0738050">
    <ele>180.6</ele>
    <time>2024-08-18T10:27:45Z</time>
    <extensions>
     <gpxtpx:TrackPointExtension>
      <gpxtpx:atemp>17</gpxtpx:atemp>
     </gpxtpx:TrackPointExtension>
    </extensions>
   </trkpt>
   <trkpt lat="46.9596340" lon="3.0737960">
    <ele>180.6</ele>
    <time>2024-08-18T10:27:54Z</time>
    <extensions>
     <gpxtpx:TrackPointExtension>
      <gpxtpx:atemp>17</gpxtpx:atemp>
     </gpxtpx:TrackPointExtension>
    </extensions>
   </trkpt>
   <trkpt lat="46.9596360" lon="3.0737910">
    <ele>180.4</ele>
    <time>2024-08-18T10:28:03Z</time>
    <extensions>
     <gpxtpx:TrackPointExtension>
      <gpxtpx:atemp>17</gpxtpx:atemp>
     </gpxtpx:TrackPointExtension>
    </extensions>
   </trkpt>
   <trkpt lat="46.9596330" lon="3.0737860">
    <ele>180.8</ele>
    <time>2024-08-18T10:28:14Z</time>
    <extensions>
     <gpxtpx:TrackPointExtension>
      <gpxtpx:atemp>17</gpxtpx:atemp>
     </gpxtpx:TrackPointExtension>
    </extensions>
   </trkpt>
   <trkpt lat="46.9596240" lon="3.0737800">
    <ele>180.4</ele>
    <time>2024-08-18T10:28:23Z</time>
    <extensions>
     <gpxtpx:TrackPointExtension>
      <gpxtpx:atemp>17</gpxtpx:atemp>
     </gpxtpx:TrackPointExtension>
    </extensions>
   </trkpt>
   <trkpt lat="46.9596350" lon="3.0737820">
    <ele>180.8</ele>
    <time>2024-08-18T10:28:33Z</time>
    <extensions>
     <gpxtpx:TrackPointExtension>
      <gpxtpx:atemp>17</gpxtpx:atemp>
     </gpxtpx:TrackPointExtension>
    </extensions>
   </trkpt>
   <trkpt lat="46.9596380" lon="3.0737860">
    <ele>180.8</ele>
    <time>2024-08-18T10:28:42Z</time>
    <extensions>
     <gpxtpx:TrackPointExtension>
      <gpxtpx:atemp>17</gpxtpx:atemp>
     </gpxtpx:TrackPointExtension>
    </extensions>
   </trkpt>
   <trkpt lat="46.9596390" lon="3.0737910">
    <ele>180.6</ele>
    <time>2024-08-18T10:28:52Z</time>
    <extensions>
     <gpxtpx:TrackPointExtension>
      <gpxtpx:atemp>17</gpxtpx:atemp>
     </gpxtpx:TrackPointExtension>
    </extensions>
   </trkpt>
   <trkpt lat="46.9596380" lon="3.0737930">
    <ele>179.6</ele>
    <time>2024-08-18T10:28:59Z</time>
    <extensions>
     <gpxtpx:TrackPointExtension>
      <gpxtpx:atemp>17</gpxtpx:atemp>
     </gpxtpx:TrackPointExtension>
    </extensions>
   </trkpt>
   <trkpt lat="46.9596440" lon="3.0737890">
    <ele>180.8</ele>
    <time>2024-08-18T10:29:02Z</time>
    <extensions>
     <gpxtpx:TrackPointExtension>
      <gpxtpx:atemp>17</gpxtpx:atemp>
     </gpxtpx:TrackPointExtension>
    </extensions>
   </trkpt>
   <trkpt lat="46.9596420" lon="3.0737900">
    <ele>181.2</ele>
    <time>2024-08-18T10:29:03Z</time>
    <extensions>
     <gpxtpx:TrackPointExtension>
      <gpxtpx:atemp>17</gpxtpx:atemp>
     </gpxtpx:TrackPointExtension>
    </extensions>
   </trkpt>
   <trkpt lat="46.9596380" lon="3.0738010">
    <ele>180.8</ele>
    <time>2024-08-18T10:29:13Z</time>
    <extensions>
     <gpxtpx:TrackPointExtension>
      <gpxtpx:atemp>17</gpxtpx:atemp>
     </gpxtpx:TrackPointExtension>
    </extensions>
   </trkpt>
   <trkpt lat="46.9596290" lon="3.0738130">
    <ele>181.0</ele>
    <time>2024-08-18T10:29:21Z</time>
    <extensions>
     <gpxtpx:TrackPointExtension>
      <gpxtpx:atemp>18</gpxtpx:atemp>
     </gpxtpx:TrackPointExtension>
    </extensions>
   </trkpt>
   <trkpt lat="46.9596160" lon="3.0738210">
    <ele>181.0</ele>
    <time>2024-08-18T10:29:22Z</time>
    <extensions>
     <gpxtpx:TrackPointExtension>
      <gpxtpx:atemp>18</gpxtpx:atemp>
     </gpxtpx:TrackPointExtension>
    </extensions>
   </trkpt>
   <trkpt lat="46.9595290" lon="3.0739120">
    <ele>181.0</ele>
    <time>2024-08-18T10:29:26Z</time>
    <extensions>
     <gpxtpx:TrackPointExtension>
      <gpxtpx:atemp>18</gpxtpx:atemp>
     </gpxtpx:TrackPointExtension>
    </extensions>
   </trkpt>
   <trkpt lat="46.9593660" lon="3.0742090">
    <ele>180.8</ele>
    <time>2024-08-18T10:29:33Z</time>
    <extensions>
     <gpxtpx:TrackPointExtension>
      <gpxtpx:atemp>18</gpxtpx:atemp>
     </gpxtpx:TrackPointExtension>
    </extensions>
   </trkpt>
   <trkpt lat="46.9590880" lon="3.0746540">
    <ele>180.6</ele>
    <time>2024-08-18T10:29:43Z</time>
    <extensions>
     <gpxtpx:TrackPointExtension>
      <gpxtpx:atemp>18</gpxtpx:atemp>
     </gpxtpx:TrackPointExtension>
    </extensions>
   </trkpt>
   <trkpt lat="46.9588830" lon="3.0749670">
    <ele>180.4</ele>
    <time>2024-08-18T10:29:50Z</time>
    <extensions>
     <gpxtpx:TrackPointExtension>
      <gpxtpx:atemp>18</gpxtpx:atemp>
     </gpxtpx:TrackPointExtension>
    </extensions>
   </trkpt>
   <trkpt lat="46.9585730" lon="3.0754660">
    <ele>180.4</ele>
    <time>2024-08-18T10:30:01Z</time>
    <extensions>
     <gpxtpx:TrackPointExtension>
      <gpxtpx:atemp>18</gpxtpx:atemp>
     </gpxtpx:TrackPointExtension>
    </extensions>
   </trkpt>
   <trkpt lat="46.9583530" lon="3.0758080">
    <ele>180.4</ele>
    <time>2024-08-18T10:30:09Z</time>
    <extensions>
     <gpxtpx:TrackPointExtension>
      <gpxtpx:atemp>18</gpxtpx:atemp>
     </gpxtpx:TrackPointExtension>
    </extensions>
   </trkpt>
   <trkpt lat="46.9583040" lon="3.0759330">
    <ele>180.4</ele>
    <time>2024-08-18T10:30:13Z</time>
    <extensions>
     <gpxtpx:TrackPointExtension>
      <gpxtpx:atemp>18</gpxtpx:atemp>
     </gpxtpx:TrackPointExtension>
    </extensions>
   </trkpt>
   <trkpt lat="46.9582990" lon="3.0759870">
    <ele>180.4</ele>
    <time>2024-08-18T10:30:18Z</time>
    <extensions>
     <gpxtpx:TrackPointExtension>
      <gpxtpx:atemp>18</gpxtpx:atemp>
     </gpxtpx:TrackPointExtension>
    </extensions>
   </trkpt>
   <trkpt lat="46.9582690" lon="3.0760320">
    <ele>180.0</ele>
    <time>2024-08-18T10:30:24Z</time>
    <extensions>
     <gpxtpx:TrackPointExtension>
      <gpxtpx:atemp>18</gpxtpx:atemp>
     </gpxtpx:TrackPointExtension>
    </extensions>
   </trkpt>
   <trkpt lat="46.9582650" lon="3.0760410">
    <ele>179.8</ele>
    <time>2024-08-18T10:30:25Z</time>
    <extensions>
     <gpxtpx:TrackPointExtension>
      <gpxtpx:atemp>18</gpxtpx:atemp>
     </gpxtpx:TrackPointExtension>
    </extensions>
   </trkpt>
   <trkpt lat="46.9582290" lon="3.0761210">
    <ele>178.8</ele>
    <time>2024-08-18T10:30:33Z</time>
    <extensions>
     <gpxtpx:TrackPointExtension>
      <gpxtpx:atemp>18</gpxtpx:atemp>
     </gpxtpx:TrackPointExtension>
    </extensions>
   </trkpt>
   <trkpt lat="46.9582150" lon="3.0761540">
    <ele>178.6</ele>
    <time>2024-08-18T10:30:36Z</time>
    <extensions>
     <gpxtpx:TrackPointExtension>
      <gpxtpx:atemp>18</gpxtpx:atemp>
     </gpxtpx:TrackPointExtension>
    </extensions>
   </trkpt>
   <trkpt lat="46.9581870" lon="3.0762270">
    <ele>177.6</ele>
    <time>2024-08-18T10:30:42Z</time>
    <extensions>
     <gpxtpx:TrackPointExtension>
      <gpxtpx:atemp>18</gpxtpx:atemp>
     </gpxtpx:TrackPointExtension>
    </extensions>
   </trkpt>
   <trkpt lat="46.9581900" lon="3.0762920">
    <ele>177.4</ele>
    <time>2024-08-18T10:30:46Z</time>
    <extensions>
     <gpxtpx:TrackPointExtension>
      <gpxtpx:atemp>18</gpxtpx:atemp>
     </gpxtpx:TrackPointExtension>
    </extensions>
   </trkpt>
   <trkpt lat="46.9582040" lon="3.0763370">
    <ele>176.6</ele>
    <time>2024-08-18T10:30:49Z</time>
    <extensions>
     <gpxtpx:TrackPointExtension>
      <gpxtpx:atemp>18</gpxtpx:atemp>
     </gpxtpx:TrackPointExtension>
    </extensions>
   </trkpt>
   <trkpt lat="46.9582590" lon="3.0764360">
    <ele>175.8</ele>
    <time>2024-08-18T10:30:55Z</time>
    <extensions>
     <gpxtpx:TrackPointExtension>
      <gpxtpx:atemp>18</gpxtpx:atemp>
     </gpxtpx:TrackPointExtension>
    </extensions>
   </trkpt>
   <trkpt lat="46.9582800" lon="3.0764710">
    <ele>175.4</ele>
    <time>2024-08-18T10:30:57Z</time>
    <extensions>
     <gpxtpx:TrackPointExtension>
      <gpxtpx:atemp>18</gpxtpx:atemp>
     </gpxtpx:TrackPointExtension>
    </extensions>
   </trkpt>
   <trkpt lat="46.9583580" lon="3.0766110">
    <ele>175.8</ele>
    <time>2024-08-18T10:31:05Z</time>
    <extensions>
     <gpxtpx:TrackPointExtension>
      <gpxtpx:atemp>18</gpxtpx:atemp>
     </gpxtpx:TrackPointExtension>
    </extensions>
   </trkpt>
   <trkpt lat="46.9584120" lon="3.0767750">
    <ele>176.0</ele>
    <time>2024-08-18T10:31:14Z</time>
    <extensions>
     <gpxtpx:TrackPointExtension>
      <gpxtpx:atemp>18</gpxtpx:atemp>
     </gpxtpx:TrackPointExtension>
    </extensions>
   </trkpt>
   <trkpt lat="46.9584180" lon="3.0768290">
    <ele>175.8</ele>
    <time>2024-08-18T10:31:20Z</time>
    <extensions>
     <gpxtpx:TrackPointExtension>
      <gpxtpx:atemp>18</gpxtpx:atemp>
     </gpxtpx:TrackPointExtension>
    </extensions>
   </trkpt>
   <trkpt lat="46.9584150" lon="3.0769450">
    <ele>175.8</ele>
    <time>2024-08-18T10:31:24Z</time>
    <extensions>
     <gpxtpx:TrackPointExtension>
      <gpxtpx:atemp>18</gpxtpx:atemp>
     </gpxtpx:TrackPointExtension>
    </extensions>
   </trkpt>
   <trkpt lat="46.9583540" lon="3.0772580">
    <ele>175.8</ele>
    <time>2024-08-18T10:31:30Z</time>
    <extensions>
     <gpxtpx:TrackPointExtension>
      <gpxtpx:atemp>18</gpxtpx:atemp>
     </gpxtpx:TrackPointExtension>
    </extensions>
   </trkpt>
   <trkpt lat="46.9582080" lon="3.0776630">
    <ele>176.4</ele>
    <time>2024-08-18T10:31:38Z</time>
    <extensions>
     <gpxtpx:TrackPointExtension>
      <gpxtpx:atemp>18</gpxtpx:atemp>
     </gpxtpx:TrackPointExtension>
    </extensions>
   </trkpt>
   <trkpt lat="46.9580600" lon="3.0778280">
    <ele>176.4</ele>
    <time>2024-08-18T10:31:43Z</time>
    <extensions>
     <gpxtpx:TrackPointExtension>
      <gpxtpx:atemp>18</gpxtpx:atemp>
     </gpxtpx:TrackPointExtension>
    </extensions>
   </trkpt>
   <trkpt lat="46.9578750" lon="3.0779450">
    <ele>176.2</ele>
    <time>2024-08-18T10:31:50Z</time>
    <extensions>
     <gpxtpx:TrackPointExtension>
      <gpxtpx:atemp>18</gpxtpx:atemp>
     </gpxtpx:TrackPointExtension>
    </extensions>
   </trkpt>
   <trkpt lat="46.9578670" lon="3.0779730">
    <ele>176.0</ele>
    <time>2024-08-18T10:31:54Z</time>
    <extensions>
     <gpxtpx:TrackPointExtension>
      <gpxtpx:atemp>18</gpxtpx:atemp>
     </gpxtpx:TrackPointExtension>
    </extensions>
   </trkpt>
   <trkpt lat="46.9578530" lon="3.0781010">
    <ele>175.6</ele>
    <time>2024-08-18T10:32:01Z</time>
    <extensions>
     <gpxtpx:TrackPointExtension>
      <gpxtpx:atemp>18</gpxtpx:atemp>
     </gpxtpx:TrackPointExtension>
    </extensions>
   </trkpt>
   <trkpt lat="46.9578470" lon="3.0782070">
    <ele>175.0</ele>
    <time>2024-08-18T10:32:09Z</time>
    <extensions>
     <gpxtpx:TrackPointExtension>
      <gpxtpx:atemp>18</gpxtpx:atemp>
     </gpxtpx:TrackPointExtension>
    </extensions>
   </trkpt>
   <trkpt lat="46.9578530" lon="3.0782150">
    <ele>175.0</ele>
    <time>2024-08-18T10:32:15Z</time>
    <extensions>
     <gpxtpx:TrackPointExtension>
      <gpxtpx:atemp>18</gpxtpx:atemp>
     </gpxtpx:TrackPointExtension>
    </extensions>
   </trkpt>
   <trkpt lat="46.9578570" lon="3.0782170">
    <ele>174.6</ele>
    <time>2024-08-18T10:32:33Z</time>
    <extensions>
     <gpxtpx:TrackPointExtension>
      <gpxtpx:atemp>18</gpxtpx:atemp>
     </gpxtpx:TrackPointExtension>
    </extensions>
   </trkpt>
   <trkpt lat="46.9578570" lon="3.0782180">
    <ele>174.8</ele>
    <time>2024-08-18T10:33:14Z</time>
    <extensions>
     <gpxtpx:TrackPointExtension>
      <gpxtpx:atemp>18</gpxtpx:atemp>
     </gpxtpx:TrackPointExtension>
    </extensions>
   </trkpt>
   <trkpt lat="46.9578570" lon="3.0782230">
    <ele>174.8</ele>
    <time>2024-08-18T10:33:40Z</time>
    <extensions>
     <gpxtpx:TrackPointExtension>
      <gpxtpx:atemp>18</gpxtpx:atemp>
     </gpxtpx:TrackPointExtension>
    </extensions>
   </trkpt>
   <trkpt lat="46.9578570" lon="3.0782210">
    <ele>174.8</ele>
    <time>2024-08-18T10:33:51Z</time>
    <extensions>
     <gpxtpx:TrackPointExtension>
      <gpxtpx:atemp>18</gpxtpx:atemp>
     </gpxtpx:TrackPointExtension>
    </extensions>
   </trkpt>
   <trkpt lat="46.9578600" lon="3.0782260">
    <ele>174.6</ele>
    <time>2024-08-18T10:34:07Z</time>
    <extensions>
     <gpxtpx:TrackPointExtension>
      <gpxtpx:atemp>18</gpxtpx:atemp>
     </gpxtpx:TrackPointExtension>
    </extensions>
   </trkpt>
   <trkpt lat="46.9578600" lon="3.0782260">
    <ele>174.8</ele>
    <time>2024-08-18T10:34:28Z</time>
    <extensions>
     <gpxtpx:TrackPointExtension>
      <gpxtpx:atemp>18</gpxtpx:atemp>
     </gpxtpx:TrackPointExtension>
    </extensions>
   </trkpt>
   <trkpt lat="46.9578710" lon="3.0782580">
    <ele>175.0</ele>
    <time>2024-08-18T10:34:53Z</time>
    <extensions>
     <gpxtpx:TrackPointExtension>
      <gpxtpx:atemp>18</gpxtpx:atemp>
     </gpxtpx:TrackPointExtension>
    </extensions>
   </trkpt>
   <trkpt lat="46.9579170" lon="3.0783370">
    <ele>174.8</ele>
    <time>2024-08-18T10:34:57Z</time>
    <extensions>
     <gpxtpx:TrackPointExtension>
      <gpxtpx:atemp>18</gpxtpx:atemp>
     </gpxtpx:TrackPointExtension>
    </extensions>
   </trkpt>
   <trkpt lat="46.9579370" lon="3.0783670">
    <ele>174.8</ele>
    <time>2024-08-18T10:34:59Z</time>
    <extensions>
     <gpxtpx:TrackPointExtension>
      <gpxtpx:atemp>18</gpxtpx:atemp>
     </gpxtpx:TrackPointExtension>
    </extensions>
   </trkpt>
   <trkpt lat="46.9579930" lon="3.0784520">
    <ele>174.4</ele>
    <time>2024-08-18T10:35:06Z</time>
    <extensions>
     <gpxtpx:TrackPointExtension>
      <gpxtpx:atemp>18</gpxtpx:atemp>
     </gpxtpx:TrackPointExtension>
    </extensions>
   </trkpt>
   <trkpt lat="46.9580390" lon="3.0784890">
    <ele>173.8</ele>
    <time>2024-08-18T10:35:14Z</time>
    <extensions>
     <gpxtpx:TrackPointExtension>
      <gpxtpx:atemp>18</gpxtpx:atemp>
     </gpxtpx:TrackPointExtension>
    </extensions>
   </trkpt>
   <trkpt lat="46.9580940" lon="3.0785150">
    <ele>173.6</ele>
    <time>2024-08-18T10:35:23Z</time>
    <extensions>
     <gpxtpx:TrackPointExtension>
      <gpxtpx:atemp>18</gpxtpx:atemp>
     </gpxtpx:TrackPointExtension>
    </extensions>
   </trkpt>
   <trkpt lat="46.9581030" lon="3.0785080">
    <ele>173.6</ele>
    <time>2024-08-18T10:35:27Z</time>
    <extensions>
     <gpxtpx:TrackPointExtension>
      <gpxtpx:atemp>19</gpxtpx:atemp>
     </gpxtpx:TrackPointExtension>
    </extensions>
   </trkpt>
   <trkpt lat="46.9581040" lon="3.0785030">
    <ele>173.4</ele>
    <time>2024-08-18T10:35:31Z</time>
    <extensions>
     <gpxtpx:TrackPointExtension>
      <gpxtpx:atemp>19</gpxtpx:atemp>
     </gpxtpx:TrackPointExtension>
    </extensions>
   </trkpt>
   <trkpt lat="46.9581050" lon="3.0785010">
    <ele>172.6</ele>
    <time>2024-08-18T10:36:54Z</time>
    <extensions>
     <gpxtpx:TrackPointExtension>
      <gpxtpx:atemp>19</gpxtpx:atemp>
     </gpxtpx:TrackPointExtension>
    </extensions>
   </trkpt>
   <trkpt lat="46.9581050" lon="3.0785000">
    <ele>172.6</ele>
    <time>2024-08-18T10:37:00Z</time>
    <extensions>
     <gpxtpx:TrackPointExtension>
      <gpxtpx:atemp>19</gpxtpx:atemp>
     </gpxtpx:TrackPointExtension>
    </extensions>
   </trkpt>
   <trkpt lat="46.9581050" lon="3.0785000">
    <ele>172.8</ele>
    <time>2024-08-18T10:38:13Z</time>
    <extensions>
     <gpxtpx:TrackPointExtension>
      <gpxtpx:atemp>19</gpxtpx:atemp>
     </gpxtpx:TrackPointExtension>
    </extensions>
   </trkpt>
   <trkpt lat="46.9581050" lon="3.0784950">
    <ele>172.2</ele>
    <time>2024-08-18T10:39:40Z</time>
    <extensions>
     <gpxtpx:TrackPointExtension>
      <gpxtpx:atemp>19</gpxtpx:atemp>
     </gpxtpx:TrackPointExtension>
    </extensions>
   </trkpt>
   <trkpt lat="46.9581050" lon="3.0784940">
    <ele>172.2</ele>
    <time>2024-08-18T10:41:32Z</time>
    <extensions>
     <gpxtpx:TrackPointExtension>
      <gpxtpx:atemp>19</gpxtpx:atemp>
     </gpxtpx:TrackPointExtension>
    </extensions>
   </trkpt>
   <trkpt lat="46.9580990" lon="3.0784910">
    <ele>172.2</ele>
    <time>2024-08-18T10:42:15Z</time>
    <extensions>
     <gpxtpx:TrackPointExtension>
      <gpxtpx:atemp>19</gpxtpx:atemp>
     </gpxtpx:TrackPointExtension>
    </extensions>
   </trkpt>
   <trkpt lat="46.9581020" lon="3.0784800">
    <ele>172.4</ele>
    <time>2024-08-18T10:42:16Z</time>
    <extensions>
     <gpxtpx:TrackPointExtension>
      <gpxtpx:atemp>19</gpxtpx:atemp>
     </gpxtpx:TrackPointExtension>
    </extensions>
   </trkpt>
   <trkpt lat="46.9581300" lon="3.0784610">
    <ele>172.6</ele>
    <time>2024-08-18T10:42:18Z</time>
    <extensions>
     <gpxtpx:TrackPointExtension>
      <gpxtpx:atemp>19</gpxtpx:atemp>
     </gpxtpx:TrackPointExtension>
    </extensions>
   </trkpt>
   <trkpt lat="46.9581330" lon="3.0784750">
    <ele>172.4</ele>
    <time>2024-08-18T10:42:21Z</time>
    <extensions>
     <gpxtpx:TrackPointExtension>
      <gpxtpx:atemp>19</gpxtpx:atemp>
     </gpxtpx:TrackPointExtension>
    </extensions>
   </trkpt>
   <trkpt lat="46.9580680" lon="3.0784410">
    <ele>173.0</ele>
    <time>2024-08-18T10:42:29Z</time>
    <extensions>
     <gpxtpx:TrackPointExtension>
      <gpxtpx:atemp>19</gpxtpx:atemp>
     </gpxtpx:TrackPointExtension>
    </extensions>
   </trkpt>
   <trkpt lat="46.9580150" lon="3.0784200">
    <ele>172.8</ele>
    <time>2024-08-18T10:42:37Z</time>
    <extensions>
     <gpxtpx:TrackPointExtension>
      <gpxtpx:atemp>19</gpxtpx:atemp>
     </gpxtpx:TrackPointExtension>
    </extensions>
   </trkpt>
   <trkpt lat="46.9579940" lon="3.0784060">
    <ele>173.0</ele>
    <time>2024-08-18T10:42:39Z</time>
    <extensions>
     <gpxtpx:TrackPointExtension>
      <gpxtpx:atemp>19</gpxtpx:atemp>
     </gpxtpx:TrackPointExtension>
    </extensions>
   </trkpt>
   <trkpt lat="46.9579700" lon="3.0783570">
    <ele>173.4</ele>
    <time>2024-08-18T10:42:43Z</time>
    <extensions>
     <gpxtpx:TrackPointExtension>
      <gpxtpx:atemp>19</gpxtpx:atemp>
     </gpxtpx:TrackPointExtension>
    </extensions>
   </trkpt>
   <trkpt lat="46.9579250" lon="3.0782800">
    <ele>173.6</ele>
    <time>2024-08-18T10:42:49Z</time>
    <extensions>
     <gpxtpx:TrackPointExtension>
      <gpxtpx:atemp>19</gpxtpx:atemp>
     </gpxtpx:TrackPointExtension>
    </extensions>
   </trkpt>
   <trkpt lat="46.9579040" lon="3.0782450">
    <ele>173.4</ele>
    <time>2024-08-18T10:42:56Z</time>
    <extensions>
     <gpxtpx:TrackPointExtension>
      <gpxtpx:atemp>19</gpxtpx:atemp>
     </gpxtpx:TrackPointExtension>
    </extensions>
   </trkpt>
   <trkpt lat="46.9578910" lon="3.0782000">
    <ele>173.8</ele>
    <time>2024-08-18T10:42:59Z</time>
    <extensions>
     <gpxtpx:TrackPointExtension>
      <gpxtpx:atemp>19</gpxtpx:atemp>
     </gpxtpx:TrackPointExtension>
    </extensions>
   </trkpt>
   <trkpt lat="46.9578740" lon="3.0781230">
    <ele>174.4</ele>
    <time>2024-08-18T10:43:05Z</time>
    <extensions>
     <gpxtpx:TrackPointExtension>
      <gpxtpx:atemp>19</gpxtpx:atemp>
     </gpxtpx:TrackPointExtension>
    </extensions>
   </trkpt>
   <trkpt lat="46.9578790" lon="3.0779950">
    <ele>174.6</ele>
    <time>2024-08-18T10:43:12Z</time>
    <extensions>
     <gpxtpx:TrackPointExtension>
      <gpxtpx:atemp>19</gpxtpx:atemp>
     </gpxtpx:TrackPointExtension>
    </extensions>
   </trkpt>
   <trkpt lat="46.9578820" lon="3.0779320">
    <ele>174.8</ele>
    <time>2024-08-18T10:43:16Z</time>
    <extensions>
     <gpxtpx:TrackPointExtension>
      <gpxtpx:atemp>19</gpxtpx:atemp>
     </gpxtpx:TrackPointExtension>
    </extensions>
   </trkpt>
   <trkpt lat="46.9578910" lon="3.0779070">
    <ele>175.0</ele>
    <time>2024-08-18T10:43:18Z</time>
    <extensions>
     <gpxtpx:TrackPointExtension>
      <gpxtpx:atemp>19</gpxtpx:atemp>
     </gpxtpx:TrackPointExtension>
    </extensions>
   </trkpt>
   <trkpt lat="46.9579020" lon="3.0778960">
    <ele>175.2</ele>
    <time>2024-08-18T10:43:19Z</time>
    <extensions>
     <gpxtpx:TrackPointExtension>
      <gpxtpx:atemp>19</gpxtpx:atemp>
     </gpxtpx:TrackPointExtension>
    </extensions>
   </trkpt>
   <trkpt lat="46.9579210" lon="3.0778960">
    <ele>175.2</ele>
    <time>2024-08-18T10:43:24Z</time>
    <extensions>
     <gpxtpx:TrackPointExtension>
      <gpxtpx:atemp>19</gpxtpx:atemp>
     </gpxtpx:TrackPointExtension>
    </extensions>
   </trkpt>
   <trkpt lat="46.9579510" lon="3.0778870">
    <ele>175.2</ele>
    <time>2024-08-18T10:43:31Z</time>
    <extensions>
     <gpxtpx:TrackPointExtension>
      <gpxtpx:atemp>19</gpxtpx:atemp>
     </gpxtpx:TrackPointExtension>
    </extensions>
   </trkpt>
   <trkpt lat="46.9581330" lon="3.0778000">
    <ele>175.4</ele>
    <time>2024-08-18T10:43:38Z</time>
    <extensions>
     <gpxtpx:TrackPointExtension>
      <gpxtpx:atemp>19</gpxtpx:atemp>
     </gpxtpx:TrackPointExtension>
    </extensions>
   </trkpt>
   <trkpt lat="46.9582460" lon="3.0776390">
    <ele>175.2</ele>
    <time>2024-08-18T10:43:43Z</time>
    <extensions>
     <gpxtpx:TrackPointExtension>
      <gpxtpx:atemp>19</gpxtpx:atemp>
     </gpxtpx:TrackPointExtension>
    </extensions>
   </trkpt>
   <trkpt lat="46.9583820" lon="3.0772330">
    <ele>175.4</ele>
    <time>2024-08-18T10:43:51Z</time>
    <extensions>
     <gpxtpx:TrackPointExtension>
      <gpxtpx:atemp>19</gpxtpx:atemp>
     </gpxtpx:TrackPointExtension>
    </extensions>
   </trkpt>
   <trkpt lat="46.9584290" lon="3.0768960">
    <ele>175.0</ele>
    <time>2024-08-18T10:43:57Z</time>
    <extensions>
     <gpxtpx:TrackPointExtension>
      <gpxtpx:atemp>19</gpxtpx:atemp>
     </gpxtpx:TrackPointExtension>
    </extensions>
   </trkpt>
   <trkpt lat="46.9583970" lon="3.0766550">
    <ele>175.2</ele>
    <time>2024-08-18T10:44:02Z</time>
    <extensions>
     <gpxtpx:TrackPointExtension>
      <gpxtpx:atemp>19</gpxtpx:atemp>
     </gpxtpx:TrackPointExtension>
    </extensions>
   </trkpt>
   <trkpt lat="46.9582850" lon="3.0764370">
    <ele>174.8</ele>
    <time>2024-08-18T10:44:08Z</time>
    <extensions>
     <gpxtpx:TrackPointExtension>
      <gpxtpx:atemp>19</gpxtpx:atemp>
     </gpxtpx:TrackPointExtension>
    </extensions>
   </trkpt>
   <trkpt lat="46.9582230" lon="3.0762910">
    <ele>175.2</ele>
    <time>2024-08-18T10:44:14Z</time>
    <extensions>
     <gpxtpx:TrackPointExtension>
      <gpxtpx:atemp>19</gpxtpx:atemp>
     </gpxtpx:TrackPointExtension>
    </extensions>
   </trkpt>
   <trkpt lat="46.9582280" lon="3.0762490">
    <ele>175.8</ele>
    <time>2024-08-18T10:44:21Z</time>
    <extensions>
     <gpxtpx:TrackPointExtension>
      <gpxtpx:atemp>19</gpxtpx:atemp>
     </gpxtpx:TrackPointExtension>
    </extensions>
   </trkpt>
   <trkpt lat="46.9582290" lon="3.0762250">
    <ele>176.2</ele>
    <time>2024-08-18T10:44:24Z</time>
    <extensions>
     <gpxtpx:TrackPointExtension>
      <gpxtpx:atemp>19</gpxtpx:atemp>
     </gpxtpx:TrackPointExtension>
    </extensions>
   </trkpt>
   <trkpt lat="46.9582290" lon="3.0761640">
    <ele>177.2</ele>
    <time>2024-08-18T10:44:31Z</time>
    <extensions>
     <gpxtpx:TrackPointExtension>
      <gpxtpx:atemp>19</gpxtpx:atemp>
     </gpxtpx:TrackPointExtension>
    </extensions>
   </trkpt>
   <trkpt lat="46.9582300" lon="3.0761560">
    <ele>177.2</ele>
    <time>2024-08-18T10:44:32Z</time>
    <extensions>
     <gpxtpx:TrackPointExtension>
      <gpxtpx:atemp>19</gpxtpx:atemp>
     </gpxtpx:TrackPointExtension>
    </extensions>
   </trkpt>
   <trkpt lat="46.9582580" lon="3.0760730">
    <ele>178.4</ele>
    <time>2024-08-18T10:44:41Z</time>
    <extensions>
     <gpxtpx:TrackPointExtension>
      <gpxtpx:atemp>19</gpxtpx:atemp>
     </gpxtpx:TrackPointExtension>
    </extensions>
   </trkpt>
   <trkpt lat="46.9582980" lon="3.0759850">
    <ele>179.0</ele>
    <time>2024-08-18T10:44:49Z</time>
    <extensions>
     <gpxtpx:TrackPointExtension>
      <gpxtpx:atemp>19</gpxtpx:atemp>
     </gpxtpx:TrackPointExtension>
    </extensions>
   </trkpt>
   <trkpt lat="46.9583000" lon="3.0759530">
    <ele>179.0</ele>
    <time>2024-08-18T10:44:51Z</time>
    <extensions>
     <gpxtpx:TrackPointExtension>
      <gpxtpx:atemp>19</gpxtpx:atemp>
     </gpxtpx:TrackPointExtension>
    </extensions>
   </trkpt>
   <trkpt lat="46.9583360" lon="3.0758900">
    <ele>179.2</ele>
    <time>2024-08-18T10:44:55Z</time>
    <extensions>
     <gpxtpx:TrackPointExtension>
      <gpxtpx:atemp>19</gpxtpx:atemp>
     </gpxtpx:TrackPointExtension>
    </extensions>
   </trkpt>
   <trkpt lat="46.9584150" lon="3.0757730">
    <ele>179.4</ele>
    <time>2024-08-18T10:45:04Z</time>
    <extensions>
     <gpxtpx:TrackPointExtension>
      <gpxtpx:atemp>19</gpxtpx:atemp>
     </gpxtpx:TrackPointExtension>
    </extensions>
   </trkpt>
   <trkpt lat="46.9584160" lon="3.0757730">
    <ele>179.4</ele>
    <time>2024-08-18T10:45:05Z</time>
    <extensions>
     <gpxtpx:TrackPointExtension>
      <gpxtpx:atemp>19</gpxtpx:atemp>
     </gpxtpx:TrackPointExtension>
    </extensions>
   </trkpt>
   <trkpt lat="46.9584190" lon="3.0757690">
    <ele>178.6</ele>
    <time>2024-08-18T10:47:14Z</time>
    <extensions>
     <gpxtpx:TrackPointExtension>
      <gpxtpx:atemp>18</gpxtpx:atemp>
     </gpxtpx:TrackPointExtension>
    </extensions>
   </trkpt>
   <trkpt lat="46.9584230" lon="3.0757500">
    <ele>178.6</ele>
    <time>2024-08-18T10:47:32Z</time>
    <extensions>
     <gpxtpx:TrackPointExtension>
      <gpxtpx:atemp>18</gpxtpx:atemp>
     </gpxtpx:TrackPointExtension>
    </extensions>
   </trkpt>
   <trkpt lat="46.9584650" lon="3.0756750">
    <ele>178.8</ele>
    <time>2024-08-18T10:47:36Z</time>
    <extensions>
     <gpxtpx:TrackPointExtension>
      <gpxtpx:atemp>18</gpxtpx:atemp>
     </gpxtpx:TrackPointExtension>
    </extensions>
   </trkpt>
   <trkpt lat="46.9585800" lon="3.0754880">
    <ele>179.0</ele>
    <time>2024-08-18T10:47:42Z</time>
    <extensions>
     <gpxtpx:TrackPointExtension>
      <gpxtpx:atemp>18</gpxtpx:atemp>
     </gpxtpx:TrackPointExtension>
    </extensions>
   </trkpt>
   <trkpt lat="46.9588080" lon="3.0751350">
    <ele>178.8</ele>
    <time>2024-08-18T10:47:52Z</time>
    <extensions>
     <gpxtpx:TrackPointExtension>
      <gpxtpx:atemp>18</gpxtpx:atemp>
     </gpxtpx:TrackPointExtension>
    </extensions>
   </trkpt>
   <trkpt lat="46.9590340" lon="3.0748140">
    <ele>179.4</ele>
    <time>2024-08-18T10:48:01Z</time>
    <extensions>
     <gpxtpx:TrackPointExtension>
      <gpxtpx:atemp>18</gpxtpx:atemp>
     </gpxtpx:TrackPointExtension>
    </extensions>
   </trkpt>
   <trkpt lat="46.9591070" lon="3.0747040">
    <ele>179.6</ele>
    <time>2024-08-18T10:48:04Z</time>
    <extensions>
     <gpxtpx:TrackPointExtension>
      <gpxtpx:atemp>18</gpxtpx:atemp>
     </gpxtpx:TrackPointExtension>
    </extensions>
   </trkpt>
   <trkpt lat="46.9593520" lon="3.0743220">
    <ele>179.6</ele>
    <time>2024-08-18T10:48:14Z</time>
    <extensions>
     <gpxtpx:TrackPointExtension>
      <gpxtpx:atemp>18</gpxtpx:atemp>
     </gpxtpx:TrackPointExtension>
    </extensions>
   </trkpt>
   <trkpt lat="46.9595420" lon="3.0739560">
    <ele>179.4</ele>
    <time>2024-08-18T10:48:23Z</time>
    <extensions>
     <gpxtpx:TrackPointExtension>
      <gpxtpx:atemp>18</gpxtpx:atemp>
     </gpxtpx:TrackPointExtension>
    </extensions>
   </trkpt>
   <trkpt lat="46.9597330" lon="3.0735700">
    <ele>179.4</ele>
    <time>2024-08-18T10:48:32Z</time>
    <extensions>
     <gpxtpx:TrackPointExtension>
      <gpxtpx:atemp>18</gpxtpx:atemp>
     </gpxtpx:TrackPointExtension>
    </extensions>
   </trkpt>
   <trkpt lat="46.9599260" lon="3.0731390">
    <ele>179.0</ele>
    <time>2024-08-18T10:48:42Z</time>
    <extensions>
     <gpxtpx:TrackPointExtension>
      <gpxtpx:atemp>18</gpxtpx:atemp>
     </gpxtpx:TrackPointExtension>
    </extensions>
   </trkpt>
   <trkpt lat="46.9601110" lon="3.0727190">
    <ele>179.0</ele>
    <time>2024-08-18T10:48:51Z</time>
    <extensions>
     <gpxtpx:TrackPointExtension>
      <gpxtpx:atemp>18</gpxtpx:atemp>
     </gpxtpx:TrackPointExtension>
    </extensions>
   </trkpt>
   <trkpt lat="46.9603270" lon="3.0722520">
    <ele>178.8</ele>
    <time>2024-08-18T10:49:00Z</time>
    <extensions>
     <gpxtpx:TrackPointExtension>
      <gpxtpx:atemp>18</gpxtpx:atemp>
     </gpxtpx:TrackPointExtension>
    </extensions>
   </trkpt>
   <trkpt lat="46.9605060" lon="3.0718280">
    <ele>179.0</ele>
    <time>2024-08-18T10:49:08Z</time>
    <extensions>
     <gpxtpx:TrackPointExtension>
      <gpxtpx:atemp>18</gpxtpx:atemp>
     </gpxtpx:TrackPointExtension>
    </extensions>
   </trkpt>
   <trkpt lat="46.9607710" lon="3.0712010">
    <ele>179.0</ele>
    <time>2024-08-18T10:49:20Z</time>
    <extensions>
     <gpxtpx:TrackPointExtension>
      <gpxtpx:atemp>18</gpxtpx:atemp>
     </gpxtpx:TrackPointExtension>
    </extensions>
   </trkpt>
   <trkpt lat="46.9608590" lon="3.0709990">
    <ele>179.0</ele>
    <time>2024-08-18T10:49:24Z</time>
    <extensions>
     <gpxtpx:TrackPointExtension>
      <gpxtpx:atemp>18</gpxtpx:atemp>
     </gpxtpx:TrackPointExtension>
    </extensions>
   </trkpt>
   <trkpt lat="46.9609030" lon="3.0707600">
    <ele>178.8</ele>
    <time>2024-08-18T10:49:28Z</time>
    <extensions>
     <gpxtpx:TrackPointExtension>
      <gpxtpx:atemp>18</gpxtpx:atemp>
     </gpxtpx:TrackPointExtension>
    </extensions>
   </trkpt>
   <trkpt lat="46.9609400" lon="3.0705080">
    <ele>178.2</ele>
    <time>2024-08-18T10:49:31Z</time>
    <extensions>
     <gpxtpx:TrackPointExtension>
      <gpxtpx:atemp>18</gpxtpx:atemp>
     </gpxtpx:TrackPointExtension>
    </extensions>
   </trkpt>
   <trkpt lat="46.9609730" lon="3.0703190">
    <ele>177.8</ele>
    <time>2024-08-18T10:49:33Z</time>
    <extensions>
     <gpxtpx:TrackPointExtension>
      <gpxtpx:atemp>18</gpxtpx:atemp>
     </gpxtpx:TrackPointExtension>
    </extensions>
   </trkpt>
   <trkpt lat="46.9610060" lon="3.0701370">
    <ele>177.0</ele>
    <time>2024-08-18T10:49:35Z</time>
    <extensions>
     <gpxtpx:TrackPointExtension>
      <gpxtpx:atemp>18</gpxtpx:atemp>
     </gpxtpx:TrackPointExtension>
    </extensions>
   </trkpt>
   <trkpt lat="46.9611210" lon="3.0697170">
    <ele>176.0</ele>
    <time>2024-08-18T10:49:40Z</time>
    <extensions>
     <gpxtpx:TrackPointExtension>
      <gpxtpx:atemp>18</gpxtpx:atemp>
     </gpxtpx:TrackPointExtension>
    </extensions>
   </trkpt>
   <trkpt lat="46.9612800" lon="3.0692580">
    <ele>175.4</ele>
    <time>2024-08-18T10:49:46Z</time>
    <extensions>
     <gpxtpx:TrackPointExtension>
      <gpxtpx:atemp>18</gpxtpx:atemp>
     </gpxtpx:TrackPointExtension>
    </extensions>
   </trkpt>
   <trkpt lat="46.9614310" lon="3.0687690">
    <ele>176.0</ele>
    <time>2024-08-18T10:49:53Z</time>
    <extensions>
     <gpxtpx:TrackPointExtension>
      <gpxtpx:atemp>18</gpxtpx:atemp>
     </gpxtpx:TrackPointExtension>
    </extensions>
   </trkpt>
   <trkpt lat="46.9616500" lon="3.0681920">
    <ele>175.4</ele>
    <time>2024-08-18T10:50:02Z</time>
    <extensions>
     <gpxtpx:TrackPointExtension>
      <gpxtpx:atemp>18</gpxtpx:atemp>
     </gpxtpx:TrackPointExtension>
    </extensions>
   </trkpt>
   <trkpt lat="46.9618050" lon="3.0678840">
    <ele>175.2</ele>
    <time>2024-08-18T10:50:07Z</time>
    <extensions>
     <gpxtpx:TrackPointExtension>
      <gpxtpx:atemp>18</gpxtpx:atemp>
     </gpxtpx:TrackPointExtension>
    </extensions>
   </trkpt>
   <trkpt lat="46.9618270" lon="3.0678150">
    <ele>174.8</ele>
    <time>2024-08-18T10:50:08Z</time>
    <extensions>
     <gpxtpx:TrackPointExtension>
      <gpxtpx:atemp>18</gpxtpx:atemp>
     </gpxtpx:TrackPointExtension>
    </extensions>
   </trkpt>
   <trkpt lat="46.9618420" lon="3.0677410">
    <ele>174.8</ele>
    <time>2024-08-18T10:50:09Z</time>
    <extensions>
     <gpxtpx:TrackPointExtension>
      <gpxtpx:atemp>18</gpxtpx:atemp>
     </gpxtpx:TrackPointExtension>
    </extensions>
   </trkpt>
   <trkpt lat="46.9618170" lon="3.0674400">
    <ele>174.6</ele>
    <time>2024-08-18T10:50:13Z</time>
    <extensions>
     <gpxtpx:TrackPointExtension>
      <gpxtpx:atemp>18</gpxtpx:atemp>
     </gpxtpx:TrackPointExtension>
    </extensions>
   </trkpt>
   <trkpt lat="46.9617960" lon="3.0673730">
    <ele>174.6</ele>
    <time>2024-08-18T10:50:14Z</time>
    <extensions>
     <gpxtpx:TrackPointExtension>
      <gpxtpx:atemp>18</gpxtpx:atemp>
     </gpxtpx:TrackPointExtension>
    </extensions>
   </trkpt>
   <trkpt lat="46.9617250" lon="3.0671160">
    <ele>174.6</ele>
    <time>2024-08-18T10:50:18Z</time>
    <extensions>
     <gpxtpx:TrackPointExtension>
      <gpxtpx:atemp>18</gpxtpx:atemp>
     </gpxtpx:TrackPointExtension>
    </extensions>
   </trkpt>
   <trkpt lat="46.9617160" lon="3.0670500">
    <ele>174.6</ele>
    <time>2024-08-18T10:50:19Z</time>
    <extensions>
     <gpxtpx:TrackPointExtension>
      <gpxtpx:atemp>18</gpxtpx:atemp>
     </gpxtpx:TrackPointExtension>
    </extensions>
   </trkpt>
   <trkpt lat="46.9617340" lon="3.0667120">
    <ele>174.8</ele>
    <time>2024-08-18T10:50:24Z</time>
    <extensions>
     <gpxtpx:TrackPointExtension>
      <gpxtpx:atemp>17</gpxtpx:atemp>
     </gpxtpx:TrackPointExtension>
    </extensions>
   </trkpt>
   <trkpt lat="46.9617470" lon="3.0666460">
    <ele>174.8</ele>
    <time>2024-08-18T10:50:25Z</time>
    <extensions>
     <gpxtpx:TrackPointExtension>
      <gpxtpx:atemp>17</gpxtpx:atemp>
     </gpxtpx:TrackPointExtension>
    </extensions>
   </trkpt>
   <trkpt lat="46.9618600" lon="3.0661880">
    <ele>174.8</ele>
    <time>2024-08-18T10:50:32Z</time>
    <extensions>
     <gpxtpx:TrackPointExtension>
      <gpxtpx:atemp>17</gpxtpx:atemp>
     </gpxtpx:TrackPointExtension>
    </extensions>
   </trkpt>
   <trkpt lat="46.9620000" lon="3.0655000">
    <ele>175.4</ele>
    <time>2024-08-18T10:50:43Z</time>
    <extensions>
     <gpxtpx:TrackPointExtension>
      <gpxtpx:atemp>17</gpxtpx:atemp>
     </gpxtpx:TrackPointExtension>
    </extensions>
   </trkpt>
   <trkpt lat="46.9620910" lon="3.0649750">
    <ele>175.4</ele>
    <time>2024-08-18T10:50:52Z</time>
    <extensions>
     <gpxtpx:TrackPointExtension>
      <gpxtpx:atemp>17</gpxtpx:atemp>
     </gpxtpx:TrackPointExtension>
    </extensions>
   </trkpt>
   <trkpt lat="46.9621980" lon="3.0643220">
    <ele>175.4</ele>
    <time>2024-08-18T10:51:03Z</time>
    <extensions>
     <gpxtpx:TrackPointExtension>
      <gpxtpx:atemp>17</gpxtpx:atemp>
     </gpxtpx:TrackPointExtension>
    </extensions>
   </trkpt>
   <trkpt lat="46.9622810" lon="3.0638210">
    <ele>175.0</ele>
    <time>2024-08-18T10:51:11Z</time>
    <extensions>
     <gpxtpx:TrackPointExtension>
      <gpxtpx:atemp>17</gpxtpx:atemp>
     </gpxtpx:TrackPointExtension>
    </extensions>
   </trkpt>
   <trkpt lat="46.9623010" lon="3.0636900">
    <ele>175.0</ele>
    <time>2024-08-18T10:51:13Z</time>
    <extensions>
     <gpxtpx:TrackPointExtension>
      <gpxtpx:atemp>17</gpxtpx:atemp>
     </gpxtpx:TrackPointExtension>
    </extensions>
   </trkpt>
   <trkpt lat="46.9623820" lon="3.0629510">
    <ele>174.8</ele>
    <time>2024-08-18T10:51:24Z</time>
    <extensions>
     <gpxtpx:TrackPointExtension>
      <gpxtpx:atemp>17</gpxtpx:atemp>
     </gpxtpx:TrackPointExtension>
    </extensions>
   </trkpt>
   <trkpt lat="46.9624310" lon="3.0624990">
    <ele>174.6</ele>
    <time>2024-08-18T10:51:31Z</time>
    <extensions>
     <gpxtpx:TrackPointExtension>
      <gpxtpx:atemp>17</gpxtpx:atemp>
     </gpxtpx:TrackPointExtension>
    </extensions>
   </trkpt>
   <trkpt lat="46.9624910" lon="3.0619570">
    <ele>174.4</ele>
    <time>2024-08-18T10:51:40Z</time>
    <extensions>
     <gpxtpx:TrackPointExtension>
      <gpxtpx:atemp>17</gpxtpx:atemp>
     </gpxtpx:TrackPointExtension>
    </extensions>
   </trkpt>
   <trkpt lat="46.9626320" lon="3.0614690">
    <ele>174.6</ele>
    <time>2024-08-18T10:51:49Z</time>
    <extensions>
     <gpxtpx:TrackPointExtension>
      <gpxtpx:atemp>17</gpxtpx:atemp>
     </gpxtpx:TrackPointExtension>
    </extensions>
   </trkpt>
   <trkpt lat="46.9627790" lon="3.0610610">
    <ele>174.8</ele>
    <time>2024-08-18T10:51:57Z</time>
    <extensions>
     <gpxtpx:TrackPointExtension>
      <gpxtpx:atemp>17</gpxtpx:atemp>
     </gpxtpx:TrackPointExtension>
    </extensions>
   </trkpt>
   <trkpt lat="46.9629540" lon="3.0605270">
    <ele>175.0</ele>
    <time>2024-08-18T10:52:07Z</time>
    <extensions>
     <gpxtpx:TrackPointExtension>
      <gpxtpx:atemp>17</gpxtpx:atemp>
     </gpxtpx:TrackPointExtension>
    </extensions>
   </trkpt>
   <trkpt lat="46.9631120" lon="3.0599820">
    <ele>175.4</ele>
    <time>2024-08-18T10:52:17Z</time>
    <extensions>
     <gpxtpx:TrackPointExtension>
      <gpxtpx:atemp>17</gpxtpx:atemp>
     </gpxtpx:TrackPointExtension>
    </extensions>
   </trkpt>
   <trkpt lat="46.9631750" lon="3.0595660">
    <ele>175.6</ele>
    <time>2024-08-18T10:52:24Z</time>
    <extensions>
     <gpxtpx:TrackPointExtension>
      <gpxtpx:atemp>17</gpxtpx:atemp>
     </gpxtpx:TrackPointExtension>
    </extensions>
   </trkpt>
   <trkpt lat="46.9631910" lon="3.0593230">
    <ele>175.2</ele>
    <time>2024-08-18T10:52:28Z</time>
    <extensions>
     <gpxtpx:TrackPointExtension>
      <gpxtpx:atemp>17</gpxtpx:atemp>
     </gpxtpx:TrackPointExtension>
    </extensions>
   </trkpt>
   <trkpt lat="46.9632380" lon="3.0590910">
    <ele>175.2</ele>
    <time>2024-08-18T10:52:32Z</time>
    <extensions>
     <gpxtpx:TrackPointExtension>
      <gpxtpx:atemp>17</gpxtpx:atemp>
     </gpxtpx:TrackPointExtension>
    </extensions>
   </trkpt>
   <trkpt lat="46.9633260" lon="3.0585630">
    <ele>175.6</ele>
    <time>2024-08-18T10:52:41Z</time>
    <extensions>
     <gpxtpx:TrackPointExtension>
      <gpxtpx:atemp>17</gpxtpx:atemp>
     </gpxtpx:TrackPointExtension>
    </extensions>
   </trkpt>
   <trkpt lat="46.9633280" lon="3.0585040">
    <ele>175.6</ele>
    <time>2024-08-18T10:52:42Z</time>
    <extensions>
     <gpxtpx:TrackPointExtension>
      <gpxtpx:atemp>17</gpxtpx:atemp>
     </gpxtpx:TrackPointExtension>
    </extensions>
   </trkpt>
   <trkpt lat="46.9633270" lon="3.0580960">
    <ele>175.6</ele>
    <time>2024-08-18T10:52:49Z</time>
    <extensions>
     <gpxtpx:TrackPointExtension>
      <gpxtpx:atemp>17</gpxtpx:atemp>
     </gpxtpx:TrackPointExtension>
    </extensions>
   </trkpt>
   <trkpt lat="46.9633220" lon="3.0580380">
    <ele>175.6</ele>
    <time>2024-08-18T10:52:50Z</time>
    <extensions>
     <gpxtpx:TrackPointExtension>
      <gpxtpx:atemp>17</gpxtpx:atemp>
     </gpxtpx:TrackPointExtension>
    </extensions>
   </trkpt>
   <trkpt lat="46.9632590" lon="3.0579020">
    <ele>175.8</ele>
    <time>2024-08-18T10:52:53Z</time>
    <extensions>
     <gpxtpx:TrackPointExtension>
      <gpxtpx:atemp>17</gpxtpx:atemp>
     </gpxtpx:TrackPointExtension>
    </extensions>
   </trkpt>
   <trkpt lat="46.9630290" lon="3.0577610">
    <ele>175.8</ele>
    <time>2024-08-18T10:52:59Z</time>
    <extensions>
     <gpxtpx:TrackPointExtension>
      <gpxtpx:atemp>17</gpxtpx:atemp>
     </gpxtpx:TrackPointExtension>
    </extensions>
   </trkpt>
   <trkpt lat="46.9627310" lon="3.0576090">
    <ele>176.0</ele>
    <time>2024-08-18T10:53:07Z</time>
    <extensions>
     <gpxtpx:TrackPointExtension>
      <gpxtpx:atemp>17</gpxtpx:atemp>
     </gpxtpx:TrackPointExtension>
    </extensions>
   </trkpt>
   <trkpt lat="46.9626370" lon="3.0575440">
    <ele>176.8</ele>
    <time>2024-08-18T10:53:11Z</time>
    <extensions>
     <gpxtpx:TrackPointExtension>
      <gpxtpx:atemp>17</gpxtpx:atemp>
     </gpxtpx:TrackPointExtension>
    </extensions>
   </trkpt>
   <trkpt lat="46.9626300" lon="3.0575220">
    <ele>177.0</ele>
    <time>2024-08-18T10:53:12Z</time>
    <extensions>
     <gpxtpx:TrackPointExtension>
      <gpxtpx:atemp>17</gpxtpx:atemp>
     </gpxtpx:TrackPointExtension>
    </extensions>
   </trkpt>
   <trkpt lat="46.9626830" lon="3.0574450">
    <ele>177.0</ele>
    <time>2024-08-18T10:53:16Z</time>
    <extensions>
     <gpxtpx:TrackPointExtension>
      <gpxtpx:atemp>17</gpxtpx:atemp>
     </gpxtpx:TrackPointExtension>
    </extensions>
   </trkpt>
   <trkpt lat="46.9627130" lon="3.0574260">
    <ele>176.8</ele>
    <time>2024-08-18T10:53:17Z</time>
    <extensions>
     <gpxtpx:TrackPointExtension>
      <gpxtpx:atemp>17</gpxtpx:atemp>
     </gpxtpx:TrackPointExtension>
    </extensions>
   </trkpt>
   <trkpt lat="46.9628440" lon="3.0573310">
    <ele>176.4</ele>
    <time>2024-08-18T10:53:21Z</time>
    <extensions>
     <gpxtpx:TrackPointExtension>
      <gpxtpx:atemp>17</gpxtpx:atemp>
     </gpxtpx:TrackPointExtension>
    </extensions>
   </trkpt>
   <trkpt lat="46.9630760" lon="3.0571610">
    <ele>177.0</ele>
    <time>2024-08-18T10:53:28Z</time>
    <extensions>
     <gpxtpx:TrackPointExtension>
      <gpxtpx:atemp>16</gpxtpx:atemp>
     </gpxtpx:TrackPointExtension>
    </extensions>
   </trkpt>
   <trkpt lat="46.9633950" lon="3.0568920">
    <ele>176.8</ele>
    <time>2024-08-18T10:53:37Z</time>
    <extensions>
     <gpxtpx:TrackPointExtension>
      <gpxtpx:atemp>16</gpxtpx:atemp>
     </gpxtpx:TrackPointExtension>
    </extensions>
   </trkpt>
   <trkpt lat="46.9637370" lon="3.0566070">
    <ele>177.0</ele>
    <time>2024-08-18T10:53:46Z</time>
    <extensions>
     <gpxtpx:TrackPointExtension>
      <gpxtpx:atemp>16</gpxtpx:atemp>
     </gpxtpx:TrackPointExtension>
    </extensions>
   </trkpt>
   <trkpt lat="46.9640070" lon="3.0563490">
    <ele>177.2</ele>
    <time>2024-08-18T10:53:53Z</time>
    <extensions>
     <gpxtpx:TrackPointExtension>
      <gpxtpx:atemp>16</gpxtpx:atemp>
     </gpxtpx:TrackPointExtension>
    </extensions>
   </trkpt>
   <trkpt lat="46.9642850" lon="3.0561200">
    <ele>177.0</ele>
    <time>2024-08-18T10:54:00Z</time>
    <extensions>
     <gpxtpx:TrackPointExtension>
      <gpxtpx:atemp>16</gpxtpx:atemp>
     </gpxtpx:TrackPointExtension>
    </extensions>
   </trkpt>
   <trkpt lat="46.9646870" lon="3.0558180">
    <ele>176.8</ele>
    <time>2024-08-18T10:54:10Z</time>
    <extensions>
     <gpxtpx:TrackPointExtension>
      <gpxtpx:atemp>16</gpxtpx:atemp>
     </gpxtpx:TrackPointExtension>
    </extensions>
   </trkpt>
   <trkpt lat="46.9648520" lon="3.0556960">
    <ele>176.4</ele>
    <time>2024-08-18T10:54:14Z</time>
    <extensions>
     <gpxtpx:TrackPointExtension>
      <gpxtpx:atemp>16</gpxtpx:atemp>
     </gpxtpx:TrackPointExtension>
    </extensions>
   </trkpt>
   <trkpt lat="46.9649410" lon="3.0556410">
    <ele>176.4</ele>
    <time>2024-08-18T10:54:16Z</time>
    <extensions>
     <gpxtpx:TrackPointExtension>
      <gpxtpx:atemp>16</gpxtpx:atemp>
     </gpxtpx:TrackPointExtension>
    </extensions>
   </trkpt>
   <trkpt lat="46.9652240" lon="3.0554670">
    <ele>176.6</ele>
    <time>2024-08-18T10:54:23Z</time>
    <extensions>
     <gpxtpx:TrackPointExtension>
      <gpxtpx:atemp>16</gpxtpx:atemp>
     </gpxtpx:TrackPointExtension>
    </extensions>
   </trkpt>
   <trkpt lat="46.9654180" lon="3.0553650">
    <ele>176.4</ele>
    <time>2024-08-18T10:54:28Z</time>
    <extensions>
     <gpxtpx:TrackPointExtension>
      <gpxtpx:atemp>16</gpxtpx:atemp>
     </gpxtpx:TrackPointExtension>
    </extensions>
   </trkpt>
   <trkpt lat="46.9656660" lon="3.0552260">
    <ele>176.6</ele>
    <time>2024-08-18T10:54:35Z</time>
    <extensions>
     <gpxtpx:TrackPointExtension>
      <gpxtpx:atemp>16</gpxtpx:atemp>
     </gpxtpx:TrackPointExtension>
    </extensions>
   </trkpt>
   <trkpt lat="46.9657410" lon="3.0551960">
    <ele>176.6</ele>
    <time>2024-08-18T10:54:37Z</time>
    <extensions>
     <gpxtpx:TrackPointExtension>
      <gpxtpx:atemp>16</gpxtpx:atemp>
     </gpxtpx:TrackPointExtension>
    </extensions>
   </trkpt>
   <trkpt lat="46.9658690" lon="3.0551200">
    <ele>176.6</ele>
    <time>2024-08-18T10:54:40Z</time>
    <extensions>
     <gpxtpx:TrackPointExtension>
      <gpxtpx:atemp>16</gpxtpx:atemp>
     </gpxtpx:TrackPointExtension>
    </extensions>
   </trkpt>
   <trkpt lat="46.9659140" lon="3.0550920">
    <ele>176.4</ele>
    <time>2024-08-18T10:54:41Z</time>
    <extensions>
     <gpxtpx:TrackPointExtension>
      <gpxtpx:atemp>16</gpxtpx:atemp>
     </gpxtpx:TrackPointExtension>
    </extensions>
   </trkpt>
   <trkpt lat="46.9660480" lon="3.0550250">
    <ele>176.4</ele>
    <time>2024-08-18T10:54:44Z</time>
    <extensions>
     <gpxtpx:TrackPointExtension>
      <gpxtpx:atemp>16</gpxtpx:atemp>
     </gpxtpx:TrackPointExtension>
    </extensions>
   </trkpt>
   <trkpt lat="46.9661810" lon="3.0549520">
    <ele>176.2</ele>
    <time>2024-08-18T10:54:47Z</time>
    <extensions>
     <gpxtpx:TrackPointExtension>
      <gpxtpx:atemp>16</gpxtpx:atemp>
     </gpxtpx:TrackPointExtension>
    </extensions>
   </trkpt>
   <trkpt lat="46.9662700" lon="3.0549050">
    <ele>176.0</ele>
    <time>2024-08-18T10:54:49Z</time>
    <extensions>
     <gpxtpx:TrackPointExtension>
      <gpxtpx:atemp>16</gpxtpx:atemp>
     </gpxtpx:TrackPointExtension>
    </extensions>
   </trkpt>
   <trkpt lat="46.9665160" lon="3.0547800">
    <ele>176.2</ele>
    <time>2024-08-18T10:54:55Z</time>
    <extensions>
     <gpxtpx:TrackPointExtension>
      <gpxtpx:atemp>16</gpxtpx:atemp>
     </gpxtpx:TrackPointExtension>
    </extensions>
   </trkpt>
   <trkpt lat="46.9667200" lon="3.0546430">
    <ele>176.8</ele>
    <time>2024-08-18T10:55:00Z</time>
    <extensions>
     <gpxtpx:TrackPointExtension>
      <gpxtpx:atemp>16</gpxtpx:atemp>
     </gpxtpx:TrackPointExtension>
    </extensions>
   </trkpt>
   <trkpt lat="46.9669260" lon="3.0545000">
    <ele>177.0</ele>
    <time>2024-08-18T10:55:05Z</time>
    <extensions>
     <gpxtpx:TrackPointExtension>
      <gpxtpx:atemp>16</gpxtpx:atemp>
     </gpxtpx:TrackPointExtension>
    </extensions>
   </trkpt>
   <trkpt lat="46.9669970" lon="3.0544580">
    <ele>177.0</ele>
    <time>2024-08-18T10:55:07Z</time>
    <extensions>
     <gpxtpx:TrackPointExtension>
      <gpxtpx:atemp>16</gpxtpx:atemp>
     </gpxtpx:TrackPointExtension>
    </extensions>
   </trkpt>
   <trkpt lat="46.9672250" lon="3.0542920">
    <ele>177.0</ele>
    <time>2024-08-18T10:55:13Z</time>
    <extensions>
     <gpxtpx:TrackPointExtension>
      <gpxtpx:atemp>16</gpxtpx:atemp>
     </gpxtpx:TrackPointExtension>
    </extensions>
   </trkpt>
   <trkpt lat="46.9673550" lon="3.0541830">
    <ele>176.8</ele>
    <time>2024-08-18T10:55:16Z</time>
    <extensions>
     <gpxtpx:TrackPointExtension>
      <gpxtpx:atemp>16</gpxtpx:atemp>
     </gpxtpx:TrackPointExtension>
    </extensions>
   </trkpt>
   <trkpt lat="46.9674350" lon="3.0541200">
    <ele>176.8</ele>
    <time>2024-08-18T10:55:18Z</time>
    <extensions>
     <gpxtpx:TrackPointExtension>
      <gpxtpx:atemp>16</gpxtpx:atemp>
     </gpxtpx:TrackPointExtension>
    </extensions>
   </trkpt>
   <trkpt lat="46.9676710" lon="3.0539530">
    <ele>176.8</ele>
    <time>2024-08-18T10:55:24Z</time>
    <extensions>
     <gpxtpx:TrackPointExtension>
      <gpxtpx:atemp>16</gpxtpx:atemp>
     </gpxtpx:TrackPointExtension>
    </extensions>
   </trkpt>
   <trkpt lat="46.9678740" lon="3.0538170">
    <ele>176.6</ele>
    <time>2024-08-18T10:55:29Z</time>
    <extensions>
     <gpxtpx:TrackPointExtension>
      <gpxtpx:atemp>16</gpxtpx:atemp>
     </gpxtpx:TrackPointExtension>
    </extensions>
   </trkpt>
   <trkpt lat="46.9681060" lon="3.0536470">
    <ele>176.6</ele>
    <time>2024-08-18T10:55:35Z</time>
    <extensions>
     <gpxtpx:TrackPointExtension>
      <gpxtpx:atemp>16</gpxtpx:atemp>
     </gpxtpx:TrackPointExtension>
    </extensions>
   </trkpt>
   <trkpt lat="46.9683260" lon="3.0534580">
    <ele>176.6</ele>
    <time>2024-08-18T10:55:41Z</time>
    <extensions>
     <gpxtpx:TrackPointExtension>
      <gpxtpx:atemp>16</gpxtpx:atemp>
     </gpxtpx:TrackPointExtension>
    </extensions>
   </trkpt>
   <trkpt lat="46.9685560" lon="3.0532690">
    <ele>176.8</ele>
    <time>2024-08-18T10:55:47Z</time>
    <extensions>
     <gpxtpx:TrackPointExtension>
      <gpxtpx:atemp>16</gpxtpx:atemp>
     </gpxtpx:TrackPointExtension>
    </extensions>
   </trkpt>
   <trkpt lat="46.9687900" lon="3.0530670">
    <ele>176.0</ele>
    <time>2024-08-18T10:55:53Z</time>
    <extensions>
     <gpxtpx:TrackPointExtension>
      <gpxtpx:atemp>16</gpxtpx:atemp>
     </gpxtpx:TrackPointExtension>
    </extensions>
   </trkpt>
   <trkpt lat="46.9690180" lon="3.0528380">
    <ele>176.2</ele>
    <time>2024-08-18T10:55:59Z</time>
    <extensions>
     <gpxtpx:TrackPointExtension>
      <gpxtpx:atemp>16</gpxtpx:atemp>
     </gpxtpx:TrackPointExtension>
    </extensions>
   </trkpt>
   <trkpt lat="46.9692820" lon="3.0525570">
    <ele>176.2</ele>
    <time>2024-08-18T10:56:06Z</time>
    <extensions>
     <gpxtpx:TrackPointExtension>
      <gpxtpx:atemp>16</gpxtpx:atemp>
     </gpxtpx:TrackPointExtension>
    </extensions>
   </trkpt>
   <trkpt lat="46.9695090" lon="3.0523420">
    <ele>176.2</ele>
    <time>2024-08-18T10:56:12Z</time>
    <extensions>
     <gpxtpx:TrackPointExtension>
      <gpxtpx:atemp>16</gpxtpx:atemp>
     </gpxtpx:TrackPointExtension>
    </extensions>
   </trkpt>
   <trkpt lat="46.9697090" lon="3.0521570">
    <ele>176.4</ele>
    <time>2024-08-18T10:56:18Z</time>
    <extensions>
     <gpxtpx:TrackPointExtension>
      <gpxtpx:atemp>16</gpxtpx:atemp>
     </gpxtpx:TrackPointExtension>
    </extensions>
   </trkpt>
   <trkpt lat="46.9699320" lon="3.0519780">
    <ele>175.8</ele>
    <time>2024-08-18T10:56:24Z</time>
    <extensions>
     <gpxtpx:TrackPointExtension>
      <gpxtpx:atemp>16</gpxtpx:atemp>
     </gpxtpx:TrackPointExtension>
    </extensions>
   </trkpt>
   <trkpt lat="46.9701790" lon="3.0517820">
    <ele>175.6</ele>
    <time>2024-08-18T10:56:30Z</time>
    <extensions>
     <gpxtpx:TrackPointExtension>
      <gpxtpx:atemp>16</gpxtpx:atemp>
     </gpxtpx:TrackPointExtension>
    </extensions>
   </trkpt>
   <trkpt lat="46.9704300" lon="3.0516240">
    <ele>175.4</ele>
    <time>2024-08-18T10:56:36Z</time>
    <extensions>
     <gpxtpx:TrackPointExtension>
      <gpxtpx:atemp>16</gpxtpx:atemp>
     </gpxtpx:TrackPointExtension>
    </extensions>
   </trkpt>
   <trkpt lat="46.9707420" lon="3.0514640">
    <ele>175.6</ele>
    <time>2024-08-18T10:56:43Z</time>
    <extensions>
     <gpxtpx:TrackPointExtension>
      <gpxtpx:atemp>16</gpxtpx:atemp>
     </gpxtpx:TrackPointExtension>
    </extensions>
   </trkpt>
   <trkpt lat="46.9710160" lon="3.0513360">
    <ele>176.4</ele>
    <time>2024-08-18T10:56:49Z</time>
    <extensions>
     <gpxtpx:TrackPointExtension>
      <gpxtpx:atemp>16</gpxtpx:atemp>
     </gpxtpx:TrackPointExtension>
    </extensions>
   </trkpt>
   <trkpt lat="46.9710490" lon="3.0513240">
    <ele>176.6</ele>
    <time>2024-08-18T10:56:50Z</time>
    <extensions>
     <gpxtpx:TrackPointExtension>
      <gpxtpx:atemp>16</gpxtpx:atemp>
     </gpxtpx:TrackPointExtension>
    </extensions>
   </trkpt>
   <trkpt lat="46.9711410" lon="3.0512770">
    <ele>177.4</ele>
    <time>2024-08-18T10:56:53Z</time>
    <extensions>
     <gpxtpx:TrackPointExtension>
      <gpxtpx:atemp>16</gpxtpx:atemp>
     </gpxtpx:TrackPointExtension>
    </extensions>
   </trkpt>
   <trkpt lat="46.9713200" lon="3.0511670">
    <ele>177.4</ele>
    <time>2024-08-18T10:56:57Z</time>
    <extensions>
     <gpxtpx:TrackPointExtension>
      <gpxtpx:atemp>16</gpxtpx:atemp>
     </gpxtpx:TrackPointExtension>
    </extensions>
   </trkpt>
   <trkpt lat="46.9716180" lon="3.0510250">
    <ele>176.6</ele>
    <time>2024-08-18T10:57:02Z</time>
    <extensions>
     <gpxtpx:TrackPointExtension>
      <gpxtpx:atemp>16</gpxtpx:atemp>
     </gpxtpx:TrackPointExtension>
    </extensions>
   </trkpt>
   <trkpt lat="46.9717240" lon="3.0509710">
    <ele>176.4</ele>
    <time>2024-08-18T10:57:04Z</time>
    <extensions>
     <gpxtpx:TrackPointExtension>
      <gpxtpx:atemp>16</gpxtpx:atemp>
     </gpxtpx:TrackPointExtension>
    </extensions>
   </trkpt>
   <trkpt lat="46.9718840" lon="3.0508970">
    <ele>176.0</ele>
    <time>2024-08-18T10:57:07Z</time>
    <extensions>
     <gpxtpx:TrackPointExtension>
      <gpxtpx:atemp>16</gpxtpx:atemp>
     </gpxtpx:TrackPointExtension>
    </extensions>
   </trkpt>
   <trkpt lat="46.9722010" lon="3.0507480">
    <ele>176.0</ele>
    <time>2024-08-18T10:57:13Z</time>
    <extensions>
     <gpxtpx:TrackPointExtension>
      <gpxtpx:atemp>16</gpxtpx:atemp>
     </gpxtpx:TrackPointExtension>
    </extensions>
   </trkpt>
   <trkpt lat="46.9725950" lon="3.0505700">
    <ele>176.0</ele>
    <time>2024-08-18T10:57:21Z</time>
    <extensions>
     <gpxtpx:TrackPointExtension>
      <gpxtpx:atemp>16</gpxtpx:atemp>
     </gpxtpx:TrackPointExtension>
    </extensions>
   </trkpt>
   <trkpt lat="46.9727230" lon="3.0504960">
    <ele>175.8</ele>
    <time>2024-08-18T10:57:24Z</time>
    <extensions>
     <gpxtpx:TrackPointExtension>
      <gpxtpx:atemp>16</gpxtpx:atemp>
     </gpxtpx:TrackPointExtension>
    </extensions>
   </trkpt>
   <trkpt lat="46.9728440" lon="3.0504210">
    <ele>175.8</ele>
    <time>2024-08-18T10:57:27Z</time>
    <extensions>
     <gpxtpx:TrackPointExtension>
      <gpxtpx:atemp>16</gpxtpx:atemp>
     </gpxtpx:TrackPointExtension>
    </extensions>
   </trkpt>
   <trkpt lat="46.9731150" lon="3.0501920">
    <ele>176.2</ele>
    <time>2024-08-18T10:57:34Z</time>
    <extensions>
     <gpxtpx:TrackPointExtension>
      <gpxtpx:atemp>16</gpxtpx:atemp>
     </gpxtpx:TrackPointExtension>
    </extensions>
   </trkpt>
   <trkpt lat="46.9733280" lon="3.0499980">
    <ele>176.0</ele>
    <time>2024-08-18T10:57:39Z</time>
    <extensions>
     <gpxtpx:TrackPointExtension>
      <gpxtpx:atemp>16</gpxtpx:atemp>
     </gpxtpx:TrackPointExtension>
    </extensions>
   </trkpt>
   <trkpt lat="46.9734110" lon="3.0499220">
    <ele>176.0</ele>
    <time>2024-08-18T10:57:41Z</time>
    <extensions>
     <gpxtpx:TrackPointExtension>
      <gpxtpx:atemp>16</gpxtpx:atemp>
     </gpxtpx:TrackPointExtension>
    </extensions>
   </trkpt>
   <trkpt lat="46.9735200" lon="3.0498100">
    <ele>176.0</ele>
    <time>2024-08-18T10:57:44Z</time>
    <extensions>
     <gpxtpx:TrackPointExtension>
      <gpxtpx:atemp>16</gpxtpx:atemp>
     </gpxtpx:TrackPointExtension>
    </extensions>
   </trkpt>
   <trkpt lat="46.9735530" lon="3.0497980">
    <ele>175.8</ele>
    <time>2024-08-18T10:57:47Z</time>
    <extensions>
     <gpxtpx:TrackPointExtension>
      <gpxtpx:atemp>16</gpxtpx:atemp>
     </gpxtpx:TrackPointExtension>
    </extensions>
   </trkpt>
   <trkpt lat="46.9735630" lon="3.0498110">
    <ele>174.6</ele>
    <time>2024-08-18T10:58:11Z</time>
    <extensions>
     <gpxtpx:TrackPointExtension>
      <gpxtpx:atemp>16</gpxtpx:atemp>
     </gpxtpx:TrackPointExtension>
    </extensions>
   </trkpt>
   <trkpt lat="46.9735650" lon="3.0498160">
    <ele>174.8</ele>
    <time>2024-08-18T10:58:57Z</time>
    <extensions>
     <gpxtpx:TrackPointExtension>
      <gpxtpx:atemp>16</gpxtpx:atemp>
     </gpxtpx:TrackPointExtension>
    </extensions>
   </trkpt>
   <trkpt lat="46.9736040" lon="3.0497760">
    <ele>175.0</ele>
    <time>2024-08-18T10:59:03Z</time>
    <extensions>
     <gpxtpx:TrackPointExtension>
      <gpxtpx:atemp>16</gpxtpx:atemp>
     </gpxtpx:TrackPointExtension>
    </extensions>
   </trkpt>
   <trkpt lat="46.9737510" lon="3.0496420">
    <ele>175.4</ele>
    <time>2024-08-18T10:59:09Z</time>
    <extensions>
     <gpxtpx:TrackPointExtension>
      <gpxtpx:atemp>16</gpxtpx:atemp>
     </gpxtpx:TrackPointExtension>
    </extensions>
   </trkpt>
   <trkpt lat="46.9740000" lon="3.0494170">
    <ele>175.2</ele>
    <time>2024-08-18T10:59:17Z</time>
    <extensions>
     <gpxtpx:TrackPointExtension>
      <gpxtpx:atemp>16</gpxtpx:atemp>
     </gpxtpx:TrackPointExtension>
    </extensions>
   </trkpt>
   <trkpt lat="46.9743250" lon="3.0491780">
    <ele>175.6</ele>
    <time>2024-08-18T10:59:26Z</time>
    <extensions>
     <gpxtpx:TrackPointExtension>
      <gpxtpx:atemp>16</gpxtpx:atemp>
     </gpxtpx:TrackPointExtension>
    </extensions>
   </trkpt>
   <trkpt lat="46.9744710" lon="3.0490890">
    <ele>175.8</ele>
    <time>2024-08-18T10:59:30Z</time>
    <extensions>
     <gpxtpx:TrackPointExtension>
      <gpxtpx:atemp>16</gpxtpx:atemp>
     </gpxtpx:TrackPointExtension>
    </extensions>
   </trkpt>
   <trkpt lat="46.9745810" lon="3.0490180">
    <ele>175.6</ele>
    <time>2024-08-18T10:59:33Z</time>
    <extensions>
     <gpxtpx:TrackPointExtension>
      <gpxtpx:atemp>16</gpxtpx:atemp>
     </gpxtpx:TrackPointExtension>
    </extensions>
   </trkpt>
   <trkpt lat="46.9749780" lon="3.0488130">
    <ele>176.0</ele>
    <time>2024-08-18T10:59:43Z</time>
    <extensions>
     <gpxtpx:TrackPointExtension>
      <gpxtpx:atemp>16</gpxtpx:atemp>
     </gpxtpx:TrackPointExtension>
    </extensions>
   </trkpt>
   <trkpt lat="46.9751030" lon="3.0487510">
    <ele>175.8</ele>
    <time>2024-08-18T10:59:46Z</time>
    <extensions>
     <gpxtpx:TrackPointExtension>
      <gpxtpx:atemp>16</gpxtpx:atemp>
     </gpxtpx:TrackPointExtension>
    </extensions>
   </trkpt>
   <trkpt lat="46.9751910" lon="3.0487040">
    <ele>175.6</ele>
    <time>2024-08-18T10:59:48Z</time>
    <extensions>
     <gpxtpx:TrackPointExtension>
      <gpxtpx:atemp>16</gpxtpx:atemp>
     </gpxtpx:TrackPointExtension>
    </extensions>
   </trkpt>
   <trkpt lat="46.9752750" lon="3.0486600">
    <ele>175.6</ele>
    <time>2024-08-18T10:59:50Z</time>
    <extensions>
     <gpxtpx:TrackPointExtension>
      <gpxtpx:atemp>16</gpxtpx:atemp>
     </gpxtpx:TrackPointExtension>
    </extensions>
   </trkpt>
   <trkpt lat="46.9754460" lon="3.0485830">
    <ele>175.6</ele>
    <time>2024-08-18T10:59:54Z</time>
    <extensions>
     <gpxtpx:TrackPointExtension>
      <gpxtpx:atemp>16</gpxtpx:atemp>
     </gpxtpx:TrackPointExtension>
    </extensions>
   </trkpt>
   <trkpt lat="46.9757460" lon="3.0484710">
    <ele>175.6</ele>
    <time>2024-08-18T11:00:01Z</time>
    <extensions>
     <gpxtpx:TrackPointExtension>
      <gpxtpx:atemp>16</gpxtpx:atemp>
     </gpxtpx:TrackPointExtension>
    </extensions>
   </trkpt>
   <trkpt lat="46.9760830" lon="3.0483580">
    <ele>175.6</ele>
    <time>2024-08-18T11:00:09Z</time>
    <extensions>
     <gpxtpx:TrackPointExtension>
      <gpxtpx:atemp>16</gpxtpx:atemp>
     </gpxtpx:TrackPointExtension>
    </extensions>
   </trkpt>
   <trkpt lat="46.9764370" lon="3.0482860">
    <ele>175.6</ele>
    <time>2024-08-18T11:00:17Z</time>
    <extensions>
     <gpxtpx:TrackPointExtension>
      <gpxtpx:atemp>16</gpxtpx:atemp>
     </gpxtpx:TrackPointExtension>
    </extensions>
   </trkpt>
   <trkpt lat="46.9767560" lon="3.0482320">
    <ele>175.8</ele>
    <time>2024-08-18T11:00:24Z</time>
    <extensions>
     <gpxtpx:TrackPointExtension>
      <gpxtpx:atemp>16</gpxtpx:atemp>
     </gpxtpx:TrackPointExtension>
    </extensions>
   </trkpt>
   <trkpt lat="46.9768010" lon="3.0482240">
    <ele>176.0</ele>
    <time>2024-08-18T11:00:25Z</time>
    <extensions>
     <gpxtpx:TrackPointExtension>
      <gpxtpx:atemp>16</gpxtpx:atemp>
     </gpxtpx:TrackPointExtension>
    </extensions>
   </trkpt>
   <trkpt lat="46.9771150" lon="3.0481820">
    <ele>175.8</ele>
    <time>2024-08-18T11:00:32Z</time>
    <extensions>
     <gpxtpx:TrackPointExtension>
      <gpxtpx:atemp>16</gpxtpx:atemp>
     </gpxtpx:TrackPointExtension>
    </extensions>
   </trkpt>
   <trkpt lat="46.9775310" lon="3.0481540">
    <ele>175.4</ele>
    <time>2024-08-18T11:00:41Z</time>
    <extensions>
     <gpxtpx:TrackPointExtension>
      <gpxtpx:atemp>16</gpxtpx:atemp>
     </gpxtpx:TrackPointExtension>
    </extensions>
   </trkpt>
   <trkpt lat="46.9778950" lon="3.0481600">
    <ele>175.4</ele>
    <time>2024-08-18T11:00:49Z</time>
    <extensions>
     <gpxtpx:TrackPointExtension>
      <gpxtpx:atemp>16</gpxtpx:atemp>
     </gpxtpx:TrackPointExtension>
    </extensions>
   </trkpt>
   <trkpt lat="46.9782490" lon="3.0481680">
    <ele>175.6</ele>
    <time>2024-08-18T11:00:57Z</time>
    <extensions>
     <gpxtpx:TrackPointExtension>
      <gpxtpx:atemp>16</gpxtpx:atemp>
     </gpxtpx:TrackPointExtension>
    </extensions>
   </trkpt>
   <trkpt lat="46.9785080" lon="3.0481820">
    <ele>175.4</ele>
    <time>2024-08-18T11:01:03Z</time>
    <extensions>
     <gpxtpx:TrackPointExtension>
      <gpxtpx:atemp>16</gpxtpx:atemp>
     </gpxtpx:TrackPointExtension>
    </extensions>
   </trkpt>
   <trkpt lat="46.9788170" lon="3.0482010">
    <ele>175.2</ele>
    <time>2024-08-18T11:01:10Z</time>
    <extensions>
     <gpxtpx:TrackPointExtension>
      <gpxtpx:atemp>16</gpxtpx:atemp>
     </gpxtpx:TrackPointExtension>
    </extensions>
   </trkpt>
   <trkpt lat="46.9791230" lon="3.0482150">
    <ele>175.4</ele>
    <time>2024-08-18T11:01:17Z</time>
    <extensions>
     <gpxtpx:TrackPointExtension>
      <gpxtpx:atemp>16</gpxtpx:atemp>
     </gpxtpx:TrackPointExtension>
    </extensions>
   </trkpt>
   <trkpt lat="46.9794780" lon="3.0482370">
    <ele>175.6</ele>
    <time>2024-08-18T11:01:25Z</time>
    <extensions>
     <gpxtpx:TrackPointExtension>
      <gpxtpx:atemp>16</gpxtpx:atemp>
     </gpxtpx:TrackPointExtension>
    </extensions>
   </trkpt>
   <trkpt lat="46.9798010" lon="3.0482870">
    <ele>175.4</ele>
    <time>2024-08-18T11:01:32Z</time>
    <extensions>
     <gpxtpx:TrackPointExtension>
      <gpxtpx:atemp>16</gpxtpx:atemp>
     </gpxtpx:TrackPointExtension>
    </extensions>
   </trkpt>
   <trkpt lat="46.9801240" lon="3.0483550">
    <ele>175.2</ele>
    <time>2024-08-18T11:01:39Z</time>
    <extensions>
     <gpxtpx:TrackPointExtension>
      <gpxtpx:atemp>16</gpxtpx:atemp>
     </gpxtpx:TrackPointExtension>
    </extensions>
   </trkpt>
   <trkpt lat="46.9804360" lon="3.0484290">
    <ele>175.2</ele>
    <time>2024-08-18T11:01:46Z</time>
    <extensions>
     <gpxtpx:TrackPointExtension>
      <gpxtpx:atemp>16</gpxtpx:atemp>
     </gpxtpx:TrackPointExtension>
    </extensions>
   </trkpt>
   <trkpt lat="46.9808510" lon="3.0485230">
    <ele>175.2</ele>
    <time>2024-08-18T11:01:55Z</time>
    <extensions>
     <gpxtpx:TrackPointExtension>
      <gpxtpx:atemp>16</gpxtpx:atemp>
     </gpxtpx:TrackPointExtension>
    </extensions>
   </trkpt>
   <trkpt lat="46.9811650" lon="3.0486110">
    <ele>175.2</ele>
    <time>2024-08-18T11:02:02Z</time>
    <extensions>
     <gpxtpx:TrackPointExtension>
      <gpxtpx:atemp>16</gpxtpx:atemp>
     </gpxtpx:TrackPointExtension>
    </extensions>
   </trkpt>
   <trkpt lat="46.9815230" lon="3.0487130">
    <ele>175.0</ele>
    <time>2024-08-18T11:02:10Z</time>
    <extensions>
     <gpxtpx:TrackPointExtension>
      <gpxtpx:atemp>16</gpxtpx:atemp>
     </gpxtpx:TrackPointExtension>
    </extensions>
   </trkpt>
   <trkpt lat="46.9818280" lon="3.0487970">
    <ele>175.4</ele>
    <time>2024-08-18T11:02:17Z</time>
    <extensions>
     <gpxtpx:TrackPointExtension>
      <gpxtpx:atemp>16</gpxtpx:atemp>
     </gpxtpx:TrackPointExtension>
    </extensions>
   </trkpt>
   <trkpt lat="46.9821450" lon="3.0488820">
    <ele>175.2</ele>
    <time>2024-08-18T11:02:24Z</time>
    <extensions>
     <gpxtpx:TrackPointExtension>
      <gpxtpx:atemp>16</gpxtpx:atemp>
     </gpxtpx:TrackPointExtension>
    </extensions>
   </trkpt>
   <trkpt lat="46.9824570" lon="3.0489750">
    <ele>175.4</ele>
    <time>2024-08-18T11:02:31Z</time>
    <extensions>
     <gpxtpx:TrackPointExtension>
      <gpxtpx:atemp>16</gpxtpx:atemp>
     </gpxtpx:TrackPointExtension>
    </extensions>
   </trkpt>
   <trkpt lat="46.9827290" lon="3.0490600">
    <ele>175.0</ele>
    <time>2024-08-18T11:02:37Z</time>
    <extensions>
     <gpxtpx:TrackPointExtension>
      <gpxtpx:atemp>16</gpxtpx:atemp>
     </gpxtpx:TrackPointExtension>
    </extensions>
   </trkpt>
   <trkpt lat="46.9830400" lon="3.0491560">
    <ele>175.0</ele>
    <time>2024-08-18T11:02:44Z</time>
    <extensions>
     <gpxtpx:TrackPointExtension>
      <gpxtpx:atemp>16</gpxtpx:atemp>
     </gpxtpx:TrackPointExtension>
    </extensions>
   </trkpt>
   <trkpt lat="46.9833610" lon="3.0492490">
    <ele>175.0</ele>
    <time>2024-08-18T11:02:51Z</time>
    <extensions>
     <gpxtpx:TrackPointExtension>
      <gpxtpx:atemp>16</gpxtpx:atemp>
     </gpxtpx:TrackPointExtension>
    </extensions>
   </trkpt>
   <trkpt lat="46.9837240" lon="3.0493380">
    <ele>175.2</ele>
    <time>2024-08-18T11:02:59Z</time>
    <extensions>
     <gpxtpx:TrackPointExtension>
      <gpxtpx:atemp>16</gpxtpx:atemp>
     </gpxtpx:TrackPointExtension>
    </extensions>
   </trkpt>
   <trkpt lat="46.9840340" lon="3.0494250">
    <ele>175.0</ele>
    <time>2024-08-18T11:03:06Z</time>
    <extensions>
     <gpxtpx:TrackPointExtension>
      <gpxtpx:atemp>16</gpxtpx:atemp>
     </gpxtpx:TrackPointExtension>
    </extensions>
   </trkpt>
   <trkpt lat="46.9843420" lon="3.0495310">
    <ele>175.0</ele>
    <time>2024-08-18T11:03:13Z</time>
    <extensions>
     <gpxtpx:TrackPointExtension>
      <gpxtpx:atemp>16</gpxtpx:atemp>
     </gpxtpx:TrackPointExtension>
    </extensions>
   </trkpt>
   <trkpt lat="46.9844290" lon="3.0495620">
    <ele>175.0</ele>
    <time>2024-08-18T11:03:15Z</time>
    <extensions>
     <gpxtpx:TrackPointExtension>
      <gpxtpx:atemp>16</gpxtpx:atemp>
     </gpxtpx:TrackPointExtension>
    </extensions>
   </trkpt>
   <trkpt lat="46.9845590" lon="3.0496160">
    <ele>175.0</ele>
    <time>2024-08-18T11:03:18Z</time>
    <extensions>
     <gpxtpx:TrackPointExtension>
      <gpxtpx:atemp>16</gpxtpx:atemp>
     </gpxtpx:TrackPointExtension>
    </extensions>
   </trkpt>
   <trkpt lat="46.9849030" lon="3.0497630">
    <ele>174.8</ele>
    <time>2024-08-18T11:03:26Z</time>
    <extensions>
     <gpxtpx:TrackPointExtension>
      <gpxtpx:atemp>16</gpxtpx:atemp>
     </gpxtpx:TrackPointExtension>
    </extensions>
   </trkpt>
   <trkpt lat="46.9852530" lon="3.0499270">
    <ele>175.0</ele>
    <time>2024-08-18T11:03:34Z</time>
    <extensions>
     <gpxtpx:TrackPointExtension>
      <gpxtpx:atemp>16</gpxtpx:atemp>
     </gpxtpx:TrackPointExtension>
    </extensions>
   </trkpt>
   <trkpt lat="46.9855480" lon="3.0500510">
    <ele>175.0</ele>
    <time>2024-08-18T11:03:41Z</time>
    <extensions>
     <gpxtpx:TrackPointExtension>
      <gpxtpx:atemp>16</gpxtpx:atemp>
     </gpxtpx:TrackPointExtension>
    </extensions>
   </trkpt>
   <trkpt lat="46.9857950" lon="3.0501660">
    <ele>175.2</ele>
    <time>2024-08-18T11:03:47Z</time>
    <extensions>
     <gpxtpx:TrackPointExtension>
      <gpxtpx:atemp>16</gpxtpx:atemp>
     </gpxtpx:TrackPointExtension>
    </extensions>
   </trkpt>
   <trkpt lat="46.9860840" lon="3.0502830">
    <ele>175.4</ele>
    <time>2024-08-18T11:03:54Z</time>
    <extensions>
     <gpxtpx:TrackPointExtension>
      <gpxtpx:atemp>16</gpxtpx:atemp>
     </gpxtpx:TrackPointExtension>
    </extensions>
   </trkpt>
   <trkpt lat="46.9863830" lon="3.0504030">
    <ele>175.6</ele>
    <time>2024-08-18T11:04:01Z</time>
    <extensions>
     <gpxtpx:TrackPointExtension>
      <gpxtpx:atemp>16</gpxtpx:atemp>
     </gpxtpx:TrackPointExtension>
    </extensions>
   </trkpt>
   <trkpt lat="46.9866740" lon="3.0505250">
    <ele>175.4</ele>
    <time>2024-08-18T11:04:08Z</time>
    <extensions>
     <gpxtpx:TrackPointExtension>
      <gpxtpx:atemp>16</gpxtpx:atemp>
     </gpxtpx:TrackPointExtension>
    </extensions>
   </trkpt>
   <trkpt lat="46.9870700" lon="3.0506070">
    <ele>175.2</ele>
    <time>2024-08-18T11:04:17Z</time>
    <extensions>
     <gpxtpx:TrackPointExtension>
      <gpxtpx:atemp>16</gpxtpx:atemp>
     </gpxtpx:TrackPointExtension>
    </extensions>
   </trkpt>
   <trkpt lat="46.9874420" lon="3.0506620">
    <ele>175.4</ele>
    <time>2024-08-18T11:04:25Z</time>
    <extensions>
     <gpxtpx:TrackPointExtension>
      <gpxtpx:atemp>16</gpxtpx:atemp>
     </gpxtpx:TrackPointExtension>
    </extensions>
   </trkpt>
   <trkpt lat="46.9878000" lon="3.0506930">
    <ele>175.4</ele>
    <time>2024-08-18T11:04:33Z</time>
    <extensions>
     <gpxtpx:TrackPointExtension>
      <gpxtpx:atemp>16</gpxtpx:atemp>
     </gpxtpx:TrackPointExtension>
    </extensions>
   </trkpt>
   <trkpt lat="46.9881520" lon="3.0506910">
    <ele>175.2</ele>
    <time>2024-08-18T11:04:41Z</time>
    <extensions>
     <gpxtpx:TrackPointExtension>
      <gpxtpx:atemp>16</gpxtpx:atemp>
     </gpxtpx:TrackPointExtension>
    </extensions>
   </trkpt>
   <trkpt lat="46.9884850" lon="3.0506860">
    <ele>175.2</ele>
    <time>2024-08-18T11:04:49Z</time>
    <extensions>
     <gpxtpx:TrackPointExtension>
      <gpxtpx:atemp>16</gpxtpx:atemp>
     </gpxtpx:TrackPointExtension>
    </extensions>
   </trkpt>
   <trkpt lat="46.9888830" lon="3.0506670">
    <ele>174.8</ele>
    <time>2024-08-18T11:04:58Z</time>
    <extensions>
     <gpxtpx:TrackPointExtension>
      <gpxtpx:atemp>16</gpxtpx:atemp>
     </gpxtpx:TrackPointExtension>
    </extensions>
   </trkpt>
   <trkpt lat="46.9893230" lon="3.0506630">
    <ele>174.8</ele>
    <time>2024-08-18T11:05:08Z</time>
    <extensions>
     <gpxtpx:TrackPointExtension>
      <gpxtpx:atemp>16</gpxtpx:atemp>
     </gpxtpx:TrackPointExtension>
    </extensions>
   </trkpt>
   <trkpt lat="46.9895370" lon="3.0506500">
    <ele>174.8</ele>
    <time>2024-08-18T11:05:13Z</time>
    <extensions>
     <gpxtpx:TrackPointExtension>
      <gpxtpx:atemp>16</gpxtpx:atemp>
     </gpxtpx:TrackPointExtension>
    </extensions>
   </trkpt>
   <trkpt lat="46.9896710" lon="3.0506400">
    <ele>174.8</ele>
    <time>2024-08-18T11:05:16Z</time>
    <extensions>
     <gpxtpx:TrackPointExtension>
      <gpxtpx:atemp>16</gpxtpx:atemp>
     </gpxtpx:TrackPointExtension>
    </extensions>
   </trkpt>
   <trkpt lat="46.9898530" lon="3.0506390">
    <ele>174.8</ele>
    <time>2024-08-18T11:05:20Z</time>
    <extensions>
     <gpxtpx:TrackPointExtension>
      <gpxtpx:atemp>16</gpxtpx:atemp>
     </gpxtpx:TrackPointExtension>
    </extensions>
   </trkpt>
   <trkpt lat="46.9899420" lon="3.0506270">
    <ele>174.8</ele>
    <time>2024-08-18T11:05:22Z</time>
    <extensions>
     <gpxtpx:TrackPointExtension>
      <gpxtpx:atemp>16</gpxtpx:atemp>
     </gpxtpx:TrackPointExtension>
    </extensions>
   </trkpt>
   <trkpt lat="46.9902560" lon="3.0506190">
    <ele>174.8</ele>
    <time>2024-08-18T11:05:29Z</time>
    <extensions>
     <gpxtpx:TrackPointExtension>
      <gpxtpx:atemp>16</gpxtpx:atemp>
     </gpxtpx:TrackPointExtension>
    </extensions>
   </trkpt>
   <trkpt lat="46.9906640" lon="3.0506430">
    <ele>175.0</ele>
    <time>2024-08-18T11:05:38Z</time>
    <extensions>
     <gpxtpx:TrackPointExtension>
      <gpxtpx:atemp>16</gpxtpx:atemp>
     </gpxtpx:TrackPointExtension>
    </extensions>
   </trkpt>
   <trkpt lat="46.9911090" lon="3.0506970">
    <ele>175.0</ele>
    <time>2024-08-18T11:05:48Z</time>
    <extensions>
     <gpxtpx:TrackPointExtension>
      <gpxtpx:atemp>16</gpxtpx:atemp>
     </gpxtpx:TrackPointExtension>
    </extensions>
   </trkpt>
   <trkpt lat="46.9915130" lon="3.0506990">
    <ele>175.0</ele>
    <time>2024-08-18T11:05:57Z</time>
    <extensions>
     <gpxtpx:TrackPointExtension>
      <gpxtpx:atemp>16</gpxtpx:atemp>
     </gpxtpx:TrackPointExtension>
    </extensions>
   </trkpt>
   <trkpt lat="46.9916510" lon="3.0506960">
    <ele>175.2</ele>
    <time>2024-08-18T11:06:00Z</time>
    <extensions>
     <gpxtpx:TrackPointExtension>
      <gpxtpx:atemp>16</gpxtpx:atemp>
     </gpxtpx:TrackPointExtension>
    </extensions>
   </trkpt>
   <trkpt lat="46.9918240" lon="3.0507500">
    <ele>175.4</ele>
    <time>2024-08-18T11:06:04Z</time>
    <extensions>
     <gpxtpx:TrackPointExtension>
      <gpxtpx:atemp>16</gpxtpx:atemp>
     </gpxtpx:TrackPointExtension>
    </extensions>
   </trkpt>
   <trkpt lat="46.9920000" lon="3.0507970">
    <ele>175.4</ele>
    <time>2024-08-18T11:06:08Z</time>
    <extensions>
     <gpxtpx:TrackPointExtension>
      <gpxtpx:atemp>16</gpxtpx:atemp>
     </gpxtpx:TrackPointExtension>
    </extensions>
   </trkpt>
   <trkpt lat="46.9921540" lon="3.0508160">
    <ele>175.0</ele>
    <time>2024-08-18T11:06:11Z</time>
    <extensions>
     <gpxtpx:TrackPointExtension>
      <gpxtpx:atemp>16</gpxtpx:atemp>
     </gpxtpx:TrackPointExtension>
    </extensions>
   </trkpt>
   <trkpt lat="46.9922690" lon="3.0508300">
    <ele>174.4</ele>
    <time>2024-08-18T11:06:13Z</time>
    <extensions>
     <gpxtpx:TrackPointExtension>
      <gpxtpx:atemp>16</gpxtpx:atemp>
     </gpxtpx:TrackPointExtension>
    </extensions>
   </trkpt>
   <trkpt lat="46.9926250" lon="3.0508830">
    <ele>173.8</ele>
    <time>2024-08-18T11:06:19Z</time>
    <extensions>
     <gpxtpx:TrackPointExtension>
      <gpxtpx:atemp>16</gpxtpx:atemp>
     </gpxtpx:TrackPointExtension>
    </extensions>
   </trkpt>
   <trkpt lat="46.9931460" lon="3.0509380">
    <ele>173.4</ele>
    <time>2024-08-18T11:06:28Z</time>
    <extensions>
     <gpxtpx:TrackPointExtension>
      <gpxtpx:atemp>16</gpxtpx:atemp>
     </gpxtpx:TrackPointExtension>
    </extensions>
   </trkpt>
   <trkpt lat="46.9936020" lon="3.0509370">
    <ele>173.6</ele>
    <time>2024-08-18T11:06:37Z</time>
    <extensions>
     <gpxtpx:TrackPointExtension>
      <gpxtpx:atemp>16</gpxtpx:atemp>
     </gpxtpx:TrackPointExtension>
    </extensions>
   </trkpt>
   <trkpt lat="46.9938010" lon="3.0509500">
    <ele>175.2</ele>
    <time>2024-08-18T11:06:43Z</time>
    <extensions>
     <gpxtpx:TrackPointExtension>
      <gpxtpx:atemp>16</gpxtpx:atemp>
     </gpxtpx:TrackPointExtension>
    </extensions>
   </trkpt>
   <trkpt lat="46.9938220" lon="3.0509700">
    <ele>175.4</ele>
    <time>2024-08-18T11:06:44Z</time>
    <extensions>
     <gpxtpx:TrackPointExtension>
      <gpxtpx:atemp>16</gpxtpx:atemp>
     </gpxtpx:TrackPointExtension>
    </extensions>
   </trkpt>
   <trkpt lat="46.9938380" lon="3.0510010">
    <ele>175.4</ele>
    <time>2024-08-18T11:06:45Z</time>
    <extensions>
     <gpxtpx:TrackPointExtension>
      <gpxtpx:atemp>16</gpxtpx:atemp>
     </gpxtpx:TrackPointExtension>
    </extensions>
   </trkpt>
   <trkpt lat="46.9938570" lon="3.0511020">
    <ele>175.4</ele>
    <time>2024-08-18T11:06:47Z</time>
    <extensions>
     <gpxtpx:TrackPointExtension>
      <gpxtpx:atemp>16</gpxtpx:atemp>
     </gpxtpx:TrackPointExtension>
    </extensions>
   </trkpt>
   <trkpt lat="46.9938920" lon="3.0512820">
    <ele>175.2</ele>
    <time>2024-08-18T11:06:50Z</time>
    <extensions>
     <gpxtpx:TrackPointExtension>
      <gpxtpx:atemp>16</gpxtpx:atemp>
     </gpxtpx:TrackPointExtension>
    </extensions>
   </trkpt>
   <trkpt lat="46.9939360" lon="3.0513850">
    <ele>175.2</ele>
    <time>2024-08-18T11:06:52Z</time>
    <extensions>
     <gpxtpx:TrackPointExtension>
      <gpxtpx:atemp>16</gpxtpx:atemp>
     </gpxtpx:TrackPointExtension>
    </extensions>
   </trkpt>
   <trkpt lat="46.9940640" lon="3.0515350">
    <ele>175.2</ele>
    <time>2024-08-18T11:06:56Z</time>
    <extensions>
     <gpxtpx:TrackPointExtension>
      <gpxtpx:atemp>16</gpxtpx:atemp>
     </gpxtpx:TrackPointExtension>
    </extensions>
   </trkpt>
   <trkpt lat="46.9941340" lon="3.0516020">
    <ele>175.2</ele>
    <time>2024-08-18T11:06:58Z</time>
    <extensions>
     <gpxtpx:TrackPointExtension>
      <gpxtpx:atemp>16</gpxtpx:atemp>
     </gpxtpx:TrackPointExtension>
    </extensions>
   </trkpt>
   <trkpt lat="46.9944490" lon="3.0518570">
    <ele>175.2</ele>
    <time>2024-08-18T11:07:06Z</time>
    <extensions>
     <gpxtpx:TrackPointExtension>
      <gpxtpx:atemp>16</gpxtpx:atemp>
     </gpxtpx:TrackPointExtension>
    </extensions>
   </trkpt>
   <trkpt lat="46.9947690" lon="3.0521090">
    <ele>174.8</ele>
    <time>2024-08-18T11:07:14Z</time>
    <extensions>
     <gpxtpx:TrackPointExtension>
      <gpxtpx:atemp>16</gpxtpx:atemp>
     </gpxtpx:TrackPointExtension>
    </extensions>
   </trkpt>
   <trkpt lat="46.9950690" lon="3.0523530">
    <ele>174.8</ele>
    <time>2024-08-18T11:07:22Z</time>
    <extensions>
     <gpxtpx:TrackPointExtension>
      <gpxtpx:atemp>16</gpxtpx:atemp>
     </gpxtpx:TrackPointExtension>
    </extensions>
   </trkpt>
   <trkpt lat="46.9952570" lon="3.0524980">
    <ele>174.6</ele>
    <time>2024-08-18T11:07:27Z</time>
    <extensions>
     <gpxtpx:TrackPointExtension>
      <gpxtpx:atemp>16</gpxtpx:atemp>
     </gpxtpx:TrackPointExtension>
    </extensions>
   </trkpt>
   <trkpt lat="46.9954070" lon="3.0526060">
    <ele>174.6</ele>
    <time>2024-08-18T11:07:31Z</time>
    <extensions>
     <gpxtpx:TrackPointExtension>
      <gpxtpx:atemp>16</gpxtpx:atemp>
     </gpxtpx:TrackPointExtension>
    </extensions>
   </trkpt>
   <trkpt lat="46.9957310" lon="3.0528400">
    <ele>174.8</ele>
    <time>2024-08-18T11:07:40Z</time>
    <extensions>
     <gpxtpx:TrackPointExtension>
      <gpxtpx:atemp>16</gpxtpx:atemp>
     </gpxtpx:TrackPointExtension>
    </extensions>
   </trkpt>
   <trkpt lat="46.9960830" lon="3.0530860">
    <ele>175.0</ele>
    <time>2024-08-18T11:07:50Z</time>
    <extensions>
     <gpxtpx:TrackPointExtension>
      <gpxtpx:atemp>16</gpxtpx:atemp>
     </gpxtpx:TrackPointExtension>
    </extensions>
   </trkpt>
   <trkpt lat="46.9964090" lon="3.0533040">
    <ele>175.2</ele>
    <time>2024-08-18T11:07:59Z</time>
    <extensions>
     <gpxtpx:TrackPointExtension>
      <gpxtpx:atemp>16</gpxtpx:atemp>
     </gpxtpx:TrackPointExtension>
    </extensions>
   </trkpt>
   <trkpt lat="46.9968150" lon="3.0535910">
    <ele>175.2</ele>
    <time>2024-08-18T11:08:10Z</time>
    <extensions>
     <gpxtpx:TrackPointExtension>
      <gpxtpx:atemp>16</gpxtpx:atemp>
     </gpxtpx:TrackPointExtension>
    </extensions>
   </trkpt>
   <trkpt lat="46.9972120" lon="3.0538610">
    <ele>174.6</ele>
    <time>2024-08-18T11:08:20Z</time>
    <extensions>
     <gpxtpx:TrackPointExtension>
      <gpxtpx:atemp>16</gpxtpx:atemp>
     </gpxtpx:TrackPointExtension>
    </extensions>
   </trkpt>
   <trkpt lat="46.9975680" lon="3.0540930">
    <ele>174.6</ele>
    <time>2024-08-18T11:08:29Z</time>
    <extensions>
     <gpxtpx:TrackPointExtension>
      <gpxtpx:atemp>16</gpxtpx:atemp>
     </gpxtpx:TrackPointExtension>
    </extensions>
   </trkpt>
   <trkpt lat="46.9976880" lon="3.0541670">
    <ele>174.6</ele>
    <time>2024-08-18T11:08:32Z</time>
    <extensions>
     <gpxtpx:TrackPointExtension>
      <gpxtpx:atemp>16</gpxtpx:atemp>
     </gpxtpx:TrackPointExtension>
    </extensions>
   </trkpt>
   <trkpt lat="46.9978440" lon="3.0542750">
    <ele>175.0</ele>
    <time>2024-08-18T11:08:36Z</time>
    <extensions>
     <gpxtpx:TrackPointExtension>
      <gpxtpx:atemp>16</gpxtpx:atemp>
     </gpxtpx:TrackPointExtension>
    </extensions>
   </trkpt>
   <trkpt lat="46.9982700" lon="3.0545610">
    <ele>174.8</ele>
    <time>2024-08-18T11:08:47Z</time>
    <extensions>
     <gpxtpx:TrackPointExtension>
      <gpxtpx:atemp>16</gpxtpx:atemp>
     </gpxtpx:TrackPointExtension>
    </extensions>
   </trkpt>
   <trkpt lat="46.9987230" lon="3.0548620">
    <ele>175.2</ele>
    <time>2024-08-18T11:08:59Z</time>
    <extensions>
     <gpxtpx:TrackPointExtension>
      <gpxtpx:atemp>16</gpxtpx:atemp>
     </gpxtpx:TrackPointExtension>
    </extensions>
   </trkpt>
   <trkpt lat="46.9991080" lon="3.0550870">
    <ele>175.0</ele>
    <time>2024-08-18T11:09:09Z</time>
    <extensions>
     <gpxtpx:TrackPointExtension>
      <gpxtpx:atemp>16</gpxtpx:atemp>
     </gpxtpx:TrackPointExtension>
    </extensions>
   </trkpt>
   <trkpt lat="46.9995420" lon="3.0553280">
    <ele>175.0</ele>
    <time>2024-08-18T11:09:20Z</time>
    <extensions>
     <gpxtpx:TrackPointExtension>
      <gpxtpx:atemp>16</gpxtpx:atemp>
     </gpxtpx:TrackPointExtension>
    </extensions>
   </trkpt>
   <trkpt lat="46.9999150" lon="3.0556290">
    <ele>174.6</ele>
    <time>2024-08-18T11:09:30Z</time>
    <extensions>
     <gpxtpx:TrackPointExtension>
      <gpxtpx:atemp>16</gpxtpx:atemp>
     </gpxtpx:TrackPointExtension>
    </extensions>
   </trkpt>
   <trkpt lat="47.0002530" lon="3.0558740">
    <ele>174.4</ele>
    <time>2024-08-18T11:09:39Z</time>
    <extensions>
     <gpxtpx:TrackPointExtension>
      <gpxtpx:atemp>16</gpxtpx:atemp>
     </gpxtpx:TrackPointExtension>
    </extensions>
   </trkpt>
   <trkpt lat="47.0006300" lon="3.0560330">
    <ele>174.6</ele>
    <time>2024-08-18T11:09:48Z</time>
    <extensions>
     <gpxtpx:TrackPointExtension>
      <gpxtpx:atemp>16</gpxtpx:atemp>
     </gpxtpx:TrackPointExtension>
    </extensions>
   </trkpt>
   <trkpt lat="47.0010700" lon="3.0562000">
    <ele>174.8</ele>
    <time>2024-08-18T11:09:59Z</time>
    <extensions>
     <gpxtpx:TrackPointExtension>
      <gpxtpx:atemp>16</gpxtpx:atemp>
     </gpxtpx:TrackPointExtension>
    </extensions>
   </trkpt>
   <trkpt lat="47.0015220" lon="3.0563690">
    <ele>174.4</ele>
    <time>2024-08-18T11:10:10Z</time>
    <extensions>
     <gpxtpx:TrackPointExtension>
      <gpxtpx:atemp>16</gpxtpx:atemp>
     </gpxtpx:TrackPointExtension>
    </extensions>
   </trkpt>
   <trkpt lat="47.0018410" lon="3.0565360">
    <ele>174.4</ele>
    <time>2024-08-18T11:10:18Z</time>
    <extensions>
     <gpxtpx:TrackPointExtension>
      <gpxtpx:atemp>16</gpxtpx:atemp>
     </gpxtpx:TrackPointExtension>
    </extensions>
   </trkpt>
   <trkpt lat="47.0022520" lon="3.0568450">
    <ele>174.6</ele>
    <time>2024-08-18T11:10:29Z</time>
    <extensions>
     <gpxtpx:TrackPointExtension>
      <gpxtpx:atemp>16</gpxtpx:atemp>
     </gpxtpx:TrackPointExtension>
    </extensions>
   </trkpt>
   <trkpt lat="47.0026610" lon="3.0571760">
    <ele>174.4</ele>
    <time>2024-08-18T11:10:40Z</time>
    <extensions>
     <gpxtpx:TrackPointExtension>
      <gpxtpx:atemp>16</gpxtpx:atemp>
     </gpxtpx:TrackPointExtension>
    </extensions>
   </trkpt>
   <trkpt lat="47.0031480" lon="3.0575790">
    <ele>174.6</ele>
    <time>2024-08-18T11:10:53Z</time>
    <extensions>
     <gpxtpx:TrackPointExtension>
      <gpxtpx:atemp>16</gpxtpx:atemp>
     </gpxtpx:TrackPointExtension>
    </extensions>
   </trkpt>
   <trkpt lat="47.0034950" lon="3.0578500">
    <ele>174.2</ele>
    <time>2024-08-18T11:11:02Z</time>
    <extensions>
     <gpxtpx:TrackPointExtension>
      <gpxtpx:atemp>16</gpxtpx:atemp>
     </gpxtpx:TrackPointExtension>
    </extensions>
   </trkpt>
   <trkpt lat="47.0037460" lon="3.0580750">
    <ele>174.4</ele>
    <time>2024-08-18T11:11:09Z</time>
    <extensions>
     <gpxtpx:TrackPointExtension>
      <gpxtpx:atemp>16</gpxtpx:atemp>
     </gpxtpx:TrackPointExtension>
    </extensions>
   </trkpt>
   <trkpt lat="47.0038100" lon="3.0581530">
    <ele>174.4</ele>
    <time>2024-08-18T11:11:11Z</time>
    <extensions>
     <gpxtpx:TrackPointExtension>
      <gpxtpx:atemp>16</gpxtpx:atemp>
     </gpxtpx:TrackPointExtension>
    </extensions>
   </trkpt>
   <trkpt lat="47.0040250" lon="3.0585210">
    <ele>174.4</ele>
    <time>2024-08-18T11:11:19Z</time>
    <extensions>
     <gpxtpx:TrackPointExtension>
      <gpxtpx:atemp>16</gpxtpx:atemp>
     </gpxtpx:TrackPointExtension>
    </extensions>
   </trkpt>
   <trkpt lat="47.0043270" lon="3.0591430">
    <ele>174.8</ele>
    <time>2024-08-18T11:11:31Z</time>
    <extensions>
     <gpxtpx:TrackPointExtension>
      <gpxtpx:atemp>16</gpxtpx:atemp>
     </gpxtpx:TrackPointExtension>
    </extensions>
   </trkpt>
   <trkpt lat="47.0045790" lon="3.0597430">
    <ele>175.0</ele>
    <time>2024-08-18T11:11:41Z</time>
    <extensions>
     <gpxtpx:TrackPointExtension>
      <gpxtpx:atemp>16</gpxtpx:atemp>
     </gpxtpx:TrackPointExtension>
    </extensions>
   </trkpt>
   <trkpt lat="47.0048320" lon="3.0603440">
    <ele>174.6</ele>
    <time>2024-08-18T11:11:51Z</time>
    <extensions>
     <gpxtpx:TrackPointExtension>
      <gpxtpx:atemp>16</gpxtpx:atemp>
     </gpxtpx:TrackPointExtension>
    </extensions>
   </trkpt>
   <trkpt lat="47.0050670" lon="3.0608090">
    <ele>174.8</ele>
    <time>2024-08-18T11:11:59Z</time>
    <extensions>
     <gpxtpx:TrackPointExtension>
      <gpxtpx:atemp>16</gpxtpx:atemp>
     </gpxtpx:TrackPointExtension>
    </extensions>
   </trkpt>
   <trkpt lat="47.0053760" lon="3.0613400">
    <ele>174.6</ele>
    <time>2024-08-18T11:12:09Z</time>
    <extensions>
     <gpxtpx:TrackPointExtension>
      <gpxtpx:atemp>16</gpxtpx:atemp>
     </gpxtpx:TrackPointExtension>
    </extensions>
   </trkpt>
   <trkpt lat="47.0057400" lon="3.0619660">
    <ele>174.6</ele>
    <time>2024-08-18T11:12:21Z</time>
    <extensions>
     <gpxtpx:TrackPointExtension>
      <gpxtpx:atemp>16</gpxtpx:atemp>
     </gpxtpx:TrackPointExtension>
    </extensions>
   </trkpt>
   <trkpt lat="47.0057990" lon="3.0620650">
    <ele>174.8</ele>
    <time>2024-08-18T11:12:23Z</time>
    <extensions>
     <gpxtpx:TrackPointExtension>
      <gpxtpx:atemp>16</gpxtpx:atemp>
     </gpxtpx:TrackPointExtension>
    </extensions>
   </trkpt>
   <trkpt lat="47.0060690" lon="3.0625140">
    <ele>174.4</ele>
    <time>2024-08-18T11:12:32Z</time>
    <extensions>
     <gpxtpx:TrackPointExtension>
      <gpxtpx:atemp>16</gpxtpx:atemp>
     </gpxtpx:TrackPointExtension>
    </extensions>
   </trkpt>
   <trkpt lat="47.0063900" lon="3.0629820">
    <ele>174.4</ele>
    <time>2024-08-18T11:12:42Z</time>
    <extensions>
     <gpxtpx:TrackPointExtension>
      <gpxtpx:atemp>16</gpxtpx:atemp>
     </gpxtpx:TrackPointExtension>
    </extensions>
   </trkpt>
   <trkpt lat="47.0067240" lon="3.0633370">
    <ele>174.4</ele>
    <time>2024-08-18T11:12:51Z</time>
    <extensions>
     <gpxtpx:TrackPointExtension>
      <gpxtpx:atemp>16</gpxtpx:atemp>
     </gpxtpx:TrackPointExtension>
    </extensions>
   </trkpt>
   <trkpt lat="47.0069750" lon="3.0636050">
    <ele>174.6</ele>
    <time>2024-08-18T11:12:58Z</time>
    <extensions>
     <gpxtpx:TrackPointExtension>
      <gpxtpx:atemp>16</gpxtpx:atemp>
     </gpxtpx:TrackPointExtension>
    </extensions>
   </trkpt>
   <trkpt lat="47.0073150" lon="3.0638950">
    <ele>174.8</ele>
    <time>2024-08-18T11:13:07Z</time>
    <extensions>
     <gpxtpx:TrackPointExtension>
      <gpxtpx:atemp>16</gpxtpx:atemp>
     </gpxtpx:TrackPointExtension>
    </extensions>
   </trkpt>
   <trkpt lat="47.0076470" lon="3.0642030">
    <ele>174.8</ele>
    <time>2024-08-18T11:13:16Z</time>
    <extensions>
     <gpxtpx:TrackPointExtension>
      <gpxtpx:atemp>16</gpxtpx:atemp>
     </gpxtpx:TrackPointExtension>
    </extensions>
   </trkpt>
   <trkpt lat="47.0079200" lon="3.0645450">
    <ele>174.8</ele>
    <time>2024-08-18T11:13:24Z</time>
    <extensions>
     <gpxtpx:TrackPointExtension>
      <gpxtpx:atemp>16</gpxtpx:atemp>
     </gpxtpx:TrackPointExtension>
    </extensions>
   </trkpt>
   <trkpt lat="47.0082370" lon="3.0649320">
    <ele>174.8</ele>
    <time>2024-08-18T11:13:33Z</time>
    <extensions>
     <gpxtpx:TrackPointExtension>
      <gpxtpx:atemp>16</gpxtpx:atemp>
     </gpxtpx:TrackPointExtension>
    </extensions>
   </trkpt>
   <trkpt lat="47.0085080" lon="3.0652700">
    <ele>174.8</ele>
    <time>2024-08-18T11:13:41Z</time>
    <extensions>
     <gpxtpx:TrackPointExtension>
      <gpxtpx:atemp>16</gpxtpx:atemp>
     </gpxtpx:TrackPointExtension>
    </extensions>
   </trkpt>
   <trkpt lat="47.0087680" lon="3.0657080">
    <ele>174.8</ele>
    <time>2024-08-18T11:13:50Z</time>
    <extensions>
     <gpxtpx:TrackPointExtension>
      <gpxtpx:atemp>16</gpxtpx:atemp>
     </gpxtpx:TrackPointExtension>
    </extensions>
   </trkpt>
   <trkpt lat="47.0090360" lon="3.0662090">
    <ele>175.0</ele>
    <time>2024-08-18T11:14:00Z</time>
    <extensions>
     <gpxtpx:TrackPointExtension>
      <gpxtpx:atemp>16</gpxtpx:atemp>
     </gpxtpx:TrackPointExtension>
    </extensions>
   </trkpt>
   <trkpt lat="47.0093150" lon="3.0667040">
    <ele>174.6</ele>
    <time>2024-08-18T11:14:10Z</time>
    <extensions>
     <gpxtpx:TrackPointExtension>
      <gpxtpx:atemp>16</gpxtpx:atemp>
     </gpxtpx:TrackPointExtension>
    </extensions>
   </trkpt>
   <trkpt lat="47.0095580" lon="3.0671410">
    <ele>174.6</ele>
    <time>2024-08-18T11:14:19Z</time>
    <extensions>
     <gpxtpx:TrackPointExtension>
      <gpxtpx:atemp>16</gpxtpx:atemp>
     </gpxtpx:TrackPointExtension>
    </extensions>
   </trkpt>
   <trkpt lat="47.0097480" lon="3.0674710">
    <ele>174.6</ele>
    <time>2024-08-18T11:14:26Z</time>
    <extensions>
     <gpxtpx:TrackPointExtension>
      <gpxtpx:atemp>16</gpxtpx:atemp>
     </gpxtpx:TrackPointExtension>
    </extensions>
   </trkpt>
   <trkpt lat="47.0099640" lon="3.0678760">
    <ele>174.4</ele>
    <time>2024-08-18T11:14:34Z</time>
    <extensions>
     <gpxtpx:TrackPointExtension>
      <gpxtpx:atemp>16</gpxtpx:atemp>
     </gpxtpx:TrackPointExtension>
    </extensions>
   </trkpt>
   <trkpt lat="47.0101440" lon="3.0681930">
    <ele>174.0</ele>
    <time>2024-08-18T11:14:40Z</time>
    <extensions>
     <gpxtpx:TrackPointExtension>
      <gpxtpx:atemp>16</gpxtpx:atemp>
     </gpxtpx:TrackPointExtension>
    </extensions>
   </trkpt>
   <trkpt lat="47.0102010" lon="3.0682950">
    <ele>174.2</ele>
    <time>2024-08-18T11:14:42Z</time>
    <extensions>
     <gpxtpx:TrackPointExtension>
      <gpxtpx:atemp>16</gpxtpx:atemp>
     </gpxtpx:TrackPointExtension>
    </extensions>
   </trkpt>
   <trkpt lat="47.0102970" lon="3.0685200">
    <ele>174.2</ele>
    <time>2024-08-18T11:14:48Z</time>
    <extensions>
     <gpxtpx:TrackPointExtension>
      <gpxtpx:atemp>16</gpxtpx:atemp>
     </gpxtpx:TrackPointExtension>
    </extensions>
   </trkpt>
   <trkpt lat="47.0103150" lon="3.0685620">
    <ele>174.2</ele>
    <time>2024-08-18T11:14:51Z</time>
    <extensions>
     <gpxtpx:TrackPointExtension>
      <gpxtpx:atemp>16</gpxtpx:atemp>
     </gpxtpx:TrackPointExtension>
    </extensions>
   </trkpt>
   <trkpt lat="47.0103140" lon="3.0685610">
    <ele>174.2</ele>
    <time>2024-08-18T11:15:06Z</time>
    <extensions>
     <gpxtpx:TrackPointExtension>
      <gpxtpx:atemp>16</gpxtpx:atemp>
     </gpxtpx:TrackPointExtension>
    </extensions>
   </trkpt>
   <trkpt lat="47.0103350" lon="3.0686020">
    <ele>174.4</ele>
    <time>2024-08-18T11:15:25Z</time>
    <extensions>
     <gpxtpx:TrackPointExtension>
      <gpxtpx:atemp>16</gpxtpx:atemp>
     </gpxtpx:TrackPointExtension>
    </extensions>
   </trkpt>
   <trkpt lat="47.0104430" lon="3.0687920">
    <ele>174.4</ele>
    <time>2024-08-18T11:15:31Z</time>
    <extensions>
     <gpxtpx:TrackPointExtension>
      <gpxtpx:atemp>16</gpxtpx:atemp>
     </gpxtpx:TrackPointExtension>
    </extensions>
   </trkpt>
   <trkpt lat="47.0106230" lon="3.0690520">
    <ele>174.2</ele>
    <time>2024-08-18T11:15:38Z</time>
    <extensions>
     <gpxtpx:TrackPointExtension>
      <gpxtpx:atemp>16</gpxtpx:atemp>
     </gpxtpx:TrackPointExtension>
    </extensions>
   </trkpt>
   <trkpt lat="47.0108170" lon="3.0692050">
    <ele>174.0</ele>
    <time>2024-08-18T11:15:44Z</time>
    <extensions>
     <gpxtpx:TrackPointExtension>
      <gpxtpx:atemp>16</gpxtpx:atemp>
     </gpxtpx:TrackPointExtension>
    </extensions>
   </trkpt>
   <trkpt lat="47.0110930" lon="3.0694720">
    <ele>174.2</ele>
    <time>2024-08-18T11:15:53Z</time>
    <extensions>
     <gpxtpx:TrackPointExtension>
      <gpxtpx:atemp>16</gpxtpx:atemp>
     </gpxtpx:TrackPointExtension>
    </extensions>
   </trkpt>
   <trkpt lat="47.0114790" lon="3.0698440">
    <ele>174.2</ele>
    <time>2024-08-18T11:16:05Z</time>
    <extensions>
     <gpxtpx:TrackPointExtension>
      <gpxtpx:atemp>16</gpxtpx:atemp>
     </gpxtpx:TrackPointExtension>
    </extensions>
   </trkpt>
   <trkpt lat="47.0117380" lon="3.0700890">
    <ele>174.4</ele>
    <time>2024-08-18T11:16:13Z</time>
    <extensions>
     <gpxtpx:TrackPointExtension>
      <gpxtpx:atemp>16</gpxtpx:atemp>
     </gpxtpx:TrackPointExtension>
    </extensions>
   </trkpt>
   <trkpt lat="47.0119760" lon="3.0703230">
    <ele>174.4</ele>
    <time>2024-08-18T11:16:20Z</time>
    <extensions>
     <gpxtpx:TrackPointExtension>
      <gpxtpx:atemp>16</gpxtpx:atemp>
     </gpxtpx:TrackPointExtension>
    </extensions>
   </trkpt>
   <trkpt lat="47.0122470" lon="3.0705710">
    <ele>174.6</ele>
    <time>2024-08-18T11:16:28Z</time>
    <extensions>
     <gpxtpx:TrackPointExtension>
      <gpxtpx:atemp>16</gpxtpx:atemp>
     </gpxtpx:TrackPointExtension>
    </extensions>
   </trkpt>
   <trkpt lat="47.0123280" lon="3.0706260">
    <ele>175.0</ele>
    <time>2024-08-18T11:16:33Z</time>
    <extensions>
     <gpxtpx:TrackPointExtension>
      <gpxtpx:atemp>16</gpxtpx:atemp>
     </gpxtpx:TrackPointExtension>
    </extensions>
   </trkpt>
   <trkpt lat="47.0123330" lon="3.0706300">
    <ele>175.2</ele>
    <time>2024-08-18T11:16:57Z</time>
    <extensions>
     <gpxtpx:TrackPointExtension>
      <gpxtpx:atemp>16</gpxtpx:atemp>
     </gpxtpx:TrackPointExtension>
    </extensions>
   </trkpt>
   <trkpt lat="47.0124190" lon="3.0706800">
    <ele>175.2</ele>
    <time>2024-08-18T11:17:03Z</time>
    <extensions>
     <gpxtpx:TrackPointExtension>
      <gpxtpx:atemp>16</gpxtpx:atemp>
     </gpxtpx:TrackPointExtension>
    </extensions>
   </trkpt>
   <trkpt lat="47.0125790" lon="3.0707510">
    <ele>174.6</ele>
    <time>2024-08-18T11:17:08Z</time>
    <extensions>
     <gpxtpx:TrackPointExtension>
      <gpxtpx:atemp>16</gpxtpx:atemp>
     </gpxtpx:TrackPointExtension>
    </extensions>
   </trkpt>
   <trkpt lat="47.0127670" lon="3.0708510">
    <ele>174.0</ele>
    <time>2024-08-18T11:17:13Z</time>
    <extensions>
     <gpxtpx:TrackPointExtension>
      <gpxtpx:atemp>16</gpxtpx:atemp>
     </gpxtpx:TrackPointExtension>
    </extensions>
   </trkpt>
   <trkpt lat="47.0129220" lon="3.0709470">
    <ele>174.2</ele>
    <time>2024-08-18T11:17:17Z</time>
    <extensions>
     <gpxtpx:TrackPointExtension>
      <gpxtpx:atemp>16</gpxtpx:atemp>
     </gpxtpx:TrackPointExtension>
    </extensions>
   </trkpt>
   <trkpt lat="47.0132360" lon="3.0711360">
    <ele>174.2</ele>
    <time>2024-08-18T11:17:26Z</time>
    <extensions>
     <gpxtpx:TrackPointExtension>
      <gpxtpx:atemp>16</gpxtpx:atemp>
     </gpxtpx:TrackPointExtension>
    </extensions>
   </trkpt>
   <trkpt lat="47.0135170" lon="3.0712580">
    <ele>174.4</ele>
    <time>2024-08-18T11:17:34Z</time>
    <extensions>
     <gpxtpx:TrackPointExtension>
      <gpxtpx:atemp>16</gpxtpx:atemp>
     </gpxtpx:TrackPointExtension>
    </extensions>
   </trkpt>
   <trkpt lat="47.0137760" lon="3.0713340">
    <ele>174.4</ele>
    <time>2024-08-18T11:17:42Z</time>
    <extensions>
     <gpxtpx:TrackPointExtension>
      <gpxtpx:atemp>16</gpxtpx:atemp>
     </gpxtpx:TrackPointExtension>
    </extensions>
   </trkpt>
   <trkpt lat="47.0140540" lon="3.0714180">
    <ele>174.4</ele>
    <time>2024-08-18T11:17:51Z</time>
    <extensions>
     <gpxtpx:TrackPointExtension>
      <gpxtpx:atemp>16</gpxtpx:atemp>
     </gpxtpx:TrackPointExtension>
    </extensions>
   </trkpt>
   <trkpt lat="47.0143140" lon="3.0715050">
    <ele>174.4</ele>
    <time>2024-08-18T11:17:59Z</time>
    <extensions>
     <gpxtpx:TrackPointExtension>
      <gpxtpx:atemp>16</gpxtpx:atemp>
     </gpxtpx:TrackPointExtension>
    </extensions>
   </trkpt>
   <trkpt lat="47.0146320" lon="3.0716100">
    <ele>174.4</ele>
    <time>2024-08-18T11:18:08Z</time>
    <extensions>
     <gpxtpx:TrackPointExtension>
      <gpxtpx:atemp>16</gpxtpx:atemp>
     </gpxtpx:TrackPointExtension>
    </extensions>
   </trkpt>
   <trkpt lat="47.0149620" lon="3.0716970">
    <ele>174.6</ele>
    <time>2024-08-18T11:18:17Z</time>
    <extensions>
     <gpxtpx:TrackPointExtension>
      <gpxtpx:atemp>16</gpxtpx:atemp>
     </gpxtpx:TrackPointExtension>
    </extensions>
   </trkpt>
   <trkpt lat="47.0152600" lon="3.0717800">
    <ele>174.2</ele>
    <time>2024-08-18T11:18:25Z</time>
    <extensions>
     <gpxtpx:TrackPointExtension>
      <gpxtpx:atemp>16</gpxtpx:atemp>
     </gpxtpx:TrackPointExtension>
    </extensions>
   </trkpt>
   <trkpt lat="47.0155230" lon="3.0717520">
    <ele>174.4</ele>
    <time>2024-08-18T11:18:32Z</time>
    <extensions>
     <gpxtpx:TrackPointExtension>
      <gpxtpx:atemp>16</gpxtpx:atemp>
     </gpxtpx:TrackPointExtension>
    </extensions>
   </trkpt>
   <trkpt lat="47.0157330" lon="3.0716270">
    <ele>174.8</ele>
    <time>2024-08-18T11:18:39Z</time>
    <extensions>
     <gpxtpx:TrackPointExtension>
      <gpxtpx:atemp>16</gpxtpx:atemp>
     </gpxtpx:TrackPointExtension>
    </extensions>
   </trkpt>
   <trkpt lat="47.0157730" lon="3.0715980">
    <ele>174.4</ele>
    <time>2024-08-18T11:18:43Z</time>
    <extensions>
     <gpxtpx:TrackPointExtension>
      <gpxtpx:atemp>16</gpxtpx:atemp>
     </gpxtpx:TrackPointExtension>
    </extensions>
   </trkpt>
   <trkpt lat="47.0157810" lon="3.0715980">
    <ele>174.2</ele>
    <time>2024-08-18T11:18:55Z</time>
    <extensions>
     <gpxtpx:TrackPointExtension>
      <gpxtpx:atemp>16</gpxtpx:atemp>
     </gpxtpx:TrackPointExtension>
    </extensions>
   </trkpt>
   <trkpt lat="47.0158050" lon="3.0716300">
    <ele>174.2</ele>
    <time>2024-08-18T11:19:02Z</time>
    <extensions>
     <gpxtpx:TrackPointExtension>
      <gpxtpx:atemp>16</gpxtpx:atemp>
     </gpxtpx:TrackPointExtension>
    </extensions>
   </trkpt>
   <trkpt lat="47.0158090" lon="3.0716340">
    <ele>174.2</ele>
    <time>2024-08-18T11:19:09Z</time>
    <extensions>
     <gpxtpx:TrackPointExtension>
      <gpxtpx:atemp>16</gpxtpx:atemp>
     </gpxtpx:TrackPointExtension>
    </extensions>
   </trkpt>
   <trkpt lat="47.0158080" lon="3.0716480">
    <ele>173.6</ele>
    <time>2024-08-18T11:20:46Z</time>
    <extensions>
     <gpxtpx:TrackPointExtension>
      <gpxtpx:atemp>16</gpxtpx:atemp>
     </gpxtpx:TrackPointExtension>
    </extensions>
   </trkpt>
   <trkpt lat="47.0158090" lon="3.0716500">
    <ele>173.8</ele>
    <time>2024-08-18T11:21:14Z</time>
    <extensions>
     <gpxtpx:TrackPointExtension>
      <gpxtpx:atemp>16</gpxtpx:atemp>
     </gpxtpx:TrackPointExtension>
    </extensions>
   </trkpt>
   <trkpt lat="47.0158100" lon="3.0715570">
    <ele>174.4</ele>
    <time>2024-08-18T11:24:21Z</time>
    <extensions>
     <gpxtpx:TrackPointExtension>
      <gpxtpx:atemp>17</gpxtpx:atemp>
     </gpxtpx:TrackPointExtension>
    </extensions>
   </trkpt>
   <trkpt lat="47.0158500" lon="3.0715280">
    <ele>174.4</ele>
    <time>2024-08-18T11:24:27Z</time>
    <extensions>
     <gpxtpx:TrackPointExtension>
      <gpxtpx:atemp>17</gpxtpx:atemp>
     </gpxtpx:TrackPointExtension>
    </extensions>
   </trkpt>
   <trkpt lat="47.0159750" lon="3.0714570">
    <ele>175.0</ele>
    <time>2024-08-18T11:24:34Z</time>
    <extensions>
     <gpxtpx:TrackPointExtension>
      <gpxtpx:atemp>17</gpxtpx:atemp>
     </gpxtpx:TrackPointExtension>
    </extensions>
   </trkpt>
   <trkpt lat="47.0161150" lon="3.0713770">
    <ele>174.6</ele>
    <time>2024-08-18T11:24:39Z</time>
    <extensions>
     <gpxtpx:TrackPointExtension>
      <gpxtpx:atemp>17</gpxtpx:atemp>
     </gpxtpx:TrackPointExtension>
    </extensions>
   </trkpt>
   <trkpt lat="47.0163790" lon="3.0711870">
    <ele>174.6</ele>
    <time>2024-08-18T11:24:47Z</time>
    <extensions>
     <gpxtpx:TrackPointExtension>
      <gpxtpx:atemp>17</gpxtpx:atemp>
     </gpxtpx:TrackPointExtension>
    </extensions>
   </trkpt>
   <trkpt lat="47.0165130" lon="3.0709710">
    <ele>174.6</ele>
    <time>2024-08-18T11:24:52Z</time>
    <extensions>
     <gpxtpx:TrackPointExtension>
      <gpxtpx:atemp>17</gpxtpx:atemp>
     </gpxtpx:TrackPointExtension>
    </extensions>
   </trkpt>
   <trkpt lat="47.0166650" lon="3.0705160">
    <ele>174.6</ele>
    <time>2024-08-18T11:25:01Z</time>
    <extensions>
     <gpxtpx:TrackPointExtension>
      <gpxtpx:atemp>17</gpxtpx:atemp>
     </gpxtpx:TrackPointExtension>
    </extensions>
   </trkpt>
   <trkpt lat="47.0168100" lon="3.0703360">
    <ele>174.8</ele>
    <time>2024-08-18T11:25:06Z</time>
    <extensions>
     <gpxtpx:TrackPointExtension>
      <gpxtpx:atemp>17</gpxtpx:atemp>
     </gpxtpx:TrackPointExtension>
    </extensions>
   </trkpt>
   <trkpt lat="47.0170540" lon="3.0702550">
    <ele>174.4</ele>
    <time>2024-08-18T11:25:12Z</time>
    <extensions>
     <gpxtpx:TrackPointExtension>
      <gpxtpx:atemp>17</gpxtpx:atemp>
     </gpxtpx:TrackPointExtension>
    </extensions>
   </trkpt>
   <trkpt lat="47.0174360" lon="3.0701830">
    <ele>174.2</ele>
    <time>2024-08-18T11:25:21Z</time>
    <extensions>
     <gpxtpx:TrackPointExtension>
      <gpxtpx:atemp>17</gpxtpx:atemp>
     </gpxtpx:TrackPointExtension>
    </extensions>
   </trkpt>
   <trkpt lat="47.0179180" lon="3.0700940">
    <ele>174.2</ele>
    <time>2024-08-18T11:25:32Z</time>
    <extensions>
     <gpxtpx:TrackPointExtension>
      <gpxtpx:atemp>17</gpxtpx:atemp>
     </gpxtpx:TrackPointExtension>
    </extensions>
   </trkpt>
   <trkpt lat="47.0180050" lon="3.0700750">
    <ele>174.0</ele>
    <time>2024-08-18T11:25:34Z</time>
    <extensions>
     <gpxtpx:TrackPointExtension>
      <gpxtpx:atemp>17</gpxtpx:atemp>
     </gpxtpx:TrackPointExtension>
    </extensions>
   </trkpt>
   <trkpt lat="47.0181800" lon="3.0700510">
    <ele>174.0</ele>
    <time>2024-08-18T11:25:38Z</time>
    <extensions>
     <gpxtpx:TrackPointExtension>
      <gpxtpx:atemp>17</gpxtpx:atemp>
     </gpxtpx:TrackPointExtension>
    </extensions>
   </trkpt>
   <trkpt lat="47.0183060" lon="3.0700170">
    <ele>173.6</ele>
    <time>2024-08-18T11:25:42Z</time>
    <extensions>
     <gpxtpx:TrackPointExtension>
      <gpxtpx:atemp>17</gpxtpx:atemp>
     </gpxtpx:TrackPointExtension>
    </extensions>
   </trkpt>
   <trkpt lat="47.0183040" lon="3.0700120">
    <ele>173.6</ele>
    <time>2024-08-18T11:25:51Z</time>
    <extensions>
     <gpxtpx:TrackPointExtension>
      <gpxtpx:atemp>17</gpxtpx:atemp>
     </gpxtpx:TrackPointExtension>
    </extensions>
   </trkpt>
   <trkpt lat="47.0183510" lon="3.0700040">
    <ele>173.4</ele>
    <time>2024-08-18T11:25:59Z</time>
    <extensions>
     <gpxtpx:TrackPointExtension>
      <gpxtpx:atemp>17</gpxtpx:atemp>
     </gpxtpx:TrackPointExtension>
    </extensions>
   </trkpt>
   <trkpt lat="47.0185400" lon="3.0699690">
    <ele>173.6</ele>
    <time>2024-08-18T11:26:06Z</time>
    <extensions>
     <gpxtpx:TrackPointExtension>
      <gpxtpx:atemp>16</gpxtpx:atemp>
     </gpxtpx:TrackPointExtension>
    </extensions>
   </trkpt>
   <trkpt lat="47.0188870" lon="3.0699110">
    <ele>173.6</ele>
    <time>2024-08-18T11:26:16Z</time>
    <extensions>
     <gpxtpx:TrackPointExtension>
      <gpxtpx:atemp>16</gpxtpx:atemp>
     </gpxtpx:TrackPointExtension>
    </extensions>
   </trkpt>
   <trkpt lat="47.0192870" lon="3.0698390">
    <ele>173.6</ele>
    <time>2024-08-18T11:26:26Z</time>
    <extensions>
     <gpxtpx:TrackPointExtension>
      <gpxtpx:atemp>16</gpxtpx:atemp>
     </gpxtpx:TrackPointExtension>
    </extensions>
   </trkpt>
   <trkpt lat="47.0198010" lon="3.0697370">
    <ele>173.2</ele>
    <time>2024-08-18T11:26:38Z</time>
    <extensions>
     <gpxtpx:TrackPointExtension>
      <gpxtpx:atemp>16</gpxtpx:atemp>
     </gpxtpx:TrackPointExtension>
    </extensions>
   </trkpt>
   <trkpt lat="47.0202300" lon="3.0696470">
    <ele>173.4</ele>
    <time>2024-08-18T11:26:48Z</time>
    <extensions>
     <gpxtpx:TrackPointExtension>
      <gpxtpx:atemp>16</gpxtpx:atemp>
     </gpxtpx:TrackPointExtension>
    </extensions>
   </trkpt>
   <trkpt lat="47.0207950" lon="3.0695520">
    <ele>173.4</ele>
    <time>2024-08-18T11:27:01Z</time>
    <extensions>
     <gpxtpx:TrackPointExtension>
      <gpxtpx:atemp>16</gpxtpx:atemp>
     </gpxtpx:TrackPointExtension>
    </extensions>
   </trkpt>
   <trkpt lat="47.0212320" lon="3.0694770">
    <ele>173.8</ele>
    <time>2024-08-18T11:27:11Z</time>
    <extensions>
     <gpxtpx:TrackPointExtension>
      <gpxtpx:atemp>16</gpxtpx:atemp>
     </gpxtpx:TrackPointExtension>
    </extensions>
   </trkpt>
   <trkpt lat="47.0217240" lon="3.0693890">
    <ele>173.6</ele>
    <time>2024-08-18T11:27:22Z</time>
    <extensions>
     <gpxtpx:TrackPointExtension>
      <gpxtpx:atemp>16</gpxtpx:atemp>
     </gpxtpx:TrackPointExtension>
    </extensions>
   </trkpt>
   <trkpt lat="47.0222210" lon="3.0693020">
    <ele>173.8</ele>
    <time>2024-08-18T11:27:33Z</time>
    <extensions>
     <gpxtpx:TrackPointExtension>
      <gpxtpx:atemp>16</gpxtpx:atemp>
     </gpxtpx:TrackPointExtension>
    </extensions>
   </trkpt>
   <trkpt lat="47.0226870" lon="3.0692110">
    <ele>173.4</ele>
    <time>2024-08-18T11:27:43Z</time>
    <extensions>
     <gpxtpx:TrackPointExtension>
      <gpxtpx:atemp>16</gpxtpx:atemp>
     </gpxtpx:TrackPointExtension>
    </extensions>
   </trkpt>
   <trkpt lat="47.0232030" lon="3.0691140">
    <ele>173.4</ele>
    <time>2024-08-18T11:27:54Z</time>
    <extensions>
     <gpxtpx:TrackPointExtension>
      <gpxtpx:atemp>16</gpxtpx:atemp>
     </gpxtpx:TrackPointExtension>
    </extensions>
   </trkpt>
   <trkpt lat="47.0237400" lon="3.0690210">
    <ele>173.4</ele>
    <time>2024-08-18T11:28:06Z</time>
    <extensions>
     <gpxtpx:TrackPointExtension>
      <gpxtpx:atemp>16</gpxtpx:atemp>
     </gpxtpx:TrackPointExtension>
    </extensions>
   </trkpt>
   <trkpt lat="47.0241830" lon="3.0689380">
    <ele>173.2</ele>
    <time>2024-08-18T11:28:16Z</time>
    <extensions>
     <gpxtpx:TrackPointExtension>
      <gpxtpx:atemp>16</gpxtpx:atemp>
     </gpxtpx:TrackPointExtension>
    </extensions>
   </trkpt>
   <trkpt lat="47.0246270" lon="3.0688500">
    <ele>173.2</ele>
    <time>2024-08-18T11:28:26Z</time>
    <extensions>
     <gpxtpx:TrackPointExtension>
      <gpxtpx:atemp>16</gpxtpx:atemp>
     </gpxtpx:TrackPointExtension>
    </extensions>
   </trkpt>
   <trkpt lat="47.0251740" lon="3.0687930">
    <ele>172.8</ele>
    <time>2024-08-18T11:28:38Z</time>
    <extensions>
     <gpxtpx:TrackPointExtension>
      <gpxtpx:atemp>16</gpxtpx:atemp>
     </gpxtpx:TrackPointExtension>
    </extensions>
   </trkpt>
   <trkpt lat="47.0255240" lon="3.0688270">
    <ele>172.8</ele>
    <time>2024-08-18T11:28:46Z</time>
    <extensions>
     <gpxtpx:TrackPointExtension>
      <gpxtpx:atemp>16</gpxtpx:atemp>
     </gpxtpx:TrackPointExtension>
    </extensions>
   </trkpt>
   <trkpt lat="47.0260160" lon="3.0688790">
    <ele>172.8</ele>
    <time>2024-08-18T11:28:57Z</time>
    <extensions>
     <gpxtpx:TrackPointExtension>
      <gpxtpx:atemp>16</gpxtpx:atemp>
     </gpxtpx:TrackPointExtension>
    </extensions>
   </trkpt>
   <trkpt lat="47.0265140" lon="3.0689260">
    <ele>172.6</ele>
    <time>2024-08-18T11:29:08Z</time>
    <extensions>
     <gpxtpx:TrackPointExtension>
      <gpxtpx:atemp>16</gpxtpx:atemp>
     </gpxtpx:TrackPointExtension>
    </extensions>
   </trkpt>
   <trkpt lat="47.0270560" lon="3.0689770">
    <ele>173.0</ele>
    <time>2024-08-18T11:29:20Z</time>
    <extensions>
     <gpxtpx:TrackPointExtension>
      <gpxtpx:atemp>16</gpxtpx:atemp>
     </gpxtpx:TrackPointExtension>
    </extensions>
   </trkpt>
   <trkpt lat="47.0271020" lon="3.0689820">
    <ele>173.0</ele>
    <time>2024-08-18T11:29:21Z</time>
    <extensions>
     <gpxtpx:TrackPointExtension>
      <gpxtpx:atemp>16</gpxtpx:atemp>
     </gpxtpx:TrackPointExtension>
    </extensions>
   </trkpt>
   <trkpt lat="47.0273690" lon="3.0690120">
    <ele>172.8</ele>
    <time>2024-08-18T11:29:27Z</time>
    <extensions>
     <gpxtpx:TrackPointExtension>
      <gpxtpx:atemp>16</gpxtpx:atemp>
     </gpxtpx:TrackPointExtension>
    </extensions>
   </trkpt>
   <trkpt lat="47.0275870" lon="3.0690390">
    <ele>172.6</ele>
    <time>2024-08-18T11:29:32Z</time>
    <extensions>
     <gpxtpx:TrackPointExtension>
      <gpxtpx:atemp>16</gpxtpx:atemp>
     </gpxtpx:TrackPointExtension>
    </extensions>
   </trkpt>
   <trkpt lat="47.0280700" lon="3.0690860">
    <ele>172.4</ele>
    <time>2024-08-18T11:29:43Z</time>
    <extensions>
     <gpxtpx:TrackPointExtension>
      <gpxtpx:atemp>16</gpxtpx:atemp>
     </gpxtpx:TrackPointExtension>
    </extensions>
   </trkpt>
   <trkpt lat="47.0281580" lon="3.0691060">
    <ele>172.2</ele>
    <time>2024-08-18T11:29:45Z</time>
    <extensions>
     <gpxtpx:TrackPointExtension>
      <gpxtpx:atemp>16</gpxtpx:atemp>
     </gpxtpx:TrackPointExtension>
    </extensions>
   </trkpt>
   <trkpt lat="47.0282870" lon="3.0691730">
    <ele>172.4</ele>
    <time>2024-08-18T11:29:48Z</time>
    <extensions>
     <gpxtpx:TrackPointExtension>
      <gpxtpx:atemp>16</gpxtpx:atemp>
     </gpxtpx:TrackPointExtension>
    </extensions>
   </trkpt>
   <trkpt lat="47.0286180" lon="3.0693200">
    <ele>172.8</ele>
    <time>2024-08-18T11:29:56Z</time>
    <extensions>
     <gpxtpx:TrackPointExtension>
      <gpxtpx:atemp>16</gpxtpx:atemp>
     </gpxtpx:TrackPointExtension>
    </extensions>
   </trkpt>
   <trkpt lat="47.0286600" lon="3.0693190">
    <ele>172.8</ele>
    <time>2024-08-18T11:29:57Z</time>
    <extensions>
     <gpxtpx:TrackPointExtension>
      <gpxtpx:atemp>16</gpxtpx:atemp>
     </gpxtpx:TrackPointExtension>
    </extensions>
   </trkpt>
   <trkpt lat="47.0287900" lon="3.0692700">
    <ele>172.8</ele>
    <time>2024-08-18T11:30:00Z</time>
    <extensions>
     <gpxtpx:TrackPointExtension>
      <gpxtpx:atemp>16</gpxtpx:atemp>
     </gpxtpx:TrackPointExtension>
    </extensions>
   </trkpt>
   <trkpt lat="47.0288790" lon="3.0692200">
    <ele>172.6</ele>
    <time>2024-08-18T11:30:02Z</time>
    <extensions>
     <gpxtpx:TrackPointExtension>
      <gpxtpx:atemp>16</gpxtpx:atemp>
     </gpxtpx:TrackPointExtension>
    </extensions>
   </trkpt>
   <trkpt lat="47.0292770" lon="3.0689900">
    <ele>172.2</ele>
    <time>2024-08-18T11:30:11Z</time>
    <extensions>
     <gpxtpx:TrackPointExtension>
      <gpxtpx:atemp>16</gpxtpx:atemp>
     </gpxtpx:TrackPointExtension>
    </extensions>
   </trkpt>
   <trkpt lat="47.0296950" lon="3.0687320">
    <ele>172.4</ele>
    <time>2024-08-18T11:30:21Z</time>
    <extensions>
     <gpxtpx:TrackPointExtension>
      <gpxtpx:atemp>16</gpxtpx:atemp>
     </gpxtpx:TrackPointExtension>
    </extensions>
   </trkpt>
   <trkpt lat="47.0301260" lon="3.0684700">
    <ele>172.2</ele>
    <time>2024-08-18T11:30:31Z</time>
    <extensions>
     <gpxtpx:TrackPointExtension>
      <gpxtpx:atemp>16</gpxtpx:atemp>
     </gpxtpx:TrackPointExtension>
    </extensions>
   </trkpt>
   <trkpt lat="47.0305470" lon="3.0681940">
    <ele>172.0</ele>
    <time>2024-08-18T11:30:41Z</time>
    <extensions>
     <gpxtpx:TrackPointExtension>
      <gpxtpx:atemp>16</gpxtpx:atemp>
     </gpxtpx:TrackPointExtension>
    </extensions>
   </trkpt>
   <trkpt lat="47.0308420" lon="3.0680290">
    <ele>171.8</ele>
    <time>2024-08-18T11:30:48Z</time>
    <extensions>
     <gpxtpx:TrackPointExtension>
      <gpxtpx:atemp>16</gpxtpx:atemp>
     </gpxtpx:TrackPointExtension>
    </extensions>
   </trkpt>
   <trkpt lat="47.0312150" lon="3.0677790">
    <ele>172.0</ele>
    <time>2024-08-18T11:30:57Z</time>
    <extensions>
     <gpxtpx:TrackPointExtension>
      <gpxtpx:atemp>16</gpxtpx:atemp>
     </gpxtpx:TrackPointExtension>
    </extensions>
   </trkpt>
   <trkpt lat="47.0313320" lon="3.0676680">
    <ele>171.8</ele>
    <time>2024-08-18T11:31:00Z</time>
    <extensions>
     <gpxtpx:TrackPointExtension>
      <gpxtpx:atemp>16</gpxtpx:atemp>
     </gpxtpx:TrackPointExtension>
    </extensions>
   </trkpt>
   <trkpt lat="47.0315140" lon="3.0674540">
    <ele>171.8</ele>
    <time>2024-08-18T11:31:05Z</time>
    <extensions>
     <gpxtpx:TrackPointExtension>
      <gpxtpx:atemp>16</gpxtpx:atemp>
     </gpxtpx:TrackPointExtension>
    </extensions>
   </trkpt>
   <trkpt lat="47.0317540" lon="3.0671570">
    <ele>171.6</ele>
    <time>2024-08-18T11:31:12Z</time>
    <extensions>
     <gpxtpx:TrackPointExtension>
      <gpxtpx:atemp>16</gpxtpx:atemp>
     </gpxtpx:TrackPointExtension>
    </extensions>
   </trkpt>
   <trkpt lat="47.0320630" lon="3.0667730">
    <ele>171.8</ele>
    <time>2024-08-18T11:31:21Z</time>
    <extensions>
     <gpxtpx:TrackPointExtension>
      <gpxtpx:atemp>16</gpxtpx:atemp>
     </gpxtpx:TrackPointExtension>
    </extensions>
   </trkpt>
   <trkpt lat="47.0323940" lon="3.0663710">
    <ele>172.2</ele>
    <time>2024-08-18T11:31:31Z</time>
    <extensions>
     <gpxtpx:TrackPointExtension>
      <gpxtpx:atemp>16</gpxtpx:atemp>
     </gpxtpx:TrackPointExtension>
    </extensions>
   </trkpt>
   <trkpt lat="47.0327890" lon="3.0658740">
    <ele>172.2</ele>
    <time>2024-08-18T11:31:43Z</time>
    <extensions>
     <gpxtpx:TrackPointExtension>
      <gpxtpx:atemp>15</gpxtpx:atemp>
     </gpxtpx:TrackPointExtension>
    </extensions>
   </trkpt>
   <trkpt lat="47.0331270" lon="3.0654580">
    <ele>172.2</ele>
    <time>2024-08-18T11:31:53Z</time>
    <extensions>
     <gpxtpx:TrackPointExtension>
      <gpxtpx:atemp>15</gpxtpx:atemp>
     </gpxtpx:TrackPointExtension>
    </extensions>
   </trkpt>
   <trkpt lat="47.0334730" lon="3.0651110">
    <ele>172.4</ele>
    <time>2024-08-18T11:32:03Z</time>
    <extensions>
     <gpxtpx:TrackPointExtension>
      <gpxtpx:atemp>15</gpxtpx:atemp>
     </gpxtpx:TrackPointExtension>
    </extensions>
   </trkpt>
   <trkpt lat="47.0337950" lon="3.0648290">
    <ele>172.0</ele>
    <time>2024-08-18T11:32:12Z</time>
    <extensions>
     <gpxtpx:TrackPointExtension>
      <gpxtpx:atemp>15</gpxtpx:atemp>
     </gpxtpx:TrackPointExtension>
    </extensions>
   </trkpt>
   <trkpt lat="47.0341790" lon="3.0644930">
    <ele>172.0</ele>
    <time>2024-08-18T11:32:22Z</time>
    <extensions>
     <gpxtpx:TrackPointExtension>
      <gpxtpx:atemp>15</gpxtpx:atemp>
     </gpxtpx:TrackPointExtension>
    </extensions>
   </trkpt>
   <trkpt lat="47.0346270" lon="3.0640920">
    <ele>172.0</ele>
    <time>2024-08-18T11:32:34Z</time>
    <extensions>
     <gpxtpx:TrackPointExtension>
      <gpxtpx:atemp>15</gpxtpx:atemp>
     </gpxtpx:TrackPointExtension>
    </extensions>
   </trkpt>
   <trkpt lat="47.0350730" lon="3.0636900">
    <ele>172.0</ele>
    <time>2024-08-18T11:32:46Z</time>
    <extensions>
     <gpxtpx:TrackPointExtension>
      <gpxtpx:atemp>15</gpxtpx:atemp>
     </gpxtpx:TrackPointExtension>
    </extensions>
   </trkpt>
   <trkpt lat="47.0354830" lon="3.0633100">
    <ele>172.0</ele>
    <time>2024-08-18T11:32:57Z</time>
    <extensions>
     <gpxtpx:TrackPointExtension>
      <gpxtpx:atemp>15</gpxtpx:atemp>
     </gpxtpx:TrackPointExtension>
    </extensions>
   </trkpt>
   <trkpt lat="47.0359610" lon="3.0628760">
    <ele>171.6</ele>
    <time>2024-08-18T11:33:10Z</time>
    <extensions>
     <gpxtpx:TrackPointExtension>
      <gpxtpx:atemp>15</gpxtpx:atemp>
     </gpxtpx:TrackPointExtension>
    </extensions>
   </trkpt>
   <trkpt lat="47.0359970" lon="3.0628430">
    <ele>171.6</ele>
    <time>2024-08-18T11:33:11Z</time>
    <extensions>
     <gpxtpx:TrackPointExtension>
      <gpxtpx:atemp>15</gpxtpx:atemp>
     </gpxtpx:TrackPointExtension>
    </extensions>
   </trkpt>
   <trkpt lat="47.0363890" lon="3.0624790">
    <ele>171.8</ele>
    <time>2024-08-18T11:33:22Z</time>
    <extensions>
     <gpxtpx:TrackPointExtension>
      <gpxtpx:atemp>15</gpxtpx:atemp>
     </gpxtpx:TrackPointExtension>
    </extensions>
   </trkpt>
   <trkpt lat="47.0368030" lon="3.0621060">
    <ele>171.8</ele>
    <time>2024-08-18T11:33:33Z</time>
    <extensions>
     <gpxtpx:TrackPointExtension>
      <gpxtpx:atemp>15</gpxtpx:atemp>
     </gpxtpx:TrackPointExtension>
    </extensions>
   </trkpt>
   <trkpt lat="47.0370800" lon="3.0617610">
    <ele>171.8</ele>
    <time>2024-08-18T11:33:41Z</time>
    <extensions>
     <gpxtpx:TrackPointExtension>
      <gpxtpx:atemp>15</gpxtpx:atemp>
     </gpxtpx:TrackPointExtension>
    </extensions>
   </trkpt>
   <trkpt lat="47.0374220" lon="3.0612290">
    <ele>171.6</ele>
    <time>2024-08-18T11:33:52Z</time>
    <extensions>
     <gpxtpx:TrackPointExtension>
      <gpxtpx:atemp>15</gpxtpx:atemp>
     </gpxtpx:TrackPointExtension>
    </extensions>
   </trkpt>
   <trkpt lat="47.0377340" lon="3.0607550">
    <ele>171.8</ele>
    <time>2024-08-18T11:34:02Z</time>
    <extensions>
     <gpxtpx:TrackPointExtension>
      <gpxtpx:atemp>15</gpxtpx:atemp>
     </gpxtpx:TrackPointExtension>
    </extensions>
   </trkpt>
   <trkpt lat="47.0381150" lon="3.0601550">
    <ele>171.6</ele>
    <time>2024-08-18T11:34:15Z</time>
    <extensions>
     <gpxtpx:TrackPointExtension>
      <gpxtpx:atemp>15</gpxtpx:atemp>
     </gpxtpx:TrackPointExtension>
    </extensions>
   </trkpt>
   <trkpt lat="47.0384920" lon="3.0595620">
    <ele>171.8</ele>
    <time>2024-08-18T11:34:28Z</time>
    <extensions>
     <gpxtpx:TrackPointExtension>
      <gpxtpx:atemp>15</gpxtpx:atemp>
     </gpxtpx:TrackPointExtension>
    </extensions>
   </trkpt>
   <trkpt lat="47.0388720" lon="3.0589740">
    <ele>171.6</ele>
    <time>2024-08-18T11:34:41Z</time>
    <extensions>
     <gpxtpx:TrackPointExtension>
      <gpxtpx:atemp>15</gpxtpx:atemp>
     </gpxtpx:TrackPointExtension>
    </extensions>
   </trkpt>
   <trkpt lat="47.0392530" lon="3.0583840">
    <ele>171.4</ele>
    <time>2024-08-18T11:34:54Z</time>
    <extensions>
     <gpxtpx:TrackPointExtension>
      <gpxtpx:atemp>15</gpxtpx:atemp>
     </gpxtpx:TrackPointExtension>
    </extensions>
   </trkpt>
   <trkpt lat="47.0392830" lon="3.0583360">
    <ele>171.2</ele>
    <time>2024-08-18T11:34:55Z</time>
    <extensions>
     <gpxtpx:TrackPointExtension>
      <gpxtpx:atemp>15</gpxtpx:atemp>
     </gpxtpx:TrackPointExtension>
    </extensions>
   </trkpt>
   <trkpt lat="47.0395650" lon="3.0579010">
    <ele>170.8</ele>
    <time>2024-08-18T11:35:04Z</time>
    <extensions>
     <gpxtpx:TrackPointExtension>
      <gpxtpx:atemp>15</gpxtpx:atemp>
     </gpxtpx:TrackPointExtension>
    </extensions>
   </trkpt>
   <trkpt lat="47.0398970" lon="3.0573850">
    <ele>170.6</ele>
    <time>2024-08-18T11:35:15Z</time>
    <extensions>
     <gpxtpx:TrackPointExtension>
      <gpxtpx:atemp>15</gpxtpx:atemp>
     </gpxtpx:TrackPointExtension>
    </extensions>
   </trkpt>
   <trkpt lat="47.0402140" lon="3.0568950">
    <ele>171.0</ele>
    <time>2024-08-18T11:35:26Z</time>
    <extensions>
     <gpxtpx:TrackPointExtension>
      <gpxtpx:atemp>15</gpxtpx:atemp>
     </gpxtpx:TrackPointExtension>
    </extensions>
   </trkpt>
   <trkpt lat="47.0404690" lon="3.0565070">
    <ele>171.2</ele>
    <time>2024-08-18T11:35:35Z</time>
    <extensions>
     <gpxtpx:TrackPointExtension>
      <gpxtpx:atemp>15</gpxtpx:atemp>
     </gpxtpx:TrackPointExtension>
    </extensions>
   </trkpt>
   <trkpt lat="47.0407880" lon="3.0559970">
    <ele>170.8</ele>
    <time>2024-08-18T11:35:46Z</time>
    <extensions>
     <gpxtpx:TrackPointExtension>
      <gpxtpx:atemp>15</gpxtpx:atemp>
     </gpxtpx:TrackPointExtension>
    </extensions>
   </trkpt>
   <trkpt lat="47.0410700" lon="3.0555780">
    <ele>171.0</ele>
    <time>2024-08-18T11:35:56Z</time>
    <extensions>
     <gpxtpx:TrackPointExtension>
      <gpxtpx:atemp>15</gpxtpx:atemp>
     </gpxtpx:TrackPointExtension>
    </extensions>
   </trkpt>
   <trkpt lat="47.0413510" lon="3.0551320">
    <ele>171.0</ele>
    <time>2024-08-18T11:36:06Z</time>
    <extensions>
     <gpxtpx:TrackPointExtension>
      <gpxtpx:atemp>15</gpxtpx:atemp>
     </gpxtpx:TrackPointExtension>
    </extensions>
   </trkpt>
   <trkpt lat="47.0416290" lon="3.0547060">
    <ele>171.0</ele>
    <time>2024-08-18T11:36:16Z</time>
    <extensions>
     <gpxtpx:TrackPointExtension>
      <gpxtpx:atemp>15</gpxtpx:atemp>
     </gpxtpx:TrackPointExtension>
    </extensions>
   </trkpt>
   <trkpt lat="47.0420210" lon="3.0541040">
    <ele>170.8</ele>
    <time>2024-08-18T11:36:30Z</time>
    <extensions>
     <gpxtpx:TrackPointExtension>
      <gpxtpx:atemp>15</gpxtpx:atemp>
     </gpxtpx:TrackPointExtension>
    </extensions>
   </trkpt>
   <trkpt lat="47.0422610" lon="3.0536920">
    <ele>171.0</ele>
    <time>2024-08-18T11:36:39Z</time>
    <extensions>
     <gpxtpx:TrackPointExtension>
      <gpxtpx:atemp>15</gpxtpx:atemp>
     </gpxtpx:TrackPointExtension>
    </extensions>
   </trkpt>
   <trkpt lat="47.0422840" lon="3.0536410">
    <ele>171.0</ele>
    <time>2024-08-18T11:36:40Z</time>
    <extensions>
     <gpxtpx:TrackPointExtension>
      <gpxtpx:atemp>15</gpxtpx:atemp>
     </gpxtpx:TrackPointExtension>
    </extensions>
   </trkpt>
   <trkpt lat="47.0425090" lon="3.0530780">
    <ele>171.0</ele>
    <time>2024-08-18T11:36:50Z</time>
    <extensions>
     <gpxtpx:TrackPointExtension>
      <gpxtpx:atemp>15</gpxtpx:atemp>
     </gpxtpx:TrackPointExtension>
    </extensions>
   </trkpt>
   <trkpt lat="47.0427540" lon="3.0524710">
    <ele>170.8</ele>
    <time>2024-08-18T11:37:01Z</time>
    <extensions>
     <gpxtpx:TrackPointExtension>
      <gpxtpx:atemp>15</gpxtpx:atemp>
     </gpxtpx:TrackPointExtension>
    </extensions>
   </trkpt>
   <trkpt lat="47.0430280" lon="3.0517890">
    <ele>170.8</ele>
    <time>2024-08-18T11:37:14Z</time>
    <extensions>
     <gpxtpx:TrackPointExtension>
      <gpxtpx:atemp>15</gpxtpx:atemp>
     </gpxtpx:TrackPointExtension>
    </extensions>
   </trkpt>
   <trkpt lat="47.0432950" lon="3.0511640">
    <ele>170.6</ele>
    <time>2024-08-18T11:37:26Z</time>
    <extensions>
     <gpxtpx:TrackPointExtension>
      <gpxtpx:atemp>15</gpxtpx:atemp>
     </gpxtpx:TrackPointExtension>
    </extensions>
   </trkpt>
   <trkpt lat="47.0435250" lon="3.0505860">
    <ele>170.6</ele>
    <time>2024-08-18T11:37:37Z</time>
    <extensions>
     <gpxtpx:TrackPointExtension>
      <gpxtpx:atemp>15</gpxtpx:atemp>
     </gpxtpx:TrackPointExtension>
    </extensions>
   </trkpt>
   <trkpt lat="47.0437610" lon="3.0500100">
    <ele>170.8</ele>
    <time>2024-08-18T11:37:48Z</time>
    <extensions>
     <gpxtpx:TrackPointExtension>
      <gpxtpx:atemp>15</gpxtpx:atemp>
     </gpxtpx:TrackPointExtension>
    </extensions>
   </trkpt>
   <trkpt lat="47.0439780" lon="3.0494800">
    <ele>170.4</ele>
    <time>2024-08-18T11:37:58Z</time>
    <extensions>
     <gpxtpx:TrackPointExtension>
      <gpxtpx:atemp>15</gpxtpx:atemp>
     </gpxtpx:TrackPointExtension>
    </extensions>
   </trkpt>
   <trkpt lat="47.0442360" lon="3.0488400">
    <ele>170.4</ele>
    <time>2024-08-18T11:38:10Z</time>
    <extensions>
     <gpxtpx:TrackPointExtension>
      <gpxtpx:atemp>15</gpxtpx:atemp>
     </gpxtpx:TrackPointExtension>
    </extensions>
   </trkpt>
   <trkpt lat="47.0443960" lon="3.0484160">
    <ele>170.4</ele>
    <time>2024-08-18T11:38:18Z</time>
    <extensions>
     <gpxtpx:TrackPointExtension>
      <gpxtpx:atemp>15</gpxtpx:atemp>
     </gpxtpx:TrackPointExtension>
    </extensions>
   </trkpt>
   <trkpt lat="47.0445560" lon="3.0480070">
    <ele>170.2</ele>
    <time>2024-08-18T11:38:26Z</time>
    <extensions>
     <gpxtpx:TrackPointExtension>
      <gpxtpx:atemp>15</gpxtpx:atemp>
     </gpxtpx:TrackPointExtension>
    </extensions>
   </trkpt>
   <trkpt lat="47.0447450" lon="3.0475450">
    <ele>170.2</ele>
    <time>2024-08-18T11:38:35Z</time>
    <extensions>
     <gpxtpx:TrackPointExtension>
      <gpxtpx:atemp>15</gpxtpx:atemp>
     </gpxtpx:TrackPointExtension>
    </extensions>
   </trkpt>
   <trkpt lat="47.0449960" lon="3.0469230">
    <ele>170.0</ele>
    <time>2024-08-18T11:38:47Z</time>
    <extensions>
     <gpxtpx:TrackPointExtension>
      <gpxtpx:atemp>15</gpxtpx:atemp>
     </gpxtpx:TrackPointExtension>
    </extensions>
   </trkpt>
   <trkpt lat="47.0450770" lon="3.0467150">
    <ele>170.0</ele>
    <time>2024-08-18T11:38:51Z</time>
    <extensions>
     <gpxtpx:TrackPointExtension>
      <gpxtpx:atemp>15</gpxtpx:atemp>
     </gpxtpx:TrackPointExtension>
    </extensions>
   </trkpt>
   <trkpt lat="47.0451970" lon="3.0464150">
    <ele>170.4</ele>
    <time>2024-08-18T11:38:57Z</time>
    <extensions>
     <gpxtpx:TrackPointExtension>
      <gpxtpx:atemp>15</gpxtpx:atemp>
     </gpxtpx:TrackPointExtension>
    </extensions>
   </trkpt>
   <trkpt lat="47.0454230" lon="3.0458630">
    <ele>170.0</ele>
    <time>2024-08-18T11:39:08Z</time>
    <extensions>
     <gpxtpx:TrackPointExtension>
      <gpxtpx:atemp>15</gpxtpx:atemp>
     </gpxtpx:TrackPointExtension>
    </extensions>
   </trkpt>
   <trkpt lat="47.0456890" lon="3.0452090">
    <ele>170.0</ele>
    <time>2024-08-18T11:39:21Z</time>
    <extensions>
     <gpxtpx:TrackPointExtension>
      <gpxtpx:atemp>15</gpxtpx:atemp>
     </gpxtpx:TrackPointExtension>
    </extensions>
   </trkpt>
   <trkpt lat="47.0458920" lon="3.0447140">
    <ele>170.4</ele>
    <time>2024-08-18T11:39:31Z</time>
    <extensions>
     <gpxtpx:TrackPointExtension>
      <gpxtpx:atemp>15</gpxtpx:atemp>
     </gpxtpx:TrackPointExtension>
    </extensions>
   </trkpt>
   <trkpt lat="47.0461240" lon="3.0441390">
    <ele>170.6</ele>
    <time>2024-08-18T11:39:43Z</time>
    <extensions>
     <gpxtpx:TrackPointExtension>
      <gpxtpx:atemp>15</gpxtpx:atemp>
     </gpxtpx:TrackPointExtension>
    </extensions>
   </trkpt>
   <trkpt lat="47.0463190" lon="3.0436540">
    <ele>170.6</ele>
    <time>2024-08-18T11:39:53Z</time>
    <extensions>
     <gpxtpx:TrackPointExtension>
      <gpxtpx:atemp>15</gpxtpx:atemp>
     </gpxtpx:TrackPointExtension>
    </extensions>
   </trkpt>
   <trkpt lat="47.0464870" lon="3.0432270">
    <ele>171.0</ele>
    <time>2024-08-18T11:40:02Z</time>
    <extensions>
     <gpxtpx:TrackPointExtension>
      <gpxtpx:atemp>15</gpxtpx:atemp>
     </gpxtpx:TrackPointExtension>
    </extensions>
   </trkpt>
   <trkpt lat="47.0465060" lon="3.0431800">
    <ele>171.0</ele>
    <time>2024-08-18T11:40:03Z</time>
    <extensions>
     <gpxtpx:TrackPointExtension>
      <gpxtpx:atemp>15</gpxtpx:atemp>
     </gpxtpx:TrackPointExtension>
    </extensions>
   </trkpt>
   <trkpt lat="47.0466820" lon="3.0427590">
    <ele>170.6</ele>
    <time>2024-08-18T11:40:12Z</time>
    <extensions>
     <gpxtpx:TrackPointExtension>
      <gpxtpx:atemp>15</gpxtpx:atemp>
     </gpxtpx:TrackPointExtension>
    </extensions>
   </trkpt>
   <trkpt lat="47.0469040" lon="3.0422730">
    <ele>170.6</ele>
    <time>2024-08-18T11:40:22Z</time>
    <extensions>
     <gpxtpx:TrackPointExtension>
      <gpxtpx:atemp>15</gpxtpx:atemp>
     </gpxtpx:TrackPointExtension>
    </extensions>
   </trkpt>
   <trkpt lat="47.0471440" lon="3.0417470">
    <ele>170.6</ele>
    <time>2024-08-18T11:40:33Z</time>
    <extensions>
     <gpxtpx:TrackPointExtension>
      <gpxtpx:atemp>15</gpxtpx:atemp>
     </gpxtpx:TrackPointExtension>
    </extensions>
   </trkpt>
   <trkpt lat="47.0473290" lon="3.0413610">
    <ele>170.2</ele>
    <time>2024-08-18T11:40:41Z</time>
    <extensions>
     <gpxtpx:TrackPointExtension>
      <gpxtpx:atemp>15</gpxtpx:atemp>
     </gpxtpx:TrackPointExtension>
    </extensions>
   </trkpt>
   <trkpt lat="47.0475500" lon="3.0408930">
    <ele>170.6</ele>
    <time>2024-08-18T11:40:51Z</time>
    <extensions>
     <gpxtpx:TrackPointExtension>
      <gpxtpx:atemp>15</gpxtpx:atemp>
     </gpxtpx:TrackPointExtension>
    </extensions>
   </trkpt>
   <trkpt lat="47.0478030" lon="3.0403410">
    <ele>170.4</ele>
    <time>2024-08-18T11:41:03Z</time>
    <extensions>
     <gpxtpx:TrackPointExtension>
      <gpxtpx:atemp>15</gpxtpx:atemp>
     </gpxtpx:TrackPointExtension>
    </extensions>
   </trkpt>
   <trkpt lat="47.0480070" lon="3.0399320">
    <ele>170.6</ele>
    <time>2024-08-18T11:41:12Z</time>
    <extensions>
     <gpxtpx:TrackPointExtension>
      <gpxtpx:atemp>15</gpxtpx:atemp>
     </gpxtpx:TrackPointExtension>
    </extensions>
   </trkpt>
   <trkpt lat="47.0482790" lon="3.0396000">
    <ele>170.8</ele>
    <time>2024-08-18T11:41:21Z</time>
    <extensions>
     <gpxtpx:TrackPointExtension>
      <gpxtpx:atemp>15</gpxtpx:atemp>
     </gpxtpx:TrackPointExtension>
    </extensions>
   </trkpt>
   <trkpt lat="47.0486880" lon="3.0391610">
    <ele>170.6</ele>
    <time>2024-08-18T11:41:34Z</time>
    <extensions>
     <gpxtpx:TrackPointExtension>
      <gpxtpx:atemp>15</gpxtpx:atemp>
     </gpxtpx:TrackPointExtension>
    </extensions>
   </trkpt>
   <trkpt lat="47.0490480" lon="3.0387560">
    <ele>170.2</ele>
    <time>2024-08-18T11:41:45Z</time>
    <extensions>
     <gpxtpx:TrackPointExtension>
      <gpxtpx:atemp>15</gpxtpx:atemp>
     </gpxtpx:TrackPointExtension>
    </extensions>
   </trkpt>
   <trkpt lat="47.0494370" lon="3.0382470">
    <ele>170.0</ele>
    <time>2024-08-18T11:41:58Z</time>
    <extensions>
     <gpxtpx:TrackPointExtension>
      <gpxtpx:atemp>15</gpxtpx:atemp>
     </gpxtpx:TrackPointExtension>
    </extensions>
   </trkpt>
   <trkpt lat="47.0497800" lon="3.0376640">
    <ele>170.2</ele>
    <time>2024-08-18T11:42:11Z</time>
    <extensions>
     <gpxtpx:TrackPointExtension>
      <gpxtpx:atemp>15</gpxtpx:atemp>
     </gpxtpx:TrackPointExtension>
    </extensions>
   </trkpt>
   <trkpt lat="47.0500860" lon="3.0370710">
    <ele>170.4</ele>
    <time>2024-08-18T11:42:24Z</time>
    <extensions>
     <gpxtpx:TrackPointExtension>
      <gpxtpx:atemp>15</gpxtpx:atemp>
     </gpxtpx:TrackPointExtension>
    </extensions>
   </trkpt>
   <trkpt lat="47.0502980" lon="3.0366580">
    <ele>170.2</ele>
    <time>2024-08-18T11:42:33Z</time>
    <extensions>
     <gpxtpx:TrackPointExtension>
      <gpxtpx:atemp>15</gpxtpx:atemp>
     </gpxtpx:TrackPointExtension>
    </extensions>
   </trkpt>
   <trkpt lat="47.0505600" lon="3.0361420">
    <ele>170.4</ele>
    <time>2024-08-18T11:42:44Z</time>
    <extensions>
     <gpxtpx:TrackPointExtension>
      <gpxtpx:atemp>15</gpxtpx:atemp>
     </gpxtpx:TrackPointExtension>
    </extensions>
   </trkpt>
   <trkpt lat="47.0507870" lon="3.0357100">
    <ele>170.4</ele>
    <time>2024-08-18T11:42:53Z</time>
    <extensions>
     <gpxtpx:TrackPointExtension>
      <gpxtpx:atemp>15</gpxtpx:atemp>
     </gpxtpx:TrackPointExtension>
    </extensions>
   </trkpt>
   <trkpt lat="47.0510740" lon="3.0352680">
    <ele>170.0</ele>
    <time>2024-08-18T11:43:03Z</time>
    <extensions>
     <gpxtpx:TrackPointExtension>
      <gpxtpx:atemp>15</gpxtpx:atemp>
     </gpxtpx:TrackPointExtension>
    </extensions>
   </trkpt>
   <trkpt lat="47.0511290" lon="3.0351800">
    <ele>169.8</ele>
    <time>2024-08-18T11:43:05Z</time>
    <extensions>
     <gpxtpx:TrackPointExtension>
      <gpxtpx:atemp>15</gpxtpx:atemp>
     </gpxtpx:TrackPointExtension>
    </extensions>
   </trkpt>
   <trkpt lat="47.0513050" lon="3.0349150">
    <ele>169.6</ele>
    <time>2024-08-18T11:43:11Z</time>
    <extensions>
     <gpxtpx:TrackPointExtension>
      <gpxtpx:atemp>15</gpxtpx:atemp>
     </gpxtpx:TrackPointExtension>
    </extensions>
   </trkpt>
   <trkpt lat="47.0516120" lon="3.0344390">
    <ele>170.0</ele>
    <time>2024-08-18T11:43:22Z</time>
    <extensions>
     <gpxtpx:TrackPointExtension>
      <gpxtpx:atemp>15</gpxtpx:atemp>
     </gpxtpx:TrackPointExtension>
    </extensions>
   </trkpt>
   <trkpt lat="47.0517940" lon="3.0340850">
    <ele>170.2</ele>
    <time>2024-08-18T11:43:30Z</time>
    <extensions>
     <gpxtpx:TrackPointExtension>
      <gpxtpx:atemp>15</gpxtpx:atemp>
     </gpxtpx:TrackPointExtension>
    </extensions>
   </trkpt>
   <trkpt lat="47.0519450" lon="3.0337840">
    <ele>170.2</ele>
    <time>2024-08-18T11:43:37Z</time>
    <extensions>
     <gpxtpx:TrackPointExtension>
      <gpxtpx:atemp>15</gpxtpx:atemp>
     </gpxtpx:TrackPointExtension>
    </extensions>
   </trkpt>
   <trkpt lat="47.0521200" lon="3.0334280">
    <ele>170.2</ele>
    <time>2024-08-18T11:43:45Z</time>
    <extensions>
     <gpxtpx:TrackPointExtension>
      <gpxtpx:atemp>15</gpxtpx:atemp>
     </gpxtpx:TrackPointExtension>
    </extensions>
   </trkpt>
   <trkpt lat="47.0523360" lon="3.0329840">
    <ele>170.2</ele>
    <time>2024-08-18T11:43:55Z</time>
    <extensions>
     <gpxtpx:TrackPointExtension>
      <gpxtpx:atemp>15</gpxtpx:atemp>
     </gpxtpx:TrackPointExtension>
    </extensions>
   </trkpt>
   <trkpt lat="47.0525520" lon="3.0324580">
    <ele>169.8</ele>
    <time>2024-08-18T11:44:06Z</time>
    <extensions>
     <gpxtpx:TrackPointExtension>
      <gpxtpx:atemp>15</gpxtpx:atemp>
     </gpxtpx:TrackPointExtension>
    </extensions>
   </trkpt>
   <trkpt lat="47.0527530" lon="3.0318690">
    <ele>170.2</ele>
    <time>2024-08-18T11:44:18Z</time>
    <extensions>
     <gpxtpx:TrackPointExtension>
      <gpxtpx:atemp>15</gpxtpx:atemp>
     </gpxtpx:TrackPointExtension>
    </extensions>
   </trkpt>
   <trkpt lat="47.0529370" lon="3.0314500">
    <ele>170.4</ele>
    <time>2024-08-18T11:44:27Z</time>
    <extensions>
     <gpxtpx:TrackPointExtension>
      <gpxtpx:atemp>15</gpxtpx:atemp>
     </gpxtpx:TrackPointExtension>
    </extensions>
   </trkpt>
   <trkpt lat="47.0532110" lon="3.0308820">
    <ele>170.4</ele>
    <time>2024-08-18T11:44:39Z</time>
    <extensions>
     <gpxtpx:TrackPointExtension>
      <gpxtpx:atemp>15</gpxtpx:atemp>
     </gpxtpx:TrackPointExtension>
    </extensions>
   </trkpt>
   <trkpt lat="47.0535330" lon="3.0302690">
    <ele>170.4</ele>
    <time>2024-08-18T11:44:52Z</time>
    <extensions>
     <gpxtpx:TrackPointExtension>
      <gpxtpx:atemp>15</gpxtpx:atemp>
     </gpxtpx:TrackPointExtension>
    </extensions>
   </trkpt>
   <trkpt lat="47.0537630" lon="3.0298730">
    <ele>170.6</ele>
    <time>2024-08-18T11:45:01Z</time>
    <extensions>
     <gpxtpx:TrackPointExtension>
      <gpxtpx:atemp>15</gpxtpx:atemp>
     </gpxtpx:TrackPointExtension>
    </extensions>
   </trkpt>
   <trkpt lat="47.0540940" lon="3.0293190">
    <ele>170.2</ele>
    <time>2024-08-18T11:45:14Z</time>
    <extensions>
     <gpxtpx:TrackPointExtension>
      <gpxtpx:atemp>15</gpxtpx:atemp>
     </gpxtpx:TrackPointExtension>
    </extensions>
   </trkpt>
   <trkpt lat="47.0543420" lon="3.0289050">
    <ele>170.2</ele>
    <time>2024-08-18T11:45:24Z</time>
    <extensions>
     <gpxtpx:TrackPointExtension>
      <gpxtpx:atemp>15</gpxtpx:atemp>
     </gpxtpx:TrackPointExtension>
    </extensions>
   </trkpt>
   <trkpt lat="47.0546300" lon="3.0284070">
    <ele>170.2</ele>
    <time>2024-08-18T11:45:36Z</time>
    <extensions>
     <gpxtpx:TrackPointExtension>
      <gpxtpx:atemp>15</gpxtpx:atemp>
     </gpxtpx:TrackPointExtension>
    </extensions>
   </trkpt>
   <trkpt lat="47.0549000" lon="3.0279500">
    <ele>170.2</ele>
    <time>2024-08-18T11:45:47Z</time>
    <extensions>
     <gpxtpx:TrackPointExtension>
      <gpxtpx:atemp>15</gpxtpx:atemp>
     </gpxtpx:TrackPointExtension>
    </extensions>
   </trkpt>
   <trkpt lat="47.0550720" lon="3.0276690">
    <ele>170.4</ele>
    <time>2024-08-18T11:45:55Z</time>
    <extensions>
     <gpxtpx:TrackPointExtension>
      <gpxtpx:atemp>15</gpxtpx:atemp>
     </gpxtpx:TrackPointExtension>
    </extensions>
   </trkpt>
   <trkpt lat="47.0552530" lon="3.0273690">
    <ele>170.0</ele>
    <time>2024-08-18T11:46:02Z</time>
    <extensions>
     <gpxtpx:TrackPointExtension>
      <gpxtpx:atemp>15</gpxtpx:atemp>
     </gpxtpx:TrackPointExtension>
    </extensions>
   </trkpt>
   <trkpt lat="47.0554970" lon="3.0270210">
    <ele>169.8</ele>
    <time>2024-08-18T11:46:10Z</time>
    <extensions>
     <gpxtpx:TrackPointExtension>
      <gpxtpx:atemp>15</gpxtpx:atemp>
     </gpxtpx:TrackPointExtension>
    </extensions>
   </trkpt>
   <trkpt lat="47.0557120" lon="3.0267770">
    <ele>169.0</ele>
    <time>2024-08-18T11:46:15Z</time>
    <extensions>
     <gpxtpx:TrackPointExtension>
      <gpxtpx:atemp>15</gpxtpx:atemp>
     </gpxtpx:TrackPointExtension>
    </extensions>
   </trkpt>
   <trkpt lat="47.0557590" lon="3.0267180">
    <ele>168.6</ele>
    <time>2024-08-18T11:46:16Z</time>
    <extensions>
     <gpxtpx:TrackPointExtension>
      <gpxtpx:atemp>15</gpxtpx:atemp>
     </gpxtpx:TrackPointExtension>
    </extensions>
   </trkpt>
   <trkpt lat="47.0558990" lon="3.0265460">
    <ele>168.0</ele>
    <time>2024-08-18T11:46:19Z</time>
    <extensions>
     <gpxtpx:TrackPointExtension>
      <gpxtpx:atemp>15</gpxtpx:atemp>
     </gpxtpx:TrackPointExtension>
    </extensions>
   </trkpt>
   <trkpt lat="47.0561510" lon="3.0262400">
    <ele>167.8</ele>
    <time>2024-08-18T11:46:25Z</time>
    <extensions>
     <gpxtpx:TrackPointExtension>
      <gpxtpx:atemp>15</gpxtpx:atemp>
     </gpxtpx:TrackPointExtension>
    </extensions>
   </trkpt>
   <trkpt lat="47.0565210" lon="3.0258200">
    <ele>167.4</ele>
    <time>2024-08-18T11:46:35Z</time>
    <extensions>
     <gpxtpx:TrackPointExtension>
      <gpxtpx:atemp>15</gpxtpx:atemp>
     </gpxtpx:TrackPointExtension>
    </extensions>
   </trkpt>
   <trkpt lat="47.0567240" lon="3.0255980">
    <ele>167.6</ele>
    <time>2024-08-18T11:46:41Z</time>
    <extensions>
     <gpxtpx:TrackPointExtension>
      <gpxtpx:atemp>15</gpxtpx:atemp>
     </gpxtpx:TrackPointExtension>
    </extensions>
   </trkpt>
   <trkpt lat="47.0567520" lon="3.0255620">
    <ele>167.6</ele>
    <time>2024-08-18T11:46:42Z</time>
    <extensions>
     <gpxtpx:TrackPointExtension>
      <gpxtpx:atemp>15</gpxtpx:atemp>
     </gpxtpx:TrackPointExtension>
    </extensions>
   </trkpt>
   <trkpt lat="47.0568210" lon="3.0254790">
    <ele>167.4</ele>
    <time>2024-08-18T11:46:45Z</time>
    <extensions>
     <gpxtpx:TrackPointExtension>
      <gpxtpx:atemp>15</gpxtpx:atemp>
     </gpxtpx:TrackPointExtension>
    </extensions>
   </trkpt>
   <trkpt lat="47.0568650" lon="3.0254310">
    <ele>167.2</ele>
    <time>2024-08-18T11:46:47Z</time>
    <extensions>
     <gpxtpx:TrackPointExtension>
      <gpxtpx:atemp>15</gpxtpx:atemp>
     </gpxtpx:TrackPointExtension>
    </extensions>
   </trkpt>
   <trkpt lat="47.0568760" lon="3.0254190">
    <ele>167.0</ele>
    <time>2024-08-18T11:46:51Z</time>
    <extensions>
     <gpxtpx:TrackPointExtension>
      <gpxtpx:atemp>15</gpxtpx:atemp>
     </gpxtpx:TrackPointExtension>
    </extensions>
   </trkpt>
   <trkpt lat="47.0568740" lon="3.0254200">
    <ele>166.8</ele>
    <time>2024-08-18T11:46:57Z</time>
    <extensions>
     <gpxtpx:TrackPointExtension>
      <gpxtpx:atemp>15</gpxtpx:atemp>
     </gpxtpx:TrackPointExtension>
    </extensions>
   </trkpt>
   <trkpt lat="47.0568730" lon="3.0254200">
    <ele>166.8</ele>
    <time>2024-08-18T11:47:00Z</time>
    <extensions>
     <gpxtpx:TrackPointExtension>
      <gpxtpx:atemp>15</gpxtpx:atemp>
     </gpxtpx:TrackPointExtension>
    </extensions>
   </trkpt>
   <trkpt lat="47.0568710" lon="3.0254190">
    <ele>167.2</ele>
    <time>2024-08-18T11:47:24Z</time>
    <extensions>
     <gpxtpx:TrackPointExtension>
      <gpxtpx:atemp>15</gpxtpx:atemp>
     </gpxtpx:TrackPointExtension>
    </extensions>
   </trkpt>
   <trkpt lat="47.0568610" lon="3.0254040">
    <ele>167.0</ele>
    <time>2024-08-18T11:47:39Z</time>
    <extensions>
     <gpxtpx:TrackPointExtension>
      <gpxtpx:atemp>15</gpxtpx:atemp>
     </gpxtpx:TrackPointExtension>
    </extensions>
   </trkpt>
   <trkpt lat="47.0568270" lon="3.0254560">
    <ele>167.0</ele>
    <time>2024-08-18T11:47:45Z</time>
    <extensions>
     <gpxtpx:TrackPointExtension>
      <gpxtpx:atemp>16</gpxtpx:atemp>
     </gpxtpx:TrackPointExtension>
    </extensions>
   </trkpt>
   <trkpt lat="47.0567390" lon="3.0255800">
    <ele>167.2</ele>
    <time>2024-08-18T11:47:55Z</time>
    <extensions>
     <gpxtpx:TrackPointExtension>
      <gpxtpx:atemp>16</gpxtpx:atemp>
     </gpxtpx:TrackPointExtension>
    </extensions>
   </trkpt>
   <trkpt lat="47.0566830" lon="3.0256450">
    <ele>166.8</ele>
    <time>2024-08-18T11:48:02Z</time>
    <extensions>
     <gpxtpx:TrackPointExtension>
      <gpxtpx:atemp>16</gpxtpx:atemp>
     </gpxtpx:TrackPointExtension>
    </extensions>
   </trkpt>
   <trkpt lat="47.0566580" lon="3.0256810">
    <ele>167.2</ele>
    <time>2024-08-18T11:48:06Z</time>
    <extensions>
     <gpxtpx:TrackPointExtension>
      <gpxtpx:atemp>16</gpxtpx:atemp>
     </gpxtpx:TrackPointExtension>
    </extensions>
   </trkpt>
   <trkpt lat="47.0566660" lon="3.0256820">
    <ele>167.2</ele>
    <time>2024-08-18T11:48:08Z</time>
    <extensions>
     <gpxtpx:TrackPointExtension>
      <gpxtpx:atemp>16</gpxtpx:atemp>
     </gpxtpx:TrackPointExtension>
    </extensions>
   </trkpt>
   <trkpt lat="47.0566790" lon="3.0256750">
    <ele>167.2</ele>
    <time>2024-08-18T11:48:15Z</time>
    <extensions>
     <gpxtpx:TrackPointExtension>
      <gpxtpx:atemp>16</gpxtpx:atemp>
     </gpxtpx:TrackPointExtension>
    </extensions>
   </trkpt>
   <trkpt lat="47.0566780" lon="3.0256750">
    <ele>167.0</ele>
    <time>2024-08-18T11:48:24Z</time>
    <extensions>
     <gpxtpx:TrackPointExtension>
      <gpxtpx:atemp>16</gpxtpx:atemp>
     </gpxtpx:TrackPointExtension>
    </extensions>
   </trkpt>
   <trkpt lat="47.0566780" lon="3.0256750">
    <ele>164.6</ele>
    <time>2024-08-18T12:43:09Z</time>
    <extensions>
     <gpxtpx:TrackPointExtension>
      <gpxtpx:atemp>14</gpxtpx:atemp>
     </gpxtpx:TrackPointExtension>
    </extensions>
   </trkpt>
   <trkpt lat="47.0730950" lon="3.0125800">
    <ele>164.8</ele>
    <time>2024-08-18T12:43:24Z</time>
    <extensions>
     <gpxtpx:TrackPointExtension>
      <gpxtpx:atemp>15</gpxtpx:atemp>
     </gpxtpx:TrackPointExtension>
    </extensions>
   </trkpt>
   <trkpt lat="47.0731490" lon="3.0126090">
    <ele>164.8</ele>
    <time>2024-08-18T12:43:26Z</time>
    <extensions>
     <gpxtpx:TrackPointExtension>
      <gpxtpx:atemp>15</gpxtpx:atemp>
     </gpxtpx:TrackPointExtension>
    </extensions>
   </trkpt>
   <trkpt lat="47.0732080" lon="3.0126390">
    <ele>165.0</ele>
    <time>2024-08-18T12:43:28Z</time>
    <extensions>
     <gpxtpx:TrackPointExtension>
      <gpxtpx:atemp>15</gpxtpx:atemp>
     </gpxtpx:TrackPointExtension>
    </extensions>
   </trkpt>
   <trkpt lat="47.0733820" lon="3.0127300">
    <ele>165.4</ele>
    <time>2024-08-18T12:43:33Z</time>
    <extensions>
     <gpxtpx:TrackPointExtension>
      <gpxtpx:atemp>15</gpxtpx:atemp>
     </gpxtpx:TrackPointExtension>
    </extensions>
   </trkpt>
   <trkpt lat="47.0737870" lon="3.0129470">
    <ele>165.4</ele>
    <time>2024-08-18T12:43:43Z</time>
    <extensions>
     <gpxtpx:TrackPointExtension>
      <gpxtpx:atemp>15</gpxtpx:atemp>
     </gpxtpx:TrackPointExtension>
    </extensions>
   </trkpt>
   <trkpt lat="47.0739210" lon="3.0130290">
    <ele>165.2</ele>
    <time>2024-08-18T12:43:46Z</time>
    <extensions>
     <gpxtpx:TrackPointExtension>
      <gpxtpx:atemp>15</gpxtpx:atemp>
     </gpxtpx:TrackPointExtension>
    </extensions>
   </trkpt>
   <trkpt lat="47.0740480" lon="3.0131090">
    <ele>165.4</ele>
    <time>2024-08-18T12:43:49Z</time>
    <extensions>
     <gpxtpx:TrackPointExtension>
      <gpxtpx:atemp>15</gpxtpx:atemp>
     </gpxtpx:TrackPointExtension>
    </extensions>
   </trkpt>
   <trkpt lat="47.0743430" lon="3.0133120">
    <ele>165.4</ele>
    <time>2024-08-18T12:43:56Z</time>
    <extensions>
     <gpxtpx:TrackPointExtension>
      <gpxtpx:atemp>16</gpxtpx:atemp>
     </gpxtpx:TrackPointExtension>
    </extensions>
   </trkpt>
   <trkpt lat="47.0746990" lon="3.0135500">
    <ele>165.4</ele>
    <time>2024-08-18T12:44:04Z</time>
    <extensions>
     <gpxtpx:TrackPointExtension>
      <gpxtpx:atemp>16</gpxtpx:atemp>
     </gpxtpx:TrackPointExtension>
    </extensions>
   </trkpt>
   <trkpt lat="47.0750680" lon="3.0137900">
    <ele>165.2</ele>
    <time>2024-08-18T12:44:12Z</time>
    <extensions>
     <gpxtpx:TrackPointExtension>
      <gpxtpx:atemp>16</gpxtpx:atemp>
     </gpxtpx:TrackPointExtension>
    </extensions>
   </trkpt>
   <trkpt lat="47.0752500" lon="3.0139140">
    <ele>165.6</ele>
    <time>2024-08-18T12:44:16Z</time>
    <extensions>
     <gpxtpx:TrackPointExtension>
      <gpxtpx:atemp>16</gpxtpx:atemp>
     </gpxtpx:TrackPointExtension>
    </extensions>
   </trkpt>
   <trkpt lat="47.0755260" lon="3.0140840">
    <ele>165.4</ele>
    <time>2024-08-18T12:44:22Z</time>
    <extensions>
     <gpxtpx:TrackPointExtension>
      <gpxtpx:atemp>16</gpxtpx:atemp>
     </gpxtpx:TrackPointExtension>
    </extensions>
   </trkpt>
   <trkpt lat="47.0758410" lon="3.0142890">
    <ele>165.6</ele>
    <time>2024-08-18T12:44:29Z</time>
    <extensions>
     <gpxtpx:TrackPointExtension>
      <gpxtpx:atemp>16</gpxtpx:atemp>
     </gpxtpx:TrackPointExtension>
    </extensions>
   </trkpt>
   <trkpt lat="47.0762580" lon="3.0145590">
    <ele>165.8</ele>
    <time>2024-08-18T12:44:38Z</time>
    <extensions>
     <gpxtpx:TrackPointExtension>
      <gpxtpx:atemp>16</gpxtpx:atemp>
     </gpxtpx:TrackPointExtension>
    </extensions>
   </trkpt>
   <trkpt lat="47.0767200" lon="3.0148620">
    <ele>165.0</ele>
    <time>2024-08-18T12:44:48Z</time>
    <extensions>
     <gpxtpx:TrackPointExtension>
      <gpxtpx:atemp>16</gpxtpx:atemp>
     </gpxtpx:TrackPointExtension>
    </extensions>
   </trkpt>
   <trkpt lat="47.0770510" lon="3.0150720">
    <ele>165.2</ele>
    <time>2024-08-18T12:44:55Z</time>
    <extensions>
     <gpxtpx:TrackPointExtension>
      <gpxtpx:atemp>16</gpxtpx:atemp>
     </gpxtpx:TrackPointExtension>
    </extensions>
   </trkpt>
   <trkpt lat="47.0773730" lon="3.0152810">
    <ele>165.4</ele>
    <time>2024-08-18T12:45:02Z</time>
    <extensions>
     <gpxtpx:TrackPointExtension>
      <gpxtpx:atemp>16</gpxtpx:atemp>
     </gpxtpx:TrackPointExtension>
    </extensions>
   </trkpt>
   <trkpt lat="47.0777430" lon="3.0155080">
    <ele>166.0</ele>
    <time>2024-08-18T12:45:10Z</time>
    <extensions>
     <gpxtpx:TrackPointExtension>
      <gpxtpx:atemp>16</gpxtpx:atemp>
     </gpxtpx:TrackPointExtension>
    </extensions>
   </trkpt>
   <trkpt lat="47.0781170" lon="3.0157380">
    <ele>165.4</ele>
    <time>2024-08-18T12:45:17Z</time>
    <extensions>
     <gpxtpx:TrackPointExtension>
      <gpxtpx:atemp>16</gpxtpx:atemp>
     </gpxtpx:TrackPointExtension>
    </extensions>
   </trkpt>
   <trkpt lat="47.0784370" lon="3.0159280">
    <ele>165.8</ele>
    <time>2024-08-18T12:45:23Z</time>
    <extensions>
     <gpxtpx:TrackPointExtension>
      <gpxtpx:atemp>16</gpxtpx:atemp>
     </gpxtpx:TrackPointExtension>
    </extensions>
   </trkpt>
   <trkpt lat="47.0788020" lon="3.0161190">
    <ele>166.0</ele>
    <time>2024-08-18T12:45:30Z</time>
    <extensions>
     <gpxtpx:TrackPointExtension>
      <gpxtpx:atemp>16</gpxtpx:atemp>
     </gpxtpx:TrackPointExtension>
    </extensions>
   </trkpt>
   <trkpt lat="47.0791840" lon="3.0163320">
    <ele>166.0</ele>
    <time>2024-08-18T12:45:37Z</time>
    <extensions>
     <gpxtpx:TrackPointExtension>
      <gpxtpx:atemp>16</gpxtpx:atemp>
     </gpxtpx:TrackPointExtension>
    </extensions>
   </trkpt>
   <trkpt lat="47.0796350" lon="3.0165550">
    <ele>165.4</ele>
    <time>2024-08-18T12:45:45Z</time>
    <extensions>
     <gpxtpx:TrackPointExtension>
      <gpxtpx:atemp>16</gpxtpx:atemp>
     </gpxtpx:TrackPointExtension>
    </extensions>
   </trkpt>
   <trkpt lat="47.0799920" lon="3.0167820">
    <ele>165.0</ele>
    <time>2024-08-18T12:45:52Z</time>
    <extensions>
     <gpxtpx:TrackPointExtension>
      <gpxtpx:atemp>16</gpxtpx:atemp>
     </gpxtpx:TrackPointExtension>
    </extensions>
   </trkpt>
   <trkpt lat="47.0803980" lon="3.0171570">
    <ele>165.8</ele>
    <time>2024-08-18T12:46:01Z</time>
    <extensions>
     <gpxtpx:TrackPointExtension>
      <gpxtpx:atemp>16</gpxtpx:atemp>
     </gpxtpx:TrackPointExtension>
    </extensions>
   </trkpt>
   <trkpt lat="47.0808120" lon="3.0175460">
    <ele>166.0</ele>
    <time>2024-08-18T12:46:10Z</time>
    <extensions>
     <gpxtpx:TrackPointExtension>
      <gpxtpx:atemp>16</gpxtpx:atemp>
     </gpxtpx:TrackPointExtension>
    </extensions>
   </trkpt>
   <trkpt lat="47.0811890" lon="3.0178960">
    <ele>166.2</ele>
    <time>2024-08-18T12:46:18Z</time>
    <extensions>
     <gpxtpx:TrackPointExtension>
      <gpxtpx:atemp>16</gpxtpx:atemp>
     </gpxtpx:TrackPointExtension>
    </extensions>
   </trkpt>
   <trkpt lat="47.0815650" lon="3.0182560">
    <ele>166.0</ele>
    <time>2024-08-18T12:46:26Z</time>
    <extensions>
     <gpxtpx:TrackPointExtension>
      <gpxtpx:atemp>16</gpxtpx:atemp>
     </gpxtpx:TrackPointExtension>
    </extensions>
   </trkpt>
   <trkpt lat="47.0817460" lon="3.0184410">
    <ele>165.8</ele>
    <time>2024-08-18T12:46:30Z</time>
    <extensions>
     <gpxtpx:TrackPointExtension>
      <gpxtpx:atemp>16</gpxtpx:atemp>
     </gpxtpx:TrackPointExtension>
    </extensions>
   </trkpt>
   <trkpt lat="47.0818280" lon="3.0185470">
    <ele>166.0</ele>
    <time>2024-08-18T12:46:32Z</time>
    <extensions>
     <gpxtpx:TrackPointExtension>
      <gpxtpx:atemp>16</gpxtpx:atemp>
     </gpxtpx:TrackPointExtension>
    </extensions>
   </trkpt>
   <trkpt lat="47.0821920" lon="3.0190150">
    <ele>165.8</ele>
    <time>2024-08-18T12:46:41Z</time>
    <extensions>
     <gpxtpx:TrackPointExtension>
      <gpxtpx:atemp>16</gpxtpx:atemp>
     </gpxtpx:TrackPointExtension>
    </extensions>
   </trkpt>
   <trkpt lat="47.0825170" lon="3.0194400">
    <ele>166.0</ele>
    <time>2024-08-18T12:46:49Z</time>
    <extensions>
     <gpxtpx:TrackPointExtension>
      <gpxtpx:atemp>16</gpxtpx:atemp>
     </gpxtpx:TrackPointExtension>
    </extensions>
   </trkpt>
   <trkpt lat="47.0828140" lon="3.0198240">
    <ele>165.8</ele>
    <time>2024-08-18T12:46:56Z</time>
    <extensions>
     <gpxtpx:TrackPointExtension>
      <gpxtpx:atemp>16</gpxtpx:atemp>
     </gpxtpx:TrackPointExtension>
    </extensions>
   </trkpt>
   <trkpt lat="47.0831570" lon="3.0202570">
    <ele>165.8</ele>
    <time>2024-08-18T12:47:04Z</time>
    <extensions>
     <gpxtpx:TrackPointExtension>
      <gpxtpx:atemp>16</gpxtpx:atemp>
     </gpxtpx:TrackPointExtension>
    </extensions>
   </trkpt>
   <trkpt lat="47.0835050" lon="3.0206770">
    <ele>166.0</ele>
    <time>2024-08-18T12:47:12Z</time>
    <extensions>
     <gpxtpx:TrackPointExtension>
      <gpxtpx:atemp>16</gpxtpx:atemp>
     </gpxtpx:TrackPointExtension>
    </extensions>
   </trkpt>
   <trkpt lat="47.0838450" lon="3.0210920">
    <ele>166.0</ele>
    <time>2024-08-18T12:47:20Z</time>
    <extensions>
     <gpxtpx:TrackPointExtension>
      <gpxtpx:atemp>17</gpxtpx:atemp>
     </gpxtpx:TrackPointExtension>
    </extensions>
   </trkpt>
   <trkpt lat="47.0841630" lon="3.0214540">
    <ele>165.6</ele>
    <time>2024-08-18T12:47:27Z</time>
    <extensions>
     <gpxtpx:TrackPointExtension>
      <gpxtpx:atemp>17</gpxtpx:atemp>
     </gpxtpx:TrackPointExtension>
    </extensions>
   </trkpt>
   <trkpt lat="47.0844710" lon="3.0217980">
    <ele>165.6</ele>
    <time>2024-08-18T12:47:34Z</time>
    <extensions>
     <gpxtpx:TrackPointExtension>
      <gpxtpx:atemp>17</gpxtpx:atemp>
     </gpxtpx:TrackPointExtension>
    </extensions>
   </trkpt>
   <trkpt lat="47.0848300" lon="3.0221810">
    <ele>165.8</ele>
    <time>2024-08-18T12:47:42Z</time>
    <extensions>
     <gpxtpx:TrackPointExtension>
      <gpxtpx:atemp>17</gpxtpx:atemp>
     </gpxtpx:TrackPointExtension>
    </extensions>
   </trkpt>
   <trkpt lat="47.0851500" lon="3.0224910">
    <ele>166.0</ele>
    <time>2024-08-18T12:47:49Z</time>
    <extensions>
     <gpxtpx:TrackPointExtension>
      <gpxtpx:atemp>17</gpxtpx:atemp>
     </gpxtpx:TrackPointExtension>
    </extensions>
   </trkpt>
   <trkpt lat="47.0854510" lon="3.0227650">
    <ele>166.6</ele>
    <time>2024-08-18T12:47:56Z</time>
    <extensions>
     <gpxtpx:TrackPointExtension>
      <gpxtpx:atemp>17</gpxtpx:atemp>
     </gpxtpx:TrackPointExtension>
    </extensions>
   </trkpt>
   <trkpt lat="47.0857960" lon="3.0230630">
    <ele>166.6</ele>
    <time>2024-08-18T12:48:04Z</time>
    <extensions>
     <gpxtpx:TrackPointExtension>
      <gpxtpx:atemp>17</gpxtpx:atemp>
     </gpxtpx:TrackPointExtension>
    </extensions>
   </trkpt>
   <trkpt lat="47.0860010" lon="3.0232050">
    <ele>166.4</ele>
    <time>2024-08-18T12:48:10Z</time>
    <extensions>
     <gpxtpx:TrackPointExtension>
      <gpxtpx:atemp>17</gpxtpx:atemp>
     </gpxtpx:TrackPointExtension>
    </extensions>
   </trkpt>
   <trkpt lat="47.0860370" lon="3.0232250">
    <ele>166.2</ele>
    <time>2024-08-18T12:48:15Z</time>
    <extensions>
     <gpxtpx:TrackPointExtension>
      <gpxtpx:atemp>17</gpxtpx:atemp>
     </gpxtpx:TrackPointExtension>
    </extensions>
   </trkpt>
   <trkpt lat="47.0860390" lon="3.0232370">
    <ele>165.4</ele>
    <time>2024-08-18T12:48:23Z</time>
    <extensions>
     <gpxtpx:TrackPointExtension>
      <gpxtpx:atemp>17</gpxtpx:atemp>
     </gpxtpx:TrackPointExtension>
    </extensions>
   </trkpt>
   <trkpt lat="47.0860320" lon="3.0232440">
    <ele>165.0</ele>
    <time>2024-08-18T12:48:36Z</time>
    <extensions>
     <gpxtpx:TrackPointExtension>
      <gpxtpx:atemp>17</gpxtpx:atemp>
     </gpxtpx:TrackPointExtension>
    </extensions>
   </trkpt>
   <trkpt lat="47.0860330" lon="3.0232450">
    <ele>165.2</ele>
    <time>2024-08-18T12:48:55Z</time>
    <extensions>
     <gpxtpx:TrackPointExtension>
      <gpxtpx:atemp>17</gpxtpx:atemp>
     </gpxtpx:TrackPointExtension>
    </extensions>
   </trkpt>
   <trkpt lat="47.0860400" lon="3.0232450">
    <ele>165.8</ele>
    <time>2024-08-18T12:49:13Z</time>
    <extensions>
     <gpxtpx:TrackPointExtension>
      <gpxtpx:atemp>17</gpxtpx:atemp>
     </gpxtpx:TrackPointExtension>
    </extensions>
   </trkpt>
   <trkpt lat="47.0860790" lon="3.0232660">
    <ele>166.6</ele>
    <time>2024-08-18T12:49:21Z</time>
    <extensions>
     <gpxtpx:TrackPointExtension>
      <gpxtpx:atemp>17</gpxtpx:atemp>
     </gpxtpx:TrackPointExtension>
    </extensions>
   </trkpt>
   <trkpt lat="47.0862010" lon="3.0233150">
    <ele>166.6</ele>
    <time>2024-08-18T12:49:26Z</time>
    <extensions>
     <gpxtpx:TrackPointExtension>
      <gpxtpx:atemp>17</gpxtpx:atemp>
     </gpxtpx:TrackPointExtension>
    </extensions>
   </trkpt>
   <trkpt lat="47.0864200" lon="3.0234020">
    <ele>166.4</ele>
    <time>2024-08-18T12:49:32Z</time>
    <extensions>
     <gpxtpx:TrackPointExtension>
      <gpxtpx:atemp>17</gpxtpx:atemp>
     </gpxtpx:TrackPointExtension>
    </extensions>
   </trkpt>
   <trkpt lat="47.0867150" lon="3.0235250">
    <ele>166.2</ele>
    <time>2024-08-18T12:49:39Z</time>
    <extensions>
     <gpxtpx:TrackPointExtension>
      <gpxtpx:atemp>17</gpxtpx:atemp>
     </gpxtpx:TrackPointExtension>
    </extensions>
   </trkpt>
   <trkpt lat="47.0870350" lon="3.0236610">
    <ele>166.2</ele>
    <time>2024-08-18T12:49:46Z</time>
    <extensions>
     <gpxtpx:TrackPointExtension>
      <gpxtpx:atemp>17</gpxtpx:atemp>
     </gpxtpx:TrackPointExtension>
    </extensions>
   </trkpt>
   <trkpt lat="47.0874240" lon="3.0238250">
    <ele>166.6</ele>
    <time>2024-08-18T12:49:54Z</time>
    <extensions>
     <gpxtpx:TrackPointExtension>
      <gpxtpx:atemp>17</gpxtpx:atemp>
     </gpxtpx:TrackPointExtension>
    </extensions>
   </trkpt>
   <trkpt lat="47.0879290" lon="3.0240320">
    <ele>166.4</ele>
    <time>2024-08-18T12:50:04Z</time>
    <extensions>
     <gpxtpx:TrackPointExtension>
      <gpxtpx:atemp>17</gpxtpx:atemp>
     </gpxtpx:TrackPointExtension>
    </extensions>
   </trkpt>
   <trkpt lat="47.0883770" lon="3.0242000">
    <ele>166.4</ele>
    <time>2024-08-18T12:50:13Z</time>
    <extensions>
     <gpxtpx:TrackPointExtension>
      <gpxtpx:atemp>17</gpxtpx:atemp>
     </gpxtpx:TrackPointExtension>
    </extensions>
   </trkpt>
   <trkpt lat="47.0888220" lon="3.0243220">
    <ele>166.6</ele>
    <time>2024-08-18T12:50:22Z</time>
    <extensions>
     <gpxtpx:TrackPointExtension>
      <gpxtpx:atemp>17</gpxtpx:atemp>
     </gpxtpx:TrackPointExtension>
    </extensions>
   </trkpt>
   <trkpt lat="47.0892320" lon="3.0244250">
    <ele>166.2</ele>
    <time>2024-08-18T12:50:30Z</time>
    <extensions>
     <gpxtpx:TrackPointExtension>
      <gpxtpx:atemp>17</gpxtpx:atemp>
     </gpxtpx:TrackPointExtension>
    </extensions>
   </trkpt>
   <trkpt lat="47.0897620" lon="3.0245470">
    <ele>166.0</ele>
    <time>2024-08-18T12:50:40Z</time>
    <extensions>
     <gpxtpx:TrackPointExtension>
      <gpxtpx:atemp>17</gpxtpx:atemp>
     </gpxtpx:TrackPointExtension>
    </extensions>
   </trkpt>
   <trkpt lat="47.0901330" lon="3.0246370">
    <ele>166.0</ele>
    <time>2024-08-18T12:50:47Z</time>
    <extensions>
     <gpxtpx:TrackPointExtension>
      <gpxtpx:atemp>17</gpxtpx:atemp>
     </gpxtpx:TrackPointExtension>
    </extensions>
   </trkpt>
   <trkpt lat="47.0904970" lon="3.0247370">
    <ele>166.2</ele>
    <time>2024-08-18T12:50:54Z</time>
    <extensions>
     <gpxtpx:TrackPointExtension>
      <gpxtpx:atemp>17</gpxtpx:atemp>
     </gpxtpx:TrackPointExtension>
    </extensions>
   </trkpt>
   <trkpt lat="47.0909190" lon="3.0248360">
    <ele>166.0</ele>
    <time>2024-08-18T12:51:02Z</time>
    <extensions>
     <gpxtpx:TrackPointExtension>
      <gpxtpx:atemp>17</gpxtpx:atemp>
     </gpxtpx:TrackPointExtension>
    </extensions>
   </trkpt>
   <trkpt lat="47.0913210" lon="3.0249370">
    <ele>166.0</ele>
    <time>2024-08-18T12:51:10Z</time>
    <extensions>
     <gpxtpx:TrackPointExtension>
      <gpxtpx:atemp>17</gpxtpx:atemp>
     </gpxtpx:TrackPointExtension>
    </extensions>
   </trkpt>
   <trkpt lat="47.0917260" lon="3.0250360">
    <ele>166.0</ele>
    <time>2024-08-18T12:51:18Z</time>
    <extensions>
     <gpxtpx:TrackPointExtension>
      <gpxtpx:atemp>17</gpxtpx:atemp>
     </gpxtpx:TrackPointExtension>
    </extensions>
   </trkpt>
   <trkpt lat="47.0921470" lon="3.0250750">
    <ele>165.8</ele>
    <time>2024-08-18T12:51:26Z</time>
    <extensions>
     <gpxtpx:TrackPointExtension>
      <gpxtpx:atemp>17</gpxtpx:atemp>
     </gpxtpx:TrackPointExtension>
    </extensions>
   </trkpt>
   <trkpt lat="47.0926020" lon="3.0250840">
    <ele>166.4</ele>
    <time>2024-08-18T12:51:35Z</time>
    <extensions>
     <gpxtpx:TrackPointExtension>
      <gpxtpx:atemp>17</gpxtpx:atemp>
     </gpxtpx:TrackPointExtension>
    </extensions>
   </trkpt>
   <trkpt lat="47.0929220" lon="3.0250750">
    <ele>166.6</ele>
    <time>2024-08-18T12:51:42Z</time>
    <extensions>
     <gpxtpx:TrackPointExtension>
      <gpxtpx:atemp>18</gpxtpx:atemp>
     </gpxtpx:TrackPointExtension>
    </extensions>
   </trkpt>
   <trkpt lat="47.0932510" lon="3.0250750">
    <ele>166.2</ele>
    <time>2024-08-18T12:51:48Z</time>
    <extensions>
     <gpxtpx:TrackPointExtension>
      <gpxtpx:atemp>18</gpxtpx:atemp>
     </gpxtpx:TrackPointExtension>
    </extensions>
   </trkpt>
   <trkpt lat="47.0938070" lon="3.0250660">
    <ele>165.4</ele>
    <time>2024-08-18T12:51:58Z</time>
    <extensions>
     <gpxtpx:TrackPointExtension>
      <gpxtpx:atemp>18</gpxtpx:atemp>
     </gpxtpx:TrackPointExtension>
    </extensions>
   </trkpt>
   <trkpt lat="47.0943870" lon="3.0250570">
    <ele>165.4</ele>
    <time>2024-08-18T12:52:09Z</time>
    <extensions>
     <gpxtpx:TrackPointExtension>
      <gpxtpx:atemp>18</gpxtpx:atemp>
     </gpxtpx:TrackPointExtension>
    </extensions>
   </trkpt>
   <trkpt lat="47.0949140" lon="3.0250590">
    <ele>165.2</ele>
    <time>2024-08-18T12:52:19Z</time>
    <extensions>
     <gpxtpx:TrackPointExtension>
      <gpxtpx:atemp>18</gpxtpx:atemp>
     </gpxtpx:TrackPointExtension>
    </extensions>
   </trkpt>
   <trkpt lat="47.0953750" lon="3.0250580">
    <ele>165.6</ele>
    <time>2024-08-18T12:52:28Z</time>
    <extensions>
     <gpxtpx:TrackPointExtension>
      <gpxtpx:atemp>18</gpxtpx:atemp>
     </gpxtpx:TrackPointExtension>
    </extensions>
   </trkpt>
   <trkpt lat="47.0957920" lon="3.0250440">
    <ele>165.6</ele>
    <time>2024-08-18T12:52:36Z</time>
    <extensions>
     <gpxtpx:TrackPointExtension>
      <gpxtpx:atemp>18</gpxtpx:atemp>
     </gpxtpx:TrackPointExtension>
    </extensions>
   </trkpt>
   <trkpt lat="47.0962080" lon="3.0250410">
    <ele>165.4</ele>
    <time>2024-08-18T12:52:44Z</time>
    <extensions>
     <gpxtpx:TrackPointExtension>
      <gpxtpx:atemp>18</gpxtpx:atemp>
     </gpxtpx:TrackPointExtension>
    </extensions>
   </trkpt>
   <trkpt lat="47.0966440" lon="3.0250390">
    <ele>165.2</ele>
    <time>2024-08-18T12:52:52Z</time>
    <extensions>
     <gpxtpx:TrackPointExtension>
      <gpxtpx:atemp>18</gpxtpx:atemp>
     </gpxtpx:TrackPointExtension>
    </extensions>
   </trkpt>
   <trkpt lat="47.0970080" lon="3.0250320">
    <ele>165.2</ele>
    <time>2024-08-18T12:52:59Z</time>
    <extensions>
     <gpxtpx:TrackPointExtension>
      <gpxtpx:atemp>18</gpxtpx:atemp>
     </gpxtpx:TrackPointExtension>
    </extensions>
   </trkpt>
   <trkpt lat="47.0972070" lon="3.0250330">
    <ele>165.0</ele>
    <time>2024-08-18T12:53:03Z</time>
    <extensions>
     <gpxtpx:TrackPointExtension>
      <gpxtpx:atemp>18</gpxtpx:atemp>
     </gpxtpx:TrackPointExtension>
    </extensions>
   </trkpt>
   <trkpt lat="47.0974020" lon="3.0250320">
    <ele>165.2</ele>
    <time>2024-08-18T12:53:07Z</time>
    <extensions>
     <gpxtpx:TrackPointExtension>
      <gpxtpx:atemp>18</gpxtpx:atemp>
     </gpxtpx:TrackPointExtension>
    </extensions>
   </trkpt>
   <trkpt lat="47.0978310" lon="3.0250350">
    <ele>165.4</ele>
    <time>2024-08-18T12:53:16Z</time>
    <extensions>
     <gpxtpx:TrackPointExtension>
      <gpxtpx:atemp>18</gpxtpx:atemp>
     </gpxtpx:TrackPointExtension>
    </extensions>
   </trkpt>
   <trkpt lat="47.0982730" lon="3.0250360">
    <ele>165.4</ele>
    <time>2024-08-18T12:53:25Z</time>
    <extensions>
     <gpxtpx:TrackPointExtension>
      <gpxtpx:atemp>18</gpxtpx:atemp>
     </gpxtpx:TrackPointExtension>
    </extensions>
   </trkpt>
   <trkpt lat="47.0986710" lon="3.0250320">
    <ele>165.4</ele>
    <time>2024-08-18T12:53:33Z</time>
    <extensions>
     <gpxtpx:TrackPointExtension>
      <gpxtpx:atemp>18</gpxtpx:atemp>
     </gpxtpx:TrackPointExtension>
    </extensions>
   </trkpt>
   <trkpt lat="47.0990800" lon="3.0250210">
    <ele>165.2</ele>
    <time>2024-08-18T12:53:41Z</time>
    <extensions>
     <gpxtpx:TrackPointExtension>
      <gpxtpx:atemp>18</gpxtpx:atemp>
     </gpxtpx:TrackPointExtension>
    </extensions>
   </trkpt>
   <trkpt lat="47.0994370" lon="3.0250110">
    <ele>165.2</ele>
    <time>2024-08-18T12:53:48Z</time>
    <extensions>
     <gpxtpx:TrackPointExtension>
      <gpxtpx:atemp>18</gpxtpx:atemp>
     </gpxtpx:TrackPointExtension>
    </extensions>
   </trkpt>
   <trkpt lat="47.0997920" lon="3.0250010">
    <ele>165.2</ele>
    <time>2024-08-18T12:53:55Z</time>
    <extensions>
     <gpxtpx:TrackPointExtension>
      <gpxtpx:atemp>18</gpxtpx:atemp>
     </gpxtpx:TrackPointExtension>
    </extensions>
   </trkpt>
   <trkpt lat="47.1001400" lon="3.0250160">
    <ele>165.4</ele>
    <time>2024-08-18T12:54:02Z</time>
    <extensions>
     <gpxtpx:TrackPointExtension>
      <gpxtpx:atemp>18</gpxtpx:atemp>
     </gpxtpx:TrackPointExtension>
    </extensions>
   </trkpt>
   <trkpt lat="47.1004310" lon="3.0250170">
    <ele>165.0</ele>
    <time>2024-08-18T12:54:08Z</time>
    <extensions>
     <gpxtpx:TrackPointExtension>
      <gpxtpx:atemp>18</gpxtpx:atemp>
     </gpxtpx:TrackPointExtension>
    </extensions>
   </trkpt>
   <trkpt lat="47.1007770" lon="3.0250170">
    <ele>164.8</ele>
    <time>2024-08-18T12:54:15Z</time>
    <extensions>
     <gpxtpx:TrackPointExtension>
      <gpxtpx:atemp>18</gpxtpx:atemp>
     </gpxtpx:TrackPointExtension>
    </extensions>
   </trkpt>
   <trkpt lat="47.1011840" lon="3.0250190">
    <ele>165.2</ele>
    <time>2024-08-18T12:54:23Z</time>
    <extensions>
     <gpxtpx:TrackPointExtension>
      <gpxtpx:atemp>18</gpxtpx:atemp>
     </gpxtpx:TrackPointExtension>
    </extensions>
   </trkpt>
   <trkpt lat="47.1017600" lon="3.0250220">
    <ele>165.0</ele>
    <time>2024-08-18T12:54:34Z</time>
    <extensions>
     <gpxtpx:TrackPointExtension>
      <gpxtpx:atemp>18</gpxtpx:atemp>
     </gpxtpx:TrackPointExtension>
    </extensions>
   </trkpt>
   <trkpt lat="47.1022250" lon="3.0250260">
    <ele>165.2</ele>
    <time>2024-08-18T12:54:43Z</time>
    <extensions>
     <gpxtpx:TrackPointExtension>
      <gpxtpx:atemp>18</gpxtpx:atemp>
     </gpxtpx:TrackPointExtension>
    </extensions>
   </trkpt>
   <trkpt lat="47.1026940" lon="3.0250250">
    <ele>165.2</ele>
    <time>2024-08-18T12:54:52Z</time>
    <extensions>
     <gpxtpx:TrackPointExtension>
      <gpxtpx:atemp>18</gpxtpx:atemp>
     </gpxtpx:TrackPointExtension>
    </extensions>
   </trkpt>
   <trkpt lat="47.1031450" lon="3.0250240">
    <ele>165.4</ele>
    <time>2024-08-18T12:55:01Z</time>
    <extensions>
     <gpxtpx:TrackPointExtension>
      <gpxtpx:atemp>18</gpxtpx:atemp>
     </gpxtpx:TrackPointExtension>
    </extensions>
   </trkpt>
   <trkpt lat="47.1034910" lon="3.0250170">
    <ele>165.2</ele>
    <time>2024-08-18T12:55:08Z</time>
    <extensions>
     <gpxtpx:TrackPointExtension>
      <gpxtpx:atemp>18</gpxtpx:atemp>
     </gpxtpx:TrackPointExtension>
    </extensions>
   </trkpt>
   <trkpt lat="47.1039310" lon="3.0249990">
    <ele>165.2</ele>
    <time>2024-08-18T12:55:17Z</time>
    <extensions>
     <gpxtpx:TrackPointExtension>
      <gpxtpx:atemp>18</gpxtpx:atemp>
     </gpxtpx:TrackPointExtension>
    </extensions>
   </trkpt>
   <trkpt lat="47.1042350" lon="3.0249900">
    <ele>165.0</ele>
    <time>2024-08-18T12:55:23Z</time>
    <extensions>
     <gpxtpx:TrackPointExtension>
      <gpxtpx:atemp>18</gpxtpx:atemp>
     </gpxtpx:TrackPointExtension>
    </extensions>
   </trkpt>
   <trkpt lat="47.1045370" lon="3.0249960">
    <ele>165.0</ele>
    <time>2024-08-18T12:55:29Z</time>
    <extensions>
     <gpxtpx:TrackPointExtension>
      <gpxtpx:atemp>18</gpxtpx:atemp>
     </gpxtpx:TrackPointExtension>
    </extensions>
   </trkpt>
   <trkpt lat="47.1049990" lon="3.0250010">
    <ele>165.0</ele>
    <time>2024-08-18T12:55:38Z</time>
    <extensions>
     <gpxtpx:TrackPointExtension>
      <gpxtpx:atemp>18</gpxtpx:atemp>
     </gpxtpx:TrackPointExtension>
    </extensions>
   </trkpt>
   <trkpt lat="47.1054710" lon="3.0250000">
    <ele>165.0</ele>
    <time>2024-08-18T12:55:47Z</time>
    <extensions>
     <gpxtpx:TrackPointExtension>
      <gpxtpx:atemp>18</gpxtpx:atemp>
     </gpxtpx:TrackPointExtension>
    </extensions>
   </trkpt>
   <trkpt lat="47.1058840" lon="3.0250070">
    <ele>165.4</ele>
    <time>2024-08-18T12:55:55Z</time>
    <extensions>
     <gpxtpx:TrackPointExtension>
      <gpxtpx:atemp>18</gpxtpx:atemp>
     </gpxtpx:TrackPointExtension>
    </extensions>
   </trkpt>
   <trkpt lat="47.1061930" lon="3.0250090">
    <ele>165.2</ele>
    <time>2024-08-18T12:56:01Z</time>
    <extensions>
     <gpxtpx:TrackPointExtension>
      <gpxtpx:atemp>18</gpxtpx:atemp>
     </gpxtpx:TrackPointExtension>
    </extensions>
   </trkpt>
   <trkpt lat="47.1065090" lon="3.0250120">
    <ele>165.0</ele>
    <time>2024-08-18T12:56:07Z</time>
    <extensions>
     <gpxtpx:TrackPointExtension>
      <gpxtpx:atemp>18</gpxtpx:atemp>
     </gpxtpx:TrackPointExtension>
    </extensions>
   </trkpt>
   <trkpt lat="47.1068690" lon="3.0250020">
    <ele>165.0</ele>
    <time>2024-08-18T12:56:14Z</time>
    <extensions>
     <gpxtpx:TrackPointExtension>
      <gpxtpx:atemp>18</gpxtpx:atemp>
     </gpxtpx:TrackPointExtension>
    </extensions>
   </trkpt>
   <trkpt lat="47.1072150" lon="3.0249760">
    <ele>165.2</ele>
    <time>2024-08-18T12:56:21Z</time>
    <extensions>
     <gpxtpx:TrackPointExtension>
      <gpxtpx:atemp>18</gpxtpx:atemp>
     </gpxtpx:TrackPointExtension>
    </extensions>
   </trkpt>
   <trkpt lat="47.1075680" lon="3.0249510">
    <ele>165.2</ele>
    <time>2024-08-18T12:56:28Z</time>
    <extensions>
     <gpxtpx:TrackPointExtension>
      <gpxtpx:atemp>18</gpxtpx:atemp>
     </gpxtpx:TrackPointExtension>
    </extensions>
   </trkpt>
   <trkpt lat="47.1079310" lon="3.0249280">
    <ele>165.0</ele>
    <time>2024-08-18T12:56:35Z</time>
    <extensions>
     <gpxtpx:TrackPointExtension>
      <gpxtpx:atemp>18</gpxtpx:atemp>
     </gpxtpx:TrackPointExtension>
    </extensions>
   </trkpt>
   <trkpt lat="47.1082360" lon="3.0249240">
    <ele>165.0</ele>
    <time>2024-08-18T12:56:41Z</time>
    <extensions>
     <gpxtpx:TrackPointExtension>
      <gpxtpx:atemp>18</gpxtpx:atemp>
     </gpxtpx:TrackPointExtension>
    </extensions>
   </trkpt>
   <trkpt lat="47.1086510" lon="3.0249140">
    <ele>165.0</ele>
    <time>2024-08-18T12:56:49Z</time>
    <extensions>
     <gpxtpx:TrackPointExtension>
      <gpxtpx:atemp>18</gpxtpx:atemp>
     </gpxtpx:TrackPointExtension>
    </extensions>
   </trkpt>
   <trkpt lat="47.1090980" lon="3.0249020">
    <ele>164.8</ele>
    <time>2024-08-18T12:56:58Z</time>
    <extensions>
     <gpxtpx:TrackPointExtension>
      <gpxtpx:atemp>18</gpxtpx:atemp>
     </gpxtpx:TrackPointExtension>
    </extensions>
   </trkpt>
   <trkpt lat="47.1094950" lon="3.0248960">
    <ele>165.0</ele>
    <time>2024-08-18T12:57:06Z</time>
    <extensions>
     <gpxtpx:TrackPointExtension>
      <gpxtpx:atemp>18</gpxtpx:atemp>
     </gpxtpx:TrackPointExtension>
    </extensions>
   </trkpt>
   <trkpt lat="47.1098480" lon="3.0248810">
    <ele>165.0</ele>
    <time>2024-08-18T12:57:13Z</time>
    <extensions>
     <gpxtpx:TrackPointExtension>
      <gpxtpx:atemp>18</gpxtpx:atemp>
     </gpxtpx:TrackPointExtension>
    </extensions>
   </trkpt>
   <trkpt lat="47.1103950" lon="3.0248600">
    <ele>164.8</ele>
    <time>2024-08-18T12:57:24Z</time>
    <extensions>
     <gpxtpx:TrackPointExtension>
      <gpxtpx:atemp>18</gpxtpx:atemp>
     </gpxtpx:TrackPointExtension>
    </extensions>
   </trkpt>
   <trkpt lat="47.1107930" lon="3.0248480">
    <ele>164.8</ele>
    <time>2024-08-18T12:57:32Z</time>
    <extensions>
     <gpxtpx:TrackPointExtension>
      <gpxtpx:atemp>18</gpxtpx:atemp>
     </gpxtpx:TrackPointExtension>
    </extensions>
   </trkpt>
   <trkpt lat="47.1113370" lon="3.0248350">
    <ele>165.2</ele>
    <time>2024-08-18T12:57:43Z</time>
    <extensions>
     <gpxtpx:TrackPointExtension>
      <gpxtpx:atemp>17</gpxtpx:atemp>
     </gpxtpx:TrackPointExtension>
    </extensions>
   </trkpt>
   <trkpt lat="47.1113860" lon="3.0248330">
    <ele>165.2</ele>
    <time>2024-08-18T12:57:44Z</time>
    <extensions>
     <gpxtpx:TrackPointExtension>
      <gpxtpx:atemp>17</gpxtpx:atemp>
     </gpxtpx:TrackPointExtension>
    </extensions>
   </trkpt>
   <trkpt lat="47.1119150" lon="3.0248140">
    <ele>164.8</ele>
    <time>2024-08-18T12:57:55Z</time>
    <extensions>
     <gpxtpx:TrackPointExtension>
      <gpxtpx:atemp>17</gpxtpx:atemp>
     </gpxtpx:TrackPointExtension>
    </extensions>
   </trkpt>
   <trkpt lat="47.1124520" lon="3.0248020">
    <ele>164.8</ele>
    <time>2024-08-18T12:58:06Z</time>
    <extensions>
     <gpxtpx:TrackPointExtension>
      <gpxtpx:atemp>17</gpxtpx:atemp>
     </gpxtpx:TrackPointExtension>
    </extensions>
   </trkpt>
   <trkpt lat="47.1126550" lon="3.0247930">
    <ele>164.4</ele>
    <time>2024-08-18T12:58:10Z</time>
    <extensions>
     <gpxtpx:TrackPointExtension>
      <gpxtpx:atemp>17</gpxtpx:atemp>
     </gpxtpx:TrackPointExtension>
    </extensions>
   </trkpt>
   <trkpt lat="47.1129470" lon="3.0247820">
    <ele>164.4</ele>
    <time>2024-08-18T12:58:16Z</time>
    <extensions>
     <gpxtpx:TrackPointExtension>
      <gpxtpx:atemp>17</gpxtpx:atemp>
     </gpxtpx:TrackPointExtension>
    </extensions>
   </trkpt>
   <trkpt lat="47.1134390" lon="3.0247620">
    <ele>164.4</ele>
    <time>2024-08-18T12:58:26Z</time>
    <extensions>
     <gpxtpx:TrackPointExtension>
      <gpxtpx:atemp>17</gpxtpx:atemp>
     </gpxtpx:TrackPointExtension>
    </extensions>
   </trkpt>
   <trkpt lat="47.1139930" lon="3.0247450">
    <ele>164.6</ele>
    <time>2024-08-18T12:58:37Z</time>
    <extensions>
     <gpxtpx:TrackPointExtension>
      <gpxtpx:atemp>17</gpxtpx:atemp>
     </gpxtpx:TrackPointExtension>
    </extensions>
   </trkpt>
   <trkpt lat="47.1140440" lon="3.0247450">
    <ele>164.4</ele>
    <time>2024-08-18T12:58:38Z</time>
    <extensions>
     <gpxtpx:TrackPointExtension>
      <gpxtpx:atemp>17</gpxtpx:atemp>
     </gpxtpx:TrackPointExtension>
    </extensions>
   </trkpt>
   <trkpt lat="47.1145630" lon="3.0247230">
    <ele>164.0</ele>
    <time>2024-08-18T12:58:48Z</time>
    <extensions>
     <gpxtpx:TrackPointExtension>
      <gpxtpx:atemp>17</gpxtpx:atemp>
     </gpxtpx:TrackPointExtension>
    </extensions>
   </trkpt>
   <trkpt lat="47.1151310" lon="3.0246950">
    <ele>163.8</ele>
    <time>2024-08-18T12:58:59Z</time>
    <extensions>
     <gpxtpx:TrackPointExtension>
      <gpxtpx:atemp>17</gpxtpx:atemp>
     </gpxtpx:TrackPointExtension>
    </extensions>
   </trkpt>
   <trkpt lat="47.1157090" lon="3.0246730">
    <ele>164.2</ele>
    <time>2024-08-18T12:59:10Z</time>
    <extensions>
     <gpxtpx:TrackPointExtension>
      <gpxtpx:atemp>17</gpxtpx:atemp>
     </gpxtpx:TrackPointExtension>
    </extensions>
   </trkpt>
   <trkpt lat="47.1162720" lon="3.0246300">
    <ele>164.4</ele>
    <time>2024-08-18T12:59:21Z</time>
    <extensions>
     <gpxtpx:TrackPointExtension>
      <gpxtpx:atemp>17</gpxtpx:atemp>
     </gpxtpx:TrackPointExtension>
    </extensions>
   </trkpt>
   <trkpt lat="47.1166840" lon="3.0246090">
    <ele>164.0</ele>
    <time>2024-08-18T12:59:29Z</time>
    <extensions>
     <gpxtpx:TrackPointExtension>
      <gpxtpx:atemp>17</gpxtpx:atemp>
     </gpxtpx:TrackPointExtension>
    </extensions>
   </trkpt>
   <trkpt lat="47.1172350" lon="3.0245870">
    <ele>163.8</ele>
    <time>2024-08-18T12:59:40Z</time>
    <extensions>
     <gpxtpx:TrackPointExtension>
      <gpxtpx:atemp>17</gpxtpx:atemp>
     </gpxtpx:TrackPointExtension>
    </extensions>
   </trkpt>
   <trkpt lat="47.1177250" lon="3.0245700">
    <ele>163.6</ele>
    <time>2024-08-18T12:59:50Z</time>
    <extensions>
     <gpxtpx:TrackPointExtension>
      <gpxtpx:atemp>17</gpxtpx:atemp>
     </gpxtpx:TrackPointExtension>
    </extensions>
   </trkpt>
   <trkpt lat="47.1181210" lon="3.0245280">
    <ele>163.8</ele>
    <time>2024-08-18T12:59:58Z</time>
    <extensions>
     <gpxtpx:TrackPointExtension>
      <gpxtpx:atemp>17</gpxtpx:atemp>
     </gpxtpx:TrackPointExtension>
    </extensions>
   </trkpt>
   <trkpt lat="47.1186570" lon="3.0244370">
    <ele>164.0</ele>
    <time>2024-08-18T13:00:09Z</time>
    <extensions>
     <gpxtpx:TrackPointExtension>
      <gpxtpx:atemp>17</gpxtpx:atemp>
     </gpxtpx:TrackPointExtension>
    </extensions>
   </trkpt>
   <trkpt lat="47.1191510" lon="3.0243600">
    <ele>163.6</ele>
    <time>2024-08-18T13:00:19Z</time>
    <extensions>
     <gpxtpx:TrackPointExtension>
      <gpxtpx:atemp>17</gpxtpx:atemp>
     </gpxtpx:TrackPointExtension>
    </extensions>
   </trkpt>
   <trkpt lat="47.1196990" lon="3.0242760">
    <ele>163.4</ele>
    <time>2024-08-18T13:00:30Z</time>
    <extensions>
     <gpxtpx:TrackPointExtension>
      <gpxtpx:atemp>17</gpxtpx:atemp>
     </gpxtpx:TrackPointExtension>
    </extensions>
   </trkpt>
   <trkpt lat="47.1200940" lon="3.0242180">
    <ele>163.2</ele>
    <time>2024-08-18T13:00:38Z</time>
    <extensions>
     <gpxtpx:TrackPointExtension>
      <gpxtpx:atemp>17</gpxtpx:atemp>
     </gpxtpx:TrackPointExtension>
    </extensions>
   </trkpt>
   <trkpt lat="47.1202410" lon="3.0241930">
    <ele>163.4</ele>
    <time>2024-08-18T13:00:41Z</time>
    <extensions>
     <gpxtpx:TrackPointExtension>
      <gpxtpx:atemp>17</gpxtpx:atemp>
     </gpxtpx:TrackPointExtension>
    </extensions>
   </trkpt>
   <trkpt lat="47.1207360" lon="3.0241210">
    <ele>163.6</ele>
    <time>2024-08-18T13:00:51Z</time>
    <extensions>
     <gpxtpx:TrackPointExtension>
      <gpxtpx:atemp>17</gpxtpx:atemp>
     </gpxtpx:TrackPointExtension>
    </extensions>
   </trkpt>
   <trkpt lat="47.1211950" lon="3.0240610">
    <ele>163.6</ele>
    <time>2024-08-18T13:01:00Z</time>
    <extensions>
     <gpxtpx:TrackPointExtension>
      <gpxtpx:atemp>17</gpxtpx:atemp>
     </gpxtpx:TrackPointExtension>
    </extensions>
   </trkpt>
   <trkpt lat="47.1216450" lon="3.0239910">
    <ele>163.8</ele>
    <time>2024-08-18T13:01:09Z</time>
    <extensions>
     <gpxtpx:TrackPointExtension>
      <gpxtpx:atemp>17</gpxtpx:atemp>
     </gpxtpx:TrackPointExtension>
    </extensions>
   </trkpt>
   <trkpt lat="47.1221780" lon="3.0239130">
    <ele>163.2</ele>
    <time>2024-08-18T13:01:19Z</time>
    <extensions>
     <gpxtpx:TrackPointExtension>
      <gpxtpx:atemp>17</gpxtpx:atemp>
     </gpxtpx:TrackPointExtension>
    </extensions>
   </trkpt>
   <trkpt lat="47.1226570" lon="3.0238390">
    <ele>163.2</ele>
    <time>2024-08-18T13:01:28Z</time>
    <extensions>
     <gpxtpx:TrackPointExtension>
      <gpxtpx:atemp>17</gpxtpx:atemp>
     </gpxtpx:TrackPointExtension>
    </extensions>
   </trkpt>
   <trkpt lat="47.1232320" lon="3.0237460">
    <ele>163.4</ele>
    <time>2024-08-18T13:01:39Z</time>
    <extensions>
     <gpxtpx:TrackPointExtension>
      <gpxtpx:atemp>17</gpxtpx:atemp>
     </gpxtpx:TrackPointExtension>
    </extensions>
   </trkpt>
   <trkpt lat="47.1237370" lon="3.0236620">
    <ele>163.4</ele>
    <time>2024-08-18T13:01:49Z</time>
    <extensions>
     <gpxtpx:TrackPointExtension>
      <gpxtpx:atemp>17</gpxtpx:atemp>
     </gpxtpx:TrackPointExtension>
    </extensions>
   </trkpt>
   <trkpt lat="47.1241700" lon="3.0235930">
    <ele>163.4</ele>
    <time>2024-08-18T13:01:58Z</time>
    <extensions>
     <gpxtpx:TrackPointExtension>
      <gpxtpx:atemp>17</gpxtpx:atemp>
     </gpxtpx:TrackPointExtension>
    </extensions>
   </trkpt>
   <trkpt lat="47.1246550" lon="3.0235170">
    <ele>163.2</ele>
    <time>2024-08-18T13:02:08Z</time>
    <extensions>
     <gpxtpx:TrackPointExtension>
      <gpxtpx:atemp>17</gpxtpx:atemp>
     </gpxtpx:TrackPointExtension>
    </extensions>
   </trkpt>
   <trkpt lat="47.1251010" lon="3.0234580">
    <ele>163.4</ele>
    <time>2024-08-18T13:02:17Z</time>
    <extensions>
     <gpxtpx:TrackPointExtension>
      <gpxtpx:atemp>17</gpxtpx:atemp>
     </gpxtpx:TrackPointExtension>
    </extensions>
   </trkpt>
   <trkpt lat="47.1255440" lon="3.0233960">
    <ele>163.2</ele>
    <time>2024-08-18T13:02:26Z</time>
    <extensions>
     <gpxtpx:TrackPointExtension>
      <gpxtpx:atemp>17</gpxtpx:atemp>
     </gpxtpx:TrackPointExtension>
    </extensions>
   </trkpt>
   <trkpt lat="47.1260790" lon="3.0233130">
    <ele>163.0</ele>
    <time>2024-08-18T13:02:37Z</time>
    <extensions>
     <gpxtpx:TrackPointExtension>
      <gpxtpx:atemp>17</gpxtpx:atemp>
     </gpxtpx:TrackPointExtension>
    </extensions>
   </trkpt>
   <trkpt lat="47.1265680" lon="3.0232320">
    <ele>163.0</ele>
    <time>2024-08-18T13:02:47Z</time>
    <extensions>
     <gpxtpx:TrackPointExtension>
      <gpxtpx:atemp>17</gpxtpx:atemp>
     </gpxtpx:TrackPointExtension>
    </extensions>
   </trkpt>
   <trkpt lat="47.1270760" lon="3.0231560">
    <ele>162.6</ele>
    <time>2024-08-18T13:02:57Z</time>
    <extensions>
     <gpxtpx:TrackPointExtension>
      <gpxtpx:atemp>17</gpxtpx:atemp>
     </gpxtpx:TrackPointExtension>
    </extensions>
   </trkpt>
   <trkpt lat="47.1276100" lon="3.0230660">
    <ele>162.6</ele>
    <time>2024-08-18T13:03:08Z</time>
    <extensions>
     <gpxtpx:TrackPointExtension>
      <gpxtpx:atemp>17</gpxtpx:atemp>
     </gpxtpx:TrackPointExtension>
    </extensions>
   </trkpt>
   <trkpt lat="47.1281080" lon="3.0229810">
    <ele>162.4</ele>
    <time>2024-08-18T13:03:18Z</time>
    <extensions>
     <gpxtpx:TrackPointExtension>
      <gpxtpx:atemp>17</gpxtpx:atemp>
     </gpxtpx:TrackPointExtension>
    </extensions>
   </trkpt>
   <trkpt lat="47.1286130" lon="3.0229080">
    <ele>162.4</ele>
    <time>2024-08-18T13:03:28Z</time>
    <extensions>
     <gpxtpx:TrackPointExtension>
      <gpxtpx:atemp>17</gpxtpx:atemp>
     </gpxtpx:TrackPointExtension>
    </extensions>
   </trkpt>
   <trkpt lat="47.1290100" lon="3.0228520">
    <ele>162.6</ele>
    <time>2024-08-18T13:03:36Z</time>
    <extensions>
     <gpxtpx:TrackPointExtension>
      <gpxtpx:atemp>17</gpxtpx:atemp>
     </gpxtpx:TrackPointExtension>
    </extensions>
   </trkpt>
   <trkpt lat="47.1293570" lon="3.0227500">
    <ele>162.6</ele>
    <time>2024-08-18T13:03:43Z</time>
    <extensions>
     <gpxtpx:TrackPointExtension>
      <gpxtpx:atemp>17</gpxtpx:atemp>
     </gpxtpx:TrackPointExtension>
    </extensions>
   </trkpt>
   <trkpt lat="47.1294490" lon="3.0226910">
    <ele>162.4</ele>
    <time>2024-08-18T13:03:45Z</time>
    <extensions>
     <gpxtpx:TrackPointExtension>
      <gpxtpx:atemp>17</gpxtpx:atemp>
     </gpxtpx:TrackPointExtension>
    </extensions>
   </trkpt>
   <trkpt lat="47.1296590" lon="3.0224990">
    <ele>162.4</ele>
    <time>2024-08-18T13:03:50Z</time>
    <extensions>
     <gpxtpx:TrackPointExtension>
      <gpxtpx:atemp>17</gpxtpx:atemp>
     </gpxtpx:TrackPointExtension>
    </extensions>
   </trkpt>
   <trkpt lat="47.1300850" lon="3.0221090">
    <ele>162.4</ele>
    <time>2024-08-18T13:04:00Z</time>
    <extensions>
     <gpxtpx:TrackPointExtension>
      <gpxtpx:atemp>17</gpxtpx:atemp>
     </gpxtpx:TrackPointExtension>
    </extensions>
   </trkpt>
   <trkpt lat="47.1304760" lon="3.0217460">
    <ele>162.4</ele>
    <time>2024-08-18T13:04:09Z</time>
    <extensions>
     <gpxtpx:TrackPointExtension>
      <gpxtpx:atemp>17</gpxtpx:atemp>
     </gpxtpx:TrackPointExtension>
    </extensions>
   </trkpt>
   <trkpt lat="47.1308190" lon="3.0214260">
    <ele>162.4</ele>
    <time>2024-08-18T13:04:17Z</time>
    <extensions>
     <gpxtpx:TrackPointExtension>
      <gpxtpx:atemp>17</gpxtpx:atemp>
     </gpxtpx:TrackPointExtension>
    </extensions>
   </trkpt>
   <trkpt lat="47.1311710" lon="3.0211050">
    <ele>162.2</ele>
    <time>2024-08-18T13:04:25Z</time>
    <extensions>
     <gpxtpx:TrackPointExtension>
      <gpxtpx:atemp>17</gpxtpx:atemp>
     </gpxtpx:TrackPointExtension>
    </extensions>
   </trkpt>
   <trkpt lat="47.1315550" lon="3.0207690">
    <ele>162.2</ele>
    <time>2024-08-18T13:04:34Z</time>
    <extensions>
     <gpxtpx:TrackPointExtension>
      <gpxtpx:atemp>17</gpxtpx:atemp>
     </gpxtpx:TrackPointExtension>
    </extensions>
   </trkpt>
   <trkpt lat="47.1319030" lon="3.0204480">
    <ele>162.4</ele>
    <time>2024-08-18T13:04:42Z</time>
    <extensions>
     <gpxtpx:TrackPointExtension>
      <gpxtpx:atemp>17</gpxtpx:atemp>
     </gpxtpx:TrackPointExtension>
    </extensions>
   </trkpt>
   <trkpt lat="47.1322540" lon="3.0201260">
    <ele>162.0</ele>
    <time>2024-08-18T13:04:50Z</time>
    <extensions>
     <gpxtpx:TrackPointExtension>
      <gpxtpx:atemp>17</gpxtpx:atemp>
     </gpxtpx:TrackPointExtension>
    </extensions>
   </trkpt>
   <trkpt lat="47.1326340" lon="3.0197860">
    <ele>162.2</ele>
    <time>2024-08-18T13:04:59Z</time>
    <extensions>
     <gpxtpx:TrackPointExtension>
      <gpxtpx:atemp>17</gpxtpx:atemp>
     </gpxtpx:TrackPointExtension>
    </extensions>
   </trkpt>
   <trkpt lat="47.1330670" lon="3.0194110">
    <ele>162.2</ele>
    <time>2024-08-18T13:05:09Z</time>
    <extensions>
     <gpxtpx:TrackPointExtension>
      <gpxtpx:atemp>17</gpxtpx:atemp>
     </gpxtpx:TrackPointExtension>
    </extensions>
   </trkpt>
   <trkpt lat="47.1333700" lon="3.0191390">
    <ele>162.2</ele>
    <time>2024-08-18T13:05:16Z</time>
    <extensions>
     <gpxtpx:TrackPointExtension>
      <gpxtpx:atemp>17</gpxtpx:atemp>
     </gpxtpx:TrackPointExtension>
    </extensions>
   </trkpt>
   <trkpt lat="47.1338600" lon="3.0187290">
    <ele>162.0</ele>
    <time>2024-08-18T13:05:27Z</time>
    <extensions>
     <gpxtpx:TrackPointExtension>
      <gpxtpx:atemp>17</gpxtpx:atemp>
     </gpxtpx:TrackPointExtension>
    </extensions>
   </trkpt>
   <trkpt lat="47.1339040" lon="3.0186900">
    <ele>162.0</ele>
    <time>2024-08-18T13:05:28Z</time>
    <extensions>
     <gpxtpx:TrackPointExtension>
      <gpxtpx:atemp>17</gpxtpx:atemp>
     </gpxtpx:TrackPointExtension>
    </extensions>
   </trkpt>
   <trkpt lat="47.1342000" lon="3.0184180">
    <ele>162.0</ele>
    <time>2024-08-18T13:05:35Z</time>
    <extensions>
     <gpxtpx:TrackPointExtension>
      <gpxtpx:atemp>17</gpxtpx:atemp>
     </gpxtpx:TrackPointExtension>
    </extensions>
   </trkpt>
   <trkpt lat="47.1345450" lon="3.0181150">
    <ele>161.8</ele>
    <time>2024-08-18T13:05:43Z</time>
    <extensions>
     <gpxtpx:TrackPointExtension>
      <gpxtpx:atemp>17</gpxtpx:atemp>
     </gpxtpx:TrackPointExtension>
    </extensions>
   </trkpt>
   <trkpt lat="47.1348360" lon="3.0178460">
    <ele>161.8</ele>
    <time>2024-08-18T13:05:50Z</time>
    <extensions>
     <gpxtpx:TrackPointExtension>
      <gpxtpx:atemp>17</gpxtpx:atemp>
     </gpxtpx:TrackPointExtension>
    </extensions>
   </trkpt>
   <trkpt lat="47.1351530" lon="3.0175600">
    <ele>162.2</ele>
    <time>2024-08-18T13:05:58Z</time>
    <extensions>
     <gpxtpx:TrackPointExtension>
      <gpxtpx:atemp>17</gpxtpx:atemp>
     </gpxtpx:TrackPointExtension>
    </extensions>
   </trkpt>
   <trkpt lat="47.1353980" lon="3.0173460">
    <ele>162.2</ele>
    <time>2024-08-18T13:06:04Z</time>
    <extensions>
     <gpxtpx:TrackPointExtension>
      <gpxtpx:atemp>17</gpxtpx:atemp>
     </gpxtpx:TrackPointExtension>
    </extensions>
   </trkpt>
   <trkpt lat="47.1356810" lon="3.0170890">
    <ele>162.2</ele>
    <time>2024-08-18T13:06:11Z</time>
    <extensions>
     <gpxtpx:TrackPointExtension>
      <gpxtpx:atemp>17</gpxtpx:atemp>
     </gpxtpx:TrackPointExtension>
    </extensions>
   </trkpt>
   <trkpt lat="47.1360510" lon="3.0167640">
    <ele>162.0</ele>
    <time>2024-08-18T13:06:20Z</time>
    <extensions>
     <gpxtpx:TrackPointExtension>
      <gpxtpx:atemp>17</gpxtpx:atemp>
     </gpxtpx:TrackPointExtension>
    </extensions>
   </trkpt>
   <trkpt lat="47.1364120" lon="3.0165600">
    <ele>162.2</ele>
    <time>2024-08-18T13:06:28Z</time>
    <extensions>
     <gpxtpx:TrackPointExtension>
      <gpxtpx:atemp>17</gpxtpx:atemp>
     </gpxtpx:TrackPointExtension>
    </extensions>
   </trkpt>
   <trkpt lat="47.1368240" lon="3.0163910">
    <ele>162.2</ele>
    <time>2024-08-18T13:06:37Z</time>
    <extensions>
     <gpxtpx:TrackPointExtension>
      <gpxtpx:atemp>17</gpxtpx:atemp>
     </gpxtpx:TrackPointExtension>
    </extensions>
   </trkpt>
   <trkpt lat="47.1372980" lon="3.0162120">
    <ele>162.2</ele>
    <time>2024-08-18T13:06:47Z</time>
    <extensions>
     <gpxtpx:TrackPointExtension>
      <gpxtpx:atemp>17</gpxtpx:atemp>
     </gpxtpx:TrackPointExtension>
    </extensions>
   </trkpt>
   <trkpt lat="47.1377160" lon="3.0160380">
    <ele>162.0</ele>
    <time>2024-08-18T13:06:56Z</time>
    <extensions>
     <gpxtpx:TrackPointExtension>
      <gpxtpx:atemp>17</gpxtpx:atemp>
     </gpxtpx:TrackPointExtension>
    </extensions>
   </trkpt>
   <trkpt lat="47.1380790" lon="3.0158900">
    <ele>162.2</ele>
    <time>2024-08-18T13:07:04Z</time>
    <extensions>
     <gpxtpx:TrackPointExtension>
      <gpxtpx:atemp>17</gpxtpx:atemp>
     </gpxtpx:TrackPointExtension>
    </extensions>
   </trkpt>
   <trkpt lat="47.1384010" lon="3.0157630">
    <ele>162.4</ele>
    <time>2024-08-18T13:07:11Z</time>
    <extensions>
     <gpxtpx:TrackPointExtension>
      <gpxtpx:atemp>17</gpxtpx:atemp>
     </gpxtpx:TrackPointExtension>
    </extensions>
   </trkpt>
   <trkpt lat="47.1388250" lon="3.0155650">
    <ele>162.2</ele>
    <time>2024-08-18T13:07:20Z</time>
    <extensions>
     <gpxtpx:TrackPointExtension>
      <gpxtpx:atemp>17</gpxtpx:atemp>
     </gpxtpx:TrackPointExtension>
    </extensions>
   </trkpt>
   <trkpt lat="47.1392560" lon="3.0153880">
    <ele>162.2</ele>
    <time>2024-08-18T13:07:29Z</time>
    <extensions>
     <gpxtpx:TrackPointExtension>
      <gpxtpx:atemp>17</gpxtpx:atemp>
     </gpxtpx:TrackPointExtension>
    </extensions>
   </trkpt>
   <trkpt lat="47.1395860" lon="3.0152530">
    <ele>161.8</ele>
    <time>2024-08-18T13:07:36Z</time>
    <extensions>
     <gpxtpx:TrackPointExtension>
      <gpxtpx:atemp>17</gpxtpx:atemp>
     </gpxtpx:TrackPointExtension>
    </extensions>
   </trkpt>
   <trkpt lat="47.1399600" lon="3.0150790">
    <ele>161.6</ele>
    <time>2024-08-18T13:07:44Z</time>
    <extensions>
     <gpxtpx:TrackPointExtension>
      <gpxtpx:atemp>17</gpxtpx:atemp>
     </gpxtpx:TrackPointExtension>
    </extensions>
   </trkpt>
   <trkpt lat="47.1403280" lon="3.0149270">
    <ele>161.6</ele>
    <time>2024-08-18T13:07:52Z</time>
    <extensions>
     <gpxtpx:TrackPointExtension>
      <gpxtpx:atemp>17</gpxtpx:atemp>
     </gpxtpx:TrackPointExtension>
    </extensions>
   </trkpt>
   <trkpt lat="47.1407020" lon="3.0147620">
    <ele>161.6</ele>
    <time>2024-08-18T13:08:00Z</time>
    <extensions>
     <gpxtpx:TrackPointExtension>
      <gpxtpx:atemp>17</gpxtpx:atemp>
     </gpxtpx:TrackPointExtension>
    </extensions>
   </trkpt>
   <trkpt lat="47.1410560" lon="3.0146150">
    <ele>161.6</ele>
    <time>2024-08-18T13:08:08Z</time>
    <extensions>
     <gpxtpx:TrackPointExtension>
      <gpxtpx:atemp>17</gpxtpx:atemp>
     </gpxtpx:TrackPointExtension>
    </extensions>
   </trkpt>
   <trkpt lat="47.1413810" lon="3.0144990">
    <ele>161.6</ele>
    <time>2024-08-18T13:08:15Z</time>
    <extensions>
     <gpxtpx:TrackPointExtension>
      <gpxtpx:atemp>17</gpxtpx:atemp>
     </gpxtpx:TrackPointExtension>
    </extensions>
   </trkpt>
   <trkpt lat="47.1416740" lon="3.0144400">
    <ele>161.8</ele>
    <time>2024-08-18T13:08:21Z</time>
    <extensions>
     <gpxtpx:TrackPointExtension>
      <gpxtpx:atemp>17</gpxtpx:atemp>
     </gpxtpx:TrackPointExtension>
    </extensions>
   </trkpt>
   <trkpt lat="47.1420290" lon="3.0144660">
    <ele>161.8</ele>
    <time>2024-08-18T13:08:28Z</time>
    <extensions>
     <gpxtpx:TrackPointExtension>
      <gpxtpx:atemp>17</gpxtpx:atemp>
     </gpxtpx:TrackPointExtension>
    </extensions>
   </trkpt>
   <trkpt lat="47.1424880" lon="3.0145030">
    <ele>161.8</ele>
    <time>2024-08-18T13:08:37Z</time>
    <extensions>
     <gpxtpx:TrackPointExtension>
      <gpxtpx:atemp>17</gpxtpx:atemp>
     </gpxtpx:TrackPointExtension>
    </extensions>
   </trkpt>
   <trkpt lat="47.1429520" lon="3.0145530">
    <ele>162.2</ele>
    <time>2024-08-18T13:08:47Z</time>
    <extensions>
     <gpxtpx:TrackPointExtension>
      <gpxtpx:atemp>17</gpxtpx:atemp>
     </gpxtpx:TrackPointExtension>
    </extensions>
   </trkpt>
   <trkpt lat="47.1435270" lon="3.0146050">
    <ele>161.8</ele>
    <time>2024-08-18T13:08:59Z</time>
    <extensions>
     <gpxtpx:TrackPointExtension>
      <gpxtpx:atemp>17</gpxtpx:atemp>
     </gpxtpx:TrackPointExtension>
    </extensions>
   </trkpt>
   <trkpt lat="47.1435760" lon="3.0146090">
    <ele>161.8</ele>
    <time>2024-08-18T13:09:00Z</time>
    <extensions>
     <gpxtpx:TrackPointExtension>
      <gpxtpx:atemp>17</gpxtpx:atemp>
     </gpxtpx:TrackPointExtension>
    </extensions>
   </trkpt>
   <trkpt lat="47.1440220" lon="3.0146500">
    <ele>161.8</ele>
    <time>2024-08-18T13:09:09Z</time>
    <extensions>
     <gpxtpx:TrackPointExtension>
      <gpxtpx:atemp>17</gpxtpx:atemp>
     </gpxtpx:TrackPointExtension>
    </extensions>
   </trkpt>
   <trkpt lat="47.1445460" lon="3.0147010">
    <ele>162.0</ele>
    <time>2024-08-18T13:09:20Z</time>
    <extensions>
     <gpxtpx:TrackPointExtension>
      <gpxtpx:atemp>17</gpxtpx:atemp>
     </gpxtpx:TrackPointExtension>
    </extensions>
   </trkpt>
   <trkpt lat="47.1449880" lon="3.0147370">
    <ele>162.0</ele>
    <time>2024-08-18T13:09:29Z</time>
    <extensions>
     <gpxtpx:TrackPointExtension>
      <gpxtpx:atemp>17</gpxtpx:atemp>
     </gpxtpx:TrackPointExtension>
    </extensions>
   </trkpt>
   <trkpt lat="47.1454760" lon="3.0147730">
    <ele>162.0</ele>
    <time>2024-08-18T13:09:39Z</time>
    <extensions>
     <gpxtpx:TrackPointExtension>
      <gpxtpx:atemp>17</gpxtpx:atemp>
     </gpxtpx:TrackPointExtension>
    </extensions>
   </trkpt>
   <trkpt lat="47.1459280" lon="3.0147560">
    <ele>162.0</ele>
    <time>2024-08-18T13:09:48Z</time>
    <extensions>
     <gpxtpx:TrackPointExtension>
      <gpxtpx:atemp>17</gpxtpx:atemp>
     </gpxtpx:TrackPointExtension>
    </extensions>
   </trkpt>
   <trkpt lat="47.1462680" lon="3.0146580">
    <ele>162.2</ele>
    <time>2024-08-18T13:09:55Z</time>
    <extensions>
     <gpxtpx:TrackPointExtension>
      <gpxtpx:atemp>17</gpxtpx:atemp>
     </gpxtpx:TrackPointExtension>
    </extensions>
   </trkpt>
   <trkpt lat="47.1465970" lon="3.0145540">
    <ele>162.4</ele>
    <time>2024-08-18T13:10:02Z</time>
    <extensions>
     <gpxtpx:TrackPointExtension>
      <gpxtpx:atemp>17</gpxtpx:atemp>
     </gpxtpx:TrackPointExtension>
    </extensions>
   </trkpt>
   <trkpt lat="47.1467410" lon="3.0145110">
    <ele>162.6</ele>
    <time>2024-08-18T13:10:05Z</time>
    <extensions>
     <gpxtpx:TrackPointExtension>
      <gpxtpx:atemp>17</gpxtpx:atemp>
     </gpxtpx:TrackPointExtension>
    </extensions>
   </trkpt>
   <trkpt lat="47.1470750" lon="3.0144030">
    <ele>162.4</ele>
    <time>2024-08-18T13:10:12Z</time>
    <extensions>
     <gpxtpx:TrackPointExtension>
      <gpxtpx:atemp>17</gpxtpx:atemp>
     </gpxtpx:TrackPointExtension>
    </extensions>
   </trkpt>
   <trkpt lat="47.1474250" lon="3.0142960">
    <ele>162.6</ele>
    <time>2024-08-18T13:10:19Z</time>
    <extensions>
     <gpxtpx:TrackPointExtension>
      <gpxtpx:atemp>17</gpxtpx:atemp>
     </gpxtpx:TrackPointExtension>
    </extensions>
   </trkpt>
   <trkpt lat="47.1478310" lon="3.0141730">
    <ele>162.4</ele>
    <time>2024-08-18T13:10:27Z</time>
    <extensions>
     <gpxtpx:TrackPointExtension>
      <gpxtpx:atemp>17</gpxtpx:atemp>
     </gpxtpx:TrackPointExtension>
    </extensions>
   </trkpt>
   <trkpt lat="47.1481810" lon="3.0140700">
    <ele>162.4</ele>
    <time>2024-08-18T13:10:34Z</time>
    <extensions>
     <gpxtpx:TrackPointExtension>
      <gpxtpx:atemp>17</gpxtpx:atemp>
     </gpxtpx:TrackPointExtension>
    </extensions>
   </trkpt>
   <trkpt lat="47.1485760" lon="3.0139400">
    <ele>162.4</ele>
    <time>2024-08-18T13:10:42Z</time>
    <extensions>
     <gpxtpx:TrackPointExtension>
      <gpxtpx:atemp>17</gpxtpx:atemp>
     </gpxtpx:TrackPointExtension>
    </extensions>
   </trkpt>
   <trkpt lat="47.1487600" lon="3.0138790">
    <ele>162.4</ele>
    <time>2024-08-18T13:10:46Z</time>
    <extensions>
     <gpxtpx:TrackPointExtension>
      <gpxtpx:atemp>17</gpxtpx:atemp>
     </gpxtpx:TrackPointExtension>
    </extensions>
   </trkpt>
   <trkpt lat="47.1488530" lon="3.0138530">
    <ele>162.2</ele>
    <time>2024-08-18T13:10:48Z</time>
    <extensions>
     <gpxtpx:TrackPointExtension>
      <gpxtpx:atemp>17</gpxtpx:atemp>
     </gpxtpx:TrackPointExtension>
    </extensions>
   </trkpt>
   <trkpt lat="47.1491880" lon="3.0137500">
    <ele>162.2</ele>
    <time>2024-08-18T13:10:55Z</time>
    <extensions>
     <gpxtpx:TrackPointExtension>
      <gpxtpx:atemp>17</gpxtpx:atemp>
     </gpxtpx:TrackPointExtension>
    </extensions>
   </trkpt>
   <trkpt lat="47.1494690" lon="3.0136550">
    <ele>162.4</ele>
    <time>2024-08-18T13:11:01Z</time>
    <extensions>
     <gpxtpx:TrackPointExtension>
      <gpxtpx:atemp>17</gpxtpx:atemp>
     </gpxtpx:TrackPointExtension>
    </extensions>
   </trkpt>
   <trkpt lat="47.1498440" lon="3.0135510">
    <ele>162.2</ele>
    <time>2024-08-18T13:11:09Z</time>
    <extensions>
     <gpxtpx:TrackPointExtension>
      <gpxtpx:atemp>17</gpxtpx:atemp>
     </gpxtpx:TrackPointExtension>
    </extensions>
   </trkpt>
   <trkpt lat="47.1498900" lon="3.0135380">
    <ele>162.2</ele>
    <time>2024-08-18T13:11:10Z</time>
    <extensions>
     <gpxtpx:TrackPointExtension>
      <gpxtpx:atemp>17</gpxtpx:atemp>
     </gpxtpx:TrackPointExtension>
    </extensions>
   </trkpt>
   <trkpt lat="47.1500760" lon="3.0134810">
    <ele>162.2</ele>
    <time>2024-08-18T13:11:14Z</time>
    <extensions>
     <gpxtpx:TrackPointExtension>
      <gpxtpx:atemp>17</gpxtpx:atemp>
     </gpxtpx:TrackPointExtension>
    </extensions>
   </trkpt>
   <trkpt lat="47.1503980" lon="3.0133850">
    <ele>162.2</ele>
    <time>2024-08-18T13:11:21Z</time>
    <extensions>
     <gpxtpx:TrackPointExtension>
      <gpxtpx:atemp>17</gpxtpx:atemp>
     </gpxtpx:TrackPointExtension>
    </extensions>
   </trkpt>
   <trkpt lat="47.1507540" lon="3.0132760">
    <ele>162.0</ele>
    <time>2024-08-18T13:11:29Z</time>
    <extensions>
     <gpxtpx:TrackPointExtension>
      <gpxtpx:atemp>17</gpxtpx:atemp>
     </gpxtpx:TrackPointExtension>
    </extensions>
   </trkpt>
   <trkpt lat="47.1510610" lon="3.0131790">
    <ele>162.2</ele>
    <time>2024-08-18T13:11:36Z</time>
    <extensions>
     <gpxtpx:TrackPointExtension>
      <gpxtpx:atemp>17</gpxtpx:atemp>
     </gpxtpx:TrackPointExtension>
    </extensions>
   </trkpt>
   <trkpt lat="47.1513920" lon="3.0131090">
    <ele>162.4</ele>
    <time>2024-08-18T13:11:43Z</time>
    <extensions>
     <gpxtpx:TrackPointExtension>
      <gpxtpx:atemp>17</gpxtpx:atemp>
     </gpxtpx:TrackPointExtension>
    </extensions>
   </trkpt>
   <trkpt lat="47.1514400" lon="3.0131060">
    <ele>162.4</ele>
    <time>2024-08-18T13:11:44Z</time>
    <extensions>
     <gpxtpx:TrackPointExtension>
      <gpxtpx:atemp>17</gpxtpx:atemp>
     </gpxtpx:TrackPointExtension>
    </extensions>
   </trkpt>
   <trkpt lat="47.1516350" lon="3.0131310">
    <ele>162.2</ele>
    <time>2024-08-18T13:11:48Z</time>
    <extensions>
     <gpxtpx:TrackPointExtension>
      <gpxtpx:atemp>17</gpxtpx:atemp>
     </gpxtpx:TrackPointExtension>
    </extensions>
   </trkpt>
   <trkpt lat="47.1520160" lon="3.0132170">
    <ele>162.0</ele>
    <time>2024-08-18T13:11:56Z</time>
    <extensions>
     <gpxtpx:TrackPointExtension>
      <gpxtpx:atemp>17</gpxtpx:atemp>
     </gpxtpx:TrackPointExtension>
    </extensions>
   </trkpt>
   <trkpt lat="47.1521590" lon="3.0132530">
    <ele>162.0</ele>
    <time>2024-08-18T13:11:59Z</time>
    <extensions>
     <gpxtpx:TrackPointExtension>
      <gpxtpx:atemp>17</gpxtpx:atemp>
     </gpxtpx:TrackPointExtension>
    </extensions>
   </trkpt>
   <trkpt lat="47.1523020" lon="3.0132780">
    <ele>162.0</ele>
    <time>2024-08-18T13:12:02Z</time>
    <extensions>
     <gpxtpx:TrackPointExtension>
      <gpxtpx:atemp>17</gpxtpx:atemp>
     </gpxtpx:TrackPointExtension>
    </extensions>
   </trkpt>
   <trkpt lat="47.1525930" lon="3.0133090">
    <ele>162.2</ele>
    <time>2024-08-18T13:12:08Z</time>
    <extensions>
     <gpxtpx:TrackPointExtension>
      <gpxtpx:atemp>17</gpxtpx:atemp>
     </gpxtpx:TrackPointExtension>
    </extensions>
   </trkpt>
   <trkpt lat="47.1529110" lon="3.0133180">
    <ele>162.2</ele>
    <time>2024-08-18T13:12:15Z</time>
    <extensions>
     <gpxtpx:TrackPointExtension>
      <gpxtpx:atemp>17</gpxtpx:atemp>
     </gpxtpx:TrackPointExtension>
    </extensions>
   </trkpt>
   <trkpt lat="47.1531870" lon="3.0132890">
    <ele>162.4</ele>
    <time>2024-08-18T13:12:21Z</time>
    <extensions>
     <gpxtpx:TrackPointExtension>
      <gpxtpx:atemp>17</gpxtpx:atemp>
     </gpxtpx:TrackPointExtension>
    </extensions>
   </trkpt>
   <trkpt lat="47.1532320" lon="3.0132780">
    <ele>162.4</ele>
    <time>2024-08-18T13:12:22Z</time>
    <extensions>
     <gpxtpx:TrackPointExtension>
      <gpxtpx:atemp>17</gpxtpx:atemp>
     </gpxtpx:TrackPointExtension>
    </extensions>
   </trkpt>
   <trkpt lat="47.1535320" lon="3.0131310">
    <ele>162.2</ele>
    <time>2024-08-18T13:12:29Z</time>
    <extensions>
     <gpxtpx:TrackPointExtension>
      <gpxtpx:atemp>17</gpxtpx:atemp>
     </gpxtpx:TrackPointExtension>
    </extensions>
   </trkpt>
   <trkpt lat="47.1538350" lon="3.0129050">
    <ele>162.6</ele>
    <time>2024-08-18T13:12:36Z</time>
    <extensions>
     <gpxtpx:TrackPointExtension>
      <gpxtpx:atemp>17</gpxtpx:atemp>
     </gpxtpx:TrackPointExtension>
    </extensions>
   </trkpt>
   <trkpt lat="47.1541330" lon="3.0126640">
    <ele>162.4</ele>
    <time>2024-08-18T13:12:43Z</time>
    <extensions>
     <gpxtpx:TrackPointExtension>
      <gpxtpx:atemp>17</gpxtpx:atemp>
     </gpxtpx:TrackPointExtension>
    </extensions>
   </trkpt>
   <trkpt lat="47.1545550" lon="3.0123310">
    <ele>162.2</ele>
    <time>2024-08-18T13:12:53Z</time>
    <extensions>
     <gpxtpx:TrackPointExtension>
      <gpxtpx:atemp>17</gpxtpx:atemp>
     </gpxtpx:TrackPointExtension>
    </extensions>
   </trkpt>
   <trkpt lat="47.1549100" lon="3.0120880">
    <ele>162.0</ele>
    <time>2024-08-18T13:13:01Z</time>
    <extensions>
     <gpxtpx:TrackPointExtension>
      <gpxtpx:atemp>17</gpxtpx:atemp>
     </gpxtpx:TrackPointExtension>
    </extensions>
   </trkpt>
   <trkpt lat="47.1552340" lon="3.0119540">
    <ele>161.8</ele>
    <time>2024-08-18T13:13:08Z</time>
    <extensions>
     <gpxtpx:TrackPointExtension>
      <gpxtpx:atemp>17</gpxtpx:atemp>
     </gpxtpx:TrackPointExtension>
    </extensions>
   </trkpt>
   <trkpt lat="47.1552800" lon="3.0119450">
    <ele>161.8</ele>
    <time>2024-08-18T13:13:09Z</time>
    <extensions>
     <gpxtpx:TrackPointExtension>
      <gpxtpx:atemp>17</gpxtpx:atemp>
     </gpxtpx:TrackPointExtension>
    </extensions>
   </trkpt>
   <trkpt lat="47.1554770" lon="3.0119380">
    <ele>162.0</ele>
    <time>2024-08-18T13:13:13Z</time>
    <extensions>
     <gpxtpx:TrackPointExtension>
      <gpxtpx:atemp>17</gpxtpx:atemp>
     </gpxtpx:TrackPointExtension>
    </extensions>
   </trkpt>
   <trkpt lat="47.1558480" lon="3.0119750">
    <ele>162.0</ele>
    <time>2024-08-18T13:13:21Z</time>
    <extensions>
     <gpxtpx:TrackPointExtension>
      <gpxtpx:atemp>17</gpxtpx:atemp>
     </gpxtpx:TrackPointExtension>
    </extensions>
   </trkpt>
   <trkpt lat="47.1561800" lon="3.0119730">
    <ele>162.2</ele>
    <time>2024-08-18T13:13:28Z</time>
    <extensions>
     <gpxtpx:TrackPointExtension>
      <gpxtpx:atemp>17</gpxtpx:atemp>
     </gpxtpx:TrackPointExtension>
    </extensions>
   </trkpt>
   <trkpt lat="47.1565440" lon="3.0118430">
    <ele>162.0</ele>
    <time>2024-08-18T13:13:36Z</time>
    <extensions>
     <gpxtpx:TrackPointExtension>
      <gpxtpx:atemp>17</gpxtpx:atemp>
     </gpxtpx:TrackPointExtension>
    </extensions>
   </trkpt>
   <trkpt lat="47.1569380" lon="3.0117280">
    <ele>162.0</ele>
    <time>2024-08-18T13:13:44Z</time>
    <extensions>
     <gpxtpx:TrackPointExtension>
      <gpxtpx:atemp>17</gpxtpx:atemp>
     </gpxtpx:TrackPointExtension>
    </extensions>
   </trkpt>
   <trkpt lat="47.1572300" lon="3.0116220">
    <ele>162.2</ele>
    <time>2024-08-18T13:13:50Z</time>
    <extensions>
     <gpxtpx:TrackPointExtension>
      <gpxtpx:atemp>17</gpxtpx:atemp>
     </gpxtpx:TrackPointExtension>
    </extensions>
   </trkpt>
   <trkpt lat="47.1573230" lon="3.0115800">
    <ele>162.2</ele>
    <time>2024-08-18T13:13:52Z</time>
    <extensions>
     <gpxtpx:TrackPointExtension>
      <gpxtpx:atemp>17</gpxtpx:atemp>
     </gpxtpx:TrackPointExtension>
    </extensions>
   </trkpt>
   <trkpt lat="47.1575540" lon="3.0115060">
    <ele>162.6</ele>
    <time>2024-08-18T13:13:57Z</time>
    <extensions>
     <gpxtpx:TrackPointExtension>
      <gpxtpx:atemp>17</gpxtpx:atemp>
     </gpxtpx:TrackPointExtension>
    </extensions>
   </trkpt>
   <trkpt lat="47.1579090" lon="3.0113870">
    <ele>162.6</ele>
    <time>2024-08-18T13:14:05Z</time>
    <extensions>
     <gpxtpx:TrackPointExtension>
      <gpxtpx:atemp>17</gpxtpx:atemp>
     </gpxtpx:TrackPointExtension>
    </extensions>
   </trkpt>
   <trkpt lat="47.1582410" lon="3.0113010">
    <ele>163.0</ele>
    <time>2024-08-18T13:14:12Z</time>
    <extensions>
     <gpxtpx:TrackPointExtension>
      <gpxtpx:atemp>17</gpxtpx:atemp>
     </gpxtpx:TrackPointExtension>
    </extensions>
   </trkpt>
   <trkpt lat="47.1586140" lon="3.0111730">
    <ele>162.6</ele>
    <time>2024-08-18T13:14:20Z</time>
    <extensions>
     <gpxtpx:TrackPointExtension>
      <gpxtpx:atemp>17</gpxtpx:atemp>
     </gpxtpx:TrackPointExtension>
    </extensions>
   </trkpt>
   <trkpt lat="47.1589400" lon="3.0110560">
    <ele>162.4</ele>
    <time>2024-08-18T13:14:27Z</time>
    <extensions>
     <gpxtpx:TrackPointExtension>
      <gpxtpx:atemp>17</gpxtpx:atemp>
     </gpxtpx:TrackPointExtension>
    </extensions>
   </trkpt>
   <trkpt lat="47.1592670" lon="3.0109720">
    <ele>162.6</ele>
    <time>2024-08-18T13:14:34Z</time>
    <extensions>
     <gpxtpx:TrackPointExtension>
      <gpxtpx:atemp>17</gpxtpx:atemp>
     </gpxtpx:TrackPointExtension>
    </extensions>
   </trkpt>
   <trkpt lat="47.1596320" lon="3.0109320">
    <ele>162.0</ele>
    <time>2024-08-18T13:14:42Z</time>
    <extensions>
     <gpxtpx:TrackPointExtension>
      <gpxtpx:atemp>17</gpxtpx:atemp>
     </gpxtpx:TrackPointExtension>
    </extensions>
   </trkpt>
   <trkpt lat="47.1599990" lon="3.0108490">
    <ele>162.4</ele>
    <time>2024-08-18T13:14:50Z</time>
    <extensions>
     <gpxtpx:TrackPointExtension>
      <gpxtpx:atemp>17</gpxtpx:atemp>
     </gpxtpx:TrackPointExtension>
    </extensions>
   </trkpt>
   <trkpt lat="47.1603800" lon="3.0107780">
    <ele>162.0</ele>
    <time>2024-08-18T13:14:58Z</time>
    <extensions>
     <gpxtpx:TrackPointExtension>
      <gpxtpx:atemp>17</gpxtpx:atemp>
     </gpxtpx:TrackPointExtension>
    </extensions>
   </trkpt>
   <trkpt lat="47.1607090" lon="3.0107170">
    <ele>162.0</ele>
    <time>2024-08-18T13:15:05Z</time>
    <extensions>
     <gpxtpx:TrackPointExtension>
      <gpxtpx:atemp>17</gpxtpx:atemp>
     </gpxtpx:TrackPointExtension>
    </extensions>
   </trkpt>
   <trkpt lat="47.1611870" lon="3.0106310">
    <ele>161.8</ele>
    <time>2024-08-18T13:15:15Z</time>
    <extensions>
     <gpxtpx:TrackPointExtension>
      <gpxtpx:atemp>17</gpxtpx:atemp>
     </gpxtpx:TrackPointExtension>
    </extensions>
   </trkpt>
   <trkpt lat="47.1616190" lon="3.0105630">
    <ele>161.8</ele>
    <time>2024-08-18T13:15:24Z</time>
    <extensions>
     <gpxtpx:TrackPointExtension>
      <gpxtpx:atemp>17</gpxtpx:atemp>
     </gpxtpx:TrackPointExtension>
    </extensions>
   </trkpt>
   <trkpt lat="47.1619500" lon="3.0105100">
    <ele>162.0</ele>
    <time>2024-08-18T13:15:31Z</time>
    <extensions>
     <gpxtpx:TrackPointExtension>
      <gpxtpx:atemp>17</gpxtpx:atemp>
     </gpxtpx:TrackPointExtension>
    </extensions>
   </trkpt>
   <trkpt lat="47.1623200" lon="3.0104520">
    <ele>162.0</ele>
    <time>2024-08-18T13:15:39Z</time>
    <extensions>
     <gpxtpx:TrackPointExtension>
      <gpxtpx:atemp>17</gpxtpx:atemp>
     </gpxtpx:TrackPointExtension>
    </extensions>
   </trkpt>
   <trkpt lat="47.1627590" lon="3.0103890">
    <ele>162.0</ele>
    <time>2024-08-18T13:15:48Z</time>
    <extensions>
     <gpxtpx:TrackPointExtension>
      <gpxtpx:atemp>17</gpxtpx:atemp>
     </gpxtpx:TrackPointExtension>
    </extensions>
   </trkpt>
   <trkpt lat="47.1631590" lon="3.0103360">
    <ele>161.8</ele>
    <time>2024-08-18T13:15:56Z</time>
    <extensions>
     <gpxtpx:TrackPointExtension>
      <gpxtpx:atemp>17</gpxtpx:atemp>
     </gpxtpx:TrackPointExtension>
    </extensions>
   </trkpt>
   <trkpt lat="47.1634590" lon="3.0102840">
    <ele>161.8</ele>
    <time>2024-08-18T13:16:02Z</time>
    <extensions>
     <gpxtpx:TrackPointExtension>
      <gpxtpx:atemp>17</gpxtpx:atemp>
     </gpxtpx:TrackPointExtension>
    </extensions>
   </trkpt>
   <trkpt lat="47.1635040" lon="3.0102710">
    <ele>161.8</ele>
    <time>2024-08-18T13:16:03Z</time>
    <extensions>
     <gpxtpx:TrackPointExtension>
      <gpxtpx:atemp>17</gpxtpx:atemp>
     </gpxtpx:TrackPointExtension>
    </extensions>
   </trkpt>
   <trkpt lat="47.1637900" lon="3.0102140">
    <ele>162.0</ele>
    <time>2024-08-18T13:16:09Z</time>
    <extensions>
     <gpxtpx:TrackPointExtension>
      <gpxtpx:atemp>17</gpxtpx:atemp>
     </gpxtpx:TrackPointExtension>
    </extensions>
   </trkpt>
   <trkpt lat="47.1640890" lon="3.0101700">
    <ele>162.0</ele>
    <time>2024-08-18T13:16:15Z</time>
    <extensions>
     <gpxtpx:TrackPointExtension>
      <gpxtpx:atemp>17</gpxtpx:atemp>
     </gpxtpx:TrackPointExtension>
    </extensions>
   </trkpt>
   <trkpt lat="47.1641390" lon="3.0101610">
    <ele>162.0</ele>
    <time>2024-08-18T13:16:16Z</time>
    <extensions>
     <gpxtpx:TrackPointExtension>
      <gpxtpx:atemp>17</gpxtpx:atemp>
     </gpxtpx:TrackPointExtension>
    </extensions>
   </trkpt>
   <trkpt lat="47.1644340" lon="3.0101140">
    <ele>161.8</ele>
    <time>2024-08-18T13:16:22Z</time>
    <extensions>
     <gpxtpx:TrackPointExtension>
      <gpxtpx:atemp>17</gpxtpx:atemp>
     </gpxtpx:TrackPointExtension>
    </extensions>
   </trkpt>
   <trkpt lat="47.1649410" lon="3.0100270">
    <ele>161.8</ele>
    <time>2024-08-18T13:16:32Z</time>
    <extensions>
     <gpxtpx:TrackPointExtension>
      <gpxtpx:atemp>17</gpxtpx:atemp>
     </gpxtpx:TrackPointExtension>
    </extensions>
   </trkpt>
   <trkpt lat="47.1654370" lon="3.0099430">
    <ele>161.6</ele>
    <time>2024-08-18T13:16:42Z</time>
    <extensions>
     <gpxtpx:TrackPointExtension>
      <gpxtpx:atemp>17</gpxtpx:atemp>
     </gpxtpx:TrackPointExtension>
    </extensions>
   </trkpt>
   <trkpt lat="47.1659230" lon="3.0098620">
    <ele>161.4</ele>
    <time>2024-08-18T13:16:52Z</time>
    <extensions>
     <gpxtpx:TrackPointExtension>
      <gpxtpx:atemp>17</gpxtpx:atemp>
     </gpxtpx:TrackPointExtension>
    </extensions>
   </trkpt>
   <trkpt lat="47.1663620" lon="3.0097880">
    <ele>161.8</ele>
    <time>2024-08-18T13:17:01Z</time>
    <extensions>
     <gpxtpx:TrackPointExtension>
      <gpxtpx:atemp>17</gpxtpx:atemp>
     </gpxtpx:TrackPointExtension>
    </extensions>
   </trkpt>
   <trkpt lat="47.1667900" lon="3.0097150">
    <ele>161.6</ele>
    <time>2024-08-18T13:17:11Z</time>
    <extensions>
     <gpxtpx:TrackPointExtension>
      <gpxtpx:atemp>17</gpxtpx:atemp>
     </gpxtpx:TrackPointExtension>
    </extensions>
   </trkpt>
   <trkpt lat="47.1669310" lon="3.0096950">
    <ele>161.6</ele>
    <time>2024-08-18T13:17:16Z</time>
    <extensions>
     <gpxtpx:TrackPointExtension>
      <gpxtpx:atemp>17</gpxtpx:atemp>
     </gpxtpx:TrackPointExtension>
    </extensions>
   </trkpt>
   <trkpt lat="47.1669260" lon="3.0096950">
    <ele>161.4</ele>
    <time>2024-08-18T13:17:22Z</time>
    <extensions>
     <gpxtpx:TrackPointExtension>
      <gpxtpx:atemp>17</gpxtpx:atemp>
     </gpxtpx:TrackPointExtension>
    </extensions>
   </trkpt>
   <trkpt lat="47.1669130" lon="3.0096890">
    <ele>161.0</ele>
    <time>2024-08-18T13:17:36Z</time>
    <extensions>
     <gpxtpx:TrackPointExtension>
      <gpxtpx:atemp>17</gpxtpx:atemp>
     </gpxtpx:TrackPointExtension>
    </extensions>
   </trkpt>
   <trkpt lat="47.1669120" lon="3.0096920">
    <ele>161.2</ele>
    <time>2024-08-18T13:17:48Z</time>
    <extensions>
     <gpxtpx:TrackPointExtension>
      <gpxtpx:atemp>17</gpxtpx:atemp>
     </gpxtpx:TrackPointExtension>
    </extensions>
   </trkpt>
   <trkpt lat="47.1669060" lon="3.0097000">
    <ele>161.4</ele>
    <time>2024-08-18T13:17:59Z</time>
    <extensions>
     <gpxtpx:TrackPointExtension>
      <gpxtpx:atemp>17</gpxtpx:atemp>
     </gpxtpx:TrackPointExtension>
    </extensions>
   </trkpt>
   <trkpt lat="47.1669020" lon="3.0096950">
    <ele>161.0</ele>
    <time>2024-08-18T13:18:17Z</time>
    <extensions>
     <gpxtpx:TrackPointExtension>
      <gpxtpx:atemp>17</gpxtpx:atemp>
     </gpxtpx:TrackPointExtension>
    </extensions>
   </trkpt>
   <trkpt lat="47.1669330" lon="3.0096820">
    <ele>160.8</ele>
    <time>2024-08-18T13:18:33Z</time>
    <extensions>
     <gpxtpx:TrackPointExtension>
      <gpxtpx:atemp>17</gpxtpx:atemp>
     </gpxtpx:TrackPointExtension>
    </extensions>
   </trkpt>
   <trkpt lat="47.1670650" lon="3.0096600">
    <ele>161.0</ele>
    <time>2024-08-18T13:18:39Z</time>
    <extensions>
     <gpxtpx:TrackPointExtension>
      <gpxtpx:atemp>17</gpxtpx:atemp>
     </gpxtpx:TrackPointExtension>
    </extensions>
   </trkpt>
   <trkpt lat="47.1673300" lon="3.0096170">
    <ele>161.0</ele>
    <time>2024-08-18T13:18:47Z</time>
    <extensions>
     <gpxtpx:TrackPointExtension>
      <gpxtpx:atemp>17</gpxtpx:atemp>
     </gpxtpx:TrackPointExtension>
    </extensions>
   </trkpt>
   <trkpt lat="47.1676690" lon="3.0095530">
    <ele>161.2</ele>
    <time>2024-08-18T13:18:56Z</time>
    <extensions>
     <gpxtpx:TrackPointExtension>
      <gpxtpx:atemp>17</gpxtpx:atemp>
     </gpxtpx:TrackPointExtension>
    </extensions>
   </trkpt>
   <trkpt lat="47.1680820" lon="3.0094750">
    <ele>161.2</ele>
    <time>2024-08-18T13:19:06Z</time>
    <extensions>
     <gpxtpx:TrackPointExtension>
      <gpxtpx:atemp>17</gpxtpx:atemp>
     </gpxtpx:TrackPointExtension>
    </extensions>
   </trkpt>
   <trkpt lat="47.1684100" lon="3.0094100">
    <ele>161.4</ele>
    <time>2024-08-18T13:19:15Z</time>
    <extensions>
     <gpxtpx:TrackPointExtension>
      <gpxtpx:atemp>17</gpxtpx:atemp>
     </gpxtpx:TrackPointExtension>
    </extensions>
   </trkpt>
   <trkpt lat="47.1686830" lon="3.0093620">
    <ele>161.4</ele>
    <time>2024-08-18T13:19:22Z</time>
    <extensions>
     <gpxtpx:TrackPointExtension>
      <gpxtpx:atemp>17</gpxtpx:atemp>
     </gpxtpx:TrackPointExtension>
    </extensions>
   </trkpt>
   <trkpt lat="47.1687630" lon="3.0093480">
    <ele>161.4</ele>
    <time>2024-08-18T13:19:24Z</time>
    <extensions>
     <gpxtpx:TrackPointExtension>
      <gpxtpx:atemp>17</gpxtpx:atemp>
     </gpxtpx:TrackPointExtension>
    </extensions>
   </trkpt>
   <trkpt lat="47.1689280" lon="3.0093230">
    <ele>161.6</ele>
    <time>2024-08-18T13:19:28Z</time>
    <extensions>
     <gpxtpx:TrackPointExtension>
      <gpxtpx:atemp>17</gpxtpx:atemp>
     </gpxtpx:TrackPointExtension>
    </extensions>
   </trkpt>
   <trkpt lat="47.1691940" lon="3.0092850">
    <ele>161.4</ele>
    <time>2024-08-18T13:19:34Z</time>
    <extensions>
     <gpxtpx:TrackPointExtension>
      <gpxtpx:atemp>17</gpxtpx:atemp>
     </gpxtpx:TrackPointExtension>
    </extensions>
   </trkpt>
   <trkpt lat="47.1692880" lon="3.0092670">
    <ele>161.4</ele>
    <time>2024-08-18T13:19:36Z</time>
    <extensions>
     <gpxtpx:TrackPointExtension>
      <gpxtpx:atemp>17</gpxtpx:atemp>
     </gpxtpx:TrackPointExtension>
    </extensions>
   </trkpt>
   <trkpt lat="47.1697610" lon="3.0091890">
    <ele>161.4</ele>
    <time>2024-08-18T13:19:46Z</time>
    <extensions>
     <gpxtpx:TrackPointExtension>
      <gpxtpx:atemp>17</gpxtpx:atemp>
     </gpxtpx:TrackPointExtension>
    </extensions>
   </trkpt>
   <trkpt lat="47.1701850" lon="3.0091260">
    <ele>161.4</ele>
    <time>2024-08-18T13:19:55Z</time>
    <extensions>
     <gpxtpx:TrackPointExtension>
      <gpxtpx:atemp>17</gpxtpx:atemp>
     </gpxtpx:TrackPointExtension>
    </extensions>
   </trkpt>
   <trkpt lat="47.1706580" lon="3.0090490">
    <ele>161.2</ele>
    <time>2024-08-18T13:20:05Z</time>
    <extensions>
     <gpxtpx:TrackPointExtension>
      <gpxtpx:atemp>17</gpxtpx:atemp>
     </gpxtpx:TrackPointExtension>
    </extensions>
   </trkpt>
   <trkpt lat="47.1710770" lon="3.0089860">
    <ele>161.6</ele>
    <time>2024-08-18T13:20:14Z</time>
    <extensions>
     <gpxtpx:TrackPointExtension>
      <gpxtpx:atemp>17</gpxtpx:atemp>
     </gpxtpx:TrackPointExtension>
    </extensions>
   </trkpt>
   <trkpt lat="47.1715330" lon="3.0089080">
    <ele>161.4</ele>
    <time>2024-08-18T13:20:24Z</time>
    <extensions>
     <gpxtpx:TrackPointExtension>
      <gpxtpx:atemp>17</gpxtpx:atemp>
     </gpxtpx:TrackPointExtension>
    </extensions>
   </trkpt>
   <trkpt lat="47.1719070" lon="3.0088500">
    <ele>161.6</ele>
    <time>2024-08-18T13:20:32Z</time>
    <extensions>
     <gpxtpx:TrackPointExtension>
      <gpxtpx:atemp>17</gpxtpx:atemp>
     </gpxtpx:TrackPointExtension>
    </extensions>
   </trkpt>
   <trkpt lat="47.1724100" lon="3.0087600">
    <ele>161.4</ele>
    <time>2024-08-18T13:20:43Z</time>
    <extensions>
     <gpxtpx:TrackPointExtension>
      <gpxtpx:atemp>17</gpxtpx:atemp>
     </gpxtpx:TrackPointExtension>
    </extensions>
   </trkpt>
   <trkpt lat="47.1728270" lon="3.0086930">
    <ele>161.4</ele>
    <time>2024-08-18T13:20:52Z</time>
    <extensions>
     <gpxtpx:TrackPointExtension>
      <gpxtpx:atemp>17</gpxtpx:atemp>
     </gpxtpx:TrackPointExtension>
    </extensions>
   </trkpt>
   <trkpt lat="47.1733040" lon="3.0086160">
    <ele>161.4</ele>
    <time>2024-08-18T13:21:02Z</time>
    <extensions>
     <gpxtpx:TrackPointExtension>
      <gpxtpx:atemp>17</gpxtpx:atemp>
     </gpxtpx:TrackPointExtension>
    </extensions>
   </trkpt>
   <trkpt lat="47.1737780" lon="3.0085350">
    <ele>161.2</ele>
    <time>2024-08-18T13:21:12Z</time>
    <extensions>
     <gpxtpx:TrackPointExtension>
      <gpxtpx:atemp>17</gpxtpx:atemp>
     </gpxtpx:TrackPointExtension>
    </extensions>
   </trkpt>
   <trkpt lat="47.1741690" lon="3.0084660">
    <ele>161.4</ele>
    <time>2024-08-18T13:21:21Z</time>
    <extensions>
     <gpxtpx:TrackPointExtension>
      <gpxtpx:atemp>17</gpxtpx:atemp>
     </gpxtpx:TrackPointExtension>
    </extensions>
   </trkpt>
   <trkpt lat="47.1745730" lon="3.0083840">
    <ele>161.6</ele>
    <time>2024-08-18T13:21:31Z</time>
    <extensions>
     <gpxtpx:TrackPointExtension>
      <gpxtpx:atemp>17</gpxtpx:atemp>
     </gpxtpx:TrackPointExtension>
    </extensions>
   </trkpt>
   <trkpt lat="47.1746490" lon="3.0083020">
    <ele>161.6</ele>
    <time>2024-08-18T13:21:35Z</time>
    <extensions>
     <gpxtpx:TrackPointExtension>
      <gpxtpx:atemp>17</gpxtpx:atemp>
     </gpxtpx:TrackPointExtension>
    </extensions>
   </trkpt>
   <trkpt lat="47.1746840" lon="3.0083190">
    <ele>161.4</ele>
    <time>2024-08-18T13:21:39Z</time>
    <extensions>
     <gpxtpx:TrackPointExtension>
      <gpxtpx:atemp>17</gpxtpx:atemp>
     </gpxtpx:TrackPointExtension>
    </extensions>
   </trkpt>
   <trkpt lat="47.1747370" lon="3.0083780">
    <ele>161.4</ele>
    <time>2024-08-18T13:21:44Z</time>
    <extensions>
     <gpxtpx:TrackPointExtension>
      <gpxtpx:atemp>17</gpxtpx:atemp>
     </gpxtpx:TrackPointExtension>
    </extensions>
   </trkpt>
   <trkpt lat="47.1748000" lon="3.0085420">
    <ele>161.4</ele>
    <time>2024-08-18T13:21:49Z</time>
    <extensions>
     <gpxtpx:TrackPointExtension>
      <gpxtpx:atemp>17</gpxtpx:atemp>
     </gpxtpx:TrackPointExtension>
    </extensions>
   </trkpt>
   <trkpt lat="47.1748700" lon="3.0087430">
    <ele>162.2</ele>
    <time>2024-08-18T13:21:54Z</time>
    <extensions>
     <gpxtpx:TrackPointExtension>
      <gpxtpx:atemp>17</gpxtpx:atemp>
     </gpxtpx:TrackPointExtension>
    </extensions>
   </trkpt>
   <trkpt lat="47.1749640" lon="3.0090070">
    <ele>162.6</ele>
    <time>2024-08-18T13:22:00Z</time>
    <extensions>
     <gpxtpx:TrackPointExtension>
      <gpxtpx:atemp>17</gpxtpx:atemp>
     </gpxtpx:TrackPointExtension>
    </extensions>
   </trkpt>
   <trkpt lat="47.1750910" lon="3.0093390">
    <ele>163.2</ele>
    <time>2024-08-18T13:22:07Z</time>
    <extensions>
     <gpxtpx:TrackPointExtension>
      <gpxtpx:atemp>17</gpxtpx:atemp>
     </gpxtpx:TrackPointExtension>
    </extensions>
   </trkpt>
   <trkpt lat="47.1751290" lon="3.0094390">
    <ele>163.2</ele>
    <time>2024-08-18T13:22:09Z</time>
    <extensions>
     <gpxtpx:TrackPointExtension>
      <gpxtpx:atemp>17</gpxtpx:atemp>
     </gpxtpx:TrackPointExtension>
    </extensions>
   </trkpt>
   <trkpt lat="47.1752660" lon="3.0097910">
    <ele>163.4</ele>
    <time>2024-08-18T13:22:17Z</time>
    <extensions>
     <gpxtpx:TrackPointExtension>
      <gpxtpx:atemp>17</gpxtpx:atemp>
     </gpxtpx:TrackPointExtension>
    </extensions>
   </trkpt>
   <trkpt lat="47.1752870" lon="3.0098340">
    <ele>163.4</ele>
    <time>2024-08-18T13:22:21Z</time>
    <extensions>
     <gpxtpx:TrackPointExtension>
      <gpxtpx:atemp>17</gpxtpx:atemp>
     </gpxtpx:TrackPointExtension>
    </extensions>
   </trkpt>
   <trkpt lat="47.1753130" lon="3.0099050">
    <ele>163.4</ele>
    <time>2024-08-18T13:22:33Z</time>
    <extensions>
     <gpxtpx:TrackPointExtension>
      <gpxtpx:atemp>17</gpxtpx:atemp>
     </gpxtpx:TrackPointExtension>
    </extensions>
   </trkpt>
   <trkpt lat="47.1754240" lon="3.0101840">
    <ele>163.4</ele>
    <time>2024-08-18T13:22:40Z</time>
    <extensions>
     <gpxtpx:TrackPointExtension>
      <gpxtpx:atemp>17</gpxtpx:atemp>
     </gpxtpx:TrackPointExtension>
    </extensions>
   </trkpt>
   <trkpt lat="47.1755770" lon="3.0105460">
    <ele>163.2</ele>
    <time>2024-08-18T13:22:46Z</time>
    <extensions>
     <gpxtpx:TrackPointExtension>
      <gpxtpx:atemp>17</gpxtpx:atemp>
     </gpxtpx:TrackPointExtension>
    </extensions>
   </trkpt>
   <trkpt lat="47.1757810" lon="3.0110290">
    <ele>162.2</ele>
    <time>2024-08-18T13:22:52Z</time>
    <extensions>
     <gpxtpx:TrackPointExtension>
      <gpxtpx:atemp>17</gpxtpx:atemp>
     </gpxtpx:TrackPointExtension>
    </extensions>
   </trkpt>
   <trkpt lat="47.1758130" lon="3.0111200">
    <ele>162.0</ele>
    <time>2024-08-18T13:22:53Z</time>
    <extensions>
     <gpxtpx:TrackPointExtension>
      <gpxtpx:atemp>17</gpxtpx:atemp>
     </gpxtpx:TrackPointExtension>
    </extensions>
   </trkpt>
   <trkpt lat="47.1759590" lon="3.0115010">
    <ele>160.6</ele>
    <time>2024-08-18T13:22:57Z</time>
    <extensions>
     <gpxtpx:TrackPointExtension>
      <gpxtpx:atemp>17</gpxtpx:atemp>
     </gpxtpx:TrackPointExtension>
    </extensions>
   </trkpt>
   <trkpt lat="47.1759970" lon="3.0115940">
    <ele>160.4</ele>
    <time>2024-08-18T13:22:58Z</time>
    <extensions>
     <gpxtpx:TrackPointExtension>
      <gpxtpx:atemp>17</gpxtpx:atemp>
     </gpxtpx:TrackPointExtension>
    </extensions>
   </trkpt>
   <trkpt lat="47.1762140" lon="3.0121220">
    <ele>160.6</ele>
    <time>2024-08-18T13:23:04Z</time>
    <extensions>
     <gpxtpx:TrackPointExtension>
      <gpxtpx:atemp>17</gpxtpx:atemp>
     </gpxtpx:TrackPointExtension>
    </extensions>
   </trkpt>
   <trkpt lat="47.1763640" lon="3.0125600">
    <ele>161.8</ele>
    <time>2024-08-18T13:23:10Z</time>
    <extensions>
     <gpxtpx:TrackPointExtension>
      <gpxtpx:atemp>17</gpxtpx:atemp>
     </gpxtpx:TrackPointExtension>
    </extensions>
   </trkpt>
   <trkpt lat="47.1763920" lon="3.0126140">
    <ele>161.8</ele>
    <time>2024-08-18T13:23:11Z</time>
    <extensions>
     <gpxtpx:TrackPointExtension>
      <gpxtpx:atemp>17</gpxtpx:atemp>
     </gpxtpx:TrackPointExtension>
    </extensions>
   </trkpt>
   <trkpt lat="47.1764860" lon="3.0128310">
    <ele>162.8</ele>
    <time>2024-08-18T13:23:15Z</time>
    <extensions>
     <gpxtpx:TrackPointExtension>
      <gpxtpx:atemp>17</gpxtpx:atemp>
     </gpxtpx:TrackPointExtension>
    </extensions>
   </trkpt>
   <trkpt lat="47.1765040" lon="3.0128820">
    <ele>163.0</ele>
    <time>2024-08-18T13:23:16Z</time>
    <extensions>
     <gpxtpx:TrackPointExtension>
      <gpxtpx:atemp>17</gpxtpx:atemp>
     </gpxtpx:TrackPointExtension>
    </extensions>
   </trkpt>
   <trkpt lat="47.1766230" lon="3.0131810">
    <ele>163.4</ele>
    <time>2024-08-18T13:23:22Z</time>
    <extensions>
     <gpxtpx:TrackPointExtension>
      <gpxtpx:atemp>17</gpxtpx:atemp>
     </gpxtpx:TrackPointExtension>
    </extensions>
   </trkpt>
   <trkpt lat="47.1767830" lon="3.0135790">
    <ele>164.0</ele>
    <time>2024-08-18T13:23:30Z</time>
    <extensions>
     <gpxtpx:TrackPointExtension>
      <gpxtpx:atemp>17</gpxtpx:atemp>
     </gpxtpx:TrackPointExtension>
    </extensions>
   </trkpt>
   <trkpt lat="47.1768400" lon="3.0137200">
    <ele>164.2</ele>
    <time>2024-08-18T13:23:33Z</time>
    <extensions>
     <gpxtpx:TrackPointExtension>
      <gpxtpx:atemp>17</gpxtpx:atemp>
     </gpxtpx:TrackPointExtension>
    </extensions>
   </trkpt>
   <trkpt lat="47.1769380" lon="3.0140100">
    <ele>164.6</ele>
    <time>2024-08-18T13:23:39Z</time>
    <extensions>
     <gpxtpx:TrackPointExtension>
      <gpxtpx:atemp>17</gpxtpx:atemp>
     </gpxtpx:TrackPointExtension>
    </extensions>
   </trkpt>
   <trkpt lat="47.1770910" lon="3.0144340">
    <ele>165.0</ele>
    <time>2024-08-18T13:23:48Z</time>
    <extensions>
     <gpxtpx:TrackPointExtension>
      <gpxtpx:atemp>17</gpxtpx:atemp>
     </gpxtpx:TrackPointExtension>
    </extensions>
   </trkpt>
   <trkpt lat="47.1771280" lon="3.0145350">
    <ele>165.2</ele>
    <time>2024-08-18T13:23:50Z</time>
    <extensions>
     <gpxtpx:TrackPointExtension>
      <gpxtpx:atemp>17</gpxtpx:atemp>
     </gpxtpx:TrackPointExtension>
    </extensions>
   </trkpt>
   <trkpt lat="47.1771780" lon="3.0146780">
    <ele>165.0</ele>
    <time>2024-08-18T13:23:54Z</time>
    <extensions>
     <gpxtpx:TrackPointExtension>
      <gpxtpx:atemp>17</gpxtpx:atemp>
     </gpxtpx:TrackPointExtension>
    </extensions>
   </trkpt>
   <trkpt lat="47.1772400" lon="3.0148430">
    <ele>164.4</ele>
    <time>2024-08-18T13:24:00Z</time>
    <extensions>
     <gpxtpx:TrackPointExtension>
      <gpxtpx:atemp>17</gpxtpx:atemp>
     </gpxtpx:TrackPointExtension>
    </extensions>
   </trkpt>
   <trkpt lat="47.1773060" lon="3.0150200">
    <ele>164.0</ele>
    <time>2024-08-18T13:24:04Z</time>
    <extensions>
     <gpxtpx:TrackPointExtension>
      <gpxtpx:atemp>17</gpxtpx:atemp>
     </gpxtpx:TrackPointExtension>
    </extensions>
   </trkpt>
   <trkpt lat="47.1773230" lon="3.0150830">
    <ele>164.0</ele>
    <time>2024-08-18T13:24:06Z</time>
    <extensions>
     <gpxtpx:TrackPointExtension>
      <gpxtpx:atemp>17</gpxtpx:atemp>
     </gpxtpx:TrackPointExtension>
    </extensions>
   </trkpt>
   <trkpt lat="47.1773840" lon="3.0152430">
    <ele>163.6</ele>
    <time>2024-08-18T13:24:10Z</time>
    <extensions>
     <gpxtpx:TrackPointExtension>
      <gpxtpx:atemp>17</gpxtpx:atemp>
     </gpxtpx:TrackPointExtension>
    </extensions>
   </trkpt>
   <trkpt lat="47.1774510" lon="3.0154120">
    <ele>163.0</ele>
    <time>2024-08-18T13:24:15Z</time>
    <extensions>
     <gpxtpx:TrackPointExtension>
      <gpxtpx:atemp>17</gpxtpx:atemp>
     </gpxtpx:TrackPointExtension>
    </extensions>
   </trkpt>
   <trkpt lat="47.1774640" lon="3.0154450">
    <ele>162.8</ele>
    <time>2024-08-18T13:24:16Z</time>
    <extensions>
     <gpxtpx:TrackPointExtension>
      <gpxtpx:atemp>17</gpxtpx:atemp>
     </gpxtpx:TrackPointExtension>
    </extensions>
   </trkpt>
   <trkpt lat="47.1775330" lon="3.0156650">
    <ele>162.2</ele>
    <time>2024-08-18T13:24:21Z</time>
    <extensions>
     <gpxtpx:TrackPointExtension>
      <gpxtpx:atemp>17</gpxtpx:atemp>
     </gpxtpx:TrackPointExtension>
    </extensions>
   </trkpt>
   <trkpt lat="47.1775600" lon="3.0159290">
    <ele>162.2</ele>
    <time>2024-08-18T13:24:26Z</time>
    <extensions>
     <gpxtpx:TrackPointExtension>
      <gpxtpx:atemp>17</gpxtpx:atemp>
     </gpxtpx:TrackPointExtension>
    </extensions>
   </trkpt>
   <trkpt lat="47.1775950" lon="3.0161030">
    <ele>162.8</ele>
    <time>2024-08-18T13:24:31Z</time>
    <extensions>
     <gpxtpx:TrackPointExtension>
      <gpxtpx:atemp>17</gpxtpx:atemp>
     </gpxtpx:TrackPointExtension>
    </extensions>
   </trkpt>
   <trkpt lat="47.1775920" lon="3.0161290">
    <ele>163.0</ele>
    <time>2024-08-18T13:24:32Z</time>
    <extensions>
     <gpxtpx:TrackPointExtension>
      <gpxtpx:atemp>17</gpxtpx:atemp>
     </gpxtpx:TrackPointExtension>
    </extensions>
   </trkpt>
   <trkpt lat="47.1775470" lon="3.0161920">
    <ele>163.4</ele>
    <time>2024-08-18T13:24:35Z</time>
    <extensions>
     <gpxtpx:TrackPointExtension>
      <gpxtpx:atemp>17</gpxtpx:atemp>
     </gpxtpx:TrackPointExtension>
    </extensions>
   </trkpt>
   <trkpt lat="47.1775030" lon="3.0162220">
    <ele>163.8</ele>
    <time>2024-08-18T13:24:38Z</time>
    <extensions>
     <gpxtpx:TrackPointExtension>
      <gpxtpx:atemp>17</gpxtpx:atemp>
     </gpxtpx:TrackPointExtension>
    </extensions>
   </trkpt>
   <trkpt lat="47.1774800" lon="3.0162340">
    <ele>163.8</ele>
    <time>2024-08-18T13:24:43Z</time>
    <extensions>
     <gpxtpx:TrackPointExtension>
      <gpxtpx:atemp>17</gpxtpx:atemp>
     </gpxtpx:TrackPointExtension>
    </extensions>
   </trkpt>
   <trkpt lat="47.1774410" lon="3.0162460">
    <ele>163.8</ele>
    <time>2024-08-18T13:24:52Z</time>
    <extensions>
     <gpxtpx:TrackPointExtension>
      <gpxtpx:atemp>17</gpxtpx:atemp>
     </gpxtpx:TrackPointExtension>
    </extensions>
   </trkpt>
   <trkpt lat="47.1774220" lon="3.0162230">
    <ele>164.2</ele>
    <time>2024-08-18T13:25:14Z</time>
    <extensions>
     <gpxtpx:TrackPointExtension>
      <gpxtpx:atemp>17</gpxtpx:atemp>
     </gpxtpx:TrackPointExtension>
    </extensions>
   </trkpt>
   <trkpt lat="47.1774210" lon="3.0162280">
    <ele>164.4</ele>
    <time>2024-08-18T13:25:19Z</time>
    <extensions>
     <gpxtpx:TrackPointExtension>
      <gpxtpx:atemp>17</gpxtpx:atemp>
     </gpxtpx:TrackPointExtension>
    </extensions>
   </trkpt>
   <trkpt lat="47.1774000" lon="3.0162310">
    <ele>164.0</ele>
    <time>2024-08-18T13:25:36Z</time>
    <extensions>
     <gpxtpx:TrackPointExtension>
      <gpxtpx:atemp>17</gpxtpx:atemp>
     </gpxtpx:TrackPointExtension>
    </extensions>
   </trkpt>
   <trkpt lat="47.1773900" lon="3.0162260">
    <ele>164.0</ele>
    <time>2024-08-18T13:25:43Z</time>
    <extensions>
     <gpxtpx:TrackPointExtension>
      <gpxtpx:atemp>18</gpxtpx:atemp>
     </gpxtpx:TrackPointExtension>
    </extensions>
   </trkpt>
   <trkpt lat="47.1773670" lon="3.0162340">
    <ele>163.8</ele>
    <time>2024-08-18T13:26:04Z</time>
    <extensions>
     <gpxtpx:TrackPointExtension>
      <gpxtpx:atemp>18</gpxtpx:atemp>
     </gpxtpx:TrackPointExtension>
    </extensions>
   </trkpt>
   <trkpt lat="47.1773530" lon="3.0162710">
    <ele>164.4</ele>
    <time>2024-08-18T13:26:21Z</time>
    <extensions>
     <gpxtpx:TrackPointExtension>
      <gpxtpx:atemp>18</gpxtpx:atemp>
     </gpxtpx:TrackPointExtension>
    </extensions>
   </trkpt>
   <trkpt lat="47.1773590" lon="3.0162790">
    <ele>164.4</ele>
    <time>2024-08-18T13:26:30Z</time>
    <extensions>
     <gpxtpx:TrackPointExtension>
      <gpxtpx:atemp>18</gpxtpx:atemp>
     </gpxtpx:TrackPointExtension>
    </extensions>
   </trkpt>
   <trkpt lat="47.1773660" lon="3.0162820">
    <ele>164.4</ele>
    <time>2024-08-18T13:26:31Z</time>
    <extensions>
     <gpxtpx:TrackPointExtension>
      <gpxtpx:atemp>18</gpxtpx:atemp>
     </gpxtpx:TrackPointExtension>
    </extensions>
   </trkpt>
   <trkpt lat="47.1773690" lon="3.0163030">
    <ele>164.0</ele>
    <time>2024-08-18T13:26:36Z</time>
    <extensions>
     <gpxtpx:TrackPointExtension>
      <gpxtpx:atemp>18</gpxtpx:atemp>
     </gpxtpx:TrackPointExtension>
    </extensions>
   </trkpt>
   <trkpt lat="47.1773370" lon="3.0163110">
    <ele>164.6</ele>
    <time>2024-08-18T13:26:44Z</time>
    <extensions>
     <gpxtpx:TrackPointExtension>
      <gpxtpx:atemp>18</gpxtpx:atemp>
     </gpxtpx:TrackPointExtension>
    </extensions>
   </trkpt>
   <trkpt lat="47.1772480" lon="3.0163110">
    <ele>165.6</ele>
    <time>2024-08-18T13:26:57Z</time>
    <extensions>
     <gpxtpx:TrackPointExtension>
      <gpxtpx:atemp>18</gpxtpx:atemp>
     </gpxtpx:TrackPointExtension>
    </extensions>
   </trkpt>
   <trkpt lat="47.1772350" lon="3.0163150">
    <ele>165.6</ele>
    <time>2024-08-18T13:26:59Z</time>
    <extensions>
     <gpxtpx:TrackPointExtension>
      <gpxtpx:atemp>18</gpxtpx:atemp>
     </gpxtpx:TrackPointExtension>
    </extensions>
   </trkpt>
   <trkpt lat="47.1772100" lon="3.0163400">
    <ele>166.0</ele>
    <time>2024-08-18T13:27:03Z</time>
    <extensions>
     <gpxtpx:TrackPointExtension>
      <gpxtpx:atemp>18</gpxtpx:atemp>
     </gpxtpx:TrackPointExtension>
    </extensions>
   </trkpt>
   <trkpt lat="47.1772010" lon="3.0163790">
    <ele>166.2</ele>
    <time>2024-08-18T13:27:06Z</time>
    <extensions>
     <gpxtpx:TrackPointExtension>
      <gpxtpx:atemp>18</gpxtpx:atemp>
     </gpxtpx:TrackPointExtension>
    </extensions>
   </trkpt>
   <trkpt lat="47.1772060" lon="3.0164910">
    <ele>166.4</ele>
    <time>2024-08-18T13:27:12Z</time>
    <extensions>
     <gpxtpx:TrackPointExtension>
      <gpxtpx:atemp>18</gpxtpx:atemp>
     </gpxtpx:TrackPointExtension>
    </extensions>
   </trkpt>
   <trkpt lat="47.1772060" lon="3.0165520">
    <ele>166.6</ele>
    <time>2024-08-18T13:27:18Z</time>
    <extensions>
     <gpxtpx:TrackPointExtension>
      <gpxtpx:atemp>18</gpxtpx:atemp>
     </gpxtpx:TrackPointExtension>
    </extensions>
   </trkpt>
   <trkpt lat="47.1772310" lon="3.0166190">
    <ele>166.6</ele>
    <time>2024-08-18T13:27:23Z</time>
    <extensions>
     <gpxtpx:TrackPointExtension>
      <gpxtpx:atemp>18</gpxtpx:atemp>
     </gpxtpx:TrackPointExtension>
    </extensions>
   </trkpt>
   <trkpt lat="47.1772520" lon="3.0166940">
    <ele>167.2</ele>
    <time>2024-08-18T13:27:31Z</time>
    <extensions>
     <gpxtpx:TrackPointExtension>
      <gpxtpx:atemp>18</gpxtpx:atemp>
     </gpxtpx:TrackPointExtension>
    </extensions>
   </trkpt>
   <trkpt lat="47.1772460" lon="3.0169550">
    <ele>168.6</ele>
    <time>2024-08-18T13:27:50Z</time>
    <extensions>
     <gpxtpx:TrackPointExtension>
      <gpxtpx:atemp>18</gpxtpx:atemp>
     </gpxtpx:TrackPointExtension>
    </extensions>
   </trkpt>
   <trkpt lat="47.1772330" lon="3.0171660">
    <ele>170.0</ele>
    <time>2024-08-18T13:28:07Z</time>
    <extensions>
     <gpxtpx:TrackPointExtension>
      <gpxtpx:atemp>18</gpxtpx:atemp>
     </gpxtpx:TrackPointExtension>
    </extensions>
   </trkpt>
   <trkpt lat="47.1772730" lon="3.0173860">
    <ele>171.2</ele>
    <time>2024-08-18T13:28:23Z</time>
    <extensions>
     <gpxtpx:TrackPointExtension>
      <gpxtpx:atemp>18</gpxtpx:atemp>
     </gpxtpx:TrackPointExtension>
    </extensions>
   </trkpt>
   <trkpt lat="47.1772250" lon="3.0177750">
    <ele>172.8</ele>
    <time>2024-08-18T13:28:49Z</time>
    <extensions>
     <gpxtpx:TrackPointExtension>
      <gpxtpx:atemp>18</gpxtpx:atemp>
     </gpxtpx:TrackPointExtension>
    </extensions>
   </trkpt>
   <trkpt lat="47.1772230" lon="3.0177880">
    <ele>173.0</ele>
    <time>2024-08-18T13:28:50Z</time>
    <extensions>
     <gpxtpx:TrackPointExtension>
      <gpxtpx:atemp>18</gpxtpx:atemp>
     </gpxtpx:TrackPointExtension>
    </extensions>
   </trkpt>
   <trkpt lat="47.1772320" lon="3.0178620">
    <ele>173.2</ele>
    <time>2024-08-18T13:28:54Z</time>
    <extensions>
     <gpxtpx:TrackPointExtension>
      <gpxtpx:atemp>18</gpxtpx:atemp>
     </gpxtpx:TrackPointExtension>
    </extensions>
   </trkpt>
   <trkpt lat="47.1771710" lon="3.0180280">
    <ele>173.6</ele>
    <time>2024-08-18T13:29:03Z</time>
    <extensions>
     <gpxtpx:TrackPointExtension>
      <gpxtpx:atemp>18</gpxtpx:atemp>
     </gpxtpx:TrackPointExtension>
    </extensions>
   </trkpt>
   <trkpt lat="47.1771350" lon="3.0181000">
    <ele>174.2</ele>
    <time>2024-08-18T13:29:08Z</time>
    <extensions>
     <gpxtpx:TrackPointExtension>
      <gpxtpx:atemp>18</gpxtpx:atemp>
     </gpxtpx:TrackPointExtension>
    </extensions>
   </trkpt>
   <trkpt lat="47.1771410" lon="3.0182180">
    <ele>174.4</ele>
    <time>2024-08-18T13:29:13Z</time>
    <extensions>
     <gpxtpx:TrackPointExtension>
      <gpxtpx:atemp>18</gpxtpx:atemp>
     </gpxtpx:TrackPointExtension>
    </extensions>
   </trkpt>
   <trkpt lat="47.1771150" lon="3.0182770">
    <ele>174.8</ele>
    <time>2024-08-18T13:29:17Z</time>
    <extensions>
     <gpxtpx:TrackPointExtension>
      <gpxtpx:atemp>18</gpxtpx:atemp>
     </gpxtpx:TrackPointExtension>
    </extensions>
   </trkpt>
   <trkpt lat="47.1770830" lon="3.0183400">
    <ele>175.2</ele>
    <time>2024-08-18T13:29:26Z</time>
    <extensions>
     <gpxtpx:TrackPointExtension>
      <gpxtpx:atemp>18</gpxtpx:atemp>
     </gpxtpx:TrackPointExtension>
    </extensions>
   </trkpt>
   <trkpt lat="47.1770390" lon="3.0183550">
    <ele>175.6</ele>
    <time>2024-08-18T13:29:34Z</time>
    <extensions>
     <gpxtpx:TrackPointExtension>
      <gpxtpx:atemp>18</gpxtpx:atemp>
     </gpxtpx:TrackPointExtension>
    </extensions>
   </trkpt>
   <trkpt lat="47.1770190" lon="3.0183660">
    <ele>176.0</ele>
    <time>2024-08-18T13:29:39Z</time>
    <extensions>
     <gpxtpx:TrackPointExtension>
      <gpxtpx:atemp>18</gpxtpx:atemp>
     </gpxtpx:TrackPointExtension>
    </extensions>
   </trkpt>
   <trkpt lat="47.1770170" lon="3.0183840">
    <ele>176.4</ele>
    <time>2024-08-18T13:29:42Z</time>
    <extensions>
     <gpxtpx:TrackPointExtension>
      <gpxtpx:atemp>18</gpxtpx:atemp>
     </gpxtpx:TrackPointExtension>
    </extensions>
   </trkpt>
   <trkpt lat="47.1770200" lon="3.0184150">
    <ele>176.4</ele>
    <time>2024-08-18T13:29:45Z</time>
    <extensions>
     <gpxtpx:TrackPointExtension>
      <gpxtpx:atemp>18</gpxtpx:atemp>
     </gpxtpx:TrackPointExtension>
    </extensions>
   </trkpt>
   <trkpt lat="47.1770420" lon="3.0185370">
    <ele>177.4</ele>
    <time>2024-08-18T13:29:54Z</time>
    <extensions>
     <gpxtpx:TrackPointExtension>
      <gpxtpx:atemp>18</gpxtpx:atemp>
     </gpxtpx:TrackPointExtension>
    </extensions>
   </trkpt>
   <trkpt lat="47.1770560" lon="3.0186100">
    <ele>177.6</ele>
    <time>2024-08-18T13:29:59Z</time>
    <extensions>
     <gpxtpx:TrackPointExtension>
      <gpxtpx:atemp>18</gpxtpx:atemp>
     </gpxtpx:TrackPointExtension>
    </extensions>
   </trkpt>
   <trkpt lat="47.1770930" lon="3.0186740">
    <ele>178.0</ele>
    <time>2024-08-18T13:30:04Z</time>
    <extensions>
     <gpxtpx:TrackPointExtension>
      <gpxtpx:atemp>18</gpxtpx:atemp>
     </gpxtpx:TrackPointExtension>
    </extensions>
   </trkpt>
   <trkpt lat="47.1771630" lon="3.0187610">
    <ele>178.8</ele>
    <time>2024-08-18T13:30:11Z</time>
    <extensions>
     <gpxtpx:TrackPointExtension>
      <gpxtpx:atemp>18</gpxtpx:atemp>
     </gpxtpx:TrackPointExtension>
    </extensions>
   </trkpt>
   <trkpt lat="47.1771660" lon="3.0187800">
    <ele>178.8</ele>
    <time>2024-08-18T13:30:12Z</time>
    <extensions>
     <gpxtpx:TrackPointExtension>
      <gpxtpx:atemp>18</gpxtpx:atemp>
     </gpxtpx:TrackPointExtension>
    </extensions>
   </trkpt>
   <trkpt lat="47.1771590" lon="3.0188580">
    <ele>179.0</ele>
    <time>2024-08-18T13:30:15Z</time>
    <extensions>
     <gpxtpx:TrackPointExtension>
      <gpxtpx:atemp>18</gpxtpx:atemp>
     </gpxtpx:TrackPointExtension>
    </extensions>
   </trkpt>
   <trkpt lat="47.1771560" lon="3.0188770">
    <ele>179.2</ele>
    <time>2024-08-18T13:30:16Z</time>
    <extensions>
     <gpxtpx:TrackPointExtension>
      <gpxtpx:atemp>18</gpxtpx:atemp>
     </gpxtpx:TrackPointExtension>
    </extensions>
   </trkpt>
   <trkpt lat="47.1771690" lon="3.0189880">
    <ele>179.4</ele>
    <time>2024-08-18T13:30:21Z</time>
    <extensions>
     <gpxtpx:TrackPointExtension>
      <gpxtpx:atemp>18</gpxtpx:atemp>
     </gpxtpx:TrackPointExtension>
    </extensions>
   </trkpt>
   <trkpt lat="47.1771870" lon="3.0191740">
    <ele>180.2</ele>
    <time>2024-08-18T13:30:34Z</time>
    <extensions>
     <gpxtpx:TrackPointExtension>
      <gpxtpx:atemp>19</gpxtpx:atemp>
     </gpxtpx:TrackPointExtension>
    </extensions>
   </trkpt>
   <trkpt lat="47.1771850" lon="3.0193030">
    <ele>180.4</ele>
    <time>2024-08-18T13:30:44Z</time>
    <extensions>
     <gpxtpx:TrackPointExtension>
      <gpxtpx:atemp>19</gpxtpx:atemp>
     </gpxtpx:TrackPointExtension>
    </extensions>
   </trkpt>
   <trkpt lat="47.1771820" lon="3.0193590">
    <ele>180.6</ele>
    <time>2024-08-18T13:30:47Z</time>
    <extensions>
     <gpxtpx:TrackPointExtension>
      <gpxtpx:atemp>19</gpxtpx:atemp>
     </gpxtpx:TrackPointExtension>
    </extensions>
   </trkpt>
   <trkpt lat="47.1771810" lon="3.0194180">
    <ele>180.4</ele>
    <time>2024-08-18T13:30:53Z</time>
    <extensions>
     <gpxtpx:TrackPointExtension>
      <gpxtpx:atemp>19</gpxtpx:atemp>
     </gpxtpx:TrackPointExtension>
    </extensions>
   </trkpt>
   <trkpt lat="47.1772070" lon="3.0194570">
    <ele>181.0</ele>
    <time>2024-08-18T13:30:59Z</time>
    <extensions>
     <gpxtpx:TrackPointExtension>
      <gpxtpx:atemp>19</gpxtpx:atemp>
     </gpxtpx:TrackPointExtension>
    </extensions>
   </trkpt>
   <trkpt lat="47.1772130" lon="3.0195180">
    <ele>181.4</ele>
    <time>2024-08-18T13:31:04Z</time>
    <extensions>
     <gpxtpx:TrackPointExtension>
      <gpxtpx:atemp>19</gpxtpx:atemp>
     </gpxtpx:TrackPointExtension>
    </extensions>
   </trkpt>
   <trkpt lat="47.1772090" lon="3.0195720">
    <ele>182.0</ele>
    <time>2024-08-18T13:31:09Z</time>
    <extensions>
     <gpxtpx:TrackPointExtension>
      <gpxtpx:atemp>19</gpxtpx:atemp>
     </gpxtpx:TrackPointExtension>
    </extensions>
   </trkpt>
   <trkpt lat="47.1772230" lon="3.0197070">
    <ele>182.4</ele>
    <time>2024-08-18T13:31:19Z</time>
    <extensions>
     <gpxtpx:TrackPointExtension>
      <gpxtpx:atemp>19</gpxtpx:atemp>
     </gpxtpx:TrackPointExtension>
    </extensions>
   </trkpt>
   <trkpt lat="47.1772390" lon="3.0197450">
    <ele>182.4</ele>
    <time>2024-08-18T13:31:23Z</time>
    <extensions>
     <gpxtpx:TrackPointExtension>
      <gpxtpx:atemp>19</gpxtpx:atemp>
     </gpxtpx:TrackPointExtension>
    </extensions>
   </trkpt>
   <trkpt lat="47.1772870" lon="3.0197370">
    <ele>182.8</ele>
    <time>2024-08-18T13:31:28Z</time>
    <extensions>
     <gpxtpx:TrackPointExtension>
      <gpxtpx:atemp>19</gpxtpx:atemp>
     </gpxtpx:TrackPointExtension>
    </extensions>
   </trkpt>
   <trkpt lat="47.1773310" lon="3.0197540">
    <ele>183.2</ele>
    <time>2024-08-18T13:31:33Z</time>
    <extensions>
     <gpxtpx:TrackPointExtension>
      <gpxtpx:atemp>19</gpxtpx:atemp>
     </gpxtpx:TrackPointExtension>
    </extensions>
   </trkpt>
   <trkpt lat="47.1773220" lon="3.0197830">
    <ele>183.4</ele>
    <time>2024-08-18T13:31:34Z</time>
    <extensions>
     <gpxtpx:TrackPointExtension>
      <gpxtpx:atemp>19</gpxtpx:atemp>
     </gpxtpx:TrackPointExtension>
    </extensions>
   </trkpt>
   <trkpt lat="47.1773200" lon="3.0198610">
    <ele>183.6</ele>
    <time>2024-08-18T13:31:39Z</time>
    <extensions>
     <gpxtpx:TrackPointExtension>
      <gpxtpx:atemp>19</gpxtpx:atemp>
     </gpxtpx:TrackPointExtension>
    </extensions>
   </trkpt>
   <trkpt lat="47.1773450" lon="3.0199700">
    <ele>184.4</ele>
    <time>2024-08-18T13:31:46Z</time>
    <extensions>
     <gpxtpx:TrackPointExtension>
      <gpxtpx:atemp>19</gpxtpx:atemp>
     </gpxtpx:TrackPointExtension>
    </extensions>
   </trkpt>
   <trkpt lat="47.1773390" lon="3.0200430">
    <ele>184.6</ele>
    <time>2024-08-18T13:31:49Z</time>
    <extensions>
     <gpxtpx:TrackPointExtension>
      <gpxtpx:atemp>19</gpxtpx:atemp>
     </gpxtpx:TrackPointExtension>
    </extensions>
   </trkpt>
   <trkpt lat="47.1773590" lon="3.0200970">
    <ele>184.8</ele>
    <time>2024-08-18T13:31:52Z</time>
    <extensions>
     <gpxtpx:TrackPointExtension>
      <gpxtpx:atemp>19</gpxtpx:atemp>
     </gpxtpx:TrackPointExtension>
    </extensions>
   </trkpt>
   <trkpt lat="47.1773650" lon="3.0202020">
    <ele>185.4</ele>
    <time>2024-08-18T13:31:58Z</time>
    <extensions>
     <gpxtpx:TrackPointExtension>
      <gpxtpx:atemp>19</gpxtpx:atemp>
     </gpxtpx:TrackPointExtension>
    </extensions>
   </trkpt>
   <trkpt lat="47.1773750" lon="3.0202780">
    <ele>185.6</ele>
    <time>2024-08-18T13:32:02Z</time>
    <extensions>
     <gpxtpx:TrackPointExtension>
      <gpxtpx:atemp>19</gpxtpx:atemp>
     </gpxtpx:TrackPointExtension>
    </extensions>
   </trkpt>
   <trkpt lat="47.1773710" lon="3.0203670">
    <ele>186.0</ele>
    <time>2024-08-18T13:32:06Z</time>
    <extensions>
     <gpxtpx:TrackPointExtension>
      <gpxtpx:atemp>19</gpxtpx:atemp>
     </gpxtpx:TrackPointExtension>
    </extensions>
   </trkpt>
   <trkpt lat="47.1773440" lon="3.0204390">
    <ele>186.2</ele>
    <time>2024-08-18T13:32:08Z</time>
    <extensions>
     <gpxtpx:TrackPointExtension>
      <gpxtpx:atemp>19</gpxtpx:atemp>
     </gpxtpx:TrackPointExtension>
    </extensions>
   </trkpt>
   <trkpt lat="47.1773680" lon="3.0206360">
    <ele>187.2</ele>
    <time>2024-08-18T13:32:17Z</time>
    <extensions>
     <gpxtpx:TrackPointExtension>
      <gpxtpx:atemp>19</gpxtpx:atemp>
     </gpxtpx:TrackPointExtension>
    </extensions>
   </trkpt>
   <trkpt lat="47.1773770" lon="3.0206510">
    <ele>187.4</ele>
    <time>2024-08-18T13:32:18Z</time>
    <extensions>
     <gpxtpx:TrackPointExtension>
      <gpxtpx:atemp>19</gpxtpx:atemp>
     </gpxtpx:TrackPointExtension>
    </extensions>
   </trkpt>
   <trkpt lat="47.1774120" lon="3.0207350">
    <ele>187.6</ele>
    <time>2024-08-18T13:32:27Z</time>
    <extensions>
     <gpxtpx:TrackPointExtension>
      <gpxtpx:atemp>19</gpxtpx:atemp>
     </gpxtpx:TrackPointExtension>
    </extensions>
   </trkpt>
   <trkpt lat="47.1774650" lon="3.0207520">
    <ele>187.8</ele>
    <time>2024-08-18T13:32:32Z</time>
    <extensions>
     <gpxtpx:TrackPointExtension>
      <gpxtpx:atemp>19</gpxtpx:atemp>
     </gpxtpx:TrackPointExtension>
    </extensions>
   </trkpt>
   <trkpt lat="47.1774840" lon="3.0207400">
    <ele>187.6</ele>
    <time>2024-08-18T13:32:33Z</time>
    <extensions>
     <gpxtpx:TrackPointExtension>
      <gpxtpx:atemp>19</gpxtpx:atemp>
     </gpxtpx:TrackPointExtension>
    </extensions>
   </trkpt>
   <trkpt lat="47.1776030" lon="3.0206880">
    <ele>187.4</ele>
    <time>2024-08-18T13:32:38Z</time>
    <extensions>
     <gpxtpx:TrackPointExtension>
      <gpxtpx:atemp>19</gpxtpx:atemp>
     </gpxtpx:TrackPointExtension>
    </extensions>
   </trkpt>
   <trkpt lat="47.1777770" lon="3.0206770">
    <ele>187.0</ele>
    <time>2024-08-18T13:32:43Z</time>
    <extensions>
     <gpxtpx:TrackPointExtension>
      <gpxtpx:atemp>19</gpxtpx:atemp>
     </gpxtpx:TrackPointExtension>
    </extensions>
   </trkpt>
   <trkpt lat="47.1778230" lon="3.0206760">
    <ele>186.8</ele>
    <time>2024-08-18T13:32:44Z</time>
    <extensions>
     <gpxtpx:TrackPointExtension>
      <gpxtpx:atemp>19</gpxtpx:atemp>
     </gpxtpx:TrackPointExtension>
    </extensions>
   </trkpt>
   <trkpt lat="47.1779210" lon="3.0206060">
    <ele>186.8</ele>
    <time>2024-08-18T13:32:47Z</time>
    <extensions>
     <gpxtpx:TrackPointExtension>
      <gpxtpx:atemp>19</gpxtpx:atemp>
     </gpxtpx:TrackPointExtension>
    </extensions>
   </trkpt>
   <trkpt lat="47.1779710" lon="3.0205650">
    <ele>186.8</ele>
    <time>2024-08-18T13:32:49Z</time>
    <extensions>
     <gpxtpx:TrackPointExtension>
      <gpxtpx:atemp>19</gpxtpx:atemp>
     </gpxtpx:TrackPointExtension>
    </extensions>
   </trkpt>
   <trkpt lat="47.1780400" lon="3.0205070">
    <ele>186.8</ele>
    <time>2024-08-18T13:32:52Z</time>
    <extensions>
     <gpxtpx:TrackPointExtension>
      <gpxtpx:atemp>19</gpxtpx:atemp>
     </gpxtpx:TrackPointExtension>
    </extensions>
   </trkpt>
   <trkpt lat="47.1781120" lon="3.0203920">
    <ele>187.8</ele>
    <time>2024-08-18T13:32:58Z</time>
    <extensions>
     <gpxtpx:TrackPointExtension>
      <gpxtpx:atemp>19</gpxtpx:atemp>
     </gpxtpx:TrackPointExtension>
    </extensions>
   </trkpt>
   <trkpt lat="47.1780450" lon="3.0202850">
    <ele>187.8</ele>
    <time>2024-08-18T13:33:02Z</time>
    <extensions>
     <gpxtpx:TrackPointExtension>
      <gpxtpx:atemp>19</gpxtpx:atemp>
     </gpxtpx:TrackPointExtension>
    </extensions>
   </trkpt>
   <trkpt lat="47.1779260" lon="3.0200550">
    <ele>186.4</ele>
    <time>2024-08-18T13:33:06Z</time>
    <extensions>
     <gpxtpx:TrackPointExtension>
      <gpxtpx:atemp>19</gpxtpx:atemp>
     </gpxtpx:TrackPointExtension>
    </extensions>
   </trkpt>
   <trkpt lat="47.1779090" lon="3.0199940">
    <ele>186.0</ele>
    <time>2024-08-18T13:33:07Z</time>
    <extensions>
     <gpxtpx:TrackPointExtension>
      <gpxtpx:atemp>19</gpxtpx:atemp>
     </gpxtpx:TrackPointExtension>
    </extensions>
   </trkpt>
   <trkpt lat="47.1778610" lon="3.0198210">
    <ele>184.6</ele>
    <time>2024-08-18T13:33:10Z</time>
    <extensions>
     <gpxtpx:TrackPointExtension>
      <gpxtpx:atemp>19</gpxtpx:atemp>
     </gpxtpx:TrackPointExtension>
    </extensions>
   </trkpt>
   <trkpt lat="47.1778400" lon="3.0197030">
    <ele>183.8</ele>
    <time>2024-08-18T13:33:12Z</time>
    <extensions>
     <gpxtpx:TrackPointExtension>
      <gpxtpx:atemp>19</gpxtpx:atemp>
     </gpxtpx:TrackPointExtension>
    </extensions>
   </trkpt>
   <trkpt lat="47.1778320" lon="3.0196540">
    <ele>183.4</ele>
    <time>2024-08-18T13:33:13Z</time>
    <extensions>
     <gpxtpx:TrackPointExtension>
      <gpxtpx:atemp>19</gpxtpx:atemp>
     </gpxtpx:TrackPointExtension>
    </extensions>
   </trkpt>
   <trkpt lat="47.1778350" lon="3.0195440">
    <ele>182.8</ele>
    <time>2024-08-18T13:33:16Z</time>
    <extensions>
     <gpxtpx:TrackPointExtension>
      <gpxtpx:atemp>19</gpxtpx:atemp>
     </gpxtpx:TrackPointExtension>
    </extensions>
   </trkpt>
   <trkpt lat="47.1778460" lon="3.0194680">
    <ele>182.2</ele>
    <time>2024-08-18T13:33:18Z</time>
    <extensions>
     <gpxtpx:TrackPointExtension>
      <gpxtpx:atemp>19</gpxtpx:atemp>
     </gpxtpx:TrackPointExtension>
    </extensions>
   </trkpt>
   <trkpt lat="47.1778180" lon="3.0194180">
    <ele>181.8</ele>
    <time>2024-08-18T13:33:20Z</time>
    <extensions>
     <gpxtpx:TrackPointExtension>
      <gpxtpx:atemp>19</gpxtpx:atemp>
     </gpxtpx:TrackPointExtension>
    </extensions>
   </trkpt>
   <trkpt lat="47.1777670" lon="3.0193840">
    <ele>181.4</ele>
    <time>2024-08-18T13:33:22Z</time>
    <extensions>
     <gpxtpx:TrackPointExtension>
      <gpxtpx:atemp>19</gpxtpx:atemp>
     </gpxtpx:TrackPointExtension>
    </extensions>
   </trkpt>
   <trkpt lat="47.1777010" lon="3.0193490">
    <ele>181.2</ele>
    <time>2024-08-18T13:33:24Z</time>
    <extensions>
     <gpxtpx:TrackPointExtension>
      <gpxtpx:atemp>19</gpxtpx:atemp>
     </gpxtpx:TrackPointExtension>
    </extensions>
   </trkpt>
   <trkpt lat="47.1776630" lon="3.0193250">
    <ele>181.0</ele>
    <time>2024-08-18T13:33:25Z</time>
    <extensions>
     <gpxtpx:TrackPointExtension>
      <gpxtpx:atemp>19</gpxtpx:atemp>
     </gpxtpx:TrackPointExtension>
    </extensions>
   </trkpt>
   <trkpt lat="47.1773590" lon="3.0192020">
    <ele>180.6</ele>
    <time>2024-08-18T13:33:33Z</time>
    <extensions>
     <gpxtpx:TrackPointExtension>
      <gpxtpx:atemp>19</gpxtpx:atemp>
     </gpxtpx:TrackPointExtension>
    </extensions>
   </trkpt>
   <trkpt lat="47.1772500" lon="3.0191690">
    <ele>180.0</ele>
    <time>2024-08-18T13:33:37Z</time>
    <extensions>
     <gpxtpx:TrackPointExtension>
      <gpxtpx:atemp>19</gpxtpx:atemp>
     </gpxtpx:TrackPointExtension>
    </extensions>
   </trkpt>
   <trkpt lat="47.1772350" lon="3.0191590">
    <ele>179.8</ele>
    <time>2024-08-18T13:33:38Z</time>
    <extensions>
     <gpxtpx:TrackPointExtension>
      <gpxtpx:atemp>19</gpxtpx:atemp>
     </gpxtpx:TrackPointExtension>
    </extensions>
   </trkpt>
   <trkpt lat="47.1772130" lon="3.0191020">
    <ele>179.4</ele>
    <time>2024-08-18T13:33:40Z</time>
    <extensions>
     <gpxtpx:TrackPointExtension>
      <gpxtpx:atemp>19</gpxtpx:atemp>
     </gpxtpx:TrackPointExtension>
    </extensions>
   </trkpt>
   <trkpt lat="47.1772040" lon="3.0189680">
    <ele>179.2</ele>
    <time>2024-08-18T13:33:43Z</time>
    <extensions>
     <gpxtpx:TrackPointExtension>
      <gpxtpx:atemp>19</gpxtpx:atemp>
     </gpxtpx:TrackPointExtension>
    </extensions>
   </trkpt>
   <trkpt lat="47.1772040" lon="3.0188790">
    <ele>178.8</ele>
    <time>2024-08-18T13:33:45Z</time>
    <extensions>
     <gpxtpx:TrackPointExtension>
      <gpxtpx:atemp>19</gpxtpx:atemp>
     </gpxtpx:TrackPointExtension>
    </extensions>
   </trkpt>
   <trkpt lat="47.1772010" lon="3.0188290">
    <ele>178.2</ele>
    <time>2024-08-18T13:33:46Z</time>
    <extensions>
     <gpxtpx:TrackPointExtension>
      <gpxtpx:atemp>19</gpxtpx:atemp>
     </gpxtpx:TrackPointExtension>
    </extensions>
   </trkpt>
   <trkpt lat="47.1772100" lon="3.0185730">
    <ele>177.0</ele>
    <time>2024-08-18T13:33:50Z</time>
    <extensions>
     <gpxtpx:TrackPointExtension>
      <gpxtpx:atemp>19</gpxtpx:atemp>
     </gpxtpx:TrackPointExtension>
    </extensions>
   </trkpt>
   <trkpt lat="47.1772290" lon="3.0183900">
    <ele>176.2</ele>
    <time>2024-08-18T13:33:54Z</time>
    <extensions>
     <gpxtpx:TrackPointExtension>
      <gpxtpx:atemp>19</gpxtpx:atemp>
     </gpxtpx:TrackPointExtension>
    </extensions>
   </trkpt>
   <trkpt lat="47.1772300" lon="3.0183560">
    <ele>175.8</ele>
    <time>2024-08-18T13:33:55Z</time>
    <extensions>
     <gpxtpx:TrackPointExtension>
      <gpxtpx:atemp>19</gpxtpx:atemp>
     </gpxtpx:TrackPointExtension>
    </extensions>
   </trkpt>
   <trkpt lat="47.1772500" lon="3.0181730">
    <ele>174.6</ele>
    <time>2024-08-18T13:33:59Z</time>
    <extensions>
     <gpxtpx:TrackPointExtension>
      <gpxtpx:atemp>19</gpxtpx:atemp>
     </gpxtpx:TrackPointExtension>
    </extensions>
   </trkpt>
   <trkpt lat="47.1772790" lon="3.0179730">
    <ele>174.0</ele>
    <time>2024-08-18T13:34:02Z</time>
    <extensions>
     <gpxtpx:TrackPointExtension>
      <gpxtpx:atemp>19</gpxtpx:atemp>
     </gpxtpx:TrackPointExtension>
    </extensions>
   </trkpt>
   <trkpt lat="47.1772790" lon="3.0177990">
    <ele>173.6</ele>
    <time>2024-08-18T13:34:04Z</time>
    <extensions>
     <gpxtpx:TrackPointExtension>
      <gpxtpx:atemp>19</gpxtpx:atemp>
     </gpxtpx:TrackPointExtension>
    </extensions>
   </trkpt>
   <trkpt lat="47.1772970" lon="3.0174850">
    <ele>172.4</ele>
    <time>2024-08-18T13:34:08Z</time>
    <extensions>
     <gpxtpx:TrackPointExtension>
      <gpxtpx:atemp>19</gpxtpx:atemp>
     </gpxtpx:TrackPointExtension>
    </extensions>
   </trkpt>
   <trkpt lat="47.1772990" lon="3.0174060">
    <ele>171.8</ele>
    <time>2024-08-18T13:34:09Z</time>
    <extensions>
     <gpxtpx:TrackPointExtension>
      <gpxtpx:atemp>19</gpxtpx:atemp>
     </gpxtpx:TrackPointExtension>
    </extensions>
   </trkpt>
   <trkpt lat="47.1773020" lon="3.0172240">
    <ele>171.2</ele>
    <time>2024-08-18T13:34:11Z</time>
    <extensions>
     <gpxtpx:TrackPointExtension>
      <gpxtpx:atemp>19</gpxtpx:atemp>
     </gpxtpx:TrackPointExtension>
    </extensions>
   </trkpt>
   <trkpt lat="47.1773110" lon="3.0170870">
    <ele>170.8</ele>
    <time>2024-08-18T13:34:13Z</time>
    <extensions>
     <gpxtpx:TrackPointExtension>
      <gpxtpx:atemp>19</gpxtpx:atemp>
     </gpxtpx:TrackPointExtension>
    </extensions>
   </trkpt>
   <trkpt lat="47.1773080" lon="3.0169810">
    <ele>169.8</ele>
    <time>2024-08-18T13:34:15Z</time>
    <extensions>
     <gpxtpx:TrackPointExtension>
      <gpxtpx:atemp>19</gpxtpx:atemp>
     </gpxtpx:TrackPointExtension>
    </extensions>
   </trkpt>
   <trkpt lat="47.1772950" lon="3.0168540">
    <ele>168.6</ele>
    <time>2024-08-18T13:34:18Z</time>
    <extensions>
     <gpxtpx:TrackPointExtension>
      <gpxtpx:atemp>19</gpxtpx:atemp>
     </gpxtpx:TrackPointExtension>
    </extensions>
   </trkpt>
   <trkpt lat="47.1772680" lon="3.0167670">
    <ele>167.6</ele>
    <time>2024-08-18T13:34:21Z</time>
    <extensions>
     <gpxtpx:TrackPointExtension>
      <gpxtpx:atemp>19</gpxtpx:atemp>
     </gpxtpx:TrackPointExtension>
    </extensions>
   </trkpt>
   <trkpt lat="47.1772560" lon="3.0167510">
    <ele>167.0</ele>
    <time>2024-08-18T13:34:23Z</time>
    <extensions>
     <gpxtpx:TrackPointExtension>
      <gpxtpx:atemp>19</gpxtpx:atemp>
     </gpxtpx:TrackPointExtension>
    </extensions>
   </trkpt>
   <trkpt lat="47.1772550" lon="3.0167420">
    <ele>166.8</ele>
    <time>2024-08-18T13:34:32Z</time>
    <extensions>
     <gpxtpx:TrackPointExtension>
      <gpxtpx:atemp>19</gpxtpx:atemp>
     </gpxtpx:TrackPointExtension>
    </extensions>
   </trkpt>
   <trkpt lat="47.1772370" lon="3.0166810">
    <ele>167.0</ele>
    <time>2024-08-18T13:34:45Z</time>
    <extensions>
     <gpxtpx:TrackPointExtension>
      <gpxtpx:atemp>19</gpxtpx:atemp>
     </gpxtpx:TrackPointExtension>
    </extensions>
   </trkpt>
   <trkpt lat="47.1772290" lon="3.0166550">
    <ele>167.0</ele>
    <time>2024-08-18T13:34:46Z</time>
    <extensions>
     <gpxtpx:TrackPointExtension>
      <gpxtpx:atemp>19</gpxtpx:atemp>
     </gpxtpx:TrackPointExtension>
    </extensions>
   </trkpt>
   <trkpt lat="47.1771890" lon="3.0165260">
    <ele>166.6</ele>
    <time>2024-08-18T13:34:49Z</time>
    <extensions>
     <gpxtpx:TrackPointExtension>
      <gpxtpx:atemp>19</gpxtpx:atemp>
     </gpxtpx:TrackPointExtension>
    </extensions>
   </trkpt>
   <trkpt lat="47.1771200" lon="3.0164250">
    <ele>166.2</ele>
    <time>2024-08-18T13:34:51Z</time>
    <extensions>
     <gpxtpx:TrackPointExtension>
      <gpxtpx:atemp>19</gpxtpx:atemp>
     </gpxtpx:TrackPointExtension>
    </extensions>
   </trkpt>
   <trkpt lat="47.1770770" lon="3.0163680">
    <ele>166.0</ele>
    <time>2024-08-18T13:34:52Z</time>
    <extensions>
     <gpxtpx:TrackPointExtension>
      <gpxtpx:atemp>19</gpxtpx:atemp>
     </gpxtpx:TrackPointExtension>
    </extensions>
   </trkpt>
   <trkpt lat="47.1770390" lon="3.0163010">
    <ele>165.8</ele>
    <time>2024-08-18T13:34:53Z</time>
    <extensions>
     <gpxtpx:TrackPointExtension>
      <gpxtpx:atemp>19</gpxtpx:atemp>
     </gpxtpx:TrackPointExtension>
    </extensions>
   </trkpt>
   <trkpt lat="47.1770010" lon="3.0162450">
    <ele>165.0</ele>
    <time>2024-08-18T13:34:54Z</time>
    <extensions>
     <gpxtpx:TrackPointExtension>
      <gpxtpx:atemp>19</gpxtpx:atemp>
     </gpxtpx:TrackPointExtension>
    </extensions>
   </trkpt>
   <trkpt lat="47.1769430" lon="3.0161450">
    <ele>163.8</ele>
    <time>2024-08-18T13:34:56Z</time>
    <extensions>
     <gpxtpx:TrackPointExtension>
      <gpxtpx:atemp>19</gpxtpx:atemp>
     </gpxtpx:TrackPointExtension>
    </extensions>
   </trkpt>
   <trkpt lat="47.1769150" lon="3.0160990">
    <ele>163.2</ele>
    <time>2024-08-18T13:34:57Z</time>
    <extensions>
     <gpxtpx:TrackPointExtension>
      <gpxtpx:atemp>19</gpxtpx:atemp>
     </gpxtpx:TrackPointExtension>
    </extensions>
   </trkpt>
   <trkpt lat="47.1768870" lon="3.0160430">
    <ele>162.8</ele>
    <time>2024-08-18T13:34:58Z</time>
    <extensions>
     <gpxtpx:TrackPointExtension>
      <gpxtpx:atemp>19</gpxtpx:atemp>
     </gpxtpx:TrackPointExtension>
    </extensions>
   </trkpt>
   <trkpt lat="47.1767640" lon="3.0157910">
    <ele>161.4</ele>
    <time>2024-08-18T13:35:02Z</time>
    <extensions>
     <gpxtpx:TrackPointExtension>
      <gpxtpx:atemp>19</gpxtpx:atemp>
     </gpxtpx:TrackPointExtension>
    </extensions>
   </trkpt>
   <trkpt lat="47.1766830" lon="3.0156310">
    <ele>160.6</ele>
    <time>2024-08-18T13:35:06Z</time>
    <extensions>
     <gpxtpx:TrackPointExtension>
      <gpxtpx:atemp>19</gpxtpx:atemp>
     </gpxtpx:TrackPointExtension>
    </extensions>
   </trkpt>
   <trkpt lat="47.1766740" lon="3.0156020">
    <ele>160.4</ele>
    <time>2024-08-18T13:35:07Z</time>
    <extensions>
     <gpxtpx:TrackPointExtension>
      <gpxtpx:atemp>19</gpxtpx:atemp>
     </gpxtpx:TrackPointExtension>
    </extensions>
   </trkpt>
   <trkpt lat="47.1767020" lon="3.0154680">
    <ele>160.4</ele>
    <time>2024-08-18T13:35:11Z</time>
    <extensions>
     <gpxtpx:TrackPointExtension>
      <gpxtpx:atemp>19</gpxtpx:atemp>
     </gpxtpx:TrackPointExtension>
    </extensions>
   </trkpt>
   <trkpt lat="47.1768260" lon="3.0154000">
    <ele>161.2</ele>
    <time>2024-08-18T13:35:17Z</time>
    <extensions>
     <gpxtpx:TrackPointExtension>
      <gpxtpx:atemp>19</gpxtpx:atemp>
     </gpxtpx:TrackPointExtension>
    </extensions>
   </trkpt>
   <trkpt lat="47.1768650" lon="3.0153810">
    <ele>161.2</ele>
    <time>2024-08-18T13:35:19Z</time>
    <extensions>
     <gpxtpx:TrackPointExtension>
      <gpxtpx:atemp>19</gpxtpx:atemp>
     </gpxtpx:TrackPointExtension>
    </extensions>
   </trkpt>
   <trkpt lat="47.1769540" lon="3.0153410">
    <ele>161.8</ele>
    <time>2024-08-18T13:35:23Z</time>
    <extensions>
     <gpxtpx:TrackPointExtension>
      <gpxtpx:atemp>19</gpxtpx:atemp>
     </gpxtpx:TrackPointExtension>
    </extensions>
   </trkpt>
   <trkpt lat="47.1770480" lon="3.0152930">
    <ele>162.2</ele>
    <time>2024-08-18T13:35:27Z</time>
    <extensions>
     <gpxtpx:TrackPointExtension>
      <gpxtpx:atemp>19</gpxtpx:atemp>
     </gpxtpx:TrackPointExtension>
    </extensions>
   </trkpt>
   <trkpt lat="47.1771710" lon="3.0152340">
    <ele>163.0</ele>
    <time>2024-08-18T13:35:32Z</time>
    <extensions>
     <gpxtpx:TrackPointExtension>
      <gpxtpx:atemp>19</gpxtpx:atemp>
     </gpxtpx:TrackPointExtension>
    </extensions>
   </trkpt>
   <trkpt lat="47.1772590" lon="3.0151970">
    <ele>163.2</ele>
    <time>2024-08-18T13:35:36Z</time>
    <extensions>
     <gpxtpx:TrackPointExtension>
      <gpxtpx:atemp>19</gpxtpx:atemp>
     </gpxtpx:TrackPointExtension>
    </extensions>
   </trkpt>
   <trkpt lat="47.1772870" lon="3.0151930">
    <ele>163.4</ele>
    <time>2024-08-18T13:35:38Z</time>
    <extensions>
     <gpxtpx:TrackPointExtension>
      <gpxtpx:atemp>19</gpxtpx:atemp>
     </gpxtpx:TrackPointExtension>
    </extensions>
   </trkpt>
   <trkpt lat="47.1772950" lon="3.0151880">
    <ele>163.8</ele>
    <time>2024-08-18T13:35:43Z</time>
    <extensions>
     <gpxtpx:TrackPointExtension>
      <gpxtpx:atemp>19</gpxtpx:atemp>
     </gpxtpx:TrackPointExtension>
    </extensions>
   </trkpt>
   <trkpt lat="47.1773130" lon="3.0151950">
    <ele>163.6</ele>
    <time>2024-08-18T13:35:50Z</time>
    <extensions>
     <gpxtpx:TrackPointExtension>
      <gpxtpx:atemp>19</gpxtpx:atemp>
     </gpxtpx:TrackPointExtension>
    </extensions>
   </trkpt>
   <trkpt lat="47.1773420" lon="3.0151910">
    <ele>163.8</ele>
    <time>2024-08-18T13:36:00Z</time>
    <extensions>
     <gpxtpx:TrackPointExtension>
      <gpxtpx:atemp>19</gpxtpx:atemp>
     </gpxtpx:TrackPointExtension>
    </extensions>
   </trkpt>
   <trkpt lat="47.1773660" lon="3.0152060">
    <ele>163.8</ele>
    <time>2024-08-18T13:36:04Z</time>
    <extensions>
     <gpxtpx:TrackPointExtension>
      <gpxtpx:atemp>19</gpxtpx:atemp>
     </gpxtpx:TrackPointExtension>
    </extensions>
   </trkpt>
   <trkpt lat="47.1773740" lon="3.0152670">
    <ele>163.6</ele>
    <time>2024-08-18T13:36:07Z</time>
    <extensions>
     <gpxtpx:TrackPointExtension>
      <gpxtpx:atemp>19</gpxtpx:atemp>
     </gpxtpx:TrackPointExtension>
    </extensions>
   </trkpt>
   <trkpt lat="47.1773960" lon="3.0153310">
    <ele>163.4</ele>
    <time>2024-08-18T13:36:12Z</time>
    <extensions>
     <gpxtpx:TrackPointExtension>
      <gpxtpx:atemp>19</gpxtpx:atemp>
     </gpxtpx:TrackPointExtension>
    </extensions>
   </trkpt>
   <trkpt lat="47.1774080" lon="3.0153630">
    <ele>163.0</ele>
    <time>2024-08-18T13:36:20Z</time>
    <extensions>
     <gpxtpx:TrackPointExtension>
      <gpxtpx:atemp>19</gpxtpx:atemp>
     </gpxtpx:TrackPointExtension>
    </extensions>
   </trkpt>
   <trkpt lat="47.1774130" lon="3.0153650">
    <ele>163.0</ele>
    <time>2024-08-18T13:36:23Z</time>
    <extensions>
     <gpxtpx:TrackPointExtension>
      <gpxtpx:atemp>19</gpxtpx:atemp>
     </gpxtpx:TrackPointExtension>
    </extensions>
   </trkpt>
   <trkpt lat="47.1775110" lon="3.0153290">
    <ele>165.8</ele>
    <time>2024-08-18T14:16:24Z</time>
    <extensions>
     <gpxtpx:TrackPointExtension>
      <gpxtpx:atemp>21</gpxtpx:atemp>
     </gpxtpx:TrackPointExtension>
    </extensions>
   </trkpt>
   <trkpt lat="47.1774880" lon="3.0152780">
    <ele>166.2</ele>
    <time>2024-08-18T14:16:31Z</time>
    <extensions>
     <gpxtpx:TrackPointExtension>
      <gpxtpx:atemp>21</gpxtpx:atemp>
     </gpxtpx:TrackPointExtension>
    </extensions>
   </trkpt>
   <trkpt lat="47.1774400" lon="3.0151400">
    <ele>166.8</ele>
    <time>2024-08-18T14:16:40Z</time>
    <extensions>
     <gpxtpx:TrackPointExtension>
      <gpxtpx:atemp>21</gpxtpx:atemp>
     </gpxtpx:TrackPointExtension>
    </extensions>
   </trkpt>
   <trkpt lat="47.1774120" lon="3.0150320">
    <ele>166.8</ele>
    <time>2024-08-18T14:16:48Z</time>
    <extensions>
     <gpxtpx:TrackPointExtension>
      <gpxtpx:atemp>21</gpxtpx:atemp>
     </gpxtpx:TrackPointExtension>
    </extensions>
   </trkpt>
   <trkpt lat="47.1773440" lon="3.0149410">
    <ele>167.0</ele>
    <time>2024-08-18T14:16:57Z</time>
    <extensions>
     <gpxtpx:TrackPointExtension>
      <gpxtpx:atemp>21</gpxtpx:atemp>
     </gpxtpx:TrackPointExtension>
    </extensions>
   </trkpt>
   <trkpt lat="47.1773090" lon="3.0148580">
    <ele>166.8</ele>
    <time>2024-08-18T14:17:03Z</time>
    <extensions>
     <gpxtpx:TrackPointExtension>
      <gpxtpx:atemp>21</gpxtpx:atemp>
     </gpxtpx:TrackPointExtension>
    </extensions>
   </trkpt>
   <trkpt lat="47.1772630" lon="3.0147330">
    <ele>167.6</ele>
    <time>2024-08-18T14:17:11Z</time>
    <extensions>
     <gpxtpx:TrackPointExtension>
      <gpxtpx:atemp>21</gpxtpx:atemp>
     </gpxtpx:TrackPointExtension>
    </extensions>
   </trkpt>
   <trkpt lat="47.1772090" lon="3.0146040">
    <ele>168.0</ele>
    <time>2024-08-18T14:17:20Z</time>
    <extensions>
     <gpxtpx:TrackPointExtension>
      <gpxtpx:atemp>21</gpxtpx:atemp>
     </gpxtpx:TrackPointExtension>
    </extensions>
   </trkpt>
   <trkpt lat="47.1772040" lon="3.0145890">
    <ele>168.0</ele>
    <time>2024-08-18T14:17:21Z</time>
    <extensions>
     <gpxtpx:TrackPointExtension>
      <gpxtpx:atemp>21</gpxtpx:atemp>
     </gpxtpx:TrackPointExtension>
    </extensions>
   </trkpt>
   <trkpt lat="47.1771280" lon="3.0144020">
    <ele>168.4</ele>
    <time>2024-08-18T14:17:34Z</time>
    <extensions>
     <gpxtpx:TrackPointExtension>
      <gpxtpx:atemp>21</gpxtpx:atemp>
     </gpxtpx:TrackPointExtension>
    </extensions>
   </trkpt>
   <trkpt lat="47.1770850" lon="3.0142830">
    <ele>168.6</ele>
    <time>2024-08-18T14:17:42Z</time>
    <extensions>
     <gpxtpx:TrackPointExtension>
      <gpxtpx:atemp>21</gpxtpx:atemp>
     </gpxtpx:TrackPointExtension>
    </extensions>
   </trkpt>
   <trkpt lat="47.1770500" lon="3.0141870">
    <ele>168.6</ele>
    <time>2024-08-18T14:17:48Z</time>
    <extensions>
     <gpxtpx:TrackPointExtension>
      <gpxtpx:atemp>21</gpxtpx:atemp>
     </gpxtpx:TrackPointExtension>
    </extensions>
   </trkpt>
   <trkpt lat="47.1770260" lon="3.0141090">
    <ele>168.6</ele>
    <time>2024-08-18T14:17:53Z</time>
    <extensions>
     <gpxtpx:TrackPointExtension>
      <gpxtpx:atemp>21</gpxtpx:atemp>
     </gpxtpx:TrackPointExtension>
    </extensions>
   </trkpt>
   <trkpt lat="47.1770200" lon="3.0140780">
    <ele>168.4</ele>
    <time>2024-08-18T14:17:55Z</time>
    <extensions>
     <gpxtpx:TrackPointExtension>
      <gpxtpx:atemp>21</gpxtpx:atemp>
     </gpxtpx:TrackPointExtension>
    </extensions>
   </trkpt>
   <trkpt lat="47.1770060" lon="3.0140320">
    <ele>168.4</ele>
    <time>2024-08-18T14:17:59Z</time>
    <extensions>
     <gpxtpx:TrackPointExtension>
      <gpxtpx:atemp>21</gpxtpx:atemp>
     </gpxtpx:TrackPointExtension>
    </extensions>
   </trkpt>
   <trkpt lat="47.1769920" lon="3.0139920">
    <ele>168.0</ele>
    <time>2024-08-18T14:18:02Z</time>
    <extensions>
     <gpxtpx:TrackPointExtension>
      <gpxtpx:atemp>21</gpxtpx:atemp>
     </gpxtpx:TrackPointExtension>
    </extensions>
   </trkpt>
   <trkpt lat="47.1769820" lon="3.0139850">
    <ele>167.8</ele>
    <time>2024-08-18T14:18:09Z</time>
    <extensions>
     <gpxtpx:TrackPointExtension>
      <gpxtpx:atemp>21</gpxtpx:atemp>
     </gpxtpx:TrackPointExtension>
    </extensions>
   </trkpt>
   <trkpt lat="47.1769780" lon="3.0139840">
    <ele>167.6</ele>
    <time>2024-08-18T14:18:27Z</time>
    <extensions>
     <gpxtpx:TrackPointExtension>
      <gpxtpx:atemp>21</gpxtpx:atemp>
     </gpxtpx:TrackPointExtension>
    </extensions>
   </trkpt>
   <trkpt lat="47.1769560" lon="3.0140160">
    <ele>167.6</ele>
    <time>2024-08-18T14:18:49Z</time>
    <extensions>
     <gpxtpx:TrackPointExtension>
      <gpxtpx:atemp>21</gpxtpx:atemp>
     </gpxtpx:TrackPointExtension>
    </extensions>
   </trkpt>
   <trkpt lat="47.1769560" lon="3.0140150">
    <ele>167.8</ele>
    <time>2024-08-18T14:19:30Z</time>
    <extensions>
     <gpxtpx:TrackPointExtension>
      <gpxtpx:atemp>20</gpxtpx:atemp>
     </gpxtpx:TrackPointExtension>
    </extensions>
   </trkpt>
   <trkpt lat="47.1769570" lon="3.0140150">
    <ele>167.6</ele>
    <time>2024-08-18T14:19:50Z</time>
    <extensions>
     <gpxtpx:TrackPointExtension>
      <gpxtpx:atemp>20</gpxtpx:atemp>
     </gpxtpx:TrackPointExtension>
    </extensions>
   </trkpt>
   <trkpt lat="47.1769550" lon="3.0140130">
    <ele>168.0</ele>
    <time>2024-08-18T14:20:09Z</time>
    <extensions>
     <gpxtpx:TrackPointExtension>
      <gpxtpx:atemp>20</gpxtpx:atemp>
     </gpxtpx:TrackPointExtension>
    </extensions>
   </trkpt>
   <trkpt lat="47.1769210" lon="3.0139120">
    <ele>167.8</ele>
    <time>2024-08-18T14:20:17Z</time>
    <extensions>
     <gpxtpx:TrackPointExtension>
      <gpxtpx:atemp>20</gpxtpx:atemp>
     </gpxtpx:TrackPointExtension>
    </extensions>
   </trkpt>
   <trkpt lat="47.1768770" lon="3.0137840">
    <ele>167.8</ele>
    <time>2024-08-18T14:20:27Z</time>
    <extensions>
     <gpxtpx:TrackPointExtension>
      <gpxtpx:atemp>20</gpxtpx:atemp>
     </gpxtpx:TrackPointExtension>
    </extensions>
   </trkpt>
   <trkpt lat="47.1768450" lon="3.0136910">
    <ele>167.8</ele>
    <time>2024-08-18T14:20:36Z</time>
    <extensions>
     <gpxtpx:TrackPointExtension>
      <gpxtpx:atemp>20</gpxtpx:atemp>
     </gpxtpx:TrackPointExtension>
    </extensions>
   </trkpt>
   <trkpt lat="47.1768020" lon="3.0135830">
    <ele>167.6</ele>
    <time>2024-08-18T14:20:47Z</time>
    <extensions>
     <gpxtpx:TrackPointExtension>
      <gpxtpx:atemp>20</gpxtpx:atemp>
     </gpxtpx:TrackPointExtension>
    </extensions>
   </trkpt>
   <trkpt lat="47.1767750" lon="3.0135050">
    <ele>167.6</ele>
    <time>2024-08-18T14:20:54Z</time>
    <extensions>
     <gpxtpx:TrackPointExtension>
      <gpxtpx:atemp>20</gpxtpx:atemp>
     </gpxtpx:TrackPointExtension>
    </extensions>
   </trkpt>
   <trkpt lat="47.1767230" lon="3.0133690">
    <ele>167.2</ele>
    <time>2024-08-18T14:21:03Z</time>
    <extensions>
     <gpxtpx:TrackPointExtension>
      <gpxtpx:atemp>20</gpxtpx:atemp>
     </gpxtpx:TrackPointExtension>
    </extensions>
   </trkpt>
   <trkpt lat="47.1767040" lon="3.0133240">
    <ele>166.8</ele>
    <time>2024-08-18T14:21:06Z</time>
    <extensions>
     <gpxtpx:TrackPointExtension>
      <gpxtpx:atemp>20</gpxtpx:atemp>
     </gpxtpx:TrackPointExtension>
    </extensions>
   </trkpt>
   <trkpt lat="47.1766670" lon="3.0132330">
    <ele>166.4</ele>
    <time>2024-08-18T14:21:12Z</time>
    <extensions>
     <gpxtpx:TrackPointExtension>
      <gpxtpx:atemp>20</gpxtpx:atemp>
     </gpxtpx:TrackPointExtension>
    </extensions>
   </trkpt>
   <trkpt lat="47.1766210" lon="3.0131290">
    <ele>166.8</ele>
    <time>2024-08-18T14:21:19Z</time>
    <extensions>
     <gpxtpx:TrackPointExtension>
      <gpxtpx:atemp>20</gpxtpx:atemp>
     </gpxtpx:TrackPointExtension>
    </extensions>
   </trkpt>
   <trkpt lat="47.1765650" lon="3.0129850">
    <ele>166.6</ele>
    <time>2024-08-18T14:21:28Z</time>
    <extensions>
     <gpxtpx:TrackPointExtension>
      <gpxtpx:atemp>20</gpxtpx:atemp>
     </gpxtpx:TrackPointExtension>
    </extensions>
   </trkpt>
   <trkpt lat="47.1765110" lon="3.0128390">
    <ele>166.2</ele>
    <time>2024-08-18T14:21:37Z</time>
    <extensions>
     <gpxtpx:TrackPointExtension>
      <gpxtpx:atemp>20</gpxtpx:atemp>
     </gpxtpx:TrackPointExtension>
    </extensions>
   </trkpt>
   <trkpt lat="47.1764590" lon="3.0127040">
    <ele>166.0</ele>
    <time>2024-08-18T14:21:46Z</time>
    <extensions>
     <gpxtpx:TrackPointExtension>
      <gpxtpx:atemp>20</gpxtpx:atemp>
     </gpxtpx:TrackPointExtension>
    </extensions>
   </trkpt>
   <trkpt lat="47.1764110" lon="3.0126070">
    <ele>165.8</ele>
    <time>2024-08-18T14:21:53Z</time>
    <extensions>
     <gpxtpx:TrackPointExtension>
      <gpxtpx:atemp>20</gpxtpx:atemp>
     </gpxtpx:TrackPointExtension>
    </extensions>
   </trkpt>
   <trkpt lat="47.1763970" lon="3.0125960">
    <ele>166.0</ele>
    <time>2024-08-18T14:22:00Z</time>
    <extensions>
     <gpxtpx:TrackPointExtension>
      <gpxtpx:atemp>20</gpxtpx:atemp>
     </gpxtpx:TrackPointExtension>
    </extensions>
   </trkpt>
   <trkpt lat="47.1764000" lon="3.0125870">
    <ele>165.8</ele>
    <time>2024-08-18T14:22:09Z</time>
    <extensions>
     <gpxtpx:TrackPointExtension>
      <gpxtpx:atemp>20</gpxtpx:atemp>
     </gpxtpx:TrackPointExtension>
    </extensions>
   </trkpt>
   <trkpt lat="47.1764000" lon="3.0125850">
    <ele>165.6</ele>
    <time>2024-08-18T14:22:10Z</time>
    <extensions>
     <gpxtpx:TrackPointExtension>
      <gpxtpx:atemp>20</gpxtpx:atemp>
     </gpxtpx:TrackPointExtension>
    </extensions>
   </trkpt>
   <trkpt lat="47.1764010" lon="3.0125600">
    <ele>165.8</ele>
    <time>2024-08-18T14:22:21Z</time>
    <extensions>
     <gpxtpx:TrackPointExtension>
      <gpxtpx:atemp>20</gpxtpx:atemp>
     </gpxtpx:TrackPointExtension>
    </extensions>
   </trkpt>
   <trkpt lat="47.1764040" lon="3.0125440">
    <ele>165.8</ele>
    <time>2024-08-18T14:22:33Z</time>
    <extensions>
     <gpxtpx:TrackPointExtension>
      <gpxtpx:atemp>20</gpxtpx:atemp>
     </gpxtpx:TrackPointExtension>
    </extensions>
   </trkpt>
   <trkpt lat="47.1764040" lon="3.0125360">
    <ele>166.2</ele>
    <time>2024-08-18T14:22:43Z</time>
    <extensions>
     <gpxtpx:TrackPointExtension>
      <gpxtpx:atemp>20</gpxtpx:atemp>
     </gpxtpx:TrackPointExtension>
    </extensions>
   </trkpt>
   <trkpt lat="47.1764010" lon="3.0125320">
    <ele>166.0</ele>
    <time>2024-08-18T14:22:52Z</time>
    <extensions>
     <gpxtpx:TrackPointExtension>
      <gpxtpx:atemp>20</gpxtpx:atemp>
     </gpxtpx:TrackPointExtension>
    </extensions>
   </trkpt>
   <trkpt lat="47.1763990" lon="3.0125320">
    <ele>166.0</ele>
    <time>2024-08-18T14:23:02Z</time>
    <extensions>
     <gpxtpx:TrackPointExtension>
      <gpxtpx:atemp>20</gpxtpx:atemp>
     </gpxtpx:TrackPointExtension>
    </extensions>
   </trkpt>
   <trkpt lat="47.1763970" lon="3.0125310">
    <ele>166.4</ele>
    <time>2024-08-18T14:23:12Z</time>
    <extensions>
     <gpxtpx:TrackPointExtension>
      <gpxtpx:atemp>20</gpxtpx:atemp>
     </gpxtpx:TrackPointExtension>
    </extensions>
   </trkpt>
   <trkpt lat="47.1763840" lon="3.0125210">
    <ele>166.4</ele>
    <time>2024-08-18T14:23:15Z</time>
    <extensions>
     <gpxtpx:TrackPointExtension>
      <gpxtpx:atemp>20</gpxtpx:atemp>
     </gpxtpx:TrackPointExtension>
    </extensions>
   </trkpt>
   <trkpt lat="47.1763580" lon="3.0124700">
    <ele>166.2</ele>
    <time>2024-08-18T14:23:17Z</time>
    <extensions>
     <gpxtpx:TrackPointExtension>
      <gpxtpx:atemp>20</gpxtpx:atemp>
     </gpxtpx:TrackPointExtension>
    </extensions>
   </trkpt>
   <trkpt lat="47.1762830" lon="3.0122970">
    <ele>165.8</ele>
    <time>2024-08-18T14:23:20Z</time>
    <extensions>
     <gpxtpx:TrackPointExtension>
      <gpxtpx:atemp>20</gpxtpx:atemp>
     </gpxtpx:TrackPointExtension>
    </extensions>
   </trkpt>
   <trkpt lat="47.1761580" lon="3.0119500">
    <ele>164.8</ele>
    <time>2024-08-18T14:23:24Z</time>
    <extensions>
     <gpxtpx:TrackPointExtension>
      <gpxtpx:atemp>20</gpxtpx:atemp>
     </gpxtpx:TrackPointExtension>
    </extensions>
   </trkpt>
   <trkpt lat="47.1761280" lon="3.0118520">
    <ele>164.6</ele>
    <time>2024-08-18T14:23:25Z</time>
    <extensions>
     <gpxtpx:TrackPointExtension>
      <gpxtpx:atemp>20</gpxtpx:atemp>
     </gpxtpx:TrackPointExtension>
    </extensions>
   </trkpt>
   <trkpt lat="47.1759560" lon="3.0113440">
    <ele>163.8</ele>
    <time>2024-08-18T14:23:30Z</time>
    <extensions>
     <gpxtpx:TrackPointExtension>
      <gpxtpx:atemp>20</gpxtpx:atemp>
     </gpxtpx:TrackPointExtension>
    </extensions>
   </trkpt>
   <trkpt lat="47.1757550" lon="3.0107800">
    <ele>164.8</ele>
    <time>2024-08-18T14:23:36Z</time>
    <extensions>
     <gpxtpx:TrackPointExtension>
      <gpxtpx:atemp>20</gpxtpx:atemp>
     </gpxtpx:TrackPointExtension>
    </extensions>
   </trkpt>
   <trkpt lat="47.1757240" lon="3.0107030">
    <ele>165.0</ele>
    <time>2024-08-18T14:23:37Z</time>
    <extensions>
     <gpxtpx:TrackPointExtension>
      <gpxtpx:atemp>20</gpxtpx:atemp>
     </gpxtpx:TrackPointExtension>
    </extensions>
   </trkpt>
   <trkpt lat="47.1755980" lon="3.0104690">
    <ele>166.2</ele>
    <time>2024-08-18T14:23:41Z</time>
    <extensions>
     <gpxtpx:TrackPointExtension>
      <gpxtpx:atemp>20</gpxtpx:atemp>
     </gpxtpx:TrackPointExtension>
    </extensions>
   </trkpt>
   <trkpt lat="47.1755740" lon="3.0104140">
    <ele>166.2</ele>
    <time>2024-08-18T14:23:42Z</time>
    <extensions>
     <gpxtpx:TrackPointExtension>
      <gpxtpx:atemp>20</gpxtpx:atemp>
     </gpxtpx:TrackPointExtension>
    </extensions>
   </trkpt>
   <trkpt lat="47.1754500" lon="3.0101080">
    <ele>166.8</ele>
    <time>2024-08-18T14:23:48Z</time>
    <extensions>
     <gpxtpx:TrackPointExtension>
      <gpxtpx:atemp>20</gpxtpx:atemp>
     </gpxtpx:TrackPointExtension>
    </extensions>
   </trkpt>
   <trkpt lat="47.1753330" lon="3.0098200">
    <ele>167.2</ele>
    <time>2024-08-18T14:23:54Z</time>
    <extensions>
     <gpxtpx:TrackPointExtension>
      <gpxtpx:atemp>20</gpxtpx:atemp>
     </gpxtpx:TrackPointExtension>
    </extensions>
   </trkpt>
   <trkpt lat="47.1753150" lon="3.0097710">
    <ele>167.4</ele>
    <time>2024-08-18T14:23:55Z</time>
    <extensions>
     <gpxtpx:TrackPointExtension>
      <gpxtpx:atemp>20</gpxtpx:atemp>
     </gpxtpx:TrackPointExtension>
    </extensions>
   </trkpt>
   <trkpt lat="47.1750910" lon="3.0091950">
    <ele>167.2</ele>
    <time>2024-08-18T14:24:06Z</time>
    <extensions>
     <gpxtpx:TrackPointExtension>
      <gpxtpx:atemp>20</gpxtpx:atemp>
     </gpxtpx:TrackPointExtension>
    </extensions>
   </trkpt>
   <trkpt lat="47.1748500" lon="3.0085870">
    <ele>166.6</ele>
    <time>2024-08-18T14:24:16Z</time>
    <extensions>
     <gpxtpx:TrackPointExtension>
      <gpxtpx:atemp>20</gpxtpx:atemp>
     </gpxtpx:TrackPointExtension>
    </extensions>
   </trkpt>
   <trkpt lat="47.1747970" lon="3.0084640">
    <ele>166.2</ele>
    <time>2024-08-18T14:24:18Z</time>
    <extensions>
     <gpxtpx:TrackPointExtension>
      <gpxtpx:atemp>20</gpxtpx:atemp>
     </gpxtpx:TrackPointExtension>
    </extensions>
   </trkpt>
   <trkpt lat="47.1747630" lon="3.0083270">
    <ele>166.0</ele>
    <time>2024-08-18T14:24:21Z</time>
    <extensions>
     <gpxtpx:TrackPointExtension>
      <gpxtpx:atemp>20</gpxtpx:atemp>
     </gpxtpx:TrackPointExtension>
    </extensions>
   </trkpt>
   <trkpt lat="47.1748290" lon="3.0082580">
    <ele>165.8</ele>
    <time>2024-08-18T14:24:24Z</time>
    <extensions>
     <gpxtpx:TrackPointExtension>
      <gpxtpx:atemp>20</gpxtpx:atemp>
     </gpxtpx:TrackPointExtension>
    </extensions>
   </trkpt>
   <trkpt lat="47.1748650" lon="3.0082390">
    <ele>165.6</ele>
    <time>2024-08-18T14:24:25Z</time>
    <extensions>
     <gpxtpx:TrackPointExtension>
      <gpxtpx:atemp>20</gpxtpx:atemp>
     </gpxtpx:TrackPointExtension>
    </extensions>
   </trkpt>
   <trkpt lat="47.1749030" lon="3.0082170">
    <ele>165.6</ele>
    <time>2024-08-18T14:24:26Z</time>
    <extensions>
     <gpxtpx:TrackPointExtension>
      <gpxtpx:atemp>20</gpxtpx:atemp>
     </gpxtpx:TrackPointExtension>
    </extensions>
   </trkpt>
   <trkpt lat="47.1750680" lon="3.0081160">
    <ele>165.4</ele>
    <time>2024-08-18T14:24:30Z</time>
    <extensions>
     <gpxtpx:TrackPointExtension>
      <gpxtpx:atemp>20</gpxtpx:atemp>
     </gpxtpx:TrackPointExtension>
    </extensions>
   </trkpt>
   <trkpt lat="47.1751520" lon="3.0080600">
    <ele>165.2</ele>
    <time>2024-08-18T14:24:32Z</time>
    <extensions>
     <gpxtpx:TrackPointExtension>
      <gpxtpx:atemp>20</gpxtpx:atemp>
     </gpxtpx:TrackPointExtension>
    </extensions>
   </trkpt>
   <trkpt lat="47.1753150" lon="3.0079550">
    <ele>164.8</ele>
    <time>2024-08-18T14:24:36Z</time>
    <extensions>
     <gpxtpx:TrackPointExtension>
      <gpxtpx:atemp>20</gpxtpx:atemp>
     </gpxtpx:TrackPointExtension>
    </extensions>
   </trkpt>
   <trkpt lat="47.1756530" lon="3.0077470">
    <ele>164.4</ele>
    <time>2024-08-18T14:24:44Z</time>
    <extensions>
     <gpxtpx:TrackPointExtension>
      <gpxtpx:atemp>20</gpxtpx:atemp>
     </gpxtpx:TrackPointExtension>
    </extensions>
   </trkpt>
   <trkpt lat="47.1758550" lon="3.0076190">
    <ele>164.2</ele>
    <time>2024-08-18T14:24:49Z</time>
    <extensions>
     <gpxtpx:TrackPointExtension>
      <gpxtpx:atemp>20</gpxtpx:atemp>
     </gpxtpx:TrackPointExtension>
    </extensions>
   </trkpt>
   <trkpt lat="47.1760600" lon="3.0074890">
    <ele>163.6</ele>
    <time>2024-08-18T14:24:54Z</time>
    <extensions>
     <gpxtpx:TrackPointExtension>
      <gpxtpx:atemp>20</gpxtpx:atemp>
     </gpxtpx:TrackPointExtension>
    </extensions>
   </trkpt>
   <trkpt lat="47.1764820" lon="3.0072250">
    <ele>163.6</ele>
    <time>2024-08-18T14:25:04Z</time>
    <extensions>
     <gpxtpx:TrackPointExtension>
      <gpxtpx:atemp>20</gpxtpx:atemp>
     </gpxtpx:TrackPointExtension>
    </extensions>
   </trkpt>
   <trkpt lat="47.1768960" lon="3.0069590">
    <ele>163.6</ele>
    <time>2024-08-18T14:25:14Z</time>
    <extensions>
     <gpxtpx:TrackPointExtension>
      <gpxtpx:atemp>20</gpxtpx:atemp>
     </gpxtpx:TrackPointExtension>
    </extensions>
   </trkpt>
   <trkpt lat="47.1771810" lon="3.0067830">
    <ele>163.4</ele>
    <time>2024-08-18T14:25:21Z</time>
    <extensions>
     <gpxtpx:TrackPointExtension>
      <gpxtpx:atemp>20</gpxtpx:atemp>
     </gpxtpx:TrackPointExtension>
    </extensions>
   </trkpt>
   <trkpt lat="47.1775040" lon="3.0065750">
    <ele>163.8</ele>
    <time>2024-08-18T14:25:29Z</time>
    <extensions>
     <gpxtpx:TrackPointExtension>
      <gpxtpx:atemp>21</gpxtpx:atemp>
     </gpxtpx:TrackPointExtension>
    </extensions>
   </trkpt>
   <trkpt lat="47.1778750" lon="3.0063440">
    <ele>163.8</ele>
    <time>2024-08-18T14:25:38Z</time>
    <extensions>
     <gpxtpx:TrackPointExtension>
      <gpxtpx:atemp>21</gpxtpx:atemp>
     </gpxtpx:TrackPointExtension>
    </extensions>
   </trkpt>
   <trkpt lat="47.1781700" lon="3.0061580">
    <ele>163.6</ele>
    <time>2024-08-18T14:25:45Z</time>
    <extensions>
     <gpxtpx:TrackPointExtension>
      <gpxtpx:atemp>21</gpxtpx:atemp>
     </gpxtpx:TrackPointExtension>
    </extensions>
   </trkpt>
   <trkpt lat="47.1784070" lon="3.0060030">
    <ele>163.8</ele>
    <time>2024-08-18T14:25:51Z</time>
    <extensions>
     <gpxtpx:TrackPointExtension>
      <gpxtpx:atemp>21</gpxtpx:atemp>
     </gpxtpx:TrackPointExtension>
    </extensions>
   </trkpt>
   <trkpt lat="47.1787780" lon="3.0057600">
    <ele>163.8</ele>
    <time>2024-08-18T14:26:01Z</time>
    <extensions>
     <gpxtpx:TrackPointExtension>
      <gpxtpx:atemp>21</gpxtpx:atemp>
     </gpxtpx:TrackPointExtension>
    </extensions>
   </trkpt>
   <trkpt lat="47.1792040" lon="3.0054880">
    <ele>163.4</ele>
    <time>2024-08-18T14:26:12Z</time>
    <extensions>
     <gpxtpx:TrackPointExtension>
      <gpxtpx:atemp>21</gpxtpx:atemp>
     </gpxtpx:TrackPointExtension>
    </extensions>
   </trkpt>
   <trkpt lat="47.1795360" lon="3.0052680">
    <ele>163.6</ele>
    <time>2024-08-18T14:26:20Z</time>
    <extensions>
     <gpxtpx:TrackPointExtension>
      <gpxtpx:atemp>21</gpxtpx:atemp>
     </gpxtpx:TrackPointExtension>
    </extensions>
   </trkpt>
   <trkpt lat="47.1799990" lon="3.0049730">
    <ele>163.4</ele>
    <time>2024-08-18T14:26:31Z</time>
    <extensions>
     <gpxtpx:TrackPointExtension>
      <gpxtpx:atemp>21</gpxtpx:atemp>
     </gpxtpx:TrackPointExtension>
    </extensions>
   </trkpt>
   <trkpt lat="47.1804530" lon="3.0046780">
    <ele>163.4</ele>
    <time>2024-08-18T14:26:42Z</time>
    <extensions>
     <gpxtpx:TrackPointExtension>
      <gpxtpx:atemp>21</gpxtpx:atemp>
     </gpxtpx:TrackPointExtension>
    </extensions>
   </trkpt>
   <trkpt lat="47.1807460" lon="3.0044920">
    <ele>163.6</ele>
    <time>2024-08-18T14:26:49Z</time>
    <extensions>
     <gpxtpx:TrackPointExtension>
      <gpxtpx:atemp>21</gpxtpx:atemp>
     </gpxtpx:TrackPointExtension>
    </extensions>
   </trkpt>
   <trkpt lat="47.1810690" lon="3.0042860">
    <ele>163.8</ele>
    <time>2024-08-18T14:26:57Z</time>
    <extensions>
     <gpxtpx:TrackPointExtension>
      <gpxtpx:atemp>21</gpxtpx:atemp>
     </gpxtpx:TrackPointExtension>
    </extensions>
   </trkpt>
   <trkpt lat="47.1813800" lon="3.0040920">
    <ele>163.2</ele>
    <time>2024-08-18T14:27:05Z</time>
    <extensions>
     <gpxtpx:TrackPointExtension>
      <gpxtpx:atemp>21</gpxtpx:atemp>
     </gpxtpx:TrackPointExtension>
    </extensions>
   </trkpt>
   <trkpt lat="47.1814970" lon="3.0040120">
    <ele>163.0</ele>
    <time>2024-08-18T14:27:08Z</time>
    <extensions>
     <gpxtpx:TrackPointExtension>
      <gpxtpx:atemp>21</gpxtpx:atemp>
     </gpxtpx:TrackPointExtension>
    </extensions>
   </trkpt>
   <trkpt lat="47.1819260" lon="3.0037320">
    <ele>163.4</ele>
    <time>2024-08-18T14:27:19Z</time>
    <extensions>
     <gpxtpx:TrackPointExtension>
      <gpxtpx:atemp>21</gpxtpx:atemp>
     </gpxtpx:TrackPointExtension>
    </extensions>
   </trkpt>
   <trkpt lat="47.1823660" lon="3.0034430">
    <ele>163.6</ele>
    <time>2024-08-18T14:27:30Z</time>
    <extensions>
     <gpxtpx:TrackPointExtension>
      <gpxtpx:atemp>21</gpxtpx:atemp>
     </gpxtpx:TrackPointExtension>
    </extensions>
   </trkpt>
   <trkpt lat="47.1827760" lon="3.0031700">
    <ele>163.6</ele>
    <time>2024-08-18T14:27:40Z</time>
    <extensions>
     <gpxtpx:TrackPointExtension>
      <gpxtpx:atemp>21</gpxtpx:atemp>
     </gpxtpx:TrackPointExtension>
    </extensions>
   </trkpt>
   <trkpt lat="47.1828580" lon="3.0031140">
    <ele>163.4</ele>
    <time>2024-08-18T14:27:42Z</time>
    <extensions>
     <gpxtpx:TrackPointExtension>
      <gpxtpx:atemp>21</gpxtpx:atemp>
     </gpxtpx:TrackPointExtension>
    </extensions>
   </trkpt>
   <trkpt lat="47.1830630" lon="3.0029820">
    <ele>163.4</ele>
    <time>2024-08-18T14:27:47Z</time>
    <extensions>
     <gpxtpx:TrackPointExtension>
      <gpxtpx:atemp>22</gpxtpx:atemp>
     </gpxtpx:TrackPointExtension>
    </extensions>
   </trkpt>
   <trkpt lat="47.1833380" lon="3.0028040">
    <ele>163.4</ele>
    <time>2024-08-18T14:27:54Z</time>
    <extensions>
     <gpxtpx:TrackPointExtension>
      <gpxtpx:atemp>22</gpxtpx:atemp>
     </gpxtpx:TrackPointExtension>
    </extensions>
   </trkpt>
   <trkpt lat="47.1837390" lon="3.0025570">
    <ele>163.6</ele>
    <time>2024-08-18T14:28:04Z</time>
    <extensions>
     <gpxtpx:TrackPointExtension>
      <gpxtpx:atemp>22</gpxtpx:atemp>
     </gpxtpx:TrackPointExtension>
    </extensions>
   </trkpt>
   <trkpt lat="47.1841000" lon="3.0023310">
    <ele>163.2</ele>
    <time>2024-08-18T14:28:13Z</time>
    <extensions>
     <gpxtpx:TrackPointExtension>
      <gpxtpx:atemp>22</gpxtpx:atemp>
     </gpxtpx:TrackPointExtension>
    </extensions>
   </trkpt>
   <trkpt lat="47.1844260" lon="3.0021240">
    <ele>163.0</ele>
    <time>2024-08-18T14:28:21Z</time>
    <extensions>
     <gpxtpx:TrackPointExtension>
      <gpxtpx:atemp>22</gpxtpx:atemp>
     </gpxtpx:TrackPointExtension>
    </extensions>
   </trkpt>
   <trkpt lat="47.1848260" lon="3.0018670">
    <ele>163.0</ele>
    <time>2024-08-18T14:28:31Z</time>
    <extensions>
     <gpxtpx:TrackPointExtension>
      <gpxtpx:atemp>22</gpxtpx:atemp>
     </gpxtpx:TrackPointExtension>
    </extensions>
   </trkpt>
   <trkpt lat="47.1851930" lon="3.0016420">
    <ele>163.0</ele>
    <time>2024-08-18T14:28:40Z</time>
    <extensions>
     <gpxtpx:TrackPointExtension>
      <gpxtpx:atemp>22</gpxtpx:atemp>
     </gpxtpx:TrackPointExtension>
    </extensions>
   </trkpt>
   <trkpt lat="47.1855230" lon="3.0014330">
    <ele>162.6</ele>
    <time>2024-08-18T14:28:48Z</time>
    <extensions>
     <gpxtpx:TrackPointExtension>
      <gpxtpx:atemp>22</gpxtpx:atemp>
     </gpxtpx:TrackPointExtension>
    </extensions>
   </trkpt>
   <trkpt lat="47.1858190" lon="3.0012340">
    <ele>162.8</ele>
    <time>2024-08-18T14:28:55Z</time>
    <extensions>
     <gpxtpx:TrackPointExtension>
      <gpxtpx:atemp>22</gpxtpx:atemp>
     </gpxtpx:TrackPointExtension>
    </extensions>
   </trkpt>
   <trkpt lat="47.1859420" lon="3.0011570">
    <ele>162.8</ele>
    <time>2024-08-18T14:28:58Z</time>
    <extensions>
     <gpxtpx:TrackPointExtension>
      <gpxtpx:atemp>22</gpxtpx:atemp>
     </gpxtpx:TrackPointExtension>
    </extensions>
   </trkpt>
   <trkpt lat="47.1861090" lon="3.0010400">
    <ele>163.0</ele>
    <time>2024-08-18T14:29:02Z</time>
    <extensions>
     <gpxtpx:TrackPointExtension>
      <gpxtpx:atemp>22</gpxtpx:atemp>
     </gpxtpx:TrackPointExtension>
    </extensions>
   </trkpt>
   <trkpt lat="47.1861510" lon="3.0010070">
    <ele>163.0</ele>
    <time>2024-08-18T14:29:03Z</time>
    <extensions>
     <gpxtpx:TrackPointExtension>
      <gpxtpx:atemp>22</gpxtpx:atemp>
     </gpxtpx:TrackPointExtension>
    </extensions>
   </trkpt>
   <trkpt lat="47.1862270" lon="3.0009350">
    <ele>163.0</ele>
    <time>2024-08-18T14:29:05Z</time>
    <extensions>
     <gpxtpx:TrackPointExtension>
      <gpxtpx:atemp>22</gpxtpx:atemp>
     </gpxtpx:TrackPointExtension>
    </extensions>
   </trkpt>
   <trkpt lat="47.1862970" lon="3.0008430">
    <ele>163.0</ele>
    <time>2024-08-18T14:29:07Z</time>
    <extensions>
     <gpxtpx:TrackPointExtension>
      <gpxtpx:atemp>22</gpxtpx:atemp>
     </gpxtpx:TrackPointExtension>
    </extensions>
   </trkpt>
   <trkpt lat="47.1863640" lon="3.0007580">
    <ele>163.0</ele>
    <time>2024-08-18T14:29:09Z</time>
    <extensions>
     <gpxtpx:TrackPointExtension>
      <gpxtpx:atemp>22</gpxtpx:atemp>
     </gpxtpx:TrackPointExtension>
    </extensions>
   </trkpt>
   <trkpt lat="47.1864930" lon="3.0006720">
    <ele>163.0</ele>
    <time>2024-08-18T14:29:12Z</time>
    <extensions>
     <gpxtpx:TrackPointExtension>
      <gpxtpx:atemp>22</gpxtpx:atemp>
     </gpxtpx:TrackPointExtension>
    </extensions>
   </trkpt>
   <trkpt lat="47.1868330" lon="3.0004530">
    <ele>163.0</ele>
    <time>2024-08-18T14:29:20Z</time>
    <extensions>
     <gpxtpx:TrackPointExtension>
      <gpxtpx:atemp>22</gpxtpx:atemp>
     </gpxtpx:TrackPointExtension>
    </extensions>
   </trkpt>
   <trkpt lat="47.1872500" lon="3.0001880">
    <ele>162.6</ele>
    <time>2024-08-18T14:29:30Z</time>
    <extensions>
     <gpxtpx:TrackPointExtension>
      <gpxtpx:atemp>22</gpxtpx:atemp>
     </gpxtpx:TrackPointExtension>
    </extensions>
   </trkpt>
   <trkpt lat="47.1875430" lon="2.9999870">
    <ele>162.8</ele>
    <time>2024-08-18T14:29:37Z</time>
    <extensions>
     <gpxtpx:TrackPointExtension>
      <gpxtpx:atemp>22</gpxtpx:atemp>
     </gpxtpx:TrackPointExtension>
    </extensions>
   </trkpt>
   <trkpt lat="47.1875840" lon="2.9999610">
    <ele>162.8</ele>
    <time>2024-08-18T14:29:38Z</time>
    <extensions>
     <gpxtpx:TrackPointExtension>
      <gpxtpx:atemp>22</gpxtpx:atemp>
     </gpxtpx:TrackPointExtension>
    </extensions>
   </trkpt>
   <trkpt lat="47.1878660" lon="2.9997740">
    <ele>162.6</ele>
    <time>2024-08-18T14:29:45Z</time>
    <extensions>
     <gpxtpx:TrackPointExtension>
      <gpxtpx:atemp>22</gpxtpx:atemp>
     </gpxtpx:TrackPointExtension>
    </extensions>
   </trkpt>
   <trkpt lat="47.1881550" lon="2.9995830">
    <ele>162.8</ele>
    <time>2024-08-18T14:29:52Z</time>
    <extensions>
     <gpxtpx:TrackPointExtension>
      <gpxtpx:atemp>22</gpxtpx:atemp>
     </gpxtpx:TrackPointExtension>
    </extensions>
   </trkpt>
   <trkpt lat="47.1885240" lon="2.9993050">
    <ele>163.0</ele>
    <time>2024-08-18T14:30:01Z</time>
    <extensions>
     <gpxtpx:TrackPointExtension>
      <gpxtpx:atemp>22</gpxtpx:atemp>
     </gpxtpx:TrackPointExtension>
    </extensions>
   </trkpt>
   <trkpt lat="47.1887070" lon="2.9990980">
    <ele>162.8</ele>
    <time>2024-08-18T14:30:06Z</time>
    <extensions>
     <gpxtpx:TrackPointExtension>
      <gpxtpx:atemp>22</gpxtpx:atemp>
     </gpxtpx:TrackPointExtension>
    </extensions>
   </trkpt>
   <trkpt lat="47.1887650" lon="2.9990060">
    <ele>162.4</ele>
    <time>2024-08-18T14:30:08Z</time>
    <extensions>
     <gpxtpx:TrackPointExtension>
      <gpxtpx:atemp>22</gpxtpx:atemp>
     </gpxtpx:TrackPointExtension>
    </extensions>
   </trkpt>
   <trkpt lat="47.1887890" lon="2.9989680">
    <ele>162.2</ele>
    <time>2024-08-18T14:30:09Z</time>
    <extensions>
     <gpxtpx:TrackPointExtension>
      <gpxtpx:atemp>22</gpxtpx:atemp>
     </gpxtpx:TrackPointExtension>
    </extensions>
   </trkpt>
   <trkpt lat="47.1888630" lon="2.9989100">
    <ele>162.0</ele>
    <time>2024-08-18T14:30:12Z</time>
    <extensions>
     <gpxtpx:TrackPointExtension>
      <gpxtpx:atemp>22</gpxtpx:atemp>
     </gpxtpx:TrackPointExtension>
    </extensions>
   </trkpt>
   <trkpt lat="47.1889380" lon="2.9989680">
    <ele>162.2</ele>
    <time>2024-08-18T14:30:16Z</time>
    <extensions>
     <gpxtpx:TrackPointExtension>
      <gpxtpx:atemp>22</gpxtpx:atemp>
     </gpxtpx:TrackPointExtension>
    </extensions>
   </trkpt>
   <trkpt lat="47.1889530" lon="2.9989860">
    <ele>162.2</ele>
    <time>2024-08-18T14:30:17Z</time>
    <extensions>
     <gpxtpx:TrackPointExtension>
      <gpxtpx:atemp>22</gpxtpx:atemp>
     </gpxtpx:TrackPointExtension>
    </extensions>
   </trkpt>
   <trkpt lat="47.1890350" lon="2.9990890">
    <ele>162.4</ele>
    <time>2024-08-18T14:30:22Z</time>
    <extensions>
     <gpxtpx:TrackPointExtension>
      <gpxtpx:atemp>22</gpxtpx:atemp>
     </gpxtpx:TrackPointExtension>
    </extensions>
   </trkpt>
   <trkpt lat="47.1891400" lon="2.9990570">
    <ele>162.8</ele>
    <time>2024-08-18T14:30:26Z</time>
    <extensions>
     <gpxtpx:TrackPointExtension>
      <gpxtpx:atemp>22</gpxtpx:atemp>
     </gpxtpx:TrackPointExtension>
    </extensions>
   </trkpt>
   <trkpt lat="47.1893460" lon="2.9989080">
    <ele>162.6</ele>
    <time>2024-08-18T14:30:32Z</time>
    <extensions>
     <gpxtpx:TrackPointExtension>
      <gpxtpx:atemp>22</gpxtpx:atemp>
     </gpxtpx:TrackPointExtension>
    </extensions>
   </trkpt>
   <trkpt lat="47.1895870" lon="2.9986370">
    <ele>162.2</ele>
    <time>2024-08-18T14:30:38Z</time>
    <extensions>
     <gpxtpx:TrackPointExtension>
      <gpxtpx:atemp>22</gpxtpx:atemp>
     </gpxtpx:TrackPointExtension>
    </extensions>
   </trkpt>
   <trkpt lat="47.1898880" lon="2.9982340">
    <ele>161.8</ele>
    <time>2024-08-18T14:30:46Z</time>
    <extensions>
     <gpxtpx:TrackPointExtension>
      <gpxtpx:atemp>22</gpxtpx:atemp>
     </gpxtpx:TrackPointExtension>
    </extensions>
   </trkpt>
   <trkpt lat="47.1902080" lon="2.9977970">
    <ele>162.2</ele>
    <time>2024-08-18T14:30:55Z</time>
    <extensions>
     <gpxtpx:TrackPointExtension>
      <gpxtpx:atemp>22</gpxtpx:atemp>
     </gpxtpx:TrackPointExtension>
    </extensions>
   </trkpt>
   <trkpt lat="47.1904780" lon="2.9974370">
    <ele>162.0</ele>
    <time>2024-08-18T14:31:03Z</time>
    <extensions>
     <gpxtpx:TrackPointExtension>
      <gpxtpx:atemp>22</gpxtpx:atemp>
     </gpxtpx:TrackPointExtension>
    </extensions>
   </trkpt>
   <trkpt lat="47.1907460" lon="2.9970960">
    <ele>161.8</ele>
    <time>2024-08-18T14:31:11Z</time>
    <extensions>
     <gpxtpx:TrackPointExtension>
      <gpxtpx:atemp>22</gpxtpx:atemp>
     </gpxtpx:TrackPointExtension>
    </extensions>
   </trkpt>
   <trkpt lat="47.1907840" lon="2.9970600">
    <ele>161.8</ele>
    <time>2024-08-18T14:31:12Z</time>
    <extensions>
     <gpxtpx:TrackPointExtension>
      <gpxtpx:atemp>22</gpxtpx:atemp>
     </gpxtpx:TrackPointExtension>
    </extensions>
   </trkpt>
   <trkpt lat="47.1911130" lon="2.9968290">
    <ele>161.6</ele>
    <time>2024-08-18T14:31:20Z</time>
    <extensions>
     <gpxtpx:TrackPointExtension>
      <gpxtpx:atemp>22</gpxtpx:atemp>
     </gpxtpx:TrackPointExtension>
    </extensions>
   </trkpt>
   <trkpt lat="47.1914570" lon="2.9966260">
    <ele>161.8</ele>
    <time>2024-08-18T14:31:28Z</time>
    <extensions>
     <gpxtpx:TrackPointExtension>
      <gpxtpx:atemp>22</gpxtpx:atemp>
     </gpxtpx:TrackPointExtension>
    </extensions>
   </trkpt>
   <trkpt lat="47.1917530" lon="2.9964490">
    <ele>161.8</ele>
    <time>2024-08-18T14:31:35Z</time>
    <extensions>
     <gpxtpx:TrackPointExtension>
      <gpxtpx:atemp>22</gpxtpx:atemp>
     </gpxtpx:TrackPointExtension>
    </extensions>
   </trkpt>
   <trkpt lat="47.1919900" lon="2.9963050">
    <ele>161.8</ele>
    <time>2024-08-18T14:31:41Z</time>
    <extensions>
     <gpxtpx:TrackPointExtension>
      <gpxtpx:atemp>22</gpxtpx:atemp>
     </gpxtpx:TrackPointExtension>
    </extensions>
   </trkpt>
   <trkpt lat="47.1922900" lon="2.9961650">
    <ele>161.8</ele>
    <time>2024-08-18T14:31:48Z</time>
    <extensions>
     <gpxtpx:TrackPointExtension>
      <gpxtpx:atemp>22</gpxtpx:atemp>
     </gpxtpx:TrackPointExtension>
    </extensions>
   </trkpt>
   <trkpt lat="47.1925930" lon="2.9960740">
    <ele>161.8</ele>
    <time>2024-08-18T14:31:55Z</time>
    <extensions>
     <gpxtpx:TrackPointExtension>
      <gpxtpx:atemp>22</gpxtpx:atemp>
     </gpxtpx:TrackPointExtension>
    </extensions>
   </trkpt>
   <trkpt lat="47.1929370" lon="2.9959670">
    <ele>161.6</ele>
    <time>2024-08-18T14:32:03Z</time>
    <extensions>
     <gpxtpx:TrackPointExtension>
      <gpxtpx:atemp>22</gpxtpx:atemp>
     </gpxtpx:TrackPointExtension>
    </extensions>
   </trkpt>
   <trkpt lat="47.1933000" lon="2.9958920">
    <ele>161.4</ele>
    <time>2024-08-18T14:32:11Z</time>
    <extensions>
     <gpxtpx:TrackPointExtension>
      <gpxtpx:atemp>22</gpxtpx:atemp>
     </gpxtpx:TrackPointExtension>
    </extensions>
   </trkpt>
   <trkpt lat="47.1936300" lon="2.9957700">
    <ele>161.0</ele>
    <time>2024-08-18T14:32:18Z</time>
    <extensions>
     <gpxtpx:TrackPointExtension>
      <gpxtpx:atemp>22</gpxtpx:atemp>
     </gpxtpx:TrackPointExtension>
    </extensions>
   </trkpt>
   <trkpt lat="47.1939520" lon="2.9956100">
    <ele>161.0</ele>
    <time>2024-08-18T14:32:25Z</time>
    <extensions>
     <gpxtpx:TrackPointExtension>
      <gpxtpx:atemp>22</gpxtpx:atemp>
     </gpxtpx:TrackPointExtension>
    </extensions>
   </trkpt>
   <trkpt lat="47.1942570" lon="2.9954940">
    <ele>161.6</ele>
    <time>2024-08-18T14:32:32Z</time>
    <extensions>
     <gpxtpx:TrackPointExtension>
      <gpxtpx:atemp>22</gpxtpx:atemp>
     </gpxtpx:TrackPointExtension>
    </extensions>
   </trkpt>
   <trkpt lat="47.1943830" lon="2.9954650">
    <ele>161.6</ele>
    <time>2024-08-18T14:32:35Z</time>
    <extensions>
     <gpxtpx:TrackPointExtension>
      <gpxtpx:atemp>22</gpxtpx:atemp>
     </gpxtpx:TrackPointExtension>
    </extensions>
   </trkpt>
   <trkpt lat="47.1945030" lon="2.9954350">
    <ele>161.4</ele>
    <time>2024-08-18T14:32:38Z</time>
    <extensions>
     <gpxtpx:TrackPointExtension>
      <gpxtpx:atemp>22</gpxtpx:atemp>
     </gpxtpx:TrackPointExtension>
    </extensions>
   </trkpt>
   <trkpt lat="47.1947020" lon="2.9954000">
    <ele>161.4</ele>
    <time>2024-08-18T14:32:43Z</time>
    <extensions>
     <gpxtpx:TrackPointExtension>
      <gpxtpx:atemp>22</gpxtpx:atemp>
     </gpxtpx:TrackPointExtension>
    </extensions>
   </trkpt>
   <trkpt lat="47.1947880" lon="2.9953660">
    <ele>161.4</ele>
    <time>2024-08-18T14:32:45Z</time>
    <extensions>
     <gpxtpx:TrackPointExtension>
      <gpxtpx:atemp>22</gpxtpx:atemp>
     </gpxtpx:TrackPointExtension>
    </extensions>
   </trkpt>
   <trkpt lat="47.1950750" lon="2.9952160">
    <ele>161.2</ele>
    <time>2024-08-18T14:32:52Z</time>
    <extensions>
     <gpxtpx:TrackPointExtension>
      <gpxtpx:atemp>22</gpxtpx:atemp>
     </gpxtpx:TrackPointExtension>
    </extensions>
   </trkpt>
   <trkpt lat="47.1954640" lon="2.9950060">
    <ele>161.4</ele>
    <time>2024-08-18T14:33:02Z</time>
    <extensions>
     <gpxtpx:TrackPointExtension>
      <gpxtpx:atemp>22</gpxtpx:atemp>
     </gpxtpx:TrackPointExtension>
    </extensions>
   </trkpt>
   <trkpt lat="47.1955480" lon="2.9949650">
    <ele>161.6</ele>
    <time>2024-08-18T14:33:04Z</time>
    <extensions>
     <gpxtpx:TrackPointExtension>
      <gpxtpx:atemp>22</gpxtpx:atemp>
     </gpxtpx:TrackPointExtension>
    </extensions>
   </trkpt>
   <trkpt lat="47.1957220" lon="2.9948730">
    <ele>161.6</ele>
    <time>2024-08-18T14:33:08Z</time>
    <extensions>
     <gpxtpx:TrackPointExtension>
      <gpxtpx:atemp>22</gpxtpx:atemp>
     </gpxtpx:TrackPointExtension>
    </extensions>
   </trkpt>
   <trkpt lat="47.1961180" lon="2.9946230">
    <ele>161.4</ele>
    <time>2024-08-18T14:33:17Z</time>
    <extensions>
     <gpxtpx:TrackPointExtension>
      <gpxtpx:atemp>22</gpxtpx:atemp>
     </gpxtpx:TrackPointExtension>
    </extensions>
   </trkpt>
   <trkpt lat="47.1964230" lon="2.9944420">
    <ele>161.2</ele>
    <time>2024-08-18T14:33:24Z</time>
    <extensions>
     <gpxtpx:TrackPointExtension>
      <gpxtpx:atemp>22</gpxtpx:atemp>
     </gpxtpx:TrackPointExtension>
    </extensions>
   </trkpt>
   <trkpt lat="47.1967340" lon="2.9942700">
    <ele>161.2</ele>
    <time>2024-08-18T14:33:31Z</time>
    <extensions>
     <gpxtpx:TrackPointExtension>
      <gpxtpx:atemp>22</gpxtpx:atemp>
     </gpxtpx:TrackPointExtension>
    </extensions>
   </trkpt>
   <trkpt lat="47.1970760" lon="2.9940790">
    <ele>161.4</ele>
    <time>2024-08-18T14:33:39Z</time>
    <extensions>
     <gpxtpx:TrackPointExtension>
      <gpxtpx:atemp>22</gpxtpx:atemp>
     </gpxtpx:TrackPointExtension>
    </extensions>
   </trkpt>
   <trkpt lat="47.1974530" lon="2.9938400">
    <ele>161.0</ele>
    <time>2024-08-18T14:33:48Z</time>
    <extensions>
     <gpxtpx:TrackPointExtension>
      <gpxtpx:atemp>22</gpxtpx:atemp>
     </gpxtpx:TrackPointExtension>
    </extensions>
   </trkpt>
   <trkpt lat="47.1978120" lon="2.9936250">
    <ele>160.8</ele>
    <time>2024-08-18T14:33:56Z</time>
    <extensions>
     <gpxtpx:TrackPointExtension>
      <gpxtpx:atemp>22</gpxtpx:atemp>
     </gpxtpx:TrackPointExtension>
    </extensions>
   </trkpt>
   <trkpt lat="47.1981260" lon="2.9934860">
    <ele>160.6</ele>
    <time>2024-08-18T14:34:03Z</time>
    <extensions>
     <gpxtpx:TrackPointExtension>
      <gpxtpx:atemp>22</gpxtpx:atemp>
     </gpxtpx:TrackPointExtension>
    </extensions>
   </trkpt>
   <trkpt lat="47.1984670" lon="2.9933520">
    <ele>160.8</ele>
    <time>2024-08-18T14:34:11Z</time>
    <extensions>
     <gpxtpx:TrackPointExtension>
      <gpxtpx:atemp>22</gpxtpx:atemp>
     </gpxtpx:TrackPointExtension>
    </extensions>
   </trkpt>
   <trkpt lat="47.1987170" lon="2.9932190">
    <ele>160.8</ele>
    <time>2024-08-18T14:34:17Z</time>
    <extensions>
     <gpxtpx:TrackPointExtension>
      <gpxtpx:atemp>22</gpxtpx:atemp>
     </gpxtpx:TrackPointExtension>
    </extensions>
   </trkpt>
   <trkpt lat="47.1989940" lon="2.9930780">
    <ele>161.2</ele>
    <time>2024-08-18T14:34:24Z</time>
    <extensions>
     <gpxtpx:TrackPointExtension>
      <gpxtpx:atemp>22</gpxtpx:atemp>
     </gpxtpx:TrackPointExtension>
    </extensions>
   </trkpt>
   <trkpt lat="47.1993180" lon="2.9929220">
    <ele>161.4</ele>
    <time>2024-08-18T14:34:32Z</time>
    <extensions>
     <gpxtpx:TrackPointExtension>
      <gpxtpx:atemp>22</gpxtpx:atemp>
     </gpxtpx:TrackPointExtension>
    </extensions>
   </trkpt>
   <trkpt lat="47.1993590" lon="2.9928980">
    <ele>161.4</ele>
    <time>2024-08-18T14:34:33Z</time>
    <extensions>
     <gpxtpx:TrackPointExtension>
      <gpxtpx:atemp>22</gpxtpx:atemp>
     </gpxtpx:TrackPointExtension>
    </extensions>
   </trkpt>
   <trkpt lat="47.1996140" lon="2.9927430">
    <ele>161.0</ele>
    <time>2024-08-18T14:34:39Z</time>
    <extensions>
     <gpxtpx:TrackPointExtension>
      <gpxtpx:atemp>22</gpxtpx:atemp>
     </gpxtpx:TrackPointExtension>
    </extensions>
   </trkpt>
   <trkpt lat="47.1999880" lon="2.9925050">
    <ele>160.8</ele>
    <time>2024-08-18T14:34:48Z</time>
    <extensions>
     <gpxtpx:TrackPointExtension>
      <gpxtpx:atemp>22</gpxtpx:atemp>
     </gpxtpx:TrackPointExtension>
    </extensions>
   </trkpt>
   <trkpt lat="47.2005010" lon="2.9922000">
    <ele>160.8</ele>
    <time>2024-08-18T14:35:00Z</time>
    <extensions>
     <gpxtpx:TrackPointExtension>
      <gpxtpx:atemp>22</gpxtpx:atemp>
     </gpxtpx:TrackPointExtension>
    </extensions>
   </trkpt>
   <trkpt lat="47.2005440" lon="2.9921750">
    <ele>160.8</ele>
    <time>2024-08-18T14:35:01Z</time>
    <extensions>
     <gpxtpx:TrackPointExtension>
      <gpxtpx:atemp>22</gpxtpx:atemp>
     </gpxtpx:TrackPointExtension>
    </extensions>
   </trkpt>
   <trkpt lat="47.2010680" lon="2.9918680">
    <ele>161.0</ele>
    <time>2024-08-18T14:35:13Z</time>
    <extensions>
     <gpxtpx:TrackPointExtension>
      <gpxtpx:atemp>22</gpxtpx:atemp>
     </gpxtpx:TrackPointExtension>
    </extensions>
   </trkpt>
   <trkpt lat="47.2015770" lon="2.9915820">
    <ele>160.8</ele>
    <time>2024-08-18T14:35:25Z</time>
    <extensions>
     <gpxtpx:TrackPointExtension>
      <gpxtpx:atemp>22</gpxtpx:atemp>
     </gpxtpx:TrackPointExtension>
    </extensions>
   </trkpt>
   <trkpt lat="47.2020410" lon="2.9913040">
    <ele>160.8</ele>
    <time>2024-08-18T14:35:36Z</time>
    <extensions>
     <gpxtpx:TrackPointExtension>
      <gpxtpx:atemp>22</gpxtpx:atemp>
     </gpxtpx:TrackPointExtension>
    </extensions>
   </trkpt>
   <trkpt lat="47.2023840" lon="2.9911210">
    <ele>160.8</ele>
    <time>2024-08-18T14:35:44Z</time>
    <extensions>
     <gpxtpx:TrackPointExtension>
      <gpxtpx:atemp>22</gpxtpx:atemp>
     </gpxtpx:TrackPointExtension>
    </extensions>
   </trkpt>
   <trkpt lat="47.2027280" lon="2.9909300">
    <ele>160.8</ele>
    <time>2024-08-18T14:35:52Z</time>
    <extensions>
     <gpxtpx:TrackPointExtension>
      <gpxtpx:atemp>22</gpxtpx:atemp>
     </gpxtpx:TrackPointExtension>
    </extensions>
   </trkpt>
   <trkpt lat="47.2030620" lon="2.9907280">
    <ele>161.0</ele>
    <time>2024-08-18T14:36:00Z</time>
    <extensions>
     <gpxtpx:TrackPointExtension>
      <gpxtpx:atemp>22</gpxtpx:atemp>
     </gpxtpx:TrackPointExtension>
    </extensions>
   </trkpt>
   <trkpt lat="47.2035690" lon="2.9904520">
    <ele>160.8</ele>
    <time>2024-08-18T14:36:12Z</time>
    <extensions>
     <gpxtpx:TrackPointExtension>
      <gpxtpx:atemp>22</gpxtpx:atemp>
     </gpxtpx:TrackPointExtension>
    </extensions>
   </trkpt>
   <trkpt lat="47.2039120" lon="2.9902960">
    <ele>161.0</ele>
    <time>2024-08-18T14:36:20Z</time>
    <extensions>
     <gpxtpx:TrackPointExtension>
      <gpxtpx:atemp>22</gpxtpx:atemp>
     </gpxtpx:TrackPointExtension>
    </extensions>
   </trkpt>
   <trkpt lat="47.2043190" lon="2.9901500">
    <ele>160.8</ele>
    <time>2024-08-18T14:36:29Z</time>
    <extensions>
     <gpxtpx:TrackPointExtension>
      <gpxtpx:atemp>22</gpxtpx:atemp>
     </gpxtpx:TrackPointExtension>
    </extensions>
   </trkpt>
   <trkpt lat="47.2046430" lon="2.9900620">
    <ele>161.2</ele>
    <time>2024-08-18T14:36:36Z</time>
    <extensions>
     <gpxtpx:TrackPointExtension>
      <gpxtpx:atemp>21</gpxtpx:atemp>
     </gpxtpx:TrackPointExtension>
    </extensions>
   </trkpt>
   <trkpt lat="47.2050030" lon="2.9898650">
    <ele>161.0</ele>
    <time>2024-08-18T14:36:44Z</time>
    <extensions>
     <gpxtpx:TrackPointExtension>
      <gpxtpx:atemp>21</gpxtpx:atemp>
     </gpxtpx:TrackPointExtension>
    </extensions>
   </trkpt>
   <trkpt lat="47.2050450" lon="2.9898340">
    <ele>161.0</ele>
    <time>2024-08-18T14:36:45Z</time>
    <extensions>
     <gpxtpx:TrackPointExtension>
      <gpxtpx:atemp>21</gpxtpx:atemp>
     </gpxtpx:TrackPointExtension>
    </extensions>
   </trkpt>
   <trkpt lat="47.2052480" lon="2.9896590">
    <ele>160.8</ele>
    <time>2024-08-18T14:36:50Z</time>
    <extensions>
     <gpxtpx:TrackPointExtension>
      <gpxtpx:atemp>21</gpxtpx:atemp>
     </gpxtpx:TrackPointExtension>
    </extensions>
   </trkpt>
   <trkpt lat="47.2055260" lon="2.9894230">
    <ele>160.8</ele>
    <time>2024-08-18T14:36:57Z</time>
    <extensions>
     <gpxtpx:TrackPointExtension>
      <gpxtpx:atemp>21</gpxtpx:atemp>
     </gpxtpx:TrackPointExtension>
    </extensions>
   </trkpt>
   <trkpt lat="47.2057670" lon="2.9892180">
    <ele>160.8</ele>
    <time>2024-08-18T14:37:03Z</time>
    <extensions>
     <gpxtpx:TrackPointExtension>
      <gpxtpx:atemp>21</gpxtpx:atemp>
     </gpxtpx:TrackPointExtension>
    </extensions>
   </trkpt>
   <trkpt lat="47.2060440" lon="2.9889730">
    <ele>160.6</ele>
    <time>2024-08-18T14:37:10Z</time>
    <extensions>
     <gpxtpx:TrackPointExtension>
      <gpxtpx:atemp>21</gpxtpx:atemp>
     </gpxtpx:TrackPointExtension>
    </extensions>
   </trkpt>
   <trkpt lat="47.2063150" lon="2.9887060">
    <ele>160.6</ele>
    <time>2024-08-18T14:37:17Z</time>
    <extensions>
     <gpxtpx:TrackPointExtension>
      <gpxtpx:atemp>21</gpxtpx:atemp>
     </gpxtpx:TrackPointExtension>
    </extensions>
   </trkpt>
   <trkpt lat="47.2065450" lon="2.9884730">
    <ele>161.0</ele>
    <time>2024-08-18T14:37:23Z</time>
    <extensions>
     <gpxtpx:TrackPointExtension>
      <gpxtpx:atemp>21</gpxtpx:atemp>
     </gpxtpx:TrackPointExtension>
    </extensions>
   </trkpt>
   <trkpt lat="47.2068210" lon="2.9881160">
    <ele>160.8</ele>
    <time>2024-08-18T14:37:31Z</time>
    <extensions>
     <gpxtpx:TrackPointExtension>
      <gpxtpx:atemp>21</gpxtpx:atemp>
     </gpxtpx:TrackPointExtension>
    </extensions>
   </trkpt>
   <trkpt lat="47.2069240" lon="2.9879710">
    <ele>161.0</ele>
    <time>2024-08-18T14:37:34Z</time>
    <extensions>
     <gpxtpx:TrackPointExtension>
      <gpxtpx:atemp>21</gpxtpx:atemp>
     </gpxtpx:TrackPointExtension>
    </extensions>
   </trkpt>
   <trkpt lat="47.2070970" lon="2.9877240">
    <ele>161.0</ele>
    <time>2024-08-18T14:37:39Z</time>
    <extensions>
     <gpxtpx:TrackPointExtension>
      <gpxtpx:atemp>21</gpxtpx:atemp>
     </gpxtpx:TrackPointExtension>
    </extensions>
   </trkpt>
   <trkpt lat="47.2073080" lon="2.9874170">
    <ele>160.8</ele>
    <time>2024-08-18T14:37:45Z</time>
    <extensions>
     <gpxtpx:TrackPointExtension>
      <gpxtpx:atemp>21</gpxtpx:atemp>
     </gpxtpx:TrackPointExtension>
    </extensions>
   </trkpt>
   <trkpt lat="47.2075360" lon="2.9871380">
    <ele>160.6</ele>
    <time>2024-08-18T14:37:51Z</time>
    <extensions>
     <gpxtpx:TrackPointExtension>
      <gpxtpx:atemp>21</gpxtpx:atemp>
     </gpxtpx:TrackPointExtension>
    </extensions>
   </trkpt>
   <trkpt lat="47.2078760" lon="2.9867480">
    <ele>160.8</ele>
    <time>2024-08-18T14:38:00Z</time>
    <extensions>
     <gpxtpx:TrackPointExtension>
      <gpxtpx:atemp>21</gpxtpx:atemp>
     </gpxtpx:TrackPointExtension>
    </extensions>
   </trkpt>
   <trkpt lat="47.2082920" lon="2.9863300">
    <ele>160.6</ele>
    <time>2024-08-18T14:38:11Z</time>
    <extensions>
     <gpxtpx:TrackPointExtension>
      <gpxtpx:atemp>21</gpxtpx:atemp>
     </gpxtpx:TrackPointExtension>
    </extensions>
   </trkpt>
   <trkpt lat="47.2086440" lon="2.9860310">
    <ele>160.6</ele>
    <time>2024-08-18T14:38:20Z</time>
    <extensions>
     <gpxtpx:TrackPointExtension>
      <gpxtpx:atemp>21</gpxtpx:atemp>
     </gpxtpx:TrackPointExtension>
    </extensions>
   </trkpt>
   <trkpt lat="47.2089960" lon="2.9857110">
    <ele>160.6</ele>
    <time>2024-08-18T14:38:29Z</time>
    <extensions>
     <gpxtpx:TrackPointExtension>
      <gpxtpx:atemp>21</gpxtpx:atemp>
     </gpxtpx:TrackPointExtension>
    </extensions>
   </trkpt>
   <trkpt lat="47.2093130" lon="2.9854180">
    <ele>160.4</ele>
    <time>2024-08-18T14:38:37Z</time>
    <extensions>
     <gpxtpx:TrackPointExtension>
      <gpxtpx:atemp>21</gpxtpx:atemp>
     </gpxtpx:TrackPointExtension>
    </extensions>
   </trkpt>
   <trkpt lat="47.2095500" lon="2.9851810">
    <ele>160.4</ele>
    <time>2024-08-18T14:38:43Z</time>
    <extensions>
     <gpxtpx:TrackPointExtension>
      <gpxtpx:atemp>21</gpxtpx:atemp>
     </gpxtpx:TrackPointExtension>
    </extensions>
   </trkpt>
   <trkpt lat="47.2097110" lon="2.9850220">
    <ele>160.4</ele>
    <time>2024-08-18T14:38:47Z</time>
    <extensions>
     <gpxtpx:TrackPointExtension>
      <gpxtpx:atemp>21</gpxtpx:atemp>
     </gpxtpx:TrackPointExtension>
    </extensions>
   </trkpt>
   <trkpt lat="47.2098230" lon="2.9848990">
    <ele>160.6</ele>
    <time>2024-08-18T14:38:50Z</time>
    <extensions>
     <gpxtpx:TrackPointExtension>
      <gpxtpx:atemp>21</gpxtpx:atemp>
     </gpxtpx:TrackPointExtension>
    </extensions>
   </trkpt>
   <trkpt lat="47.2101220" lon="2.9845450">
    <ele>160.8</ele>
    <time>2024-08-18T14:38:58Z</time>
    <extensions>
     <gpxtpx:TrackPointExtension>
      <gpxtpx:atemp>21</gpxtpx:atemp>
     </gpxtpx:TrackPointExtension>
    </extensions>
   </trkpt>
   <trkpt lat="47.2104410" lon="2.9842270">
    <ele>160.8</ele>
    <time>2024-08-18T14:39:06Z</time>
    <extensions>
     <gpxtpx:TrackPointExtension>
      <gpxtpx:atemp>20</gpxtpx:atemp>
     </gpxtpx:TrackPointExtension>
    </extensions>
   </trkpt>
   <trkpt lat="47.2108050" lon="2.9838590">
    <ele>160.8</ele>
    <time>2024-08-18T14:39:15Z</time>
    <extensions>
     <gpxtpx:TrackPointExtension>
      <gpxtpx:atemp>20</gpxtpx:atemp>
     </gpxtpx:TrackPointExtension>
    </extensions>
   </trkpt>
   <trkpt lat="47.2110800" lon="2.9835710">
    <ele>161.2</ele>
    <time>2024-08-18T14:39:22Z</time>
    <extensions>
     <gpxtpx:TrackPointExtension>
      <gpxtpx:atemp>20</gpxtpx:atemp>
     </gpxtpx:TrackPointExtension>
    </extensions>
   </trkpt>
   <trkpt lat="47.2113400" lon="2.9832940">
    <ele>160.8</ele>
    <time>2024-08-18T14:39:29Z</time>
    <extensions>
     <gpxtpx:TrackPointExtension>
      <gpxtpx:atemp>20</gpxtpx:atemp>
     </gpxtpx:TrackPointExtension>
    </extensions>
   </trkpt>
   <trkpt lat="47.2115540" lon="2.9830680">
    <ele>160.8</ele>
    <time>2024-08-18T14:39:35Z</time>
    <extensions>
     <gpxtpx:TrackPointExtension>
      <gpxtpx:atemp>20</gpxtpx:atemp>
     </gpxtpx:TrackPointExtension>
    </extensions>
   </trkpt>
   <trkpt lat="47.2116590" lon="2.9829660">
    <ele>161.0</ele>
    <time>2024-08-18T14:39:38Z</time>
    <extensions>
     <gpxtpx:TrackPointExtension>
      <gpxtpx:atemp>20</gpxtpx:atemp>
     </gpxtpx:TrackPointExtension>
    </extensions>
   </trkpt>
   <trkpt lat="47.2119190" lon="2.9826890">
    <ele>161.6</ele>
    <time>2024-08-18T14:39:46Z</time>
    <extensions>
     <gpxtpx:TrackPointExtension>
      <gpxtpx:atemp>20</gpxtpx:atemp>
     </gpxtpx:TrackPointExtension>
    </extensions>
   </trkpt>
   <trkpt lat="47.2121930" lon="2.9823960">
    <ele>161.6</ele>
    <time>2024-08-18T14:39:54Z</time>
    <extensions>
     <gpxtpx:TrackPointExtension>
      <gpxtpx:atemp>20</gpxtpx:atemp>
     </gpxtpx:TrackPointExtension>
    </extensions>
   </trkpt>
   <trkpt lat="47.2125280" lon="2.9820170">
    <ele>161.4</ele>
    <time>2024-08-18T14:40:04Z</time>
    <extensions>
     <gpxtpx:TrackPointExtension>
      <gpxtpx:atemp>20</gpxtpx:atemp>
     </gpxtpx:TrackPointExtension>
    </extensions>
   </trkpt>
   <trkpt lat="47.2129100" lon="2.9815790">
    <ele>161.2</ele>
    <time>2024-08-18T14:40:15Z</time>
    <extensions>
     <gpxtpx:TrackPointExtension>
      <gpxtpx:atemp>20</gpxtpx:atemp>
     </gpxtpx:TrackPointExtension>
    </extensions>
   </trkpt>
   <trkpt lat="47.2131930" lon="2.9812640">
    <ele>161.4</ele>
    <time>2024-08-18T14:40:23Z</time>
    <extensions>
     <gpxtpx:TrackPointExtension>
      <gpxtpx:atemp>20</gpxtpx:atemp>
     </gpxtpx:TrackPointExtension>
    </extensions>
   </trkpt>
   <trkpt lat="47.2134760" lon="2.9809590">
    <ele>161.4</ele>
    <time>2024-08-18T14:40:31Z</time>
    <extensions>
     <gpxtpx:TrackPointExtension>
      <gpxtpx:atemp>20</gpxtpx:atemp>
     </gpxtpx:TrackPointExtension>
    </extensions>
   </trkpt>
   <trkpt lat="47.2137530" lon="2.9806470">
    <ele>161.6</ele>
    <time>2024-08-18T14:40:39Z</time>
    <extensions>
     <gpxtpx:TrackPointExtension>
      <gpxtpx:atemp>20</gpxtpx:atemp>
     </gpxtpx:TrackPointExtension>
    </extensions>
   </trkpt>
   <trkpt lat="47.2140710" lon="2.9802860">
    <ele>161.4</ele>
    <time>2024-08-18T14:40:48Z</time>
    <extensions>
     <gpxtpx:TrackPointExtension>
      <gpxtpx:atemp>20</gpxtpx:atemp>
     </gpxtpx:TrackPointExtension>
    </extensions>
   </trkpt>
   <trkpt lat="47.2143170" lon="2.9800100">
    <ele>161.4</ele>
    <time>2024-08-18T14:40:55Z</time>
    <extensions>
     <gpxtpx:TrackPointExtension>
      <gpxtpx:atemp>20</gpxtpx:atemp>
     </gpxtpx:TrackPointExtension>
    </extensions>
   </trkpt>
   <trkpt lat="47.2145850" lon="2.9796950">
    <ele>161.4</ele>
    <time>2024-08-18T14:41:03Z</time>
    <extensions>
     <gpxtpx:TrackPointExtension>
      <gpxtpx:atemp>20</gpxtpx:atemp>
     </gpxtpx:TrackPointExtension>
    </extensions>
   </trkpt>
   <trkpt lat="47.2148540" lon="2.9793740">
    <ele>161.4</ele>
    <time>2024-08-18T14:41:11Z</time>
    <extensions>
     <gpxtpx:TrackPointExtension>
      <gpxtpx:atemp>20</gpxtpx:atemp>
     </gpxtpx:TrackPointExtension>
    </extensions>
   </trkpt>
   <trkpt lat="47.2151480" lon="2.9790210">
    <ele>161.2</ele>
    <time>2024-08-18T14:41:20Z</time>
    <extensions>
     <gpxtpx:TrackPointExtension>
      <gpxtpx:atemp>20</gpxtpx:atemp>
     </gpxtpx:TrackPointExtension>
    </extensions>
   </trkpt>
   <trkpt lat="47.2154010" lon="2.9787090">
    <ele>161.4</ele>
    <time>2024-08-18T14:41:28Z</time>
    <extensions>
     <gpxtpx:TrackPointExtension>
      <gpxtpx:atemp>20</gpxtpx:atemp>
     </gpxtpx:TrackPointExtension>
    </extensions>
   </trkpt>
   <trkpt lat="47.2156880" lon="2.9783850">
    <ele>161.4</ele>
    <time>2024-08-18T14:41:36Z</time>
    <extensions>
     <gpxtpx:TrackPointExtension>
      <gpxtpx:atemp>20</gpxtpx:atemp>
     </gpxtpx:TrackPointExtension>
    </extensions>
   </trkpt>
   <trkpt lat="47.2160140" lon="2.9780810">
    <ele>161.2</ele>
    <time>2024-08-18T14:41:44Z</time>
    <extensions>
     <gpxtpx:TrackPointExtension>
      <gpxtpx:atemp>20</gpxtpx:atemp>
     </gpxtpx:TrackPointExtension>
    </extensions>
   </trkpt>
   <trkpt lat="47.2163400" lon="2.9777760">
    <ele>161.0</ele>
    <time>2024-08-18T14:41:52Z</time>
    <extensions>
     <gpxtpx:TrackPointExtension>
      <gpxtpx:atemp>20</gpxtpx:atemp>
     </gpxtpx:TrackPointExtension>
    </extensions>
   </trkpt>
   <trkpt lat="47.2166200" lon="2.9775120">
    <ele>161.0</ele>
    <time>2024-08-18T14:41:59Z</time>
    <extensions>
     <gpxtpx:TrackPointExtension>
      <gpxtpx:atemp>20</gpxtpx:atemp>
     </gpxtpx:TrackPointExtension>
    </extensions>
   </trkpt>
   <trkpt lat="47.2168530" lon="2.9772880">
    <ele>161.0</ele>
    <time>2024-08-18T14:42:05Z</time>
    <extensions>
     <gpxtpx:TrackPointExtension>
      <gpxtpx:atemp>20</gpxtpx:atemp>
     </gpxtpx:TrackPointExtension>
    </extensions>
   </trkpt>
   <trkpt lat="47.2171260" lon="2.9770500">
    <ele>161.0</ele>
    <time>2024-08-18T14:42:12Z</time>
    <extensions>
     <gpxtpx:TrackPointExtension>
      <gpxtpx:atemp>20</gpxtpx:atemp>
     </gpxtpx:TrackPointExtension>
    </extensions>
   </trkpt>
   <trkpt lat="47.2174100" lon="2.9768020">
    <ele>161.2</ele>
    <time>2024-08-18T14:42:19Z</time>
    <extensions>
     <gpxtpx:TrackPointExtension>
      <gpxtpx:atemp>20</gpxtpx:atemp>
     </gpxtpx:TrackPointExtension>
    </extensions>
   </trkpt>
   <trkpt lat="47.2176200" lon="2.9766240">
    <ele>161.0</ele>
    <time>2024-08-18T14:42:24Z</time>
    <extensions>
     <gpxtpx:TrackPointExtension>
      <gpxtpx:atemp>20</gpxtpx:atemp>
     </gpxtpx:TrackPointExtension>
    </extensions>
   </trkpt>
   <trkpt lat="47.2176610" lon="2.9765870">
    <ele>161.0</ele>
    <time>2024-08-18T14:42:25Z</time>
    <extensions>
     <gpxtpx:TrackPointExtension>
      <gpxtpx:atemp>20</gpxtpx:atemp>
     </gpxtpx:TrackPointExtension>
    </extensions>
   </trkpt>
   <trkpt lat="47.2177010" lon="2.9765460">
    <ele>161.0</ele>
    <time>2024-08-18T14:42:26Z</time>
    <extensions>
     <gpxtpx:TrackPointExtension>
      <gpxtpx:atemp>20</gpxtpx:atemp>
     </gpxtpx:TrackPointExtension>
    </extensions>
   </trkpt>
   <trkpt lat="47.2177820" lon="2.9764690">
    <ele>161.2</ele>
    <time>2024-08-18T14:42:28Z</time>
    <extensions>
     <gpxtpx:TrackPointExtension>
      <gpxtpx:atemp>20</gpxtpx:atemp>
     </gpxtpx:TrackPointExtension>
    </extensions>
   </trkpt>
   <trkpt lat="47.2179400" lon="2.9763260">
    <ele>161.2</ele>
    <time>2024-08-18T14:42:32Z</time>
    <extensions>
     <gpxtpx:TrackPointExtension>
      <gpxtpx:atemp>20</gpxtpx:atemp>
     </gpxtpx:TrackPointExtension>
    </extensions>
   </trkpt>
   <trkpt lat="47.2182050" lon="2.9760580">
    <ele>161.0</ele>
    <time>2024-08-18T14:42:39Z</time>
    <extensions>
     <gpxtpx:TrackPointExtension>
      <gpxtpx:atemp>20</gpxtpx:atemp>
     </gpxtpx:TrackPointExtension>
    </extensions>
   </trkpt>
   <trkpt lat="47.2184410" lon="2.9758370">
    <ele>161.0</ele>
    <time>2024-08-18T14:42:45Z</time>
    <extensions>
     <gpxtpx:TrackPointExtension>
      <gpxtpx:atemp>20</gpxtpx:atemp>
     </gpxtpx:TrackPointExtension>
    </extensions>
   </trkpt>
   <trkpt lat="47.2185200" lon="2.9757580">
    <ele>160.8</ele>
    <time>2024-08-18T14:42:47Z</time>
    <extensions>
     <gpxtpx:TrackPointExtension>
      <gpxtpx:atemp>20</gpxtpx:atemp>
     </gpxtpx:TrackPointExtension>
    </extensions>
   </trkpt>
   <trkpt lat="47.2186750" lon="2.9756000">
    <ele>160.8</ele>
    <time>2024-08-18T14:42:51Z</time>
    <extensions>
     <gpxtpx:TrackPointExtension>
      <gpxtpx:atemp>20</gpxtpx:atemp>
     </gpxtpx:TrackPointExtension>
    </extensions>
   </trkpt>
   <trkpt lat="47.2187910" lon="2.9754870">
    <ele>160.8</ele>
    <time>2024-08-18T14:42:54Z</time>
    <extensions>
     <gpxtpx:TrackPointExtension>
      <gpxtpx:atemp>20</gpxtpx:atemp>
     </gpxtpx:TrackPointExtension>
    </extensions>
   </trkpt>
   <trkpt lat="47.2189020" lon="2.9753800">
    <ele>160.8</ele>
    <time>2024-08-18T14:42:57Z</time>
    <extensions>
     <gpxtpx:TrackPointExtension>
      <gpxtpx:atemp>20</gpxtpx:atemp>
     </gpxtpx:TrackPointExtension>
    </extensions>
   </trkpt>
   <trkpt lat="47.2191460" lon="2.9751690">
    <ele>161.2</ele>
    <time>2024-08-18T14:43:03Z</time>
    <extensions>
     <gpxtpx:TrackPointExtension>
      <gpxtpx:atemp>20</gpxtpx:atemp>
     </gpxtpx:TrackPointExtension>
    </extensions>
   </trkpt>
   <trkpt lat="47.2194020" lon="2.9750010">
    <ele>161.0</ele>
    <time>2024-08-18T14:43:09Z</time>
    <extensions>
     <gpxtpx:TrackPointExtension>
      <gpxtpx:atemp>20</gpxtpx:atemp>
     </gpxtpx:TrackPointExtension>
    </extensions>
   </trkpt>
   <trkpt lat="47.2195920" lon="2.9749460">
    <ele>160.8</ele>
    <time>2024-08-18T14:43:13Z</time>
    <extensions>
     <gpxtpx:TrackPointExtension>
      <gpxtpx:atemp>20</gpxtpx:atemp>
     </gpxtpx:TrackPointExtension>
    </extensions>
   </trkpt>
   <trkpt lat="47.2196900" lon="2.9749320">
    <ele>160.8</ele>
    <time>2024-08-18T14:43:15Z</time>
    <extensions>
     <gpxtpx:TrackPointExtension>
      <gpxtpx:atemp>20</gpxtpx:atemp>
     </gpxtpx:TrackPointExtension>
    </extensions>
   </trkpt>
   <trkpt lat="47.2198380" lon="2.9749000">
    <ele>160.6</ele>
    <time>2024-08-18T14:43:18Z</time>
    <extensions>
     <gpxtpx:TrackPointExtension>
      <gpxtpx:atemp>20</gpxtpx:atemp>
     </gpxtpx:TrackPointExtension>
    </extensions>
   </trkpt>
   <trkpt lat="47.2200860" lon="2.9748610">
    <ele>160.6</ele>
    <time>2024-08-18T14:43:23Z</time>
    <extensions>
     <gpxtpx:TrackPointExtension>
      <gpxtpx:atemp>20</gpxtpx:atemp>
     </gpxtpx:TrackPointExtension>
    </extensions>
   </trkpt>
   <trkpt lat="47.2204730" lon="2.9747920">
    <ele>160.6</ele>
    <time>2024-08-18T14:43:31Z</time>
    <extensions>
     <gpxtpx:TrackPointExtension>
      <gpxtpx:atemp>20</gpxtpx:atemp>
     </gpxtpx:TrackPointExtension>
    </extensions>
   </trkpt>
   <trkpt lat="47.2208450" lon="2.9747290">
    <ele>160.6</ele>
    <time>2024-08-18T14:43:39Z</time>
    <extensions>
     <gpxtpx:TrackPointExtension>
      <gpxtpx:atemp>20</gpxtpx:atemp>
     </gpxtpx:TrackPointExtension>
    </extensions>
   </trkpt>
   <trkpt lat="47.2212610" lon="2.9746910">
    <ele>160.8</ele>
    <time>2024-08-18T14:43:48Z</time>
    <extensions>
     <gpxtpx:TrackPointExtension>
      <gpxtpx:atemp>20</gpxtpx:atemp>
     </gpxtpx:TrackPointExtension>
    </extensions>
   </trkpt>
   <trkpt lat="47.2216240" lon="2.9746520">
    <ele>160.6</ele>
    <time>2024-08-18T14:43:56Z</time>
    <extensions>
     <gpxtpx:TrackPointExtension>
      <gpxtpx:atemp>20</gpxtpx:atemp>
     </gpxtpx:TrackPointExtension>
    </extensions>
   </trkpt>
   <trkpt lat="47.2218370" lon="2.9746050">
    <ele>160.6</ele>
    <time>2024-08-18T14:44:01Z</time>
    <extensions>
     <gpxtpx:TrackPointExtension>
      <gpxtpx:atemp>20</gpxtpx:atemp>
     </gpxtpx:TrackPointExtension>
    </extensions>
   </trkpt>
   <trkpt lat="47.2219220" lon="2.9745920">
    <ele>160.8</ele>
    <time>2024-08-18T14:44:03Z</time>
    <extensions>
     <gpxtpx:TrackPointExtension>
      <gpxtpx:atemp>20</gpxtpx:atemp>
     </gpxtpx:TrackPointExtension>
    </extensions>
   </trkpt>
   <trkpt lat="47.2222680" lon="2.9745680">
    <ele>161.0</ele>
    <time>2024-08-18T14:44:11Z</time>
    <extensions>
     <gpxtpx:TrackPointExtension>
      <gpxtpx:atemp>20</gpxtpx:atemp>
     </gpxtpx:TrackPointExtension>
    </extensions>
   </trkpt>
   <trkpt lat="47.2226780" lon="2.9745130">
    <ele>161.2</ele>
    <time>2024-08-18T14:44:20Z</time>
    <extensions>
     <gpxtpx:TrackPointExtension>
      <gpxtpx:atemp>20</gpxtpx:atemp>
     </gpxtpx:TrackPointExtension>
    </extensions>
   </trkpt>
   <trkpt lat="47.2229970" lon="2.9744400">
    <ele>161.2</ele>
    <time>2024-08-18T14:44:27Z</time>
    <extensions>
     <gpxtpx:TrackPointExtension>
      <gpxtpx:atemp>20</gpxtpx:atemp>
     </gpxtpx:TrackPointExtension>
    </extensions>
   </trkpt>
   <trkpt lat="47.2233520" lon="2.9743770">
    <ele>160.8</ele>
    <time>2024-08-18T14:44:34Z</time>
    <extensions>
     <gpxtpx:TrackPointExtension>
      <gpxtpx:atemp>20</gpxtpx:atemp>
     </gpxtpx:TrackPointExtension>
    </extensions>
   </trkpt>
   <trkpt lat="47.2237230" lon="2.9743010">
    <ele>160.8</ele>
    <time>2024-08-18T14:44:41Z</time>
    <extensions>
     <gpxtpx:TrackPointExtension>
      <gpxtpx:atemp>20</gpxtpx:atemp>
     </gpxtpx:TrackPointExtension>
    </extensions>
   </trkpt>
   <trkpt lat="47.2241190" lon="2.9742070">
    <ele>160.2</ele>
    <time>2024-08-18T14:44:49Z</time>
    <extensions>
     <gpxtpx:TrackPointExtension>
      <gpxtpx:atemp>20</gpxtpx:atemp>
     </gpxtpx:TrackPointExtension>
    </extensions>
   </trkpt>
   <trkpt lat="47.2245490" lon="2.9741250">
    <ele>160.0</ele>
    <time>2024-08-18T14:44:58Z</time>
    <extensions>
     <gpxtpx:TrackPointExtension>
      <gpxtpx:atemp>19</gpxtpx:atemp>
     </gpxtpx:TrackPointExtension>
    </extensions>
   </trkpt>
   <trkpt lat="47.2249250" lon="2.9740420">
    <ele>160.0</ele>
    <time>2024-08-18T14:45:06Z</time>
    <extensions>
     <gpxtpx:TrackPointExtension>
      <gpxtpx:atemp>19</gpxtpx:atemp>
     </gpxtpx:TrackPointExtension>
    </extensions>
   </trkpt>
   <trkpt lat="47.2253360" lon="2.9739990">
    <ele>160.0</ele>
    <time>2024-08-18T14:45:15Z</time>
    <extensions>
     <gpxtpx:TrackPointExtension>
      <gpxtpx:atemp>19</gpxtpx:atemp>
     </gpxtpx:TrackPointExtension>
    </extensions>
   </trkpt>
   <trkpt lat="47.2256350" lon="2.9739930">
    <ele>160.0</ele>
    <time>2024-08-18T14:45:22Z</time>
    <extensions>
     <gpxtpx:TrackPointExtension>
      <gpxtpx:atemp>19</gpxtpx:atemp>
     </gpxtpx:TrackPointExtension>
    </extensions>
   </trkpt>
   <trkpt lat="47.2258790" lon="2.9740060">
    <ele>159.8</ele>
    <time>2024-08-18T14:45:28Z</time>
    <extensions>
     <gpxtpx:TrackPointExtension>
      <gpxtpx:atemp>19</gpxtpx:atemp>
     </gpxtpx:TrackPointExtension>
    </extensions>
   </trkpt>
   <trkpt lat="47.2262110" lon="2.9740130">
    <ele>160.2</ele>
    <time>2024-08-18T14:45:36Z</time>
    <extensions>
     <gpxtpx:TrackPointExtension>
      <gpxtpx:atemp>19</gpxtpx:atemp>
     </gpxtpx:TrackPointExtension>
    </extensions>
   </trkpt>
   <trkpt lat="47.2266160" lon="2.9740120">
    <ele>160.2</ele>
    <time>2024-08-18T14:45:45Z</time>
    <extensions>
     <gpxtpx:TrackPointExtension>
      <gpxtpx:atemp>19</gpxtpx:atemp>
     </gpxtpx:TrackPointExtension>
    </extensions>
   </trkpt>
   <trkpt lat="47.2267460" lon="2.9740000">
    <ele>160.2</ele>
    <time>2024-08-18T14:45:47Z</time>
    <extensions>
     <gpxtpx:TrackPointExtension>
      <gpxtpx:atemp>19</gpxtpx:atemp>
     </gpxtpx:TrackPointExtension>
    </extensions>
   </trkpt>
   <trkpt lat="47.2269260" lon="2.9739480">
    <ele>160.4</ele>
    <time>2024-08-18T14:45:52Z</time>
    <extensions>
     <gpxtpx:TrackPointExtension>
      <gpxtpx:atemp>19</gpxtpx:atemp>
     </gpxtpx:TrackPointExtension>
    </extensions>
   </trkpt>
   <trkpt lat="47.2271580" lon="2.9738680">
    <ele>160.2</ele>
    <time>2024-08-18T14:45:57Z</time>
    <extensions>
     <gpxtpx:TrackPointExtension>
      <gpxtpx:atemp>19</gpxtpx:atemp>
     </gpxtpx:TrackPointExtension>
    </extensions>
   </trkpt>
   <trkpt lat="47.2272950" lon="2.9738100">
    <ele>160.2</ele>
    <time>2024-08-18T14:45:59Z</time>
    <extensions>
     <gpxtpx:TrackPointExtension>
      <gpxtpx:atemp>19</gpxtpx:atemp>
     </gpxtpx:TrackPointExtension>
    </extensions>
   </trkpt>
   <trkpt lat="47.2275410" lon="2.9736980">
    <ele>160.2</ele>
    <time>2024-08-18T14:46:05Z</time>
    <extensions>
     <gpxtpx:TrackPointExtension>
      <gpxtpx:atemp>19</gpxtpx:atemp>
     </gpxtpx:TrackPointExtension>
    </extensions>
   </trkpt>
   <trkpt lat="47.2275890" lon="2.9736850">
    <ele>160.4</ele>
    <time>2024-08-18T14:46:07Z</time>
    <extensions>
     <gpxtpx:TrackPointExtension>
      <gpxtpx:atemp>19</gpxtpx:atemp>
     </gpxtpx:TrackPointExtension>
    </extensions>
   </trkpt>
   <trkpt lat="47.2279070" lon="2.9736410">
    <ele>160.4</ele>
    <time>2024-08-18T14:46:14Z</time>
    <extensions>
     <gpxtpx:TrackPointExtension>
      <gpxtpx:atemp>19</gpxtpx:atemp>
     </gpxtpx:TrackPointExtension>
    </extensions>
   </trkpt>
   <trkpt lat="47.2280870" lon="2.9736700">
    <ele>160.2</ele>
    <time>2024-08-18T14:46:17Z</time>
    <extensions>
     <gpxtpx:TrackPointExtension>
      <gpxtpx:atemp>19</gpxtpx:atemp>
     </gpxtpx:TrackPointExtension>
    </extensions>
   </trkpt>
   <trkpt lat="47.2282240" lon="2.9737100">
    <ele>160.2</ele>
    <time>2024-08-18T14:46:21Z</time>
    <extensions>
     <gpxtpx:TrackPointExtension>
      <gpxtpx:atemp>19</gpxtpx:atemp>
     </gpxtpx:TrackPointExtension>
    </extensions>
   </trkpt>
   <trkpt lat="47.2286420" lon="2.9738490">
    <ele>160.4</ele>
    <time>2024-08-18T14:46:29Z</time>
    <extensions>
     <gpxtpx:TrackPointExtension>
      <gpxtpx:atemp>19</gpxtpx:atemp>
     </gpxtpx:TrackPointExtension>
    </extensions>
   </trkpt>
   <trkpt lat="47.2289670" lon="2.9739120">
    <ele>160.6</ele>
    <time>2024-08-18T14:46:37Z</time>
    <extensions>
     <gpxtpx:TrackPointExtension>
      <gpxtpx:atemp>19</gpxtpx:atemp>
     </gpxtpx:TrackPointExtension>
    </extensions>
   </trkpt>
   <trkpt lat="47.2293710" lon="2.9739890">
    <ele>160.8</ele>
    <time>2024-08-18T14:46:46Z</time>
    <extensions>
     <gpxtpx:TrackPointExtension>
      <gpxtpx:atemp>19</gpxtpx:atemp>
     </gpxtpx:TrackPointExtension>
    </extensions>
   </trkpt>
   <trkpt lat="47.2296400" lon="2.9740600">
    <ele>160.6</ele>
    <time>2024-08-18T14:46:52Z</time>
    <extensions>
     <gpxtpx:TrackPointExtension>
      <gpxtpx:atemp>19</gpxtpx:atemp>
     </gpxtpx:TrackPointExtension>
    </extensions>
   </trkpt>
   <trkpt lat="47.2297320" lon="2.9740900">
    <ele>160.8</ele>
    <time>2024-08-18T14:46:53Z</time>
    <extensions>
     <gpxtpx:TrackPointExtension>
      <gpxtpx:atemp>19</gpxtpx:atemp>
     </gpxtpx:TrackPointExtension>
    </extensions>
   </trkpt>
   <trkpt lat="47.2300010" lon="2.9741370">
    <ele>161.2</ele>
    <time>2024-08-18T14:46:59Z</time>
    <extensions>
     <gpxtpx:TrackPointExtension>
      <gpxtpx:atemp>19</gpxtpx:atemp>
     </gpxtpx:TrackPointExtension>
    </extensions>
   </trkpt>
   <trkpt lat="47.2303210" lon="2.9740990">
    <ele>161.0</ele>
    <time>2024-08-18T14:47:07Z</time>
    <extensions>
     <gpxtpx:TrackPointExtension>
      <gpxtpx:atemp>19</gpxtpx:atemp>
     </gpxtpx:TrackPointExtension>
    </extensions>
   </trkpt>
   <trkpt lat="47.2306000" lon="2.9740140">
    <ele>160.8</ele>
    <time>2024-08-18T14:47:13Z</time>
    <extensions>
     <gpxtpx:TrackPointExtension>
      <gpxtpx:atemp>19</gpxtpx:atemp>
     </gpxtpx:TrackPointExtension>
    </extensions>
   </trkpt>
   <trkpt lat="47.2308920" lon="2.9739060">
    <ele>160.8</ele>
    <time>2024-08-18T14:47:20Z</time>
    <extensions>
     <gpxtpx:TrackPointExtension>
      <gpxtpx:atemp>19</gpxtpx:atemp>
     </gpxtpx:TrackPointExtension>
    </extensions>
   </trkpt>
   <trkpt lat="47.2313160" lon="2.9737590">
    <ele>160.8</ele>
    <time>2024-08-18T14:47:29Z</time>
    <extensions>
     <gpxtpx:TrackPointExtension>
      <gpxtpx:atemp>19</gpxtpx:atemp>
     </gpxtpx:TrackPointExtension>
    </extensions>
   </trkpt>
   <trkpt lat="47.2313560" lon="2.9737420">
    <ele>160.8</ele>
    <time>2024-08-18T14:47:31Z</time>
    <extensions>
     <gpxtpx:TrackPointExtension>
      <gpxtpx:atemp>19</gpxtpx:atemp>
     </gpxtpx:TrackPointExtension>
    </extensions>
   </trkpt>
   <trkpt lat="47.2315680" lon="2.9736660">
    <ele>160.8</ele>
    <time>2024-08-18T14:47:36Z</time>
    <extensions>
     <gpxtpx:TrackPointExtension>
      <gpxtpx:atemp>19</gpxtpx:atemp>
     </gpxtpx:TrackPointExtension>
    </extensions>
   </trkpt>
   <trkpt lat="47.2318520" lon="2.9735710">
    <ele>161.0</ele>
    <time>2024-08-18T14:47:43Z</time>
    <extensions>
     <gpxtpx:TrackPointExtension>
      <gpxtpx:atemp>19</gpxtpx:atemp>
     </gpxtpx:TrackPointExtension>
    </extensions>
   </trkpt>
   <trkpt lat="47.2321540" lon="2.9734430">
    <ele>161.0</ele>
    <time>2024-08-18T14:47:50Z</time>
    <extensions>
     <gpxtpx:TrackPointExtension>
      <gpxtpx:atemp>19</gpxtpx:atemp>
     </gpxtpx:TrackPointExtension>
    </extensions>
   </trkpt>
   <trkpt lat="47.2324750" lon="2.9733250">
    <ele>160.8</ele>
    <time>2024-08-18T14:47:57Z</time>
    <extensions>
     <gpxtpx:TrackPointExtension>
      <gpxtpx:atemp>19</gpxtpx:atemp>
     </gpxtpx:TrackPointExtension>
    </extensions>
   </trkpt>
   <trkpt lat="47.2325200" lon="2.9733090">
    <ele>160.8</ele>
    <time>2024-08-18T14:47:58Z</time>
    <extensions>
     <gpxtpx:TrackPointExtension>
      <gpxtpx:atemp>19</gpxtpx:atemp>
     </gpxtpx:TrackPointExtension>
    </extensions>
   </trkpt>
   <trkpt lat="47.2328060" lon="2.9732210">
    <ele>160.8</ele>
    <time>2024-08-18T14:48:04Z</time>
    <extensions>
     <gpxtpx:TrackPointExtension>
      <gpxtpx:atemp>19</gpxtpx:atemp>
     </gpxtpx:TrackPointExtension>
    </extensions>
   </trkpt>
   <trkpt lat="47.2331640" lon="2.9731180">
    <ele>160.8</ele>
    <time>2024-08-18T14:48:12Z</time>
    <extensions>
     <gpxtpx:TrackPointExtension>
      <gpxtpx:atemp>19</gpxtpx:atemp>
     </gpxtpx:TrackPointExtension>
    </extensions>
   </trkpt>
   <trkpt lat="47.2334790" lon="2.9730790">
    <ele>160.8</ele>
    <time>2024-08-18T14:48:19Z</time>
    <extensions>
     <gpxtpx:TrackPointExtension>
      <gpxtpx:atemp>19</gpxtpx:atemp>
     </gpxtpx:TrackPointExtension>
    </extensions>
   </trkpt>
   <trkpt lat="47.2335680" lon="2.9730700">
    <ele>161.0</ele>
    <time>2024-08-18T14:48:21Z</time>
    <extensions>
     <gpxtpx:TrackPointExtension>
      <gpxtpx:atemp>19</gpxtpx:atemp>
     </gpxtpx:TrackPointExtension>
    </extensions>
   </trkpt>
   <trkpt lat="47.2337500" lon="2.9730580">
    <ele>160.8</ele>
    <time>2024-08-18T14:48:25Z</time>
    <extensions>
     <gpxtpx:TrackPointExtension>
      <gpxtpx:atemp>19</gpxtpx:atemp>
     </gpxtpx:TrackPointExtension>
    </extensions>
   </trkpt>
   <trkpt lat="47.2342390" lon="2.9730240">
    <ele>161.0</ele>
    <time>2024-08-18T14:48:35Z</time>
    <extensions>
     <gpxtpx:TrackPointExtension>
      <gpxtpx:atemp>19</gpxtpx:atemp>
     </gpxtpx:TrackPointExtension>
    </extensions>
   </trkpt>
   <trkpt lat="47.2345440" lon="2.9729980">
    <ele>161.0</ele>
    <time>2024-08-18T14:48:43Z</time>
    <extensions>
     <gpxtpx:TrackPointExtension>
      <gpxtpx:atemp>19</gpxtpx:atemp>
     </gpxtpx:TrackPointExtension>
    </extensions>
   </trkpt>
   <trkpt lat="47.2348950" lon="2.9729950">
    <ele>161.0</ele>
    <time>2024-08-18T14:48:51Z</time>
    <extensions>
     <gpxtpx:TrackPointExtension>
      <gpxtpx:atemp>19</gpxtpx:atemp>
     </gpxtpx:TrackPointExtension>
    </extensions>
   </trkpt>
   <trkpt lat="47.2352860" lon="2.9729830">
    <ele>161.2</ele>
    <time>2024-08-18T14:48:59Z</time>
    <extensions>
     <gpxtpx:TrackPointExtension>
      <gpxtpx:atemp>19</gpxtpx:atemp>
     </gpxtpx:TrackPointExtension>
    </extensions>
   </trkpt>
   <trkpt lat="47.2354210" lon="2.9729800">
    <ele>161.2</ele>
    <time>2024-08-18T14:49:03Z</time>
    <extensions>
     <gpxtpx:TrackPointExtension>
      <gpxtpx:atemp>19</gpxtpx:atemp>
     </gpxtpx:TrackPointExtension>
    </extensions>
   </trkpt>
   <trkpt lat="47.2356000" lon="2.9729770">
    <ele>161.0</ele>
    <time>2024-08-18T14:49:07Z</time>
    <extensions>
     <gpxtpx:TrackPointExtension>
      <gpxtpx:atemp>19</gpxtpx:atemp>
     </gpxtpx:TrackPointExtension>
    </extensions>
   </trkpt>
   <trkpt lat="47.2359620" lon="2.9729700">
    <ele>160.6</ele>
    <time>2024-08-18T14:49:15Z</time>
    <extensions>
     <gpxtpx:TrackPointExtension>
      <gpxtpx:atemp>19</gpxtpx:atemp>
     </gpxtpx:TrackPointExtension>
    </extensions>
   </trkpt>
   <trkpt lat="47.2363640" lon="2.9729610">
    <ele>160.6</ele>
    <time>2024-08-18T14:49:23Z</time>
    <extensions>
     <gpxtpx:TrackPointExtension>
      <gpxtpx:atemp>19</gpxtpx:atemp>
     </gpxtpx:TrackPointExtension>
    </extensions>
   </trkpt>
   <trkpt lat="47.2367380" lon="2.9729400">
    <ele>160.6</ele>
    <time>2024-08-18T14:49:32Z</time>
    <extensions>
     <gpxtpx:TrackPointExtension>
      <gpxtpx:atemp>19</gpxtpx:atemp>
     </gpxtpx:TrackPointExtension>
    </extensions>
   </trkpt>
   <trkpt lat="47.2372000" lon="2.9729160">
    <ele>160.8</ele>
    <time>2024-08-18T14:49:42Z</time>
    <extensions>
     <gpxtpx:TrackPointExtension>
      <gpxtpx:atemp>19</gpxtpx:atemp>
     </gpxtpx:TrackPointExtension>
    </extensions>
   </trkpt>
   <trkpt lat="47.2375320" lon="2.9729060">
    <ele>160.6</ele>
    <time>2024-08-18T14:49:49Z</time>
    <extensions>
     <gpxtpx:TrackPointExtension>
      <gpxtpx:atemp>19</gpxtpx:atemp>
     </gpxtpx:TrackPointExtension>
    </extensions>
   </trkpt>
   <trkpt lat="47.2378770" lon="2.9728890">
    <ele>160.6</ele>
    <time>2024-08-18T14:49:56Z</time>
    <extensions>
     <gpxtpx:TrackPointExtension>
      <gpxtpx:atemp>19</gpxtpx:atemp>
     </gpxtpx:TrackPointExtension>
    </extensions>
   </trkpt>
   <trkpt lat="47.2382530" lon="2.9728800">
    <ele>160.8</ele>
    <time>2024-08-18T14:50:04Z</time>
    <extensions>
     <gpxtpx:TrackPointExtension>
      <gpxtpx:atemp>19</gpxtpx:atemp>
     </gpxtpx:TrackPointExtension>
    </extensions>
   </trkpt>
   <trkpt lat="47.2386160" lon="2.9728690">
    <ele>161.0</ele>
    <time>2024-08-18T14:50:12Z</time>
    <extensions>
     <gpxtpx:TrackPointExtension>
      <gpxtpx:atemp>19</gpxtpx:atemp>
     </gpxtpx:TrackPointExtension>
    </extensions>
   </trkpt>
   <trkpt lat="47.2389400" lon="2.9728590">
    <ele>161.0</ele>
    <time>2024-08-18T14:50:19Z</time>
    <extensions>
     <gpxtpx:TrackPointExtension>
      <gpxtpx:atemp>19</gpxtpx:atemp>
     </gpxtpx:TrackPointExtension>
    </extensions>
   </trkpt>
   <trkpt lat="47.2393460" lon="2.9728420">
    <ele>160.8</ele>
    <time>2024-08-18T14:50:28Z</time>
    <extensions>
     <gpxtpx:TrackPointExtension>
      <gpxtpx:atemp>19</gpxtpx:atemp>
     </gpxtpx:TrackPointExtension>
    </extensions>
   </trkpt>
   <trkpt lat="47.2398000" lon="2.9728350">
    <ele>161.0</ele>
    <time>2024-08-18T14:50:38Z</time>
    <extensions>
     <gpxtpx:TrackPointExtension>
      <gpxtpx:atemp>19</gpxtpx:atemp>
     </gpxtpx:TrackPointExtension>
    </extensions>
   </trkpt>
   <trkpt lat="47.2399840" lon="2.9728640">
    <ele>161.0</ele>
    <time>2024-08-18T14:50:41Z</time>
    <extensions>
     <gpxtpx:TrackPointExtension>
      <gpxtpx:atemp>19</gpxtpx:atemp>
     </gpxtpx:TrackPointExtension>
    </extensions>
   </trkpt>
   <trkpt lat="47.2401220" lon="2.9729150">
    <ele>161.0</ele>
    <time>2024-08-18T14:50:45Z</time>
    <extensions>
     <gpxtpx:TrackPointExtension>
      <gpxtpx:atemp>19</gpxtpx:atemp>
     </gpxtpx:TrackPointExtension>
    </extensions>
   </trkpt>
   <trkpt lat="47.2405330" lon="2.9730750">
    <ele>161.0</ele>
    <time>2024-08-18T14:50:53Z</time>
    <extensions>
     <gpxtpx:TrackPointExtension>
      <gpxtpx:atemp>19</gpxtpx:atemp>
     </gpxtpx:TrackPointExtension>
    </extensions>
   </trkpt>
   <trkpt lat="47.2408540" lon="2.9732050">
    <ele>161.0</ele>
    <time>2024-08-18T14:51:01Z</time>
    <extensions>
     <gpxtpx:TrackPointExtension>
      <gpxtpx:atemp>19</gpxtpx:atemp>
     </gpxtpx:TrackPointExtension>
    </extensions>
   </trkpt>
   <trkpt lat="47.2412170" lon="2.9733500">
    <ele>160.8</ele>
    <time>2024-08-18T14:51:09Z</time>
    <extensions>
     <gpxtpx:TrackPointExtension>
      <gpxtpx:atemp>19</gpxtpx:atemp>
     </gpxtpx:TrackPointExtension>
    </extensions>
   </trkpt>
   <trkpt lat="47.2416150" lon="2.9735100">
    <ele>160.8</ele>
    <time>2024-08-18T14:51:18Z</time>
    <extensions>
     <gpxtpx:TrackPointExtension>
      <gpxtpx:atemp>19</gpxtpx:atemp>
     </gpxtpx:TrackPointExtension>
    </extensions>
   </trkpt>
   <trkpt lat="47.2420030" lon="2.9736570">
    <ele>160.6</ele>
    <time>2024-08-18T14:51:27Z</time>
    <extensions>
     <gpxtpx:TrackPointExtension>
      <gpxtpx:atemp>20</gpxtpx:atemp>
     </gpxtpx:TrackPointExtension>
    </extensions>
   </trkpt>
   <trkpt lat="47.2424020" lon="2.9738130">
    <ele>160.6</ele>
    <time>2024-08-18T14:51:35Z</time>
    <extensions>
     <gpxtpx:TrackPointExtension>
      <gpxtpx:atemp>20</gpxtpx:atemp>
     </gpxtpx:TrackPointExtension>
    </extensions>
   </trkpt>
   <trkpt lat="47.2425840" lon="2.9738780">
    <ele>160.4</ele>
    <time>2024-08-18T14:51:40Z</time>
    <extensions>
     <gpxtpx:TrackPointExtension>
      <gpxtpx:atemp>20</gpxtpx:atemp>
     </gpxtpx:TrackPointExtension>
    </extensions>
   </trkpt>
   <trkpt lat="47.2427180" lon="2.9739320">
    <ele>160.4</ele>
    <time>2024-08-18T14:51:43Z</time>
    <extensions>
     <gpxtpx:TrackPointExtension>
      <gpxtpx:atemp>20</gpxtpx:atemp>
     </gpxtpx:TrackPointExtension>
    </extensions>
   </trkpt>
   <trkpt lat="47.2431060" lon="2.9740670">
    <ele>160.6</ele>
    <time>2024-08-18T14:51:52Z</time>
    <extensions>
     <gpxtpx:TrackPointExtension>
      <gpxtpx:atemp>20</gpxtpx:atemp>
     </gpxtpx:TrackPointExtension>
    </extensions>
   </trkpt>
   <trkpt lat="47.2434870" lon="2.9742170">
    <ele>160.6</ele>
    <time>2024-08-18T14:52:01Z</time>
    <extensions>
     <gpxtpx:TrackPointExtension>
      <gpxtpx:atemp>20</gpxtpx:atemp>
     </gpxtpx:TrackPointExtension>
    </extensions>
   </trkpt>
   <trkpt lat="47.2437850" lon="2.9743370">
    <ele>160.8</ele>
    <time>2024-08-18T14:52:08Z</time>
    <extensions>
     <gpxtpx:TrackPointExtension>
      <gpxtpx:atemp>20</gpxtpx:atemp>
     </gpxtpx:TrackPointExtension>
    </extensions>
   </trkpt>
   <trkpt lat="47.2438720" lon="2.9743690">
    <ele>160.8</ele>
    <time>2024-08-18T14:52:10Z</time>
    <extensions>
     <gpxtpx:TrackPointExtension>
      <gpxtpx:atemp>20</gpxtpx:atemp>
     </gpxtpx:TrackPointExtension>
    </extensions>
   </trkpt>
   <trkpt lat="47.2441810" lon="2.9744910">
    <ele>160.8</ele>
    <time>2024-08-18T14:52:17Z</time>
    <extensions>
     <gpxtpx:TrackPointExtension>
      <gpxtpx:atemp>20</gpxtpx:atemp>
     </gpxtpx:TrackPointExtension>
    </extensions>
   </trkpt>
   <trkpt lat="47.2445750" lon="2.9746250">
    <ele>160.6</ele>
    <time>2024-08-18T14:52:26Z</time>
    <extensions>
     <gpxtpx:TrackPointExtension>
      <gpxtpx:atemp>20</gpxtpx:atemp>
     </gpxtpx:TrackPointExtension>
    </extensions>
   </trkpt>
   <trkpt lat="47.2447720" lon="2.9746350">
    <ele>160.4</ele>
    <time>2024-08-18T14:52:31Z</time>
    <extensions>
     <gpxtpx:TrackPointExtension>
      <gpxtpx:atemp>20</gpxtpx:atemp>
     </gpxtpx:TrackPointExtension>
    </extensions>
   </trkpt>
   <trkpt lat="47.2447800" lon="2.9746360">
    <ele>160.2</ele>
    <time>2024-08-18T14:52:34Z</time>
    <extensions>
     <gpxtpx:TrackPointExtension>
      <gpxtpx:atemp>20</gpxtpx:atemp>
     </gpxtpx:TrackPointExtension>
    </extensions>
   </trkpt>
   <trkpt lat="47.2447770" lon="2.9746330">
    <ele>160.0</ele>
    <time>2024-08-18T14:52:43Z</time>
    <extensions>
     <gpxtpx:TrackPointExtension>
      <gpxtpx:atemp>20</gpxtpx:atemp>
     </gpxtpx:TrackPointExtension>
    </extensions>
   </trkpt>
   <trkpt lat="47.2447770" lon="2.9746330">
    <ele>160.2</ele>
    <time>2024-08-18T14:52:59Z</time>
    <extensions>
     <gpxtpx:TrackPointExtension>
      <gpxtpx:atemp>20</gpxtpx:atemp>
     </gpxtpx:TrackPointExtension>
    </extensions>
   </trkpt>
   <trkpt lat="47.2447780" lon="2.9746360">
    <ele>159.8</ele>
    <time>2024-08-18T14:53:04Z</time>
    <extensions>
     <gpxtpx:TrackPointExtension>
      <gpxtpx:atemp>20</gpxtpx:atemp>
     </gpxtpx:TrackPointExtension>
    </extensions>
   </trkpt>
   <trkpt lat="47.2447780" lon="2.9746360">
    <ele>159.8</ele>
    <time>2024-08-18T14:53:09Z</time>
    <extensions>
     <gpxtpx:TrackPointExtension>
      <gpxtpx:atemp>20</gpxtpx:atemp>
     </gpxtpx:TrackPointExtension>
    </extensions>
   </trkpt>
   <trkpt lat="47.2447780" lon="2.9746360">
    <ele>159.8</ele>
    <time>2024-08-18T14:53:19Z</time>
    <extensions>
     <gpxtpx:TrackPointExtension>
      <gpxtpx:atemp>20</gpxtpx:atemp>
     </gpxtpx:TrackPointExtension>
    </extensions>
   </trkpt>
   <trkpt lat="47.2447770" lon="2.9746270">
    <ele>159.8</ele>
    <time>2024-08-18T14:53:31Z</time>
    <extensions>
     <gpxtpx:TrackPointExtension>
      <gpxtpx:atemp>20</gpxtpx:atemp>
     </gpxtpx:TrackPointExtension>
    </extensions>
   </trkpt>
   <trkpt lat="47.2447770" lon="2.9746240">
    <ele>159.8</ele>
    <time>2024-08-18T14:53:41Z</time>
    <extensions>
     <gpxtpx:TrackPointExtension>
      <gpxtpx:atemp>20</gpxtpx:atemp>
     </gpxtpx:TrackPointExtension>
    </extensions>
   </trkpt>
   <trkpt lat="47.2447960" lon="2.9746220">
    <ele>159.8</ele>
    <time>2024-08-18T14:53:50Z</time>
    <extensions>
     <gpxtpx:TrackPointExtension>
      <gpxtpx:atemp>20</gpxtpx:atemp>
     </gpxtpx:TrackPointExtension>
    </extensions>
   </trkpt>
   <trkpt lat="47.2449380" lon="2.9745990">
    <ele>160.2</ele>
    <time>2024-08-18T14:53:56Z</time>
    <extensions>
     <gpxtpx:TrackPointExtension>
      <gpxtpx:atemp>20</gpxtpx:atemp>
     </gpxtpx:TrackPointExtension>
    </extensions>
   </trkpt>
   <trkpt lat="47.2451930" lon="2.9745710">
    <ele>160.6</ele>
    <time>2024-08-18T14:54:03Z</time>
    <extensions>
     <gpxtpx:TrackPointExtension>
      <gpxtpx:atemp>20</gpxtpx:atemp>
     </gpxtpx:TrackPointExtension>
    </extensions>
   </trkpt>
   <trkpt lat="47.2454690" lon="2.9745270">
    <ele>160.8</ele>
    <time>2024-08-18T14:54:10Z</time>
    <extensions>
     <gpxtpx:TrackPointExtension>
      <gpxtpx:atemp>20</gpxtpx:atemp>
     </gpxtpx:TrackPointExtension>
    </extensions>
   </trkpt>
   <trkpt lat="47.2455520" lon="2.9745100">
    <ele>160.8</ele>
    <time>2024-08-18T14:54:11Z</time>
    <extensions>
     <gpxtpx:TrackPointExtension>
      <gpxtpx:atemp>20</gpxtpx:atemp>
     </gpxtpx:TrackPointExtension>
    </extensions>
   </trkpt>
   <trkpt lat="47.2458000" lon="2.9744760">
    <ele>160.6</ele>
    <time>2024-08-18T14:54:17Z</time>
    <extensions>
     <gpxtpx:TrackPointExtension>
      <gpxtpx:atemp>20</gpxtpx:atemp>
     </gpxtpx:TrackPointExtension>
    </extensions>
   </trkpt>
   <trkpt lat="47.2463020" lon="2.9744160">
    <ele>160.6</ele>
    <time>2024-08-18T14:54:30Z</time>
    <extensions>
     <gpxtpx:TrackPointExtension>
      <gpxtpx:atemp>20</gpxtpx:atemp>
     </gpxtpx:TrackPointExtension>
    </extensions>
   </trkpt>
   <trkpt lat="47.2465540" lon="2.9744130">
    <ele>160.8</ele>
    <time>2024-08-18T14:54:35Z</time>
    <extensions>
     <gpxtpx:TrackPointExtension>
      <gpxtpx:atemp>20</gpxtpx:atemp>
     </gpxtpx:TrackPointExtension>
    </extensions>
   </trkpt>
   <trkpt lat="47.2466710" lon="2.9744210">
    <ele>160.8</ele>
    <time>2024-08-18T14:54:39Z</time>
    <extensions>
     <gpxtpx:TrackPointExtension>
      <gpxtpx:atemp>20</gpxtpx:atemp>
     </gpxtpx:TrackPointExtension>
    </extensions>
   </trkpt>
   <trkpt lat="47.2469630" lon="2.9744360">
    <ele>160.8</ele>
    <time>2024-08-18T14:54:46Z</time>
    <extensions>
     <gpxtpx:TrackPointExtension>
      <gpxtpx:atemp>20</gpxtpx:atemp>
     </gpxtpx:TrackPointExtension>
    </extensions>
   </trkpt>
   <trkpt lat="47.2472960" lon="2.9744550">
    <ele>161.0</ele>
    <time>2024-08-18T14:54:53Z</time>
    <extensions>
     <gpxtpx:TrackPointExtension>
      <gpxtpx:atemp>20</gpxtpx:atemp>
     </gpxtpx:TrackPointExtension>
    </extensions>
   </trkpt>
   <trkpt lat="47.2476590" lon="2.9744880">
    <ele>161.2</ele>
    <time>2024-08-18T14:55:02Z</time>
    <extensions>
     <gpxtpx:TrackPointExtension>
      <gpxtpx:atemp>20</gpxtpx:atemp>
     </gpxtpx:TrackPointExtension>
    </extensions>
   </trkpt>
   <trkpt lat="47.2479980" lon="2.9745310">
    <ele>161.4</ele>
    <time>2024-08-18T14:55:10Z</time>
    <extensions>
     <gpxtpx:TrackPointExtension>
      <gpxtpx:atemp>20</gpxtpx:atemp>
     </gpxtpx:TrackPointExtension>
    </extensions>
   </trkpt>
   <trkpt lat="47.2485470" lon="2.9745870">
    <ele>161.2</ele>
    <time>2024-08-18T14:55:22Z</time>
    <extensions>
     <gpxtpx:TrackPointExtension>
      <gpxtpx:atemp>20</gpxtpx:atemp>
     </gpxtpx:TrackPointExtension>
    </extensions>
   </trkpt>
   <trkpt lat="47.2490170" lon="2.9746350">
    <ele>161.0</ele>
    <time>2024-08-18T14:55:32Z</time>
    <extensions>
     <gpxtpx:TrackPointExtension>
      <gpxtpx:atemp>20</gpxtpx:atemp>
     </gpxtpx:TrackPointExtension>
    </extensions>
   </trkpt>
   <trkpt lat="47.2494960" lon="2.9746600">
    <ele>161.0</ele>
    <time>2024-08-18T14:55:41Z</time>
    <extensions>
     <gpxtpx:TrackPointExtension>
      <gpxtpx:atemp>20</gpxtpx:atemp>
     </gpxtpx:TrackPointExtension>
    </extensions>
   </trkpt>
   <trkpt lat="47.2498430" lon="2.9746840">
    <ele>161.0</ele>
    <time>2024-08-18T14:55:49Z</time>
    <extensions>
     <gpxtpx:TrackPointExtension>
      <gpxtpx:atemp>20</gpxtpx:atemp>
     </gpxtpx:TrackPointExtension>
    </extensions>
   </trkpt>
   <trkpt lat="47.2503610" lon="2.9747300">
    <ele>161.0</ele>
    <time>2024-08-18T14:56:00Z</time>
    <extensions>
     <gpxtpx:TrackPointExtension>
      <gpxtpx:atemp>20</gpxtpx:atemp>
     </gpxtpx:TrackPointExtension>
    </extensions>
   </trkpt>
   <trkpt lat="47.2507920" lon="2.9747620">
    <ele>160.8</ele>
    <time>2024-08-18T14:56:09Z</time>
    <extensions>
     <gpxtpx:TrackPointExtension>
      <gpxtpx:atemp>20</gpxtpx:atemp>
     </gpxtpx:TrackPointExtension>
    </extensions>
   </trkpt>
   <trkpt lat="47.2512070" lon="2.9748010">
    <ele>160.8</ele>
    <time>2024-08-18T14:56:17Z</time>
    <extensions>
     <gpxtpx:TrackPointExtension>
      <gpxtpx:atemp>20</gpxtpx:atemp>
     </gpxtpx:TrackPointExtension>
    </extensions>
   </trkpt>
   <trkpt lat="47.2515000" lon="2.9748230">
    <ele>160.8</ele>
    <time>2024-08-18T14:56:24Z</time>
    <extensions>
     <gpxtpx:TrackPointExtension>
      <gpxtpx:atemp>20</gpxtpx:atemp>
     </gpxtpx:TrackPointExtension>
    </extensions>
   </trkpt>
   <trkpt lat="47.2519360" lon="2.9748460">
    <ele>161.0</ele>
    <time>2024-08-18T14:56:32Z</time>
    <extensions>
     <gpxtpx:TrackPointExtension>
      <gpxtpx:atemp>20</gpxtpx:atemp>
     </gpxtpx:TrackPointExtension>
    </extensions>
   </trkpt>
   <trkpt lat="47.2523520" lon="2.9748280">
    <ele>161.0</ele>
    <time>2024-08-18T14:56:41Z</time>
    <extensions>
     <gpxtpx:TrackPointExtension>
      <gpxtpx:atemp>20</gpxtpx:atemp>
     </gpxtpx:TrackPointExtension>
    </extensions>
   </trkpt>
   <trkpt lat="47.2526810" lon="2.9748180">
    <ele>161.0</ele>
    <time>2024-08-18T14:56:49Z</time>
    <extensions>
     <gpxtpx:TrackPointExtension>
      <gpxtpx:atemp>20</gpxtpx:atemp>
     </gpxtpx:TrackPointExtension>
    </extensions>
   </trkpt>
   <trkpt lat="47.2531540" lon="2.9748050">
    <ele>160.8</ele>
    <time>2024-08-18T14:56:58Z</time>
    <extensions>
     <gpxtpx:TrackPointExtension>
      <gpxtpx:atemp>20</gpxtpx:atemp>
     </gpxtpx:TrackPointExtension>
    </extensions>
   </trkpt>
   <trkpt lat="47.2534920" lon="2.9747790">
    <ele>160.8</ele>
    <time>2024-08-18T14:57:05Z</time>
    <extensions>
     <gpxtpx:TrackPointExtension>
      <gpxtpx:atemp>20</gpxtpx:atemp>
     </gpxtpx:TrackPointExtension>
    </extensions>
   </trkpt>
   <trkpt lat="47.2540330" lon="2.9747310">
    <ele>160.6</ele>
    <time>2024-08-18T14:57:16Z</time>
    <extensions>
     <gpxtpx:TrackPointExtension>
      <gpxtpx:atemp>20</gpxtpx:atemp>
     </gpxtpx:TrackPointExtension>
    </extensions>
   </trkpt>
   <trkpt lat="47.2544300" lon="2.9746690">
    <ele>161.0</ele>
    <time>2024-08-18T14:57:25Z</time>
    <extensions>
     <gpxtpx:TrackPointExtension>
      <gpxtpx:atemp>20</gpxtpx:atemp>
     </gpxtpx:TrackPointExtension>
    </extensions>
   </trkpt>
   <trkpt lat="47.2548220" lon="2.9746040">
    <ele>160.6</ele>
    <time>2024-08-18T14:57:32Z</time>
    <extensions>
     <gpxtpx:TrackPointExtension>
      <gpxtpx:atemp>20</gpxtpx:atemp>
     </gpxtpx:TrackPointExtension>
    </extensions>
   </trkpt>
   <trkpt lat="47.2552860" lon="2.9745140">
    <ele>160.6</ele>
    <time>2024-08-18T14:57:42Z</time>
    <extensions>
     <gpxtpx:TrackPointExtension>
      <gpxtpx:atemp>20</gpxtpx:atemp>
     </gpxtpx:TrackPointExtension>
    </extensions>
   </trkpt>
   <trkpt lat="47.2558320" lon="2.9743690">
    <ele>160.8</ele>
    <time>2024-08-18T14:57:54Z</time>
    <extensions>
     <gpxtpx:TrackPointExtension>
      <gpxtpx:atemp>20</gpxtpx:atemp>
     </gpxtpx:TrackPointExtension>
    </extensions>
   </trkpt>
   <trkpt lat="47.2559240" lon="2.9743430">
    <ele>160.8</ele>
    <time>2024-08-18T14:57:56Z</time>
    <extensions>
     <gpxtpx:TrackPointExtension>
      <gpxtpx:atemp>20</gpxtpx:atemp>
     </gpxtpx:TrackPointExtension>
    </extensions>
   </trkpt>
   <trkpt lat="47.2564520" lon="2.9741740">
    <ele>160.8</ele>
    <time>2024-08-18T14:58:08Z</time>
    <extensions>
     <gpxtpx:TrackPointExtension>
      <gpxtpx:atemp>20</gpxtpx:atemp>
     </gpxtpx:TrackPointExtension>
    </extensions>
   </trkpt>
   <trkpt lat="47.2570040" lon="2.9739770">
    <ele>160.4</ele>
    <time>2024-08-18T14:58:20Z</time>
    <extensions>
     <gpxtpx:TrackPointExtension>
      <gpxtpx:atemp>20</gpxtpx:atemp>
     </gpxtpx:TrackPointExtension>
    </extensions>
   </trkpt>
   <trkpt lat="47.2574520" lon="2.9738090">
    <ele>160.4</ele>
    <time>2024-08-18T14:58:30Z</time>
    <extensions>
     <gpxtpx:TrackPointExtension>
      <gpxtpx:atemp>20</gpxtpx:atemp>
     </gpxtpx:TrackPointExtension>
    </extensions>
   </trkpt>
   <trkpt lat="47.2578920" lon="2.9736330">
    <ele>160.6</ele>
    <time>2024-08-18T14:58:40Z</time>
    <extensions>
     <gpxtpx:TrackPointExtension>
      <gpxtpx:atemp>20</gpxtpx:atemp>
     </gpxtpx:TrackPointExtension>
    </extensions>
   </trkpt>
   <trkpt lat="47.2582340" lon="2.9734780">
    <ele>160.4</ele>
    <time>2024-08-18T14:58:48Z</time>
    <extensions>
     <gpxtpx:TrackPointExtension>
      <gpxtpx:atemp>20</gpxtpx:atemp>
     </gpxtpx:TrackPointExtension>
    </extensions>
   </trkpt>
   <trkpt lat="47.2586640" lon="2.9732670">
    <ele>160.4</ele>
    <time>2024-08-18T14:58:58Z</time>
    <extensions>
     <gpxtpx:TrackPointExtension>
      <gpxtpx:atemp>20</gpxtpx:atemp>
     </gpxtpx:TrackPointExtension>
    </extensions>
   </trkpt>
   <trkpt lat="47.2590050" lon="2.9730850">
    <ele>160.6</ele>
    <time>2024-08-18T14:59:06Z</time>
    <extensions>
     <gpxtpx:TrackPointExtension>
      <gpxtpx:atemp>20</gpxtpx:atemp>
     </gpxtpx:TrackPointExtension>
    </extensions>
   </trkpt>
   <trkpt lat="47.2593580" lon="2.9728880">
    <ele>160.8</ele>
    <time>2024-08-18T14:59:14Z</time>
    <extensions>
     <gpxtpx:TrackPointExtension>
      <gpxtpx:atemp>20</gpxtpx:atemp>
     </gpxtpx:TrackPointExtension>
    </extensions>
   </trkpt>
   <trkpt lat="47.2597450" lon="2.9726580">
    <ele>160.8</ele>
    <time>2024-08-18T14:59:23Z</time>
    <extensions>
     <gpxtpx:TrackPointExtension>
      <gpxtpx:atemp>20</gpxtpx:atemp>
     </gpxtpx:TrackPointExtension>
    </extensions>
   </trkpt>
   <trkpt lat="47.2601110" lon="2.9724250">
    <ele>161.0</ele>
    <time>2024-08-18T14:59:33Z</time>
    <extensions>
     <gpxtpx:TrackPointExtension>
      <gpxtpx:atemp>21</gpxtpx:atemp>
     </gpxtpx:TrackPointExtension>
    </extensions>
   </trkpt>
   <trkpt lat="47.2604500" lon="2.9721980">
    <ele>160.6</ele>
    <time>2024-08-18T14:59:40Z</time>
    <extensions>
     <gpxtpx:TrackPointExtension>
      <gpxtpx:atemp>21</gpxtpx:atemp>
     </gpxtpx:TrackPointExtension>
    </extensions>
   </trkpt>
   <trkpt lat="47.2608590" lon="2.9719300">
    <ele>160.6</ele>
    <time>2024-08-18T14:59:50Z</time>
    <extensions>
     <gpxtpx:TrackPointExtension>
      <gpxtpx:atemp>21</gpxtpx:atemp>
     </gpxtpx:TrackPointExtension>
    </extensions>
   </trkpt>
   <trkpt lat="47.2611990" lon="2.9717050">
    <ele>160.8</ele>
    <time>2024-08-18T14:59:58Z</time>
    <extensions>
     <gpxtpx:TrackPointExtension>
      <gpxtpx:atemp>21</gpxtpx:atemp>
     </gpxtpx:TrackPointExtension>
    </extensions>
   </trkpt>
   <trkpt lat="47.2614650" lon="2.9714930">
    <ele>160.8</ele>
    <time>2024-08-18T15:00:06Z</time>
    <extensions>
     <gpxtpx:TrackPointExtension>
      <gpxtpx:atemp>21</gpxtpx:atemp>
     </gpxtpx:TrackPointExtension>
    </extensions>
   </trkpt>
   <trkpt lat="47.2617170" lon="2.9712980">
    <ele>160.8</ele>
    <time>2024-08-18T15:00:12Z</time>
    <extensions>
     <gpxtpx:TrackPointExtension>
      <gpxtpx:atemp>21</gpxtpx:atemp>
     </gpxtpx:TrackPointExtension>
    </extensions>
   </trkpt>
   <trkpt lat="47.2620410" lon="2.9710290">
    <ele>160.6</ele>
    <time>2024-08-18T15:00:20Z</time>
    <extensions>
     <gpxtpx:TrackPointExtension>
      <gpxtpx:atemp>21</gpxtpx:atemp>
     </gpxtpx:TrackPointExtension>
    </extensions>
   </trkpt>
   <trkpt lat="47.2624290" lon="2.9706850">
    <ele>160.4</ele>
    <time>2024-08-18T15:00:29Z</time>
    <extensions>
     <gpxtpx:TrackPointExtension>
      <gpxtpx:atemp>21</gpxtpx:atemp>
     </gpxtpx:TrackPointExtension>
    </extensions>
   </trkpt>
   <trkpt lat="47.2626710" lon="2.9704670">
    <ele>160.4</ele>
    <time>2024-08-18T15:00:35Z</time>
    <extensions>
     <gpxtpx:TrackPointExtension>
      <gpxtpx:atemp>21</gpxtpx:atemp>
     </gpxtpx:TrackPointExtension>
    </extensions>
   </trkpt>
   <trkpt lat="47.2627490" lon="2.9703930">
    <ele>160.4</ele>
    <time>2024-08-18T15:00:38Z</time>
    <extensions>
     <gpxtpx:TrackPointExtension>
      <gpxtpx:atemp>21</gpxtpx:atemp>
     </gpxtpx:TrackPointExtension>
    </extensions>
   </trkpt>
   <trkpt lat="47.2630330" lon="2.9701220">
    <ele>160.4</ele>
    <time>2024-08-18T15:00:45Z</time>
    <extensions>
     <gpxtpx:TrackPointExtension>
      <gpxtpx:atemp>21</gpxtpx:atemp>
     </gpxtpx:TrackPointExtension>
    </extensions>
   </trkpt>
   <trkpt lat="47.2634030" lon="2.9697700">
    <ele>160.0</ele>
    <time>2024-08-18T15:00:54Z</time>
    <extensions>
     <gpxtpx:TrackPointExtension>
      <gpxtpx:atemp>21</gpxtpx:atemp>
     </gpxtpx:TrackPointExtension>
    </extensions>
   </trkpt>
   <trkpt lat="47.2637350" lon="2.9694500">
    <ele>160.0</ele>
    <time>2024-08-18T15:01:02Z</time>
    <extensions>
     <gpxtpx:TrackPointExtension>
      <gpxtpx:atemp>21</gpxtpx:atemp>
     </gpxtpx:TrackPointExtension>
    </extensions>
   </trkpt>
   <trkpt lat="47.2638880" lon="2.9692830">
    <ele>159.8</ele>
    <time>2024-08-18T15:01:06Z</time>
    <extensions>
     <gpxtpx:TrackPointExtension>
      <gpxtpx:atemp>21</gpxtpx:atemp>
     </gpxtpx:TrackPointExtension>
    </extensions>
   </trkpt>
   <trkpt lat="47.2641100" lon="2.9690340">
    <ele>159.8</ele>
    <time>2024-08-18T15:01:11Z</time>
    <extensions>
     <gpxtpx:TrackPointExtension>
      <gpxtpx:atemp>21</gpxtpx:atemp>
     </gpxtpx:TrackPointExtension>
    </extensions>
   </trkpt>
   <trkpt lat="47.2644220" lon="2.9686660">
    <ele>159.8</ele>
    <time>2024-08-18T15:01:21Z</time>
    <extensions>
     <gpxtpx:TrackPointExtension>
      <gpxtpx:atemp>21</gpxtpx:atemp>
     </gpxtpx:TrackPointExtension>
    </extensions>
   </trkpt>
   <trkpt lat="47.2647520" lon="2.9682780">
    <ele>159.6</ele>
    <time>2024-08-18T15:01:29Z</time>
    <extensions>
     <gpxtpx:TrackPointExtension>
      <gpxtpx:atemp>21</gpxtpx:atemp>
     </gpxtpx:TrackPointExtension>
    </extensions>
   </trkpt>
   <trkpt lat="47.2649330" lon="2.9680640">
    <ele>159.6</ele>
    <time>2024-08-18T15:01:34Z</time>
    <extensions>
     <gpxtpx:TrackPointExtension>
      <gpxtpx:atemp>21</gpxtpx:atemp>
     </gpxtpx:TrackPointExtension>
    </extensions>
   </trkpt>
   <trkpt lat="47.2650780" lon="2.9678790">
    <ele>159.6</ele>
    <time>2024-08-18T15:01:38Z</time>
    <extensions>
     <gpxtpx:TrackPointExtension>
      <gpxtpx:atemp>21</gpxtpx:atemp>
     </gpxtpx:TrackPointExtension>
    </extensions>
   </trkpt>
   <trkpt lat="47.2654350" lon="2.9674120">
    <ele>159.6</ele>
    <time>2024-08-18T15:01:48Z</time>
    <extensions>
     <gpxtpx:TrackPointExtension>
      <gpxtpx:atemp>21</gpxtpx:atemp>
     </gpxtpx:TrackPointExtension>
    </extensions>
   </trkpt>
   <trkpt lat="47.2658590" lon="2.9668310">
    <ele>159.4</ele>
    <time>2024-08-18T15:02:00Z</time>
    <extensions>
     <gpxtpx:TrackPointExtension>
      <gpxtpx:atemp>21</gpxtpx:atemp>
     </gpxtpx:TrackPointExtension>
    </extensions>
   </trkpt>
   <trkpt lat="47.2661840" lon="2.9663710">
    <ele>159.8</ele>
    <time>2024-08-18T15:02:10Z</time>
    <extensions>
     <gpxtpx:TrackPointExtension>
      <gpxtpx:atemp>21</gpxtpx:atemp>
     </gpxtpx:TrackPointExtension>
    </extensions>
   </trkpt>
   <trkpt lat="47.2665210" lon="2.9658990">
    <ele>159.6</ele>
    <time>2024-08-18T15:02:20Z</time>
    <extensions>
     <gpxtpx:TrackPointExtension>
      <gpxtpx:atemp>21</gpxtpx:atemp>
     </gpxtpx:TrackPointExtension>
    </extensions>
   </trkpt>
   <trkpt lat="47.2668460" lon="2.9654470">
    <ele>160.0</ele>
    <time>2024-08-18T15:02:31Z</time>
    <extensions>
     <gpxtpx:TrackPointExtension>
      <gpxtpx:atemp>21</gpxtpx:atemp>
     </gpxtpx:TrackPointExtension>
    </extensions>
   </trkpt>
   <trkpt lat="47.2672150" lon="2.9649320">
    <ele>159.8</ele>
    <time>2024-08-18T15:02:41Z</time>
    <extensions>
     <gpxtpx:TrackPointExtension>
      <gpxtpx:atemp>21</gpxtpx:atemp>
     </gpxtpx:TrackPointExtension>
    </extensions>
   </trkpt>
   <trkpt lat="47.2675130" lon="2.9645170">
    <ele>159.8</ele>
    <time>2024-08-18T15:02:51Z</time>
    <extensions>
     <gpxtpx:TrackPointExtension>
      <gpxtpx:atemp>21</gpxtpx:atemp>
     </gpxtpx:TrackPointExtension>
    </extensions>
   </trkpt>
   <trkpt lat="47.2678400" lon="2.9640680">
    <ele>159.8</ele>
    <time>2024-08-18T15:03:01Z</time>
    <extensions>
     <gpxtpx:TrackPointExtension>
      <gpxtpx:atemp>21</gpxtpx:atemp>
     </gpxtpx:TrackPointExtension>
    </extensions>
   </trkpt>
   <trkpt lat="47.2682380" lon="2.9635240">
    <ele>159.6</ele>
    <time>2024-08-18T15:03:12Z</time>
    <extensions>
     <gpxtpx:TrackPointExtension>
      <gpxtpx:atemp>21</gpxtpx:atemp>
     </gpxtpx:TrackPointExtension>
    </extensions>
   </trkpt>
   <trkpt lat="47.2686920" lon="2.9628990">
    <ele>160.0</ele>
    <time>2024-08-18T15:03:26Z</time>
    <extensions>
     <gpxtpx:TrackPointExtension>
      <gpxtpx:atemp>21</gpxtpx:atemp>
     </gpxtpx:TrackPointExtension>
    </extensions>
   </trkpt>
   <trkpt lat="47.2690750" lon="2.9623640">
    <ele>159.8</ele>
    <time>2024-08-18T15:03:39Z</time>
    <extensions>
     <gpxtpx:TrackPointExtension>
      <gpxtpx:atemp>21</gpxtpx:atemp>
     </gpxtpx:TrackPointExtension>
    </extensions>
   </trkpt>
   <trkpt lat="47.2695260" lon="2.9617590">
    <ele>159.8</ele>
    <time>2024-08-18T15:03:52Z</time>
    <extensions>
     <gpxtpx:TrackPointExtension>
      <gpxtpx:atemp>21</gpxtpx:atemp>
     </gpxtpx:TrackPointExtension>
    </extensions>
   </trkpt>
   <trkpt lat="47.2698450" lon="2.9613130">
    <ele>159.8</ele>
    <time>2024-08-18T15:04:03Z</time>
    <extensions>
     <gpxtpx:TrackPointExtension>
      <gpxtpx:atemp>21</gpxtpx:atemp>
     </gpxtpx:TrackPointExtension>
    </extensions>
   </trkpt>
   <trkpt lat="47.2702940" lon="2.9606800">
    <ele>159.8</ele>
    <time>2024-08-18T15:04:16Z</time>
    <extensions>
     <gpxtpx:TrackPointExtension>
      <gpxtpx:atemp>21</gpxtpx:atemp>
     </gpxtpx:TrackPointExtension>
    </extensions>
   </trkpt>
   <trkpt lat="47.2706100" lon="2.9602420">
    <ele>160.0</ele>
    <time>2024-08-18T15:04:27Z</time>
    <extensions>
     <gpxtpx:TrackPointExtension>
      <gpxtpx:atemp>21</gpxtpx:atemp>
     </gpxtpx:TrackPointExtension>
    </extensions>
   </trkpt>
   <trkpt lat="47.2709300" lon="2.9598000">
    <ele>159.6</ele>
    <time>2024-08-18T15:04:37Z</time>
    <extensions>
     <gpxtpx:TrackPointExtension>
      <gpxtpx:atemp>20</gpxtpx:atemp>
     </gpxtpx:TrackPointExtension>
    </extensions>
   </trkpt>
   <trkpt lat="47.2713000" lon="2.9592900">
    <ele>160.0</ele>
    <time>2024-08-18T15:04:48Z</time>
    <extensions>
     <gpxtpx:TrackPointExtension>
      <gpxtpx:atemp>20</gpxtpx:atemp>
     </gpxtpx:TrackPointExtension>
    </extensions>
   </trkpt>
   <trkpt lat="47.2716540" lon="2.9587970">
    <ele>159.4</ele>
    <time>2024-08-18T15:05:01Z</time>
    <extensions>
     <gpxtpx:TrackPointExtension>
      <gpxtpx:atemp>20</gpxtpx:atemp>
     </gpxtpx:TrackPointExtension>
    </extensions>
   </trkpt>
   <trkpt lat="47.2719890" lon="2.9583310">
    <ele>159.8</ele>
    <time>2024-08-18T15:05:11Z</time>
    <extensions>
     <gpxtpx:TrackPointExtension>
      <gpxtpx:atemp>20</gpxtpx:atemp>
     </gpxtpx:TrackPointExtension>
    </extensions>
   </trkpt>
   <trkpt lat="47.2723910" lon="2.9577760">
    <ele>159.8</ele>
    <time>2024-08-18T15:05:24Z</time>
    <extensions>
     <gpxtpx:TrackPointExtension>
      <gpxtpx:atemp>20</gpxtpx:atemp>
     </gpxtpx:TrackPointExtension>
    </extensions>
   </trkpt>
   <trkpt lat="47.2724560" lon="2.9576880">
    <ele>159.8</ele>
    <time>2024-08-18T15:05:26Z</time>
    <extensions>
     <gpxtpx:TrackPointExtension>
      <gpxtpx:atemp>20</gpxtpx:atemp>
     </gpxtpx:TrackPointExtension>
    </extensions>
   </trkpt>
   <trkpt lat="47.2727680" lon="2.9572490">
    <ele>159.4</ele>
    <time>2024-08-18T15:05:37Z</time>
    <extensions>
     <gpxtpx:TrackPointExtension>
      <gpxtpx:atemp>20</gpxtpx:atemp>
     </gpxtpx:TrackPointExtension>
    </extensions>
   </trkpt>
   <trkpt lat="47.2732140" lon="2.9566220">
    <ele>159.2</ele>
    <time>2024-08-18T15:05:50Z</time>
    <extensions>
     <gpxtpx:TrackPointExtension>
      <gpxtpx:atemp>20</gpxtpx:atemp>
     </gpxtpx:TrackPointExtension>
    </extensions>
   </trkpt>
   <trkpt lat="47.2732420" lon="2.9565680">
    <ele>159.2</ele>
    <time>2024-08-18T15:05:51Z</time>
    <extensions>
     <gpxtpx:TrackPointExtension>
      <gpxtpx:atemp>20</gpxtpx:atemp>
     </gpxtpx:TrackPointExtension>
    </extensions>
   </trkpt>
   <trkpt lat="47.2733050" lon="2.9563810">
    <ele>159.0</ele>
    <time>2024-08-18T15:05:55Z</time>
    <extensions>
     <gpxtpx:TrackPointExtension>
      <gpxtpx:atemp>20</gpxtpx:atemp>
     </gpxtpx:TrackPointExtension>
    </extensions>
   </trkpt>
   <trkpt lat="47.2733180" lon="2.9562450">
    <ele>159.0</ele>
    <time>2024-08-18T15:05:56Z</time>
    <extensions>
     <gpxtpx:TrackPointExtension>
      <gpxtpx:atemp>20</gpxtpx:atemp>
     </gpxtpx:TrackPointExtension>
    </extensions>
   </trkpt>
   <trkpt lat="47.2733040" lon="2.9561060">
    <ele>159.0</ele>
    <time>2024-08-18T15:05:58Z</time>
    <extensions>
     <gpxtpx:TrackPointExtension>
      <gpxtpx:atemp>20</gpxtpx:atemp>
     </gpxtpx:TrackPointExtension>
    </extensions>
   </trkpt>
   <trkpt lat="47.2732690" lon="2.9559710">
    <ele>159.2</ele>
    <time>2024-08-18T15:06:00Z</time>
    <extensions>
     <gpxtpx:TrackPointExtension>
      <gpxtpx:atemp>20</gpxtpx:atemp>
     </gpxtpx:TrackPointExtension>
    </extensions>
   </trkpt>
   <trkpt lat="47.2731920" lon="2.9557120">
    <ele>159.2</ele>
    <time>2024-08-18T15:06:04Z</time>
    <extensions>
     <gpxtpx:TrackPointExtension>
      <gpxtpx:atemp>20</gpxtpx:atemp>
     </gpxtpx:TrackPointExtension>
    </extensions>
   </trkpt>
   <trkpt lat="47.2730430" lon="2.9552190">
    <ele>159.0</ele>
    <time>2024-08-18T15:06:12Z</time>
    <extensions>
     <gpxtpx:TrackPointExtension>
      <gpxtpx:atemp>20</gpxtpx:atemp>
     </gpxtpx:TrackPointExtension>
    </extensions>
   </trkpt>
   <trkpt lat="47.2729410" lon="2.9548420">
    <ele>158.8</ele>
    <time>2024-08-18T15:06:19Z</time>
    <extensions>
     <gpxtpx:TrackPointExtension>
      <gpxtpx:atemp>20</gpxtpx:atemp>
     </gpxtpx:TrackPointExtension>
    </extensions>
   </trkpt>
   <trkpt lat="47.2729140" lon="2.9547150">
    <ele>158.8</ele>
    <time>2024-08-18T15:06:21Z</time>
    <extensions>
     <gpxtpx:TrackPointExtension>
      <gpxtpx:atemp>20</gpxtpx:atemp>
     </gpxtpx:TrackPointExtension>
    </extensions>
   </trkpt>
   <trkpt lat="47.2728460" lon="2.9543290">
    <ele>158.8</ele>
    <time>2024-08-18T15:06:26Z</time>
    <extensions>
     <gpxtpx:TrackPointExtension>
      <gpxtpx:atemp>20</gpxtpx:atemp>
     </gpxtpx:TrackPointExtension>
    </extensions>
   </trkpt>
   <trkpt lat="47.2728170" lon="2.9541370">
    <ele>158.6</ele>
    <time>2024-08-18T15:06:29Z</time>
    <extensions>
     <gpxtpx:TrackPointExtension>
      <gpxtpx:atemp>20</gpxtpx:atemp>
     </gpxtpx:TrackPointExtension>
    </extensions>
   </trkpt>
   <trkpt lat="47.2727620" lon="2.9535260">
    <ele>158.4</ele>
    <time>2024-08-18T15:06:38Z</time>
    <extensions>
     <gpxtpx:TrackPointExtension>
      <gpxtpx:atemp>20</gpxtpx:atemp>
     </gpxtpx:TrackPointExtension>
    </extensions>
   </trkpt>
   <trkpt lat="47.2727920" lon="2.9529200">
    <ele>158.2</ele>
    <time>2024-08-18T15:06:47Z</time>
    <extensions>
     <gpxtpx:TrackPointExtension>
      <gpxtpx:atemp>20</gpxtpx:atemp>
     </gpxtpx:TrackPointExtension>
    </extensions>
   </trkpt>
   <trkpt lat="47.2728480" lon="2.9526040">
    <ele>158.0</ele>
    <time>2024-08-18T15:06:52Z</time>
    <extensions>
     <gpxtpx:TrackPointExtension>
      <gpxtpx:atemp>20</gpxtpx:atemp>
     </gpxtpx:TrackPointExtension>
    </extensions>
   </trkpt>
   <trkpt lat="47.2728860" lon="2.9524820">
    <ele>157.8</ele>
    <time>2024-08-18T15:06:55Z</time>
    <extensions>
     <gpxtpx:TrackPointExtension>
      <gpxtpx:atemp>20</gpxtpx:atemp>
     </gpxtpx:TrackPointExtension>
    </extensions>
   </trkpt>
   <trkpt lat="47.2729670" lon="2.9522310">
    <ele>157.8</ele>
    <time>2024-08-18T15:06:58Z</time>
    <extensions>
     <gpxtpx:TrackPointExtension>
      <gpxtpx:atemp>20</gpxtpx:atemp>
     </gpxtpx:TrackPointExtension>
    </extensions>
   </trkpt>
   <trkpt lat="47.2730000" lon="2.9519490">
    <ele>157.8</ele>
    <time>2024-08-18T15:07:02Z</time>
    <extensions>
     <gpxtpx:TrackPointExtension>
      <gpxtpx:atemp>20</gpxtpx:atemp>
     </gpxtpx:TrackPointExtension>
    </extensions>
   </trkpt>
   <trkpt lat="47.2729760" lon="2.9518140">
    <ele>157.8</ele>
    <time>2024-08-18T15:07:04Z</time>
    <extensions>
     <gpxtpx:TrackPointExtension>
      <gpxtpx:atemp>20</gpxtpx:atemp>
     </gpxtpx:TrackPointExtension>
    </extensions>
   </trkpt>
   <trkpt lat="47.2729250" lon="2.9517020">
    <ele>157.8</ele>
    <time>2024-08-18T15:07:06Z</time>
    <extensions>
     <gpxtpx:TrackPointExtension>
      <gpxtpx:atemp>20</gpxtpx:atemp>
     </gpxtpx:TrackPointExtension>
    </extensions>
   </trkpt>
   <trkpt lat="47.2728540" lon="2.9516050">
    <ele>157.8</ele>
    <time>2024-08-18T15:07:08Z</time>
    <extensions>
     <gpxtpx:TrackPointExtension>
      <gpxtpx:atemp>20</gpxtpx:atemp>
     </gpxtpx:TrackPointExtension>
    </extensions>
   </trkpt>
   <trkpt lat="47.2727760" lon="2.9515160">
    <ele>158.0</ele>
    <time>2024-08-18T15:07:10Z</time>
    <extensions>
     <gpxtpx:TrackPointExtension>
      <gpxtpx:atemp>20</gpxtpx:atemp>
     </gpxtpx:TrackPointExtension>
    </extensions>
   </trkpt>
   <trkpt lat="47.2726950" lon="2.9514340">
    <ele>158.0</ele>
    <time>2024-08-18T15:07:12Z</time>
    <extensions>
     <gpxtpx:TrackPointExtension>
      <gpxtpx:atemp>20</gpxtpx:atemp>
     </gpxtpx:TrackPointExtension>
    </extensions>
   </trkpt>
   <trkpt lat="47.2726950" lon="2.9514340">
    <ele>157.8</ele>
    <time>2024-08-18T15:07:13Z</time>
    <extensions>
     <gpxtpx:TrackPointExtension>
      <gpxtpx:atemp>20</gpxtpx:atemp>
     </gpxtpx:TrackPointExtension>
    </extensions>
   </trkpt>
   <trkpt lat="47.2723320" lon="2.9510610">
    <ele>157.6</ele>
    <time>2024-08-18T15:07:21Z</time>
    <extensions>
     <gpxtpx:TrackPointExtension>
      <gpxtpx:atemp>20</gpxtpx:atemp>
     </gpxtpx:TrackPointExtension>
    </extensions>
   </trkpt>
   <trkpt lat="47.2719820" lon="2.9507520">
    <ele>157.2</ele>
    <time>2024-08-18T15:07:29Z</time>
    <extensions>
     <gpxtpx:TrackPointExtension>
      <gpxtpx:atemp>20</gpxtpx:atemp>
     </gpxtpx:TrackPointExtension>
    </extensions>
   </trkpt>
   <trkpt lat="47.2718070" lon="2.9505920">
    <ele>156.8</ele>
    <time>2024-08-18T15:07:34Z</time>
    <extensions>
     <gpxtpx:TrackPointExtension>
      <gpxtpx:atemp>20</gpxtpx:atemp>
     </gpxtpx:TrackPointExtension>
    </extensions>
   </trkpt>
   <trkpt lat="47.2717880" lon="2.9505570">
    <ele>156.8</ele>
    <time>2024-08-18T15:07:35Z</time>
    <extensions>
     <gpxtpx:TrackPointExtension>
      <gpxtpx:atemp>20</gpxtpx:atemp>
     </gpxtpx:TrackPointExtension>
    </extensions>
   </trkpt>
   <trkpt lat="47.2718100" lon="2.9504580">
    <ele>156.8</ele>
    <time>2024-08-18T15:07:38Z</time>
    <extensions>
     <gpxtpx:TrackPointExtension>
      <gpxtpx:atemp>20</gpxtpx:atemp>
     </gpxtpx:TrackPointExtension>
    </extensions>
   </trkpt>
   <trkpt lat="47.2719320" lon="2.9503770">
    <ele>157.0</ele>
    <time>2024-08-18T15:07:43Z</time>
    <extensions>
     <gpxtpx:TrackPointExtension>
      <gpxtpx:atemp>20</gpxtpx:atemp>
     </gpxtpx:TrackPointExtension>
    </extensions>
   </trkpt>
   <trkpt lat="47.2722930" lon="2.9501330">
    <ele>157.0</ele>
    <time>2024-08-18T15:07:52Z</time>
    <extensions>
     <gpxtpx:TrackPointExtension>
      <gpxtpx:atemp>20</gpxtpx:atemp>
     </gpxtpx:TrackPointExtension>
    </extensions>
   </trkpt>
   <trkpt lat="47.2725890" lon="2.9498670">
    <ele>157.2</ele>
    <time>2024-08-18T15:08:01Z</time>
    <extensions>
     <gpxtpx:TrackPointExtension>
      <gpxtpx:atemp>20</gpxtpx:atemp>
     </gpxtpx:TrackPointExtension>
    </extensions>
   </trkpt>
   <trkpt lat="47.2728620" lon="2.9496010">
    <ele>157.2</ele>
    <time>2024-08-18T15:08:08Z</time>
    <extensions>
     <gpxtpx:TrackPointExtension>
      <gpxtpx:atemp>20</gpxtpx:atemp>
     </gpxtpx:TrackPointExtension>
    </extensions>
   </trkpt>
   <trkpt lat="47.2730850" lon="2.9493260">
    <ele>157.0</ele>
    <time>2024-08-18T15:08:15Z</time>
    <extensions>
     <gpxtpx:TrackPointExtension>
      <gpxtpx:atemp>20</gpxtpx:atemp>
     </gpxtpx:TrackPointExtension>
    </extensions>
   </trkpt>
   <trkpt lat="47.2732750" lon="2.9490690">
    <ele>156.8</ele>
    <time>2024-08-18T15:08:21Z</time>
    <extensions>
     <gpxtpx:TrackPointExtension>
      <gpxtpx:atemp>20</gpxtpx:atemp>
     </gpxtpx:TrackPointExtension>
    </extensions>
   </trkpt>
   <trkpt lat="47.2734770" lon="2.9487390">
    <ele>157.2</ele>
    <time>2024-08-18T15:08:28Z</time>
    <extensions>
     <gpxtpx:TrackPointExtension>
      <gpxtpx:atemp>20</gpxtpx:atemp>
     </gpxtpx:TrackPointExtension>
    </extensions>
   </trkpt>
   <trkpt lat="47.2735080" lon="2.9486920">
    <ele>157.2</ele>
    <time>2024-08-18T15:08:29Z</time>
    <extensions>
     <gpxtpx:TrackPointExtension>
      <gpxtpx:atemp>20</gpxtpx:atemp>
     </gpxtpx:TrackPointExtension>
    </extensions>
   </trkpt>
   <trkpt lat="47.2736180" lon="2.9484920">
    <ele>157.0</ele>
    <time>2024-08-18T15:08:33Z</time>
    <extensions>
     <gpxtpx:TrackPointExtension>
      <gpxtpx:atemp>20</gpxtpx:atemp>
     </gpxtpx:TrackPointExtension>
    </extensions>
   </trkpt>
   <trkpt lat="47.2736650" lon="2.9483930">
    <ele>157.0</ele>
    <time>2024-08-18T15:08:35Z</time>
    <extensions>
     <gpxtpx:TrackPointExtension>
      <gpxtpx:atemp>20</gpxtpx:atemp>
     </gpxtpx:TrackPointExtension>
    </extensions>
   </trkpt>
   <trkpt lat="47.2737720" lon="2.9481520">
    <ele>156.2</ele>
    <time>2024-08-18T15:08:41Z</time>
    <extensions>
     <gpxtpx:TrackPointExtension>
      <gpxtpx:atemp>20</gpxtpx:atemp>
     </gpxtpx:TrackPointExtension>
    </extensions>
   </trkpt>
   <trkpt lat="47.2737990" lon="2.9481330">
    <ele>156.2</ele>
    <time>2024-08-18T15:08:42Z</time>
    <extensions>
     <gpxtpx:TrackPointExtension>
      <gpxtpx:atemp>20</gpxtpx:atemp>
     </gpxtpx:TrackPointExtension>
    </extensions>
   </trkpt>
   <trkpt lat="47.2738540" lon="2.9481570">
    <ele>156.2</ele>
    <time>2024-08-18T15:08:44Z</time>
    <extensions>
     <gpxtpx:TrackPointExtension>
      <gpxtpx:atemp>20</gpxtpx:atemp>
     </gpxtpx:TrackPointExtension>
    </extensions>
   </trkpt>
   <trkpt lat="47.2740060" lon="2.9483870">
    <ele>156.0</ele>
    <time>2024-08-18T15:08:49Z</time>
    <extensions>
     <gpxtpx:TrackPointExtension>
      <gpxtpx:atemp>19</gpxtpx:atemp>
     </gpxtpx:TrackPointExtension>
    </extensions>
   </trkpt>
   <trkpt lat="47.2741590" lon="2.9486130">
    <ele>155.6</ele>
    <time>2024-08-18T15:08:53Z</time>
    <extensions>
     <gpxtpx:TrackPointExtension>
      <gpxtpx:atemp>19</gpxtpx:atemp>
     </gpxtpx:TrackPointExtension>
    </extensions>
   </trkpt>
   <trkpt lat="47.2742410" lon="2.9487280">
    <ele>155.2</ele>
    <time>2024-08-18T15:08:55Z</time>
    <extensions>
     <gpxtpx:TrackPointExtension>
      <gpxtpx:atemp>19</gpxtpx:atemp>
     </gpxtpx:TrackPointExtension>
    </extensions>
   </trkpt>
   <trkpt lat="47.2744720" lon="2.9490860">
    <ele>154.8</ele>
    <time>2024-08-18T15:09:01Z</time>
    <extensions>
     <gpxtpx:TrackPointExtension>
      <gpxtpx:atemp>19</gpxtpx:atemp>
     </gpxtpx:TrackPointExtension>
    </extensions>
   </trkpt>
   <trkpt lat="47.2747220" lon="2.9494660">
    <ele>154.8</ele>
    <time>2024-08-18T15:09:08Z</time>
    <extensions>
     <gpxtpx:TrackPointExtension>
      <gpxtpx:atemp>19</gpxtpx:atemp>
     </gpxtpx:TrackPointExtension>
    </extensions>
   </trkpt>
   <trkpt lat="47.2750200" lon="2.9499230">
    <ele>154.6</ele>
    <time>2024-08-18T15:09:17Z</time>
    <extensions>
     <gpxtpx:TrackPointExtension>
      <gpxtpx:atemp>19</gpxtpx:atemp>
     </gpxtpx:TrackPointExtension>
    </extensions>
   </trkpt>
   <trkpt lat="47.2750520" lon="2.9499730">
    <ele>154.4</ele>
    <time>2024-08-18T15:09:18Z</time>
    <extensions>
     <gpxtpx:TrackPointExtension>
      <gpxtpx:atemp>19</gpxtpx:atemp>
     </gpxtpx:TrackPointExtension>
    </extensions>
   </trkpt>
   <trkpt lat="47.2752530" lon="2.9502560">
    <ele>154.6</ele>
    <time>2024-08-18T15:09:24Z</time>
    <extensions>
     <gpxtpx:TrackPointExtension>
      <gpxtpx:atemp>19</gpxtpx:atemp>
     </gpxtpx:TrackPointExtension>
    </extensions>
   </trkpt>
   <trkpt lat="47.2755040" lon="2.9506320">
    <ele>154.4</ele>
    <time>2024-08-18T15:09:32Z</time>
    <extensions>
     <gpxtpx:TrackPointExtension>
      <gpxtpx:atemp>19</gpxtpx:atemp>
     </gpxtpx:TrackPointExtension>
    </extensions>
   </trkpt>
   <trkpt lat="47.2757650" lon="2.9510110">
    <ele>154.2</ele>
    <time>2024-08-18T15:09:40Z</time>
    <extensions>
     <gpxtpx:TrackPointExtension>
      <gpxtpx:atemp>19</gpxtpx:atemp>
     </gpxtpx:TrackPointExtension>
    </extensions>
   </trkpt>
   <trkpt lat="47.2760300" lon="2.9513910">
    <ele>154.4</ele>
    <time>2024-08-18T15:09:48Z</time>
    <extensions>
     <gpxtpx:TrackPointExtension>
      <gpxtpx:atemp>19</gpxtpx:atemp>
     </gpxtpx:TrackPointExtension>
    </extensions>
   </trkpt>
   <trkpt lat="47.2761260" lon="2.9515400">
    <ele>154.4</ele>
    <time>2024-08-18T15:09:51Z</time>
    <extensions>
     <gpxtpx:TrackPointExtension>
      <gpxtpx:atemp>19</gpxtpx:atemp>
     </gpxtpx:TrackPointExtension>
    </extensions>
   </trkpt>
   <trkpt lat="47.2762280" lon="2.9516830">
    <ele>154.6</ele>
    <time>2024-08-18T15:09:54Z</time>
    <extensions>
     <gpxtpx:TrackPointExtension>
      <gpxtpx:atemp>19</gpxtpx:atemp>
     </gpxtpx:TrackPointExtension>
    </extensions>
   </trkpt>
   <trkpt lat="47.2764620" lon="2.9520190">
    <ele>154.6</ele>
    <time>2024-08-18T15:10:01Z</time>
    <extensions>
     <gpxtpx:TrackPointExtension>
      <gpxtpx:atemp>19</gpxtpx:atemp>
     </gpxtpx:TrackPointExtension>
    </extensions>
   </trkpt>
   <trkpt lat="47.2766920" lon="2.9523640">
    <ele>154.6</ele>
    <time>2024-08-18T15:10:08Z</time>
    <extensions>
     <gpxtpx:TrackPointExtension>
      <gpxtpx:atemp>19</gpxtpx:atemp>
     </gpxtpx:TrackPointExtension>
    </extensions>
   </trkpt>
   <trkpt lat="47.2769500" lon="2.9527380">
    <ele>154.4</ele>
    <time>2024-08-18T15:10:16Z</time>
    <extensions>
     <gpxtpx:TrackPointExtension>
      <gpxtpx:atemp>19</gpxtpx:atemp>
     </gpxtpx:TrackPointExtension>
    </extensions>
   </trkpt>
   <trkpt lat="47.2771450" lon="2.9530180">
    <ele>154.6</ele>
    <time>2024-08-18T15:10:22Z</time>
    <extensions>
     <gpxtpx:TrackPointExtension>
      <gpxtpx:atemp>19</gpxtpx:atemp>
     </gpxtpx:TrackPointExtension>
    </extensions>
   </trkpt>
   <trkpt lat="47.2773410" lon="2.9533080">
    <ele>155.2</ele>
    <time>2024-08-18T15:10:29Z</time>
    <extensions>
     <gpxtpx:TrackPointExtension>
      <gpxtpx:atemp>19</gpxtpx:atemp>
     </gpxtpx:TrackPointExtension>
    </extensions>
   </trkpt>
   <trkpt lat="47.2774490" lon="2.9534690">
    <ele>155.8</ele>
    <time>2024-08-18T15:10:34Z</time>
    <extensions>
     <gpxtpx:TrackPointExtension>
      <gpxtpx:atemp>19</gpxtpx:atemp>
     </gpxtpx:TrackPointExtension>
    </extensions>
   </trkpt>
   <trkpt lat="47.2774840" lon="2.9535340">
    <ele>156.2</ele>
    <time>2024-08-18T15:10:36Z</time>
    <extensions>
     <gpxtpx:TrackPointExtension>
      <gpxtpx:atemp>19</gpxtpx:atemp>
     </gpxtpx:TrackPointExtension>
    </extensions>
   </trkpt>
   <trkpt lat="47.2776040" lon="2.9537360">
    <ele>156.8</ele>
    <time>2024-08-18T15:10:43Z</time>
    <extensions>
     <gpxtpx:TrackPointExtension>
      <gpxtpx:atemp>19</gpxtpx:atemp>
     </gpxtpx:TrackPointExtension>
    </extensions>
   </trkpt>
   <trkpt lat="47.2777180" lon="2.9539010">
    <ele>157.2</ele>
    <time>2024-08-18T15:10:49Z</time>
    <extensions>
     <gpxtpx:TrackPointExtension>
      <gpxtpx:atemp>19</gpxtpx:atemp>
     </gpxtpx:TrackPointExtension>
    </extensions>
   </trkpt>
   <trkpt lat="47.2777860" lon="2.9540050">
    <ele>158.0</ele>
    <time>2024-08-18T15:10:53Z</time>
    <extensions>
     <gpxtpx:TrackPointExtension>
      <gpxtpx:atemp>19</gpxtpx:atemp>
     </gpxtpx:TrackPointExtension>
    </extensions>
   </trkpt>
   <trkpt lat="47.2778410" lon="2.9540860">
    <ele>158.2</ele>
    <time>2024-08-18T15:10:56Z</time>
    <extensions>
     <gpxtpx:TrackPointExtension>
      <gpxtpx:atemp>19</gpxtpx:atemp>
     </gpxtpx:TrackPointExtension>
    </extensions>
   </trkpt>
   <trkpt lat="47.2779470" lon="2.9542350">
    <ele>159.0</ele>
    <time>2024-08-18T15:11:02Z</time>
    <extensions>
     <gpxtpx:TrackPointExtension>
      <gpxtpx:atemp>19</gpxtpx:atemp>
     </gpxtpx:TrackPointExtension>
    </extensions>
   </trkpt>
   <trkpt lat="47.2780410" lon="2.9543860">
    <ele>159.8</ele>
    <time>2024-08-18T15:11:08Z</time>
    <extensions>
     <gpxtpx:TrackPointExtension>
      <gpxtpx:atemp>19</gpxtpx:atemp>
     </gpxtpx:TrackPointExtension>
    </extensions>
   </trkpt>
   <trkpt lat="47.2781490" lon="2.9545630">
    <ele>160.0</ele>
    <time>2024-08-18T15:11:14Z</time>
    <extensions>
     <gpxtpx:TrackPointExtension>
      <gpxtpx:atemp>19</gpxtpx:atemp>
     </gpxtpx:TrackPointExtension>
    </extensions>
   </trkpt>
   <trkpt lat="47.2783050" lon="2.9547760">
    <ele>159.8</ele>
    <time>2024-08-18T15:11:21Z</time>
    <extensions>
     <gpxtpx:TrackPointExtension>
      <gpxtpx:atemp>19</gpxtpx:atemp>
     </gpxtpx:TrackPointExtension>
    </extensions>
   </trkpt>
   <trkpt lat="47.2784230" lon="2.9549600">
    <ele>159.8</ele>
    <time>2024-08-18T15:11:26Z</time>
    <extensions>
     <gpxtpx:TrackPointExtension>
      <gpxtpx:atemp>19</gpxtpx:atemp>
     </gpxtpx:TrackPointExtension>
    </extensions>
   </trkpt>
   <trkpt lat="47.2785760" lon="2.9551890">
    <ele>159.8</ele>
    <time>2024-08-18T15:11:32Z</time>
    <extensions>
     <gpxtpx:TrackPointExtension>
      <gpxtpx:atemp>19</gpxtpx:atemp>
     </gpxtpx:TrackPointExtension>
    </extensions>
   </trkpt>
   <trkpt lat="47.2787220" lon="2.9554160">
    <ele>159.6</ele>
    <time>2024-08-18T15:11:38Z</time>
    <extensions>
     <gpxtpx:TrackPointExtension>
      <gpxtpx:atemp>19</gpxtpx:atemp>
     </gpxtpx:TrackPointExtension>
    </extensions>
   </trkpt>
   <trkpt lat="47.2788970" lon="2.9556810">
    <ele>159.6</ele>
    <time>2024-08-18T15:11:45Z</time>
    <extensions>
     <gpxtpx:TrackPointExtension>
      <gpxtpx:atemp>19</gpxtpx:atemp>
     </gpxtpx:TrackPointExtension>
    </extensions>
   </trkpt>
   <trkpt lat="47.2790260" lon="2.9558690">
    <ele>160.0</ele>
    <time>2024-08-18T15:11:50Z</time>
    <extensions>
     <gpxtpx:TrackPointExtension>
      <gpxtpx:atemp>19</gpxtpx:atemp>
     </gpxtpx:TrackPointExtension>
    </extensions>
   </trkpt>
   <trkpt lat="47.2790500" lon="2.9559060">
    <ele>160.0</ele>
    <time>2024-08-18T15:11:51Z</time>
    <extensions>
     <gpxtpx:TrackPointExtension>
      <gpxtpx:atemp>19</gpxtpx:atemp>
     </gpxtpx:TrackPointExtension>
    </extensions>
   </trkpt>
   <trkpt lat="47.2792000" lon="2.9561300">
    <ele>160.0</ele>
    <time>2024-08-18T15:11:57Z</time>
    <extensions>
     <gpxtpx:TrackPointExtension>
      <gpxtpx:atemp>19</gpxtpx:atemp>
     </gpxtpx:TrackPointExtension>
    </extensions>
   </trkpt>
   <trkpt lat="47.2793200" lon="2.9563220">
    <ele>160.0</ele>
    <time>2024-08-18T15:12:02Z</time>
    <extensions>
     <gpxtpx:TrackPointExtension>
      <gpxtpx:atemp>19</gpxtpx:atemp>
     </gpxtpx:TrackPointExtension>
    </extensions>
   </trkpt>
   <trkpt lat="47.2794820" lon="2.9565560">
    <ele>160.0</ele>
    <time>2024-08-18T15:12:08Z</time>
    <extensions>
     <gpxtpx:TrackPointExtension>
      <gpxtpx:atemp>19</gpxtpx:atemp>
     </gpxtpx:TrackPointExtension>
    </extensions>
   </trkpt>
   <trkpt lat="47.2795370" lon="2.9566310">
    <ele>160.0</ele>
    <time>2024-08-18T15:12:10Z</time>
    <extensions>
     <gpxtpx:TrackPointExtension>
      <gpxtpx:atemp>19</gpxtpx:atemp>
     </gpxtpx:TrackPointExtension>
    </extensions>
   </trkpt>
   <trkpt lat="47.2796900" lon="2.9568590">
    <ele>159.8</ele>
    <time>2024-08-18T15:12:16Z</time>
    <extensions>
     <gpxtpx:TrackPointExtension>
      <gpxtpx:atemp>19</gpxtpx:atemp>
     </gpxtpx:TrackPointExtension>
    </extensions>
   </trkpt>
   <trkpt lat="47.2798200" lon="2.9570420">
    <ele>160.2</ele>
    <time>2024-08-18T15:12:21Z</time>
    <extensions>
     <gpxtpx:TrackPointExtension>
      <gpxtpx:atemp>19</gpxtpx:atemp>
     </gpxtpx:TrackPointExtension>
    </extensions>
   </trkpt>
   <trkpt lat="47.2799610" lon="2.9572630">
    <ele>159.8</ele>
    <time>2024-08-18T15:12:27Z</time>
    <extensions>
     <gpxtpx:TrackPointExtension>
      <gpxtpx:atemp>19</gpxtpx:atemp>
     </gpxtpx:TrackPointExtension>
    </extensions>
   </trkpt>
   <trkpt lat="47.2800900" lon="2.9574430">
    <ele>159.8</ele>
    <time>2024-08-18T15:12:32Z</time>
    <extensions>
     <gpxtpx:TrackPointExtension>
      <gpxtpx:atemp>19</gpxtpx:atemp>
     </gpxtpx:TrackPointExtension>
    </extensions>
   </trkpt>
   <trkpt lat="47.2801090" lon="2.9574870">
    <ele>159.8</ele>
    <time>2024-08-18T15:12:34Z</time>
    <extensions>
     <gpxtpx:TrackPointExtension>
      <gpxtpx:atemp>19</gpxtpx:atemp>
     </gpxtpx:TrackPointExtension>
    </extensions>
   </trkpt>
   <trkpt lat="47.2801050" lon="2.9575020">
    <ele>159.6</ele>
    <time>2024-08-18T15:12:35Z</time>
    <extensions>
     <gpxtpx:TrackPointExtension>
      <gpxtpx:atemp>19</gpxtpx:atemp>
     </gpxtpx:TrackPointExtension>
    </extensions>
   </trkpt>
   <trkpt lat="47.2800880" lon="2.9575340">
    <ele>159.2</ele>
    <time>2024-08-18T15:12:40Z</time>
    <extensions>
     <gpxtpx:TrackPointExtension>
      <gpxtpx:atemp>19</gpxtpx:atemp>
     </gpxtpx:TrackPointExtension>
    </extensions>
   </trkpt>
   <trkpt lat="47.2800880" lon="2.9575320">
    <ele>159.0</ele>
    <time>2024-08-18T15:12:51Z</time>
    <extensions>
     <gpxtpx:TrackPointExtension>
      <gpxtpx:atemp>19</gpxtpx:atemp>
     </gpxtpx:TrackPointExtension>
    </extensions>
   </trkpt>
   <trkpt lat="47.2800880" lon="2.9575340">
    <ele>159.2</ele>
    <time>2024-08-18T15:13:16Z</time>
    <extensions>
     <gpxtpx:TrackPointExtension>
      <gpxtpx:atemp>19</gpxtpx:atemp>
     </gpxtpx:TrackPointExtension>
    </extensions>
   </trkpt>
   <trkpt lat="47.2800810" lon="2.9575450">
    <ele>159.2</ele>
    <time>2024-08-18T15:13:27Z</time>
    <extensions>
     <gpxtpx:TrackPointExtension>
      <gpxtpx:atemp>19</gpxtpx:atemp>
     </gpxtpx:TrackPointExtension>
    </extensions>
   </trkpt>
   <trkpt lat="47.2799970" lon="2.9576740">
    <ele>159.0</ele>
    <time>2024-08-18T15:13:32Z</time>
    <extensions>
     <gpxtpx:TrackPointExtension>
      <gpxtpx:atemp>19</gpxtpx:atemp>
     </gpxtpx:TrackPointExtension>
    </extensions>
   </trkpt>
   <trkpt lat="47.2798340" lon="2.9579210">
    <ele>158.4</ele>
    <time>2024-08-18T15:13:37Z</time>
    <extensions>
     <gpxtpx:TrackPointExtension>
      <gpxtpx:atemp>19</gpxtpx:atemp>
     </gpxtpx:TrackPointExtension>
    </extensions>
   </trkpt>
   <trkpt lat="47.2797980" lon="2.9579730">
    <ele>158.0</ele>
    <time>2024-08-18T15:13:38Z</time>
    <extensions>
     <gpxtpx:TrackPointExtension>
      <gpxtpx:atemp>19</gpxtpx:atemp>
     </gpxtpx:TrackPointExtension>
    </extensions>
   </trkpt>
   <trkpt lat="47.2796580" lon="2.9581820">
    <ele>157.6</ele>
    <time>2024-08-18T15:13:42Z</time>
    <extensions>
     <gpxtpx:TrackPointExtension>
      <gpxtpx:atemp>19</gpxtpx:atemp>
     </gpxtpx:TrackPointExtension>
    </extensions>
   </trkpt>
   <trkpt lat="47.2796250" lon="2.9582310">
    <ele>157.6</ele>
    <time>2024-08-18T15:13:43Z</time>
    <extensions>
     <gpxtpx:TrackPointExtension>
      <gpxtpx:atemp>19</gpxtpx:atemp>
     </gpxtpx:TrackPointExtension>
    </extensions>
   </trkpt>
   <trkpt lat="47.2795000" lon="2.9584220">
    <ele>157.6</ele>
    <time>2024-08-18T15:13:47Z</time>
    <extensions>
     <gpxtpx:TrackPointExtension>
      <gpxtpx:atemp>19</gpxtpx:atemp>
     </gpxtpx:TrackPointExtension>
    </extensions>
   </trkpt>
   <trkpt lat="47.2794070" lon="2.9585570">
    <ele>157.4</ele>
    <time>2024-08-18T15:13:50Z</time>
    <extensions>
     <gpxtpx:TrackPointExtension>
      <gpxtpx:atemp>19</gpxtpx:atemp>
     </gpxtpx:TrackPointExtension>
    </extensions>
   </trkpt>
   <trkpt lat="47.2792110" lon="2.9588590">
    <ele>157.6</ele>
    <time>2024-08-18T15:13:57Z</time>
    <extensions>
     <gpxtpx:TrackPointExtension>
      <gpxtpx:atemp>19</gpxtpx:atemp>
     </gpxtpx:TrackPointExtension>
    </extensions>
   </trkpt>
   <trkpt lat="47.2790310" lon="2.9591960">
    <ele>157.4</ele>
    <time>2024-08-18T15:14:04Z</time>
    <extensions>
     <gpxtpx:TrackPointExtension>
      <gpxtpx:atemp>19</gpxtpx:atemp>
     </gpxtpx:TrackPointExtension>
    </extensions>
   </trkpt>
   <trkpt lat="47.2788780" lon="2.9594440">
    <ele>157.2</ele>
    <time>2024-08-18T15:14:09Z</time>
    <extensions>
     <gpxtpx:TrackPointExtension>
      <gpxtpx:atemp>19</gpxtpx:atemp>
     </gpxtpx:TrackPointExtension>
    </extensions>
   </trkpt>
   <trkpt lat="47.2788550" lon="2.9594950">
    <ele>157.2</ele>
    <time>2024-08-18T15:14:10Z</time>
    <extensions>
     <gpxtpx:TrackPointExtension>
      <gpxtpx:atemp>19</gpxtpx:atemp>
     </gpxtpx:TrackPointExtension>
    </extensions>
   </trkpt>
   <trkpt lat="47.2788490" lon="2.9596810">
    <ele>157.2</ele>
    <time>2024-08-18T15:14:14Z</time>
    <extensions>
     <gpxtpx:TrackPointExtension>
      <gpxtpx:atemp>19</gpxtpx:atemp>
     </gpxtpx:TrackPointExtension>
    </extensions>
   </trkpt>
   <trkpt lat="47.2789150" lon="2.9597520">
    <ele>157.2</ele>
    <time>2024-08-18T15:14:17Z</time>
    <extensions>
     <gpxtpx:TrackPointExtension>
      <gpxtpx:atemp>19</gpxtpx:atemp>
     </gpxtpx:TrackPointExtension>
    </extensions>
   </trkpt>
   <trkpt lat="47.2789780" lon="2.9598120">
    <ele>157.2</ele>
    <time>2024-08-18T15:14:20Z</time>
    <extensions>
     <gpxtpx:TrackPointExtension>
      <gpxtpx:atemp>19</gpxtpx:atemp>
     </gpxtpx:TrackPointExtension>
    </extensions>
   </trkpt>
   <trkpt lat="47.2790570" lon="2.9599600">
    <ele>157.8</ele>
    <time>2024-08-18T15:14:26Z</time>
    <extensions>
     <gpxtpx:TrackPointExtension>
      <gpxtpx:atemp>19</gpxtpx:atemp>
     </gpxtpx:TrackPointExtension>
    </extensions>
   </trkpt>
   <trkpt lat="47.2791360" lon="2.9601960">
    <ele>158.6</ele>
    <time>2024-08-18T15:14:33Z</time>
    <extensions>
     <gpxtpx:TrackPointExtension>
      <gpxtpx:atemp>19</gpxtpx:atemp>
     </gpxtpx:TrackPointExtension>
    </extensions>
   </trkpt>
   <trkpt lat="47.2791530" lon="2.9602650">
    <ele>158.8</ele>
    <time>2024-08-18T15:14:35Z</time>
    <extensions>
     <gpxtpx:TrackPointExtension>
      <gpxtpx:atemp>19</gpxtpx:atemp>
     </gpxtpx:TrackPointExtension>
    </extensions>
   </trkpt>
   <trkpt lat="47.2791930" lon="2.9604090">
    <ele>159.2</ele>
    <time>2024-08-18T15:14:39Z</time>
    <extensions>
     <gpxtpx:TrackPointExtension>
      <gpxtpx:atemp>19</gpxtpx:atemp>
     </gpxtpx:TrackPointExtension>
    </extensions>
   </trkpt>
   <trkpt lat="47.2792200" lon="2.9606380">
    <ele>159.8</ele>
    <time>2024-08-18T15:14:45Z</time>
    <extensions>
     <gpxtpx:TrackPointExtension>
      <gpxtpx:atemp>19</gpxtpx:atemp>
     </gpxtpx:TrackPointExtension>
    </extensions>
   </trkpt>
   <trkpt lat="47.2792290" lon="2.9607190">
    <ele>160.0</ele>
    <time>2024-08-18T15:14:47Z</time>
    <extensions>
     <gpxtpx:TrackPointExtension>
      <gpxtpx:atemp>19</gpxtpx:atemp>
     </gpxtpx:TrackPointExtension>
    </extensions>
   </trkpt>
   <trkpt lat="47.2792320" lon="2.9608820">
    <ele>160.2</ele>
    <time>2024-08-18T15:14:51Z</time>
    <extensions>
     <gpxtpx:TrackPointExtension>
      <gpxtpx:atemp>19</gpxtpx:atemp>
     </gpxtpx:TrackPointExtension>
    </extensions>
   </trkpt>
   <trkpt lat="47.2791640" lon="2.9611020">
    <ele>160.4</ele>
    <time>2024-08-18T15:14:57Z</time>
    <extensions>
     <gpxtpx:TrackPointExtension>
      <gpxtpx:atemp>19</gpxtpx:atemp>
     </gpxtpx:TrackPointExtension>
    </extensions>
   </trkpt>
   <trkpt lat="47.2790710" lon="2.9613190">
    <ele>160.4</ele>
    <time>2024-08-18T15:15:03Z</time>
    <extensions>
     <gpxtpx:TrackPointExtension>
      <gpxtpx:atemp>19</gpxtpx:atemp>
     </gpxtpx:TrackPointExtension>
    </extensions>
   </trkpt>
   <trkpt lat="47.2790070" lon="2.9614480">
    <ele>161.0</ele>
    <time>2024-08-18T15:15:07Z</time>
    <extensions>
     <gpxtpx:TrackPointExtension>
      <gpxtpx:atemp>19</gpxtpx:atemp>
     </gpxtpx:TrackPointExtension>
    </extensions>
   </trkpt>
   <trkpt lat="47.2789670" lon="2.9615330">
    <ele>161.2</ele>
    <time>2024-08-18T15:15:10Z</time>
    <extensions>
     <gpxtpx:TrackPointExtension>
      <gpxtpx:atemp>19</gpxtpx:atemp>
     </gpxtpx:TrackPointExtension>
    </extensions>
   </trkpt>
   <trkpt lat="47.2788790" lon="2.9617540">
    <ele>162.0</ele>
    <time>2024-08-18T15:15:17Z</time>
    <extensions>
     <gpxtpx:TrackPointExtension>
      <gpxtpx:atemp>19</gpxtpx:atemp>
     </gpxtpx:TrackPointExtension>
    </extensions>
   </trkpt>
   <trkpt lat="47.2788060" lon="2.9619700">
    <ele>162.6</ele>
    <time>2024-08-18T15:15:24Z</time>
    <extensions>
     <gpxtpx:TrackPointExtension>
      <gpxtpx:atemp>19</gpxtpx:atemp>
     </gpxtpx:TrackPointExtension>
    </extensions>
   </trkpt>
   <trkpt lat="47.2787760" lon="2.9620590">
    <ele>163.0</ele>
    <time>2024-08-18T15:15:27Z</time>
    <extensions>
     <gpxtpx:TrackPointExtension>
      <gpxtpx:atemp>19</gpxtpx:atemp>
     </gpxtpx:TrackPointExtension>
    </extensions>
   </trkpt>
   <trkpt lat="47.2787350" lon="2.9622050">
    <ele>163.8</ele>
    <time>2024-08-18T15:15:32Z</time>
    <extensions>
     <gpxtpx:TrackPointExtension>
      <gpxtpx:atemp>19</gpxtpx:atemp>
     </gpxtpx:TrackPointExtension>
    </extensions>
   </trkpt>
   <trkpt lat="47.2787160" lon="2.9622660">
    <ele>164.2</ele>
    <time>2024-08-18T15:15:34Z</time>
    <extensions>
     <gpxtpx:TrackPointExtension>
      <gpxtpx:atemp>19</gpxtpx:atemp>
     </gpxtpx:TrackPointExtension>
    </extensions>
   </trkpt>
   <trkpt lat="47.2786690" lon="2.9624590">
    <ele>164.6</ele>
    <time>2024-08-18T15:15:40Z</time>
    <extensions>
     <gpxtpx:TrackPointExtension>
      <gpxtpx:atemp>19</gpxtpx:atemp>
     </gpxtpx:TrackPointExtension>
    </extensions>
   </trkpt>
   <trkpt lat="47.2786270" lon="2.9626630">
    <ele>165.2</ele>
    <time>2024-08-18T15:15:46Z</time>
    <extensions>
     <gpxtpx:TrackPointExtension>
      <gpxtpx:atemp>19</gpxtpx:atemp>
     </gpxtpx:TrackPointExtension>
    </extensions>
   </trkpt>
   <trkpt lat="47.2786200" lon="2.9626970">
    <ele>165.2</ele>
    <time>2024-08-18T15:15:47Z</time>
    <extensions>
     <gpxtpx:TrackPointExtension>
      <gpxtpx:atemp>19</gpxtpx:atemp>
     </gpxtpx:TrackPointExtension>
    </extensions>
   </trkpt>
   <trkpt lat="47.2785980" lon="2.9629570">
    <ele>166.2</ele>
    <time>2024-08-18T15:15:54Z</time>
    <extensions>
     <gpxtpx:TrackPointExtension>
      <gpxtpx:atemp>19</gpxtpx:atemp>
     </gpxtpx:TrackPointExtension>
    </extensions>
   </trkpt>
   <trkpt lat="47.2785890" lon="2.9632020">
    <ele>166.8</ele>
    <time>2024-08-18T15:16:01Z</time>
    <extensions>
     <gpxtpx:TrackPointExtension>
      <gpxtpx:atemp>19</gpxtpx:atemp>
     </gpxtpx:TrackPointExtension>
    </extensions>
   </trkpt>
   <trkpt lat="47.2785860" lon="2.9633650">
    <ele>167.2</ele>
    <time>2024-08-18T15:16:06Z</time>
    <extensions>
     <gpxtpx:TrackPointExtension>
      <gpxtpx:atemp>19</gpxtpx:atemp>
     </gpxtpx:TrackPointExtension>
    </extensions>
   </trkpt>
   <trkpt lat="47.2785860" lon="2.9634650">
    <ele>167.6</ele>
    <time>2024-08-18T15:16:09Z</time>
    <extensions>
     <gpxtpx:TrackPointExtension>
      <gpxtpx:atemp>19</gpxtpx:atemp>
     </gpxtpx:TrackPointExtension>
    </extensions>
   </trkpt>
   <trkpt lat="47.2785750" lon="2.9636230">
    <ele>168.4</ele>
    <time>2024-08-18T15:16:14Z</time>
    <extensions>
     <gpxtpx:TrackPointExtension>
      <gpxtpx:atemp>19</gpxtpx:atemp>
     </gpxtpx:TrackPointExtension>
    </extensions>
   </trkpt>
   <trkpt lat="47.2785740" lon="2.9636520">
    <ele>168.8</ele>
    <time>2024-08-18T15:16:16Z</time>
    <extensions>
     <gpxtpx:TrackPointExtension>
      <gpxtpx:atemp>19</gpxtpx:atemp>
     </gpxtpx:TrackPointExtension>
    </extensions>
   </trkpt>
   <trkpt lat="47.2785650" lon="2.9636740">
    <ele>168.8</ele>
    <time>2024-08-18T15:16:25Z</time>
    <extensions>
     <gpxtpx:TrackPointExtension>
      <gpxtpx:atemp>19</gpxtpx:atemp>
     </gpxtpx:TrackPointExtension>
    </extensions>
   </trkpt>
   <trkpt lat="47.2785650" lon="2.9636750">
    <ele>168.8</ele>
    <time>2024-08-18T15:16:37Z</time>
    <extensions>
     <gpxtpx:TrackPointExtension>
      <gpxtpx:atemp>19</gpxtpx:atemp>
     </gpxtpx:TrackPointExtension>
    </extensions>
   </trkpt>
   <trkpt lat="47.2785650" lon="2.9636750">
    <ele>169.2</ele>
    <time>2024-08-18T15:16:50Z</time>
    <extensions>
     <gpxtpx:TrackPointExtension>
      <gpxtpx:atemp>19</gpxtpx:atemp>
     </gpxtpx:TrackPointExtension>
    </extensions>
   </trkpt>
   <trkpt lat="47.2785670" lon="2.9636970">
    <ele>168.8</ele>
    <time>2024-08-18T15:17:09Z</time>
    <extensions>
     <gpxtpx:TrackPointExtension>
      <gpxtpx:atemp>19</gpxtpx:atemp>
     </gpxtpx:TrackPointExtension>
    </extensions>
   </trkpt>
   <trkpt lat="47.2785680" lon="2.9637100">
    <ele>168.8</ele>
    <time>2024-08-18T15:17:10Z</time>
    <extensions>
     <gpxtpx:TrackPointExtension>
      <gpxtpx:atemp>19</gpxtpx:atemp>
     </gpxtpx:TrackPointExtension>
    </extensions>
   </trkpt>
   <trkpt lat="47.2785300" lon="2.9637920">
    <ele>169.0</ele>
    <time>2024-08-18T15:17:14Z</time>
    <extensions>
     <gpxtpx:TrackPointExtension>
      <gpxtpx:atemp>19</gpxtpx:atemp>
     </gpxtpx:TrackPointExtension>
    </extensions>
   </trkpt>
   <trkpt lat="47.2784190" lon="2.9640010">
    <ele>169.4</ele>
    <time>2024-08-18T15:17:22Z</time>
    <extensions>
     <gpxtpx:TrackPointExtension>
      <gpxtpx:atemp>19</gpxtpx:atemp>
     </gpxtpx:TrackPointExtension>
    </extensions>
   </trkpt>
   <trkpt lat="47.2784050" lon="2.9640280">
    <ele>169.6</ele>
    <time>2024-08-18T15:17:23Z</time>
    <extensions>
     <gpxtpx:TrackPointExtension>
      <gpxtpx:atemp>19</gpxtpx:atemp>
     </gpxtpx:TrackPointExtension>
    </extensions>
   </trkpt>
   <trkpt lat="47.2783080" lon="2.9642150">
    <ele>170.2</ele>
    <time>2024-08-18T15:17:30Z</time>
    <extensions>
     <gpxtpx:TrackPointExtension>
      <gpxtpx:atemp>19</gpxtpx:atemp>
     </gpxtpx:TrackPointExtension>
    </extensions>
   </trkpt>
   <trkpt lat="47.2782250" lon="2.9643770">
    <ele>170.4</ele>
    <time>2024-08-18T15:17:36Z</time>
    <extensions>
     <gpxtpx:TrackPointExtension>
      <gpxtpx:atemp>19</gpxtpx:atemp>
     </gpxtpx:TrackPointExtension>
    </extensions>
   </trkpt>
   <trkpt lat="47.2781990" lon="2.9644290">
    <ele>170.8</ele>
    <time>2024-08-18T15:17:38Z</time>
    <extensions>
     <gpxtpx:TrackPointExtension>
      <gpxtpx:atemp>19</gpxtpx:atemp>
     </gpxtpx:TrackPointExtension>
    </extensions>
   </trkpt>
   <trkpt lat="47.2781230" lon="2.9645720">
    <ele>171.2</ele>
    <time>2024-08-18T15:17:43Z</time>
    <extensions>
     <gpxtpx:TrackPointExtension>
      <gpxtpx:atemp>19</gpxtpx:atemp>
     </gpxtpx:TrackPointExtension>
    </extensions>
   </trkpt>
   <trkpt lat="47.2779920" lon="2.9648000">
    <ele>171.4</ele>
    <time>2024-08-18T15:17:51Z</time>
    <extensions>
     <gpxtpx:TrackPointExtension>
      <gpxtpx:atemp>19</gpxtpx:atemp>
     </gpxtpx:TrackPointExtension>
    </extensions>
   </trkpt>
   <trkpt lat="47.2779740" lon="2.9648260">
    <ele>171.8</ele>
    <time>2024-08-18T15:17:52Z</time>
    <extensions>
     <gpxtpx:TrackPointExtension>
      <gpxtpx:atemp>19</gpxtpx:atemp>
     </gpxtpx:TrackPointExtension>
    </extensions>
   </trkpt>
   <trkpt lat="47.2778910" lon="2.9649650">
    <ele>172.2</ele>
    <time>2024-08-18T15:17:57Z</time>
    <extensions>
     <gpxtpx:TrackPointExtension>
      <gpxtpx:atemp>19</gpxtpx:atemp>
     </gpxtpx:TrackPointExtension>
    </extensions>
   </trkpt>
   <trkpt lat="47.2777970" lon="2.9651450">
    <ele>172.4</ele>
    <time>2024-08-18T15:18:03Z</time>
    <extensions>
     <gpxtpx:TrackPointExtension>
      <gpxtpx:atemp>19</gpxtpx:atemp>
     </gpxtpx:TrackPointExtension>
    </extensions>
   </trkpt>
   <trkpt lat="47.2777300" lon="2.9652620">
    <ele>172.8</ele>
    <time>2024-08-18T15:18:07Z</time>
    <extensions>
     <gpxtpx:TrackPointExtension>
      <gpxtpx:atemp>19</gpxtpx:atemp>
     </gpxtpx:TrackPointExtension>
    </extensions>
   </trkpt>
   <trkpt lat="47.2776820" lon="2.9653550">
    <ele>173.0</ele>
    <time>2024-08-18T15:18:10Z</time>
    <extensions>
     <gpxtpx:TrackPointExtension>
      <gpxtpx:atemp>19</gpxtpx:atemp>
     </gpxtpx:TrackPointExtension>
    </extensions>
   </trkpt>
   <trkpt lat="47.2775480" lon="2.9656150">
    <ele>173.6</ele>
    <time>2024-08-18T15:18:18Z</time>
    <extensions>
     <gpxtpx:TrackPointExtension>
      <gpxtpx:atemp>19</gpxtpx:atemp>
     </gpxtpx:TrackPointExtension>
    </extensions>
   </trkpt>
   <trkpt lat="47.2774920" lon="2.9657160">
    <ele>173.8</ele>
    <time>2024-08-18T15:18:21Z</time>
    <extensions>
     <gpxtpx:TrackPointExtension>
      <gpxtpx:atemp>19</gpxtpx:atemp>
     </gpxtpx:TrackPointExtension>
    </extensions>
   </trkpt>
   <trkpt lat="47.2773780" lon="2.9659170">
    <ele>174.2</ele>
    <time>2024-08-18T15:18:27Z</time>
    <extensions>
     <gpxtpx:TrackPointExtension>
      <gpxtpx:atemp>19</gpxtpx:atemp>
     </gpxtpx:TrackPointExtension>
    </extensions>
   </trkpt>
   <trkpt lat="47.2772680" lon="2.9661120">
    <ele>174.6</ele>
    <time>2024-08-18T15:18:33Z</time>
    <extensions>
     <gpxtpx:TrackPointExtension>
      <gpxtpx:atemp>19</gpxtpx:atemp>
     </gpxtpx:TrackPointExtension>
    </extensions>
   </trkpt>
   <trkpt lat="47.2771940" lon="2.9662470">
    <ele>174.8</ele>
    <time>2024-08-18T15:18:37Z</time>
    <extensions>
     <gpxtpx:TrackPointExtension>
      <gpxtpx:atemp>19</gpxtpx:atemp>
     </gpxtpx:TrackPointExtension>
    </extensions>
   </trkpt>
   <trkpt lat="47.2771790" lon="2.9662800">
    <ele>174.8</ele>
    <time>2024-08-18T15:18:38Z</time>
    <extensions>
     <gpxtpx:TrackPointExtension>
      <gpxtpx:atemp>19</gpxtpx:atemp>
     </gpxtpx:TrackPointExtension>
    </extensions>
   </trkpt>
   <trkpt lat="47.2770980" lon="2.9663660">
    <ele>175.2</ele>
    <time>2024-08-18T15:18:43Z</time>
    <extensions>
     <gpxtpx:TrackPointExtension>
      <gpxtpx:atemp>19</gpxtpx:atemp>
     </gpxtpx:TrackPointExtension>
    </extensions>
   </trkpt>
   <trkpt lat="47.2770790" lon="2.9663700">
    <ele>175.0</ele>
    <time>2024-08-18T15:18:47Z</time>
    <extensions>
     <gpxtpx:TrackPointExtension>
      <gpxtpx:atemp>19</gpxtpx:atemp>
     </gpxtpx:TrackPointExtension>
    </extensions>
   </trkpt>
   <trkpt lat="47.2770770" lon="2.9663680">
    <ele>175.0</ele>
    <time>2024-08-18T15:18:58Z</time>
    <extensions>
     <gpxtpx:TrackPointExtension>
      <gpxtpx:atemp>19</gpxtpx:atemp>
     </gpxtpx:TrackPointExtension>
    </extensions>
   </trkpt>
   <trkpt lat="47.2770560" lon="2.9663850">
    <ele>175.0</ele>
    <time>2024-08-18T15:19:05Z</time>
    <extensions>
     <gpxtpx:TrackPointExtension>
      <gpxtpx:atemp>19</gpxtpx:atemp>
     </gpxtpx:TrackPointExtension>
    </extensions>
   </trkpt>
   <trkpt lat="47.2770490" lon="2.9663930">
    <ele>175.0</ele>
    <time>2024-08-18T15:19:06Z</time>
    <extensions>
     <gpxtpx:TrackPointExtension>
      <gpxtpx:atemp>19</gpxtpx:atemp>
     </gpxtpx:TrackPointExtension>
    </extensions>
   </trkpt>
   <trkpt lat="47.2770210" lon="2.9664440">
    <ele>175.0</ele>
    <time>2024-08-18T15:19:09Z</time>
    <extensions>
     <gpxtpx:TrackPointExtension>
      <gpxtpx:atemp>19</gpxtpx:atemp>
     </gpxtpx:TrackPointExtension>
    </extensions>
   </trkpt>
   <trkpt lat="47.2769930" lon="2.9664880">
    <ele>174.8</ele>
    <time>2024-08-18T15:19:11Z</time>
    <extensions>
     <gpxtpx:TrackPointExtension>
      <gpxtpx:atemp>19</gpxtpx:atemp>
     </gpxtpx:TrackPointExtension>
    </extensions>
   </trkpt>
   <trkpt lat="47.2769040" lon="2.9666620">
    <ele>174.8</ele>
    <time>2024-08-18T15:19:18Z</time>
    <extensions>
     <gpxtpx:TrackPointExtension>
      <gpxtpx:atemp>19</gpxtpx:atemp>
     </gpxtpx:TrackPointExtension>
    </extensions>
   </trkpt>
   <trkpt lat="47.2768880" lon="2.9667020">
    <ele>174.8</ele>
    <time>2024-08-18T15:19:20Z</time>
    <extensions>
     <gpxtpx:TrackPointExtension>
      <gpxtpx:atemp>19</gpxtpx:atemp>
     </gpxtpx:TrackPointExtension>
    </extensions>
   </trkpt>
   <trkpt lat="47.2768820" lon="2.9667170">
    <ele>174.8</ele>
    <time>2024-08-18T15:19:22Z</time>
    <extensions>
     <gpxtpx:TrackPointExtension>
      <gpxtpx:atemp>19</gpxtpx:atemp>
     </gpxtpx:TrackPointExtension>
    </extensions>
   </trkpt>
   <trkpt lat="47.2768650" lon="2.9666880">
    <ele>174.4</ele>
    <time>2024-08-18T15:19:30Z</time>
    <extensions>
     <gpxtpx:TrackPointExtension>
      <gpxtpx:atemp>19</gpxtpx:atemp>
     </gpxtpx:TrackPointExtension>
    </extensions>
   </trkpt>
   <trkpt lat="47.2768500" lon="2.9666740">
    <ele>174.6</ele>
    <time>2024-08-18T15:19:37Z</time>
    <extensions>
     <gpxtpx:TrackPointExtension>
      <gpxtpx:atemp>19</gpxtpx:atemp>
     </gpxtpx:TrackPointExtension>
    </extensions>
   </trkpt>
  </trkseg>
 </trk>
</gpx>
